ï»¿Dissemination Area (DA),Province or territory,Dimension 1 Scores,Dimension 2 Scores,Dimension 3 Scores,Dimension 4 Scores,CISV Scores,CISV Quintiles,CISV Most Vulnerable Dimension,da_str
24580001,Quebec,-0.51243,-0.47429,-0.3828,0.29896,-0.26764,2,Dimension 4,24580001
24580002,Quebec,-0.49551,-0.59845,-0.27918,-0.67643,-0.51239,1,Dimension 3,24580002
24580003,Quebec,-0.56342,-0.3354,-0.14734,0.01134,-0.2587,2,Dimension 4,24580003
24580004,Quebec,-0.68839,-0.66283,0.14247,-0.05851,-0.31681,2,Dimension 3,24580004
24580005,Quebec,-0.16544,1.17752,-0.45729,1.20909,0.44097,5,Dimension 4,24580005
24580006,Quebec,0.20848,-0.43995,-0.32054,0.53466,-0.00434,3,Dimension 4,24580006
24580007,Quebec,0.14351,-0.21518,0.7031,-0.20936,0.10552,4,Dimension 3,24580007
24580008,Quebec,-0.34887,1.34675,-0.53964,0.61526,0.26838,4,Dimension 2,24580008
24580009,Quebec,-0.49994,-0.62379,-0.69479,-0.58209,-0.60015,1,Dimension 1,24580009
24580010,Quebec,-0.17241,-0.5169,-0.82436,0.12039,-0.34832,2,Dimension 4,24580010
24580011,Quebec,0.26775,-1.5263,-0.0523,0.6093,-0.17539,3,Dimension 4,24580011
24580012,Quebec,-0.4312,-0.53613,-0.77451,-0.35311,-0.52374,1,Dimension 4,24580012
24580013,Quebec,-0.57453,-0.455,-1.15052,-0.69809,-0.71953,1,Dimension 2,24580013
24580014,Quebec,-0.56988,-0.93154,-1.14673,-0.88221,-0.88259,1,Dimension 1,24580014
24580015,Quebec,-0.59708,-0.4756,-0.87456,-0.07452,-0.50544,1,Dimension 4,24580015
24580016,Quebec,-0.53802,-0.92339,-1.08287,-1.70602,-1.06258,1,Dimension 1,24580016
24580017,Quebec,-0.3669,-0.91153,-0.88874,-0.34933,-0.62912,1,Dimension 4,24580017
24580018,Quebec,-0.71175,-0.48957,-0.94936,-1.02619,-0.79422,1,Dimension 2,24580018
24580019,Quebec,-0.17021,-0.15567,-0.93316,-0.30448,-0.39088,2,Dimension 2,24580019
24580020,Quebec,-0.66647,0.68855,-0.98032,-0.85065,-0.45222,1,Dimension 2,24580020
24580021,Quebec,-0.02727,-0.35036,-0.6953,-0.33494,-0.35197,2,Dimension 1,24580021
24580022,Quebec,0.72952,-0.06351,-0.53067,0.605,0.18508,4,Dimension 1,24580022
24580023,Quebec,1.10051,0.2607,0.38604,0.29046,0.50943,5,Dimension 1,24580023
24580024,Quebec,0.821,-0.77435,-0.24185,0.55244,0.08931,4,Dimension 1,24580024
24580025,Quebec,-0.39912,-0.15029,-0.94884,-1.49646,-0.74868,1,Dimension 2,24580025
24580026,Quebec,1.66276,-0.70832,0.25118,1.59751,0.70078,5,Dimension 1,24580026
24580027,Quebec,-0.00585,0.43471,0.21247,-0.39193,0.06235,4,Dimension 2,24580027
24580028,Quebec,-0.49374,-1.24327,-1.04601,-0.31023,-0.77331,1,Dimension 4,24580028
24580029,Quebec,0.5769,2.35033,-1.30059,0.69411,0.58019,5,Dimension 2,24580029
24580030,Quebec,0.21673,0.5039,-1.53186,2.11894,0.32693,4,Dimension 4,24580030
24580031,Quebec,-0.28508,4.51519,-0.59948,0.98872,1.15484,5,Dimension 2,24580031
24580032,Quebec,-0.19494,-0.21532,-0.82507,0.09034,-0.28625,2,Dimension 4,24580032
24580033,Quebec,-0.4466,-0.29649,-0.88833,0.13604,-0.37385,2,Dimension 4,24580033
24580034,Quebec,0.19259,0.05069,-0.58838,0.24335,-0.02544,3,Dimension 4,24580034
24580035,Quebec,-0.26302,2.93926,-1.43822,-0.1293,0.27718,4,Dimension 2,24580035
24580036,Quebec,-0.36992,-0.61185,-1.19554,0.39774,-0.44489,2,Dimension 4,24580036
24580037,Quebec,0.1574,0.46146,-0.82217,0.37859,0.04382,3,Dimension 2,24580037
24580038,Quebec,0.30758,1.0294,-0.26412,0.58692,0.41495,5,Dimension 2,24580038
24580039,Quebec,0.11499,-0.82759,0.05861,0.307,-0.08675,3,Dimension 4,24580039
24580040,Quebec,-0.10918,-0.23063,-0.19328,0.69706,0.04099,3,Dimension 4,24580040
24580041,Quebec,0.6432,-1.04884,0.8203,0.57841,0.24827,4,Dimension 3,24580041
24580042,Quebec,0.37317,0.15336,-0.00812,1.63855,0.53924,5,Dimension 4,24580042
24580043,Quebec,-0.05808,-0.43428,-0.41889,0.79524,-0.029,3,Dimension 4,24580043
24580044,Quebec,0.07285,-0.12539,-0.27383,1.10693,0.19514,4,Dimension 4,24580044
24580045,Quebec,0.09594,-0.29975,0.25866,0.34532,0.10004,4,Dimension 4,24580045
24580046,Quebec,0.63953,-1.09492,0.02034,0.38223,-0.01321,3,Dimension 1,24580046
24580047,Quebec,0.88797,-0.79459,0.30706,0.42973,0.20754,4,Dimension 1,24580047
24580048,Quebec,-0.30986,-0.55457,0.48618,0.43737,0.01478,3,Dimension 3,24580048
24580049,Quebec,0.31554,0.09904,0.06314,0.39107,0.2172,4,Dimension 4,24580049
24580050,Quebec,0.95261,0.58251,0.05572,0.64707,0.55948,5,Dimension 1,24580050
24580051,Quebec,0.10697,-1.17129,0.21137,0.92388,0.01773,3,Dimension 4,24580051
24580052,Quebec,0.12788,-0.4057,-0.17027,0.72872,0.07016,4,Dimension 4,24580052
24580053,Quebec,-0.38104,-0.15826,-0.5699,0.1133,-0.24898,2,Dimension 4,24580053
24580054,Quebec,0.43549,0.133,-0.33324,1.12437,0.33991,4,Dimension 4,24580054
24580055,Quebec,0.55553,-0.1377,-0.30357,0.25952,0.09344,4,Dimension 1,24580055
24580056,Quebec,-0.30256,1.08578,-0.06711,0.32348,0.2599,4,Dimension 2,24580056
24580057,Quebec,-0.04925,-0.36083,-0.20704,0.74107,0.03099,3,Dimension 4,24580057
24580058,Quebec,0.16421,-0.23418,-0.76491,0.0816,-0.18832,3,Dimension 1,24580058
24580059,Quebec,-0.61065,-0.64253,-1.36994,0.22905,-0.59852,1,Dimension 4,24580059
24580060,Quebec,0.14514,0.1894,-0.60016,-0.13679,-0.1006,3,Dimension 2,24580060
24580061,Quebec,-0.08567,-0.4876,-0.73416,0.56764,-0.18495,3,Dimension 4,24580061
24580062,Quebec,-0.16108,0.39442,-0.0665,1.46851,0.40884,5,Dimension 4,24580062
24580063,Quebec,-0.21705,-0.36778,0.19128,1.00053,0.15175,4,Dimension 4,24580063
24580064,Quebec,-0.61769,0.02364,-0.52581,-0.00316,-0.28075,2,Dimension 2,24580064
24580065,Quebec,0.3725,0.13318,0.16004,0.90238,0.39203,4,Dimension 4,24580065
24580066,Quebec,0.89737,-0.91192,1.16669,0.63138,0.44588,5,Dimension 3,24580066
24580067,Quebec,0.7462,0.70099,0.7623,1.09008,0.82489,5,Dimension 4,24580067
24580068,Quebec,0.60073,-0.50619,0.21123,0.9811,0.32171,4,Dimension 4,24580068
24580069,Quebec,0.10017,-0.4115,0.21613,1.5194,0.35605,4,Dimension 4,24580069
24580070,Quebec,0.53133,2.46658,-0.41744,0.23114,0.7029,5,Dimension 2,24580070
24580071,Quebec,-0.04045,0.13717,0.13859,0.19416,0.10737,4,Dimension 4,24580071
24580072,Quebec,0.77643,-0.74646,0.06922,1.37076,0.36749,4,Dimension 4,24580072
24580073,Quebec,0.66363,-0.13633,-0.07583,0.04517,0.12416,4,Dimension 1,24580073
24580074,Quebec,-0.37671,-0.92819,-0.16898,0.33165,-0.28556,2,Dimension 4,24580074
24580075,Quebec,0.6797,-0.26696,0.22752,0.84094,0.3703,4,Dimension 4,24580075
24580076,Quebec,0.74172,-0.9767,-0.37114,0.61778,0.00292,3,Dimension 1,24580076
24580077,Quebec,0.18114,-0.4579,1.73123,-0.12578,0.33217,4,Dimension 3,24580077
24580078,Quebec,0.46756,-0.73959,0.77618,0.81699,0.33029,4,Dimension 4,24580078
24580079,Quebec,0.94634,-0.72074,-0.45898,1.19095,0.23939,4,Dimension 4,24580079
24580080,Quebec,1.38375,-1.29459,0.86017,1.12642,0.51894,5,Dimension 1,24580080
24580081,Quebec,0.42138,-0.11759,-0.49077,0.76424,0.14432,4,Dimension 4,24580081
24580082,Quebec,0.55788,1.75169,-0.28047,0.55197,0.64527,5,Dimension 2,24580082
24580083,Quebec,0.51608,-1.1747,0.39181,0.68311,0.10407,4,Dimension 4,24580083
24580084,Quebec,0.34461,1.45648,0.18464,0.95341,0.73478,5,Dimension 2,24580084
24580085,Quebec,0.44423,-0.22666,-0.02982,0.37776,0.14138,4,Dimension 1,24580085
24580087,Quebec,1.36493,0.68609,1.08235,1.83304,1.2416,5,Dimension 4,24580087
24580088,Quebec,1.22624,0.271,1.32844,1.39836,1.05601,5,Dimension 4,24580088
24580089,Quebec,0.05962,-0.37932,0.20012,0.77343,0.16346,4,Dimension 4,24580089
24580090,Quebec,0.1285,1.05546,-0.17285,-0.38916,0.15549,4,Dimension 2,24580090
24580091,Quebec,0.28341,-0.28761,-0.59319,1.05006,0.11317,4,Dimension 4,24580091
24580092,Quebec,1.38559,-1.07524,0.30267,1.75485,0.59197,5,Dimension 4,24580092
24580093,Quebec,0.50262,0.28011,0.90242,0.83181,0.62924,5,Dimension 3,24580093
24580094,Quebec,-0.02648,-0.60988,-0.2748,-0.41735,-0.33213,2,Dimension 1,24580094
24580095,Quebec,0.03127,-0.48823,0.64966,0.68876,0.22036,4,Dimension 4,24580095
24580096,Quebec,-0.16953,-0.08959,-0.03658,0.36843,0.01818,3,Dimension 4,24580096
24580097,Quebec,1.26362,-0.35724,0.32792,1.55108,0.69635,5,Dimension 4,24580097
24580098,Quebec,-0.10212,1.3987,-0.2436,1.12439,0.54434,5,Dimension 2,24580098
24580099,Quebec,0.42515,0.191,-0.29461,0.76693,0.27212,4,Dimension 4,24580099
24580100,Quebec,0.48211,0.0071,1.02957,1.49304,0.75295,5,Dimension 4,24580100
24580101,Quebec,0.00728,-0.40342,-0.18529,0.66121,0.01995,3,Dimension 4,24580101
24580102,Quebec,0.26834,0.66032,0.32769,0.4146,0.41774,5,Dimension 2,24580102
24580103,Quebec,0.31304,-0.47036,-0.1486,0.85691,0.13775,4,Dimension 4,24580103
24580104,Quebec,0.61792,-0.45466,0.45045,0.62382,0.30938,4,Dimension 4,24580104
24580105,Quebec,0.16131,0.1216,0.21432,0.38875,0.22149,4,Dimension 4,24580105
24580106,Quebec,0.59034,-0.46816,0.20365,0.60181,0.23191,4,Dimension 4,24580106
24580107,Quebec,1.40898,-1.72761,0.05628,0.28859,0.00656,3,Dimension 1,24580107
24580108,Quebec,-0.17768,-0.66388,0.36364,1.46537,0.24686,4,Dimension 4,24580108
24580109,Quebec,0.59776,0.43963,1.20297,0.6701,0.72761,5,Dimension 3,24580109
24580110,Quebec,0.6263,0.04536,0.36987,0.85572,0.47431,5,Dimension 4,24580110
24580112,Quebec,0.59757,0.25323,0.09885,0.67293,0.40565,4,Dimension 4,24580112
24580113,Quebec,0.48718,-0.3479,0.50262,1.05283,0.42368,5,Dimension 4,24580113
24580114,Quebec,0.78154,1.12381,0.22274,0.90138,0.75737,5,Dimension 2,24580114
24580115,Quebec,0.95415,-0.2896,0.48568,0.96944,0.52992,5,Dimension 4,24580115
24580116,Quebec,-0.23964,0.405,-0.28518,-0.64421,-0.19101,3,Dimension 2,24580116
24580117,Quebec,0.30061,-0.7325,0.61217,0.91931,0.2749,4,Dimension 4,24580117
24580118,Quebec,0.083,-0.60598,-0.56352,0.4734,-0.15328,3,Dimension 4,24580118
24580119,Quebec,0.82015,-0.88603,0.05542,0.31282,0.07559,4,Dimension 1,24580119
24580120,Quebec,1.02489,0.84697,0.4737,0.66994,0.75388,5,Dimension 1,24580120
24580121,Quebec,0.65663,-0.48343,0.89622,0.51837,0.39695,4,Dimension 3,24580121
24580122,Quebec,0.72373,-0.3946,-0.16948,1.50429,0.41599,5,Dimension 4,24580122
24580123,Quebec,0.63462,-0.47537,-0.34625,0.37479,0.04695,3,Dimension 1,24580123
24580124,Quebec,-0.03305,-0.62718,-0.31205,0.65807,-0.07855,3,Dimension 4,24580124
24580125,Quebec,-0.0709,-0.9371,0.27014,0.77075,0.00822,3,Dimension 4,24580125
24580126,Quebec,0.57666,-0.37751,-0.19817,1.12283,0.28095,4,Dimension 4,24580126
24580127,Quebec,0.19328,-0.75874,-0.21432,1.03289,0.06328,4,Dimension 4,24580127
24580128,Quebec,0.28288,-0.68679,0.29741,1.20721,0.27518,4,Dimension 4,24580128
24580132,Quebec,1.85789,-0.77742,-1.39042,2.18052,0.46764,5,Dimension 4,24580132
24580134,Quebec,1.13866,1.55058,-1.32386,1.96182,0.8318,5,Dimension 4,24580134
24580135,Quebec,1.36501,0.92585,-1.39837,2.37639,0.81722,5,Dimension 4,24580135
24580136,Quebec,1.51092,4.21737,-0.22449,1.42878,1.73314,5,Dimension 2,24580136
24580137,Quebec,1.10766,1.05972,0.69545,2.43369,1.32413,5,Dimension 4,24580137
24580138,Quebec,-0.19656,0.58006,-1.30068,0.94239,0.0063,3,Dimension 4,24580138
24580139,Quebec,-0.15485,-0.94895,-1.06738,0.0554,-0.52894,1,Dimension 4,24580139
24580140,Quebec,-0.5508,-0.67447,-0.76002,0.29556,-0.42243,2,Dimension 4,24580140
24580141,Quebec,-0.22658,-0.56055,-0.61406,0.78017,-0.15526,3,Dimension 4,24580141
24580142,Quebec,-0.06887,1.37751,-1.58085,0.42163,0.03735,3,Dimension 2,24580142
24580143,Quebec,0.1688,1.32573,-1.24224,0.19165,0.11098,4,Dimension 2,24580143
24580144,Quebec,0.26625,-1.36557,-0.6508,1.15388,-0.14906,3,Dimension 4,24580144
24580145,Quebec,-0.38286,-0.84316,-1.48148,-1.19003,-0.97438,1,Dimension 1,24580145
24580146,Quebec,-0.55039,-0.60462,-1.52651,-1.65356,-1.08377,1,Dimension 1,24580146
24580147,Quebec,-0.40687,-0.71412,-1.01418,-0.4962,-0.65784,1,Dimension 1,24580147
24580148,Quebec,-0.37548,-0.79459,-1.0696,-0.42673,-0.6666,1,Dimension 1,24580148
24580149,Quebec,-0.63988,-0.95936,-1.47382,-0.96063,-1.00842,1,Dimension 1,24580149
24580150,Quebec,-0.21399,-0.35919,-0.91723,-0.33156,-0.45549,1,Dimension 1,24580150
24580151,Quebec,-0.04886,-0.14154,-0.73846,0.0136,-0.22881,2,Dimension 4,24580151
24580152,Quebec,-0.54858,-1.02237,-1.28516,-1.15026,-1.00159,1,Dimension 1,24580152
24580153,Quebec,0.68221,3.03476,-1.96371,0.94549,0.67468,5,Dimension 2,24580153
24580154,Quebec,0.71117,2.39315,-1.50518,1.12043,0.67989,5,Dimension 2,24580154
24580155,Quebec,1.22828,4.46731,-2.02772,1.27242,1.23507,5,Dimension 2,24580155
24580156,Quebec,0.40288,1.44305,-1.86686,1.17592,0.28875,4,Dimension 2,24580156
24580157,Quebec,-0.41525,-1.19629,-1.26123,-0.91884,-0.9479,1,Dimension 1,24580157
24580158,Quebec,-0.38306,-0.69806,-1.17547,-0.28661,-0.6358,1,Dimension 4,24580158
24580159,Quebec,-0.43261,-0.53926,-1.50221,-1.40267,-0.96919,1,Dimension 1,24580159
24580160,Quebec,-0.14104,-1.32758,-0.65443,-0.13601,-0.56476,1,Dimension 4,24580160
24580162,Quebec,0.14977,-0.0151,-1.23885,0.61632,-0.12196,3,Dimension 4,24580162
24580163,Quebec,0.34272,1.56245,0.11087,1.83159,0.96191,5,Dimension 4,24580163
24580164,Quebec,0.18458,-0.57356,0.16271,0.91352,0.17181,4,Dimension 4,24580164
24580165,Quebec,0.99634,-0.07449,0.78816,1.37546,0.77137,5,Dimension 4,24580165
24580166,Quebec,-0.07784,0.25607,0.87803,1.45407,0.62758,5,Dimension 4,24580166
24580167,Quebec,0.03534,0.60747,-1.15916,-0.42535,-0.23543,2,Dimension 2,24580167
24580168,Quebec,0.08081,-0.08755,-0.62893,0.24365,-0.098,3,Dimension 4,24580168
24580169,Quebec,0.02959,2.54708,-0.80571,0.69134,0.61557,5,Dimension 2,24580169
24580170,Quebec,0.36478,-0.44801,-0.4283,0.55216,0.01016,3,Dimension 4,24580170
24580171,Quebec,0.51791,0.04706,-0.60315,0.07622,0.00951,3,Dimension 1,24580171
24580172,Quebec,-0.11517,-0.69898,-0.81921,0.63429,-0.24977,2,Dimension 4,24580172
24580173,Quebec,-0.52741,-0.45109,-0.68253,-0.36104,-0.50552,1,Dimension 4,24580173
24580174,Quebec,-0.21588,0.13009,-0.24911,-0.18856,-0.13087,3,Dimension 2,24580174
24580175,Quebec,0.32748,-0.0466,-0.33644,0.64484,0.14732,4,Dimension 4,24580175
24580176,Quebec,0.24463,6e-05,0.05956,0.00501,0.07732,4,Dimension 1,24580176
24580177,Quebec,1.37489,0.26561,1.17185,0.1407,0.73826,5,Dimension 1,24580177
24580178,Quebec,-0.32338,0.21099,-0.57545,-0.86363,-0.38787,2,Dimension 2,24580178
24580179,Quebec,0.12141,-0.29934,-0.11055,-0.39555,-0.17101,3,Dimension 1,24580179
24580180,Quebec,-0.15586,-0.22854,0.74076,-0.27915,0.0193,3,Dimension 3,24580180
24580181,Quebec,1.09226,-0.58443,0.13848,0.88452,0.38271,4,Dimension 1,24580181
24580182,Quebec,0.40241,-0.00594,0.24917,0.29113,0.23419,4,Dimension 1,24580182
24580183,Quebec,0.97909,-0.00383,0.20386,0.63235,0.45287,5,Dimension 1,24580183
24580184,Quebec,0.3678,-0.76102,0.2285,0.96844,0.20093,4,Dimension 4,24580184
24580185,Quebec,0.64555,0.18139,0.37444,0.74268,0.48602,5,Dimension 4,24580185
24580186,Quebec,0.23095,1.60283,-0.32294,-0.04308,0.36694,4,Dimension 2,24580186
24580187,Quebec,-0.29528,-0.44327,-0.06005,0.34367,-0.11373,3,Dimension 4,24580187
24580188,Quebec,0.1319,0.11703,0.15686,-0.87855,-0.11819,3,Dimension 3,24580188
24580189,Quebec,-0.37439,-0.9579,-0.21604,0.16703,-0.34533,2,Dimension 4,24580189
24580190,Quebec,0.15629,-0.13267,-0.08475,0.17335,0.02806,3,Dimension 4,24580190
24580191,Quebec,0.83464,-1.01532,0.26002,-0.21215,-0.0332,3,Dimension 1,24580191
24580192,Quebec,0.01312,-1.0161,-0.41779,0.41933,-0.25036,2,Dimension 4,24580192
24580193,Quebec,-0.24944,-0.05163,0.15648,0.03549,-0.02728,3,Dimension 3,24580193
24580194,Quebec,1.02206,-0.60314,-0.23332,1.03583,0.30536,4,Dimension 4,24580194
24580195,Quebec,0.32256,0.07439,0.09984,0.96919,0.3665,4,Dimension 4,24580195
24580196,Quebec,0.13077,-0.33126,-0.31973,0.42941,-0.0227,3,Dimension 4,24580196
24580197,Quebec,0.3977,-0.64769,0.41873,0.63686,0.2014,4,Dimension 4,24580197
24580198,Quebec,0.17359,0.76102,0.38708,0.92197,0.56092,5,Dimension 4,24580198
24580199,Quebec,0.15663,-0.01476,-0.13843,0.6518,0.16381,4,Dimension 4,24580199
24580200,Quebec,-0.26975,-0.57407,-0.48941,0.83904,-0.12354,3,Dimension 4,24580200
24580201,Quebec,0.19706,0.18023,0.29806,0.31449,0.24746,4,Dimension 4,24580201
24580202,Quebec,0.72608,0.3942,0.25344,1.45442,0.70703,5,Dimension 4,24580202
24580203,Quebec,-0.3773,1.20917,-1.01461,-0.56951,-0.18806,3,Dimension 2,24580203
24580204,Quebec,0.8716,0.52842,0.42758,0.84276,0.66759,5,Dimension 1,24580204
24580205,Quebec,0.44721,-0.75104,0.3975,0.80079,0.22362,4,Dimension 4,24580205
24580206,Quebec,-0.25234,-0.72382,0.15606,0.30931,-0.1277,3,Dimension 4,24580206
24580207,Quebec,0.47251,-0.07245,-0.08183,0.23372,0.13799,4,Dimension 1,24580207
24580208,Quebec,-0.08454,-0.37019,-0.59963,1.04657,-0.00195,3,Dimension 4,24580208
24580209,Quebec,-0.25524,0.01485,0.12165,0.968,0.21232,4,Dimension 4,24580209
24580210,Quebec,0.44994,0.23803,0.21035,0.95884,0.46429,5,Dimension 4,24580210
24580211,Quebec,0.30049,0.84871,0.22591,0.95195,0.58176,5,Dimension 4,24580211
24580212,Quebec,0.85234,0.54176,-1.68521,1.26585,0.24369,4,Dimension 4,24580212
24580213,Quebec,-0.00436,0.95855,0.39542,0.23138,0.39525,4,Dimension 2,24580213
24580214,Quebec,0.03386,-0.31406,-0.16258,-0.02521,-0.117,3,Dimension 1,24580214
24580215,Quebec,-0.07781,-0.59073,0.31815,0.57685,0.05661,4,Dimension 4,24580215
24580216,Quebec,0.36046,-0.75036,0.30386,0.41164,0.0814,4,Dimension 4,24580216
24580217,Quebec,-0.48574,-0.32642,-0.84711,-0.80928,-0.61714,1,Dimension 2,24580217
24580218,Quebec,-0.49326,-0.10531,-0.4904,-0.67646,-0.44136,2,Dimension 2,24580218
24580219,Quebec,-0.07535,-0.75564,-0.80782,-0.71092,-0.58743,1,Dimension 1,24580219
24580220,Quebec,0.69399,0.38529,-0.59027,0.85964,0.33716,4,Dimension 4,24580220
24580221,Quebec,0.65536,-0.04482,0.1329,0.93905,0.42062,5,Dimension 4,24580221
24580222,Quebec,0.20409,2.84565,-0.58043,-0.05888,0.60261,5,Dimension 2,24580222
24580223,Quebec,-0.31533,0.67301,-0.19984,-1.29326,-0.28386,2,Dimension 2,24580223
24580224,Quebec,-0.16875,0.101,0.39287,0.01653,0.08541,4,Dimension 3,24580224
24580225,Quebec,0.23814,0.11349,0.15756,-0.20834,0.07521,4,Dimension 1,24580225
24580226,Quebec,2.63258,-0.84444,0.09203,1.73554,0.90393,5,Dimension 1,24580226
24580229,Quebec,1.61112,0.09317,2.42146,0.75926,1.22125,5,Dimension 3,24580229
24580232,Quebec,0.96681,-0.49828,1.59813,1.42728,0.87349,5,Dimension 3,24580232
24580234,Quebec,-0.49262,-0.99897,-0.83464,-0.93821,-0.81611,1,Dimension 1,24580234
24580235,Quebec,-0.38707,0.1867,-1.03656,-0.14735,-0.34607,2,Dimension 2,24580235
24580237,Quebec,-0.32666,-0.17399,-0.29865,-0.52981,-0.33228,2,Dimension 2,24580237
24580238,Quebec,0.89075,-0.18907,0.33717,0.87142,0.47757,5,Dimension 1,24580238
24580239,Quebec,-0.04601,-0.56591,0.14466,0.027,-0.11007,3,Dimension 3,24580239
24580240,Quebec,-0.40109,0.77297,-0.63183,-1.12988,-0.34746,2,Dimension 2,24580240
24580241,Quebec,1.50256,-0.41559,5.36806,-1.18678,1.31706,5,Dimension 3,24580241
24580242,Quebec,-0.63106,-0.11243,-0.80705,-1.1128,-0.66584,1,Dimension 2,24580242
24580243,Quebec,-0.57363,-0.63251,-1.1925,-1.20714,-0.90144,1,Dimension 1,24580243
24580244,Quebec,-0.52224,-1.28635,-1.0133,-0.39146,-0.80334,1,Dimension 4,24580244
24580246,Quebec,-0.55409,0.12946,-0.61374,-0.54098,-0.39484,2,Dimension 2,24580246
24580247,Quebec,-0.58269,-0.93899,-0.54886,-0.78246,-0.71325,1,Dimension 3,24580247
24580248,Quebec,-0.66828,-0.9596,-1.00291,-0.06673,-0.67438,1,Dimension 4,24580248
24580249,Quebec,0.42345,0.07444,-0.18635,1.21198,0.38088,4,Dimension 4,24580249
24580250,Quebec,-0.70994,-0.56273,-0.30316,-0.75951,-0.58383,1,Dimension 3,24580250
24580251,Quebec,-0.38081,-0.11861,-0.36996,-1.10809,-0.49437,1,Dimension 2,24580251
24580252,Quebec,-0.21213,0.44035,-0.61923,-0.80843,-0.29986,2,Dimension 2,24580252
24580253,Quebec,-0.01324,-0.16948,-0.65204,-0.92457,-0.43983,2,Dimension 1,24580253
24580254,Quebec,0.04752,1.32905,-0.89335,-0.00168,0.12038,4,Dimension 2,24580254
24580255,Quebec,0.05972,-0.0484,-0.69242,0.34814,-0.08324,3,Dimension 4,24580255
24580256,Quebec,0.17294,0.19097,-0.62209,0.66843,0.10256,4,Dimension 4,24580256
24580257,Quebec,-0.69079,-0.34713,-0.85945,-1.22835,-0.78143,1,Dimension 2,24580257
24580258,Quebec,-0.32507,-0.41234,-0.27371,0.34375,-0.16684,3,Dimension 4,24580258
24580259,Quebec,1.12256,-0.07632,2.14857,1.07195,1.06669,5,Dimension 3,24580259
24580260,Quebec,1.53706,-0.20016,1.56888,1.02504,0.98271,5,Dimension 3,24580260
24580261,Quebec,-0.33491,0.05574,-0.60449,-1.13176,-0.50385,1,Dimension 2,24580261
24580262,Quebec,-0.02531,0.16348,-0.11997,0.98895,0.25179,4,Dimension 4,24580262
24580263,Quebec,-0.10732,-0.65134,0.40534,0.0647,-0.07216,3,Dimension 3,24580263
24580264,Quebec,0.08707,0.10046,0.30097,1.68236,0.54271,5,Dimension 4,24580264
24580265,Quebec,0.29197,0.27415,0.37494,0.43027,0.34283,4,Dimension 4,24580265
24580266,Quebec,0.24505,-0.48125,0.27799,0.54255,0.14608,4,Dimension 4,24580266
24580267,Quebec,1.18901,-0.9389,0.87434,1.43789,0.64058,5,Dimension 4,24580267
24580268,Quebec,0.46431,-0.06796,1.07926,1.16295,0.65964,5,Dimension 4,24580268
24580269,Quebec,0.82772,1.23125,-0.12925,0.73244,0.66554,5,Dimension 2,24580269
24580271,Quebec,-0.06797,-0.57357,-0.75291,0.04891,-0.33639,2,Dimension 4,24580271
24580273,Quebec,-0.36501,-0.1462,-1.17124,-0.23829,-0.48019,1,Dimension 2,24580273
24580274,Quebec,-0.58141,-0.36755,-0.93598,-0.79494,-0.66997,1,Dimension 2,24580274
24580275,Quebec,-0.5979,-0.36872,-1.10848,-1.18594,-0.81526,1,Dimension 2,24580275
24580276,Quebec,-0.58519,-0.62958,-0.9446,-1.77893,-0.98457,1,Dimension 1,24580276
24580277,Quebec,-0.36957,-0.30516,-1.19608,-0.11382,-0.49616,1,Dimension 4,24580277
24580278,Quebec,-0.16883,-0.10685,-0.92866,0.39142,-0.20323,3,Dimension 4,24580278
24580279,Quebec,-0.45412,-0.78455,-0.94559,-0.68466,-0.71723,1,Dimension 1,24580279
24580280,Quebec,-0.51679,-0.53535,-1.11593,-0.5707,-0.68469,1,Dimension 1,24580280
24580281,Quebec,-0.03918,1.01677,-0.98731,-0.42195,-0.10792,3,Dimension 2,24580281
24580282,Quebec,0.04468,0.29551,-0.99302,0.40405,-0.06219,3,Dimension 4,24580282
24580284,Quebec,-0.30318,0.65906,-0.17623,-0.4649,-0.07131,3,Dimension 2,24580284
24580285,Quebec,-0.09096,-0.54053,-0.34585,-0.48938,-0.36668,2,Dimension 1,24580285
24580286,Quebec,-0.49687,-0.14218,-0.20832,-1.23331,-0.52017,1,Dimension 2,24580286
24580287,Quebec,-0.17268,0.58066,-0.06473,-0.05059,0.07317,4,Dimension 2,24580287
24580288,Quebec,-0.24487,0.1693,-0.25014,-0.61775,-0.23587,2,Dimension 2,24580288
24580289,Quebec,-0.13923,-0.04782,-0.29188,-0.41518,-0.22353,2,Dimension 2,24580289
24580290,Quebec,0.14001,-0.05214,-0.90527,-0.62013,-0.35938,2,Dimension 1,24580290
24580293,Quebec,-0.3158,-1.04398,-0.37153,-0.21606,-0.48684,1,Dimension 4,24580293
24580294,Quebec,0.09787,0.43543,0.29696,-0.10488,0.18134,4,Dimension 2,24580294
24580295,Quebec,0.48324,-0.12407,0.40995,0.86278,0.40797,5,Dimension 4,24580295
24580296,Quebec,-0.06822,-0.57953,0.29124,0.44644,0.02248,3,Dimension 4,24580296
24580297,Quebec,-0.07463,-0.01231,-0.21919,0.02241,-0.07093,3,Dimension 4,24580297
24580298,Quebec,0.54392,-0.42688,0.1422,0.36821,0.15687,4,Dimension 1,24580298
24580299,Quebec,0.91676,-0.73386,0.80347,1.31119,0.57439,5,Dimension 4,24580299
24580300,Quebec,0.32221,0.23584,0.15044,0.91762,0.40653,4,Dimension 4,24580300
24580302,Quebec,-0.36922,-0.7629,-0.45073,-0.86366,-0.61162,1,Dimension 1,24580302
24580303,Quebec,-0.27213,-0.46874,-0.78368,-0.91877,-0.61083,1,Dimension 1,24580303
24580304,Quebec,-0.49248,-0.58481,-0.88909,-0.62805,-0.64861,1,Dimension 1,24580304
24580305,Quebec,-0.19612,0.15729,-0.40092,-0.7272,-0.29174,2,Dimension 2,24580305
24580306,Quebec,0.02418,-0.56872,-0.4698,-0.32035,-0.33367,2,Dimension 1,24580306
24580307,Quebec,-0.02707,-0.3867,-0.56467,0.11634,-0.21552,2,Dimension 4,24580307
24580308,Quebec,0.54638,-0.07487,0.21378,0.32992,0.2538,4,Dimension 1,24580308
24580309,Quebec,0.67791,0.04486,-0.60101,-1.08599,-0.24106,2,Dimension 1,24580309
24580310,Quebec,0.19079,-0.24321,-0.50315,-1.18128,-0.43421,2,Dimension 1,24580310
24580311,Quebec,0.38442,-0.7303,-0.48245,-0.24188,-0.26755,2,Dimension 1,24580311
24580312,Quebec,-0.07604,-0.5499,-0.42215,-0.64287,-0.42274,2,Dimension 1,24580312
24580313,Quebec,-0.63867,-0.44706,-0.91042,-1.06434,-0.76512,1,Dimension 2,24580313
24580314,Quebec,0.24111,0.73282,-0.31235,-0.31927,0.08558,4,Dimension 2,24580314
24580315,Quebec,-0.25288,0.55279,-1.03419,-0.79402,-0.38207,2,Dimension 2,24580315
24580316,Quebec,-0.0155,0.33352,-0.20978,-1.11098,-0.25068,2,Dimension 2,24580316
24580317,Quebec,-0.15751,-0.6306,-0.36639,-1.25814,-0.60316,1,Dimension 1,24580317
24580318,Quebec,1.29078,-0.74392,0.12625,0.37698,0.26252,4,Dimension 1,24580318
24580319,Quebec,1.77203,0.12261,-0.03807,1.64092,0.87437,5,Dimension 1,24580319
24580320,Quebec,0.2807,-0.502,0.44767,-0.3636,-0.03431,3,Dimension 3,24580320
24580321,Quebec,0.4883,-0.48956,0.0728,0.48281,0.13859,4,Dimension 1,24580321
24580322,Quebec,0.72833,-0.65974,0.55679,0.08526,0.17766,4,Dimension 1,24580322
24580323,Quebec,0.51941,-1.27244,0.0827,1.03801,0.09192,4,Dimension 4,24580323
24580324,Quebec,0.66818,-0.76268,-0.02658,0.64435,0.13082,4,Dimension 1,24580324
24580325,Quebec,2.17655,-0.76036,1.16224,0.91428,0.87318,5,Dimension 1,24580325
24580326,Quebec,1.66254,0.91194,-0.53606,0.68512,0.68089,5,Dimension 1,24580326
24580327,Quebec,1.03861,0.09655,0.1095,0.11136,0.33901,4,Dimension 1,24580327
24580328,Quebec,0.33942,0.37742,-0.63216,-0.4489,-0.09105,3,Dimension 2,24580328
24580329,Quebec,0.72179,-0.36505,0.05093,0.58814,0.24895,4,Dimension 1,24580329
24580332,Quebec,-0.53676,0.30189,-0.76912,-0.8761,-0.47002,1,Dimension 2,24580332
24580333,Quebec,-0.09391,-0.54829,-0.3076,-0.37582,-0.3314,2,Dimension 1,24580333
24580334,Quebec,0.66781,-0.38539,-0.04598,0.29121,0.13191,4,Dimension 1,24580334
24580335,Quebec,0.43982,-0.33525,-0.03499,-0.1153,-0.01143,3,Dimension 1,24580335
24580336,Quebec,0.74264,-0.84892,-0.33517,-0.4223,-0.21594,2,Dimension 1,24580336
24580337,Quebec,2.00521,0.10572,0.68482,0.70163,0.87435,5,Dimension 1,24580337
24580338,Quebec,0.52947,-0.62686,0.7347,0.30091,0.23455,4,Dimension 3,24580338
24580339,Quebec,0.2747,-0.13965,-0.1643,0.23942,0.05254,4,Dimension 1,24580339
24580340,Quebec,1.56822,-0.40434,0.31338,0.3994,0.46916,5,Dimension 1,24580340
24580341,Quebec,0.2733,0.31084,-0.33348,-0.14615,0.02613,3,Dimension 2,24580341
24580342,Quebec,0.15335,-0.94156,0.06979,0.24071,-0.11943,3,Dimension 4,24580342
24580343,Quebec,-0.12807,-0.95935,0.15095,-0.13643,-0.26822,2,Dimension 3,24580343
24580344,Quebec,-0.3674,-0.06229,-0.79977,-0.2473,-0.36919,2,Dimension 2,24580344
24580345,Quebec,-0.14073,0.02136,0.04522,-0.75654,-0.20767,2,Dimension 3,24580345
24580346,Quebec,2.54229,0.72546,0.13873,1.94059,1.33677,5,Dimension 1,24580346
24580347,Quebec,-0.04222,-0.27406,-0.51071,-0.85855,-0.42139,2,Dimension 1,24580347
24580348,Quebec,-0.07958,-0.14041,-0.23487,-0.44337,-0.22456,2,Dimension 1,24580348
24580349,Quebec,-0.23729,-0.22876,-0.28836,-0.64414,-0.34964,2,Dimension 2,24580349
24580350,Quebec,0.4916,0.01845,-0.45432,-0.37477,-0.07976,3,Dimension 1,24580350
24580351,Quebec,0.04426,-0.51135,-0.01573,-1.02143,-0.37606,2,Dimension 1,24580351
24580352,Quebec,0.08317,0.1642,-0.99449,-0.97698,-0.43103,2,Dimension 2,24580352
24580353,Quebec,0.30651,-0.3972,-0.00616,0.39755,0.07518,4,Dimension 4,24580353
24580354,Quebec,0.17396,0.09641,0.05036,-0.55873,-0.0595,3,Dimension 1,24580354
24580355,Quebec,0.26156,-0.60975,-0.19658,-0.97302,-0.37944,2,Dimension 1,24580355
24580356,Quebec,0.57366,0.12275,0.2519,-0.48422,0.11602,4,Dimension 1,24580356
24580357,Quebec,0.12665,0.19095,-0.71611,-0.95851,-0.33925,2,Dimension 2,24580357
24580358,Quebec,0.3779,0.26334,-0.03725,-0.52428,0.01993,3,Dimension 1,24580358
24580359,Quebec,0.31744,-0.42811,-0.63982,-0.30902,-0.26488,2,Dimension 1,24580359
24580360,Quebec,-0.07796,0.01241,-0.57644,-0.81994,-0.36548,2,Dimension 2,24580360
24580361,Quebec,1.15392,-0.70986,-0.13729,-0.16026,0.03663,3,Dimension 1,24580361
24580362,Quebec,0.62323,-0.10236,0.03528,-0.68474,-0.03215,3,Dimension 1,24580362
24580363,Quebec,0.80486,-0.31104,-0.54171,-0.42623,-0.11853,3,Dimension 1,24580363
24580364,Quebec,-0.14551,-0.18547,-0.96126,-1.08694,-0.5948,1,Dimension 1,24580364
24580365,Quebec,0.70327,-0.31487,-0.77677,-0.71442,-0.2757,2,Dimension 1,24580365
24580366,Quebec,0.78766,-0.10558,-0.14589,-1.11635,-0.14504,3,Dimension 1,24580366
24580367,Quebec,-0.453,0.37589,-0.64283,-1.08543,-0.45134,1,Dimension 2,24580367
24580368,Quebec,2.45097,-0.38441,0.28053,1.21593,0.89076,5,Dimension 1,24580368
24580369,Quebec,1.02485,-0.05162,-0.35876,-0.0036,0.15272,4,Dimension 1,24580369
24580370,Quebec,0.77233,0.24268,-0.2888,-1.35836,-0.15804,3,Dimension 1,24580370
24580371,Quebec,0.41759,0.28744,-0.94598,-0.84588,-0.27171,2,Dimension 1,24580371
24580372,Quebec,0.80887,-1.13374,-0.80369,-0.31827,-0.36171,2,Dimension 1,24580372
24580373,Quebec,0.567,-0.23991,-1.31922,-0.09623,-0.27209,2,Dimension 1,24580373
24580374,Quebec,-0.0619,-0.49639,-1.41646,-1.08686,-0.76541,1,Dimension 1,24580374
24580375,Quebec,0.47662,-0.30276,-0.72514,-0.62291,-0.29355,2,Dimension 1,24580375
24580376,Quebec,0.48387,-0.83994,-0.80691,-0.92831,-0.52282,1,Dimension 1,24580376
24580377,Quebec,0.20039,-0.21151,-0.35292,-0.50032,-0.21609,2,Dimension 1,24580377
24580378,Quebec,2.43504,0.18534,1.14601,0.80396,1.14258,5,Dimension 1,24580378
24580379,Quebec,0.15837,0.09092,-0.04473,-1.17498,-0.24261,2,Dimension 1,24580379
24580380,Quebec,0.6835,0.36246,-0.33593,-1.68625,-0.24406,2,Dimension 1,24580380
24580381,Quebec,0.61572,0.44025,-0.6728,-1.34884,-0.24142,2,Dimension 1,24580381
24580382,Quebec,0.76161,-0.02058,0.34559,-1.02802,0.01465,3,Dimension 1,24580382
24580383,Quebec,0.70835,0.01734,-0.35548,-1.11016,-0.18499,3,Dimension 1,24580383
24580384,Quebec,1.40937,0.71413,1.11628,-1.57805,0.41543,5,Dimension 1,24580384
24580385,Quebec,0.00822,0.12249,-0.89873,-0.33583,-0.27596,2,Dimension 2,24580385
24580386,Quebec,0.42537,0.05515,-1.05534,-0.6082,-0.29576,2,Dimension 1,24580386
24580387,Quebec,0.79708,-0.14236,0.04358,-1.19289,-0.12365,3,Dimension 1,24580387
24580388,Quebec,0.55975,0.29315,-0.98186,-0.7822,-0.22779,2,Dimension 1,24580388
24580390,Quebec,0.35717,0.41018,-0.72755,-0.53446,-0.12367,3,Dimension 2,24580390
24580391,Quebec,0.96452,-0.1429,-0.51079,-1.23948,-0.23216,2,Dimension 1,24580391
24580392,Quebec,0.96651,-0.22764,-0.4812,-1.08576,-0.20702,2,Dimension 1,24580392
24580395,Quebec,0.93239,0.38546,-0.1421,-0.76348,0.10307,4,Dimension 1,24580395
24580396,Quebec,0.59683,0.0685,-0.02764,-1.14465,-0.12674,3,Dimension 1,24580396
24580398,Quebec,1.31938,-0.43395,-0.23859,-1.19446,-0.1369,3,Dimension 1,24580398
24580399,Quebec,0.70775,-0.10504,-0.74411,-1.45667,-0.39952,2,Dimension 1,24580399
24580400,Quebec,0.88352,0.0086,-0.50895,-1.06846,-0.17132,3,Dimension 1,24580400
24580401,Quebec,1.14704,-0.41848,-0.30785,-2.55908,-0.5346,1,Dimension 1,24580401
24580403,Quebec,0.9164,-0.43362,-0.77488,-1.68407,-0.49404,1,Dimension 1,24580403
24580404,Quebec,0.14373,0.23119,-0.52705,-1.44366,-0.39895,2,Dimension 2,24580404
24580405,Quebec,0.75248,-1.19995,-0.75019,0.53735,-0.16508,3,Dimension 1,24580405
24580406,Quebec,1.07737,-0.59011,-0.60047,-1.55812,-0.41783,2,Dimension 1,24580406
24580408,Quebec,0.43785,-1.40171,-0.61504,-0.6315,-0.5526,1,Dimension 1,24580408
24580409,Quebec,-0.05307,0.16519,-0.45543,-0.76614,-0.27736,2,Dimension 2,24580409
24580410,Quebec,0.14649,0.08235,0.10961,-1.36196,-0.25588,2,Dimension 1,24580410
24580411,Quebec,0.36266,-0.8997,-0.85699,0.42392,-0.24253,2,Dimension 4,24580411
24580412,Quebec,0.17576,0.29163,-1.07879,-0.58431,-0.29893,2,Dimension 2,24580412
24580413,Quebec,0.75997,-0.18936,-0.27201,1.10571,0.35108,4,Dimension 4,24580413
24580414,Quebec,0.72611,-0.0516,-0.1205,-0.38336,0.04266,3,Dimension 1,24580414
24580415,Quebec,1.06839,-0.56428,-0.48289,-0.4967,-0.11887,3,Dimension 1,24580415
24580416,Quebec,1.49107,-0.54134,0.19843,0.59723,0.43635,5,Dimension 1,24580416
24580417,Quebec,-0.05564,0.15961,-0.72384,-0.1614,-0.19532,3,Dimension 2,24580417
24580419,Quebec,-0.27352,0.09406,-0.57067,-0.4368,-0.29673,2,Dimension 2,24580419
24580420,Quebec,0.12223,-0.5359,0.09627,-0.30259,-0.155,3,Dimension 1,24580420
24580421,Quebec,0.26115,0.20328,-1.15106,-0.8506,-0.38431,2,Dimension 1,24580421
24580422,Quebec,0.04736,-1.24231,-0.60652,-0.3493,-0.53769,1,Dimension 1,24580422
24580423,Quebec,0.24649,-0.51191,0.14343,-0.27541,-0.09935,3,Dimension 1,24580423
24580424,Quebec,-0.33128,0.19531,-0.68235,-0.29936,-0.27942,2,Dimension 2,24580424
24580428,Quebec,-0.07397,-0.85599,-0.63841,-0.41682,-0.4963,1,Dimension 1,24580428
24580429,Quebec,-0.27725,-1.47688,-1.02308,-1.53797,-1.07879,1,Dimension 1,24580429
24580430,Quebec,-0.25049,-1.29122,-1.0943,-1.46223,-1.02456,1,Dimension 1,24580430
24580431,Quebec,-0.49841,-1.27714,-0.72132,-1.29332,-0.94755,1,Dimension 1,24580431
24580432,Quebec,-0.55459,-0.51388,-0.66641,-0.65393,-0.5972,1,Dimension 2,24580432
24580433,Quebec,0.01099,-0.32899,0.25278,0.25249,0.04682,3,Dimension 3,24580433
24580434,Quebec,-0.44098,-0.15121,-0.27211,0.12212,-0.18554,3,Dimension 4,24580434
24580435,Quebec,-0.13148,1.09079,-0.98658,0.03898,0.00293,3,Dimension 2,24580435
24580436,Quebec,-0.21128,-0.25686,-0.44625,0.42229,-0.12302,3,Dimension 4,24580436
24580437,Quebec,-0.51001,-0.87414,-0.42733,-0.40099,-0.55312,1,Dimension 4,24580437
24580440,Quebec,-0.16749,-0.19993,-0.48342,-1.30346,-0.53857,1,Dimension 1,24580440
24580441,Quebec,-0.2925,-0.61971,-0.54561,-1.2055,-0.66583,1,Dimension 1,24580441
24580442,Quebec,0.29984,-1.10634,-0.35034,-0.27463,-0.35787,2,Dimension 1,24580442
24580443,Quebec,-0.19209,-0.21686,-0.42949,-1.10469,-0.48578,1,Dimension 1,24580443
24580444,Quebec,0.0675,-0.29865,0.1253,0.28792,0.04552,3,Dimension 4,24580444
24580445,Quebec,-0.128,0.34324,-0.23088,0.21951,0.05097,4,Dimension 2,24580445
24580446,Quebec,-0.4417,-0.68013,-0.75264,0.18876,-0.42143,2,Dimension 4,24580446
24580447,Quebec,-0.12178,1.9484,-0.0589,0.03872,0.45161,5,Dimension 2,24580447
24580448,Quebec,-0.08963,-0.89974,-0.96568,-0.14193,-0.52424,1,Dimension 1,24580448
24580449,Quebec,-0.50748,-0.49863,-0.54885,-0.84941,-0.60109,1,Dimension 2,24580449
24580450,Quebec,-0.09718,-0.74012,-0.38269,-0.04879,-0.3172,2,Dimension 4,24580450
24580451,Quebec,-0.37648,-0.32727,-1.13815,-0.5262,-0.59203,1,Dimension 2,24580451
24580452,Quebec,-0.63347,-0.4623,-0.75501,-0.64415,-0.62373,1,Dimension 2,24580452
24580453,Quebec,-0.81089,-0.62004,-0.57983,-1.10519,-0.77899,1,Dimension 3,24580453
24580454,Quebec,-0.30683,-0.76089,-0.86438,-0.47974,-0.60296,1,Dimension 1,24580454
24580455,Quebec,-0.68145,-0.78812,-1.39994,-1.1789,-1.0121,1,Dimension 1,24580455
24580457,Quebec,-0.30288,-0.69076,-0.32115,-0.42551,-0.43508,2,Dimension 1,24580457
24580458,Quebec,-0.14428,-0.72013,-0.17466,-0.49594,-0.38375,2,Dimension 1,24580458
24580459,Quebec,-0.47532,-0.43619,-0.24124,-0.79776,-0.48763,1,Dimension 3,24580459
24580460,Quebec,0.15211,-0.56472,-0.22756,0.08342,-0.13919,3,Dimension 1,24580460
24580461,Quebec,-0.53077,0.18326,0.00043,-0.45912,-0.20155,3,Dimension 2,24580461
24580462,Quebec,-0.81281,-0.73474,-0.4465,-0.45265,-0.61167,1,Dimension 3,24580462
24580463,Quebec,-0.05814,-0.50453,0.4348,-0.56555,-0.17335,3,Dimension 3,24580463
24580464,Quebec,0.09945,-1.39006,-0.92755,0.65858,-0.38989,2,Dimension 4,24580464
24580465,Quebec,-0.39846,-0.85191,-0.74435,-0.35365,-0.58709,1,Dimension 4,24580465
24580466,Quebec,-0.30252,-0.40147,-0.81005,-0.78076,-0.5737,1,Dimension 1,24580466
24580467,Quebec,-0.33422,-1.036,-0.92025,-0.71463,-0.75128,1,Dimension 1,24580467
24580468,Quebec,0.18856,-1.03078,-0.05414,0.81901,-0.01934,3,Dimension 4,24580468
24580469,Quebec,-0.58378,-2.37958,-1.61595,1.71149,-0.71696,1,Dimension 4,24580469
24580470,Quebec,-0.13189,-0.88695,-0.77317,0.37023,-0.35545,2,Dimension 4,24580470
24580471,Quebec,-0.37258,-0.76059,-0.66087,-1.33605,-0.78252,1,Dimension 1,24580471
24580472,Quebec,-0.29445,-0.85234,-0.82834,-0.86329,-0.70961,1,Dimension 1,24580472
24580473,Quebec,-0.21781,-1.0638,-0.23775,-0.9623,-0.62042,1,Dimension 1,24580473
24580474,Quebec,-0.60708,-0.81164,-0.97034,-0.95089,-0.83499,1,Dimension 1,24580474
24580475,Quebec,-0.46052,-1.03275,-0.80123,-0.42486,-0.67984,1,Dimension 4,24580475
24580476,Quebec,-0.64826,-0.81074,-0.51989,-0.74017,-0.67977,1,Dimension 3,24580476
24580477,Quebec,-0.4735,-0.20777,-0.72456,-0.50943,-0.47882,1,Dimension 2,24580477
24580478,Quebec,-0.41089,-0.24294,-0.67649,-0.36383,-0.42354,2,Dimension 2,24580478
24580479,Quebec,0.33,-0.69383,0.02276,-0.41208,-0.18829,3,Dimension 1,24580479
24580480,Quebec,-0.34808,-0.48873,-0.42573,-0.56108,-0.45591,1,Dimension 1,24580480
24580481,Quebec,0.20718,-0.9474,0.83664,0.39369,0.12253,4,Dimension 3,24580481
24580482,Quebec,-0.44083,-0.39194,0.15029,0.92408,0.0604,4,Dimension 4,24580482
24580483,Quebec,-0.08027,0.42999,-0.24314,-0.56922,-0.11566,3,Dimension 2,24580483
24580484,Quebec,-0.50829,0.37381,-0.17347,-0.82756,-0.28388,2,Dimension 2,24580484
24580485,Quebec,-0.27513,-0.54965,-0.33492,-0.03923,-0.29973,2,Dimension 4,24580485
24580486,Quebec,-0.22834,0.08377,-0.03567,-0.83483,-0.25377,2,Dimension 2,24580486
24580487,Quebec,-0.24136,0.10592,-0.19495,-1.1664,-0.3742,2,Dimension 2,24580487
24580488,Quebec,0.04688,0.18363,-0.2137,-0.23961,-0.0557,3,Dimension 2,24580488
24580489,Quebec,0.3051,2.79878,-0.41639,0.06824,0.68893,5,Dimension 2,24580489
24580490,Quebec,-0.65529,-0.48141,-0.67913,-0.74481,-0.64016,1,Dimension 2,24580490
24580491,Quebec,-0.16012,-0.41059,-0.6221,-1.09172,-0.57113,1,Dimension 1,24580491
24580492,Quebec,-0.3649,-0.82526,-0.35988,-1.18099,-0.68276,1,Dimension 3,24580492
24580493,Quebec,-0.36701,-0.23242,-0.09013,-0.91266,-0.40056,2,Dimension 3,24580493
24580494,Quebec,-0.24337,-0.67524,0.09132,-0.07806,-0.22634,2,Dimension 3,24580494
24580495,Quebec,-0.69253,-0.08416,-0.24718,-0.8705,-0.47359,1,Dimension 2,24580495
24580496,Quebec,-0.35103,-0.38343,-0.8492,-1.03162,-0.65382,1,Dimension 1,24580496
24580497,Quebec,-0.34611,-0.42209,-0.91667,-0.4675,-0.53809,1,Dimension 1,24580497
24580498,Quebec,-0.5304,-0.0497,0.08274,-0.70171,-0.29977,2,Dimension 3,24580498
24580499,Quebec,-0.44541,-0.70324,-0.47087,-0.31192,-0.48286,1,Dimension 4,24580499
24580500,Quebec,-0.07681,-0.52982,-0.29522,-1.10337,-0.50131,1,Dimension 1,24580500
24580501,Quebec,-0.00131,0.32626,0.24997,-0.37254,0.05059,4,Dimension 2,24580501
24580502,Quebec,-0.19865,-0.28338,-0.5725,-1.05123,-0.52644,1,Dimension 1,24580502
24580503,Quebec,0.09227,0.50695,-0.8843,-0.06607,-0.08779,3,Dimension 2,24580503
24580504,Quebec,-0.23068,-0.34642,-0.32296,-0.07566,-0.24393,2,Dimension 4,24580504
24580505,Quebec,0.02539,-0.49941,-0.2414,-0.32252,-0.25948,2,Dimension 1,24580505
24580506,Quebec,-0.48027,-0.9519,-0.48656,-0.07219,-0.49773,1,Dimension 4,24580506
24580508,Quebec,-0.30228,0.56262,-0.50853,-0.68069,-0.23222,2,Dimension 2,24580508
24580509,Quebec,0.21674,-0.38964,-0.78997,-0.1841,-0.28674,2,Dimension 1,24580509
24580511,Quebec,-0.1686,1.04006,-0.06239,-0.79643,0.00316,3,Dimension 2,24580511
24580512,Quebec,-0.37156,-0.24285,-0.47432,-0.41371,-0.37561,2,Dimension 2,24580512
24580513,Quebec,-0.26907,-0.35677,-0.49685,-0.7912,-0.47847,1,Dimension 1,24580513
24580514,Quebec,-0.33294,-0.36245,-0.4425,0.628,-0.12747,3,Dimension 4,24580514
24580515,Quebec,-0.37113,-0.75704,-0.13782,-0.11045,-0.34411,2,Dimension 4,24580515
24580516,Quebec,-0.05709,-0.2058,-0.31905,-0.08022,-0.16554,3,Dimension 1,24580516
24580517,Quebec,0.7768,0.10988,-0.92326,0.26813,0.05789,4,Dimension 1,24580517
24580518,Quebec,0.14483,-0.55899,0.24717,-1.08224,-0.31231,2,Dimension 3,24580518
24580519,Quebec,0.11512,-0.19684,-0.56106,-1.45143,-0.52355,1,Dimension 1,24580519
24580520,Quebec,0.18867,-0.44445,-0.11511,-0.4414,-0.20307,3,Dimension 1,24580520
24580521,Quebec,0.57517,-0.11351,-0.31519,-0.45896,-0.07812,3,Dimension 1,24580521
24580522,Quebec,1.78889,-0.7491,0.41891,1.0207,0.61985,5,Dimension 1,24580522
24580523,Quebec,0.16789,-0.30163,-0.3058,0.19315,-0.0616,3,Dimension 4,24580523
24580526,Quebec,1.06746,0.5722,0.24627,-0.25973,0.40655,4,Dimension 1,24580526
24580527,Quebec,0.49765,0.35762,-0.52045,0.12572,0.11513,4,Dimension 1,24580527
24580528,Quebec,0.53713,0.71563,-0.35942,-0.92011,-0.00669,3,Dimension 2,24580528
24580529,Quebec,0.5473,0.28643,-0.22681,-1.24448,-0.15939,3,Dimension 1,24580529
24580530,Quebec,0.33883,0.41247,0.18519,-0.90683,0.00742,3,Dimension 2,24580530
24580531,Quebec,-0.14624,0.3752,-0.34314,-0.94307,-0.26431,2,Dimension 2,24580531
24580532,Quebec,1.46492,1.42695,-0.1793,-0.28434,0.60706,5,Dimension 1,24580532
24580533,Quebec,3.51806,-0.04346,1.18996,1.67742,1.5855,5,Dimension 1,24580533
24580534,Quebec,1.74123,1.36593,-1.14507,0.48947,0.61289,5,Dimension 1,24580534
24580535,Quebec,1.53468,-0.36787,-0.20694,0.40209,0.34049,4,Dimension 1,24580535
24580536,Quebec,-0.04129,0.6423,-1.89765,-0.41629,-0.42823,2,Dimension 2,24580536
24580537,Quebec,1.12668,0.45282,-0.3729,0.57165,0.44456,5,Dimension 1,24580537
24580538,Quebec,0.55509,0.19943,-0.58529,0.62194,0.19779,4,Dimension 4,24580538
24580539,Quebec,1.08536,0.17444,-0.3924,1.8182,0.6714,5,Dimension 4,24580539
24580540,Quebec,0.17881,-0.52237,-0.15886,0.02599,-0.11911,3,Dimension 1,24580540
24580541,Quebec,0.66271,0.05811,-0.20762,0.91329,0.35662,4,Dimension 4,24580541
24580542,Quebec,0.99817,0.14276,-0.18733,1.10274,0.51408,5,Dimension 4,24580542
24580543,Quebec,1.70263,0.51162,-0.75162,2.44303,0.97641,5,Dimension 4,24580543
24580544,Quebec,0.88733,3.00638,-0.76551,0.99532,1.03088,5,Dimension 2,24580544
24580545,Quebec,-0.04583,0.07692,-0.97765,-0.11753,-0.26602,2,Dimension 2,24580545
24580546,Quebec,-0.76058,-1.30961,-1.6381,-0.84115,-1.13736,1,Dimension 1,24580546
24580547,Quebec,-0.60558,-0.74893,-1.04926,-1.21507,-0.90471,1,Dimension 1,24580547
24580548,Quebec,-0.64054,-0.72245,-1.56445,-1.0494,-0.99421,1,Dimension 1,24580548
24580549,Quebec,-0.06046,-1.13093,-1.26646,-1.36459,-0.95561,1,Dimension 1,24580549
24580550,Quebec,-0.08739,-0.34308,-1.73591,-0.41242,-0.6447,1,Dimension 1,24580550
24580551,Quebec,0.3717,2.70259,-2.34854,0.70226,0.357,4,Dimension 2,24580551
24580552,Quebec,-0.09727,0.79979,-0.84665,0.1882,0.01101,3,Dimension 2,24580552
24580553,Quebec,-0.13564,-0.00584,-1.01566,-1.048,-0.55128,1,Dimension 2,24580553
24580554,Quebec,0.73172,0.61975,0.02574,0.54266,0.47997,5,Dimension 1,24580554
24580555,Quebec,2.21871,-0.2255,-0.37734,1.77149,0.84684,5,Dimension 1,24580555
24580556,Quebec,0.85729,-0.06599,-0.58892,1.22806,0.35761,4,Dimension 4,24580556
24580557,Quebec,-0.57573,-1.21965,-1.01283,-1.4214,-1.0574,1,Dimension 1,24580557
24580558,Quebec,-0.03104,1.65779,-1.63989,0.12927,0.02903,3,Dimension 2,24580558
24580559,Quebec,-0.48845,-0.51784,-1.28226,-1.54094,-0.95737,1,Dimension 1,24580559
24580560,Quebec,0.04186,0.92123,-1.70309,0.37887,-0.09028,3,Dimension 2,24580560
24580561,Quebec,0.32019,-0.06566,-0.40053,-0.27561,-0.1054,3,Dimension 1,24580561
24580562,Quebec,-0.24388,0.12409,-0.79929,-0.59344,-0.37813,2,Dimension 2,24580562
24580563,Quebec,-0.36822,-0.11157,-0.23231,-0.6045,-0.32915,2,Dimension 2,24580563
24580564,Quebec,-0.34048,-0.11385,-0.63745,-0.34726,-0.35976,2,Dimension 2,24580564
24580565,Quebec,-0.21434,-0.00072,-0.17249,0.60832,0.05519,4,Dimension 4,24580565
24580566,Quebec,0.07195,0.043,-0.59522,0.64604,0.04144,3,Dimension 4,24580566
24580567,Quebec,0.3056,-0.31994,0.15548,0.59379,0.18373,4,Dimension 4,24580567
24580568,Quebec,-0.37958,-0.49105,-0.9321,-0.22829,-0.50776,1,Dimension 4,24580568
24580569,Quebec,0.19203,-0.89052,0.20567,1.07775,0.14623,4,Dimension 4,24580569
24580570,Quebec,-0.37149,-1.21533,-1.31006,-1.1166,-1.00337,1,Dimension 1,24580570
24580571,Quebec,-0.61488,-0.90817,-1.09784,-1.90052,-1.13035,1,Dimension 1,24580571
24580572,Quebec,-0.72538,-0.86454,-0.93455,-0.71512,-0.8099,1,Dimension 4,24580572
24580573,Quebec,-0.61264,-0.78809,-1.71082,-0.93971,-1.01281,1,Dimension 1,24580573
24580574,Quebec,-0.73887,-0.47569,-1.02716,0.11512,-0.53165,1,Dimension 4,24580574
24580575,Quebec,-0.67102,-0.23962,-1.46384,-1.33015,-0.92616,1,Dimension 2,24580575
24580576,Quebec,-0.46288,0.72632,-1.43039,-0.58125,-0.43705,2,Dimension 2,24580576
24580577,Quebec,-0.18205,-0.42113,-0.7032,-0.02153,-0.33198,2,Dimension 4,24580577
24580578,Quebec,-0.18567,1.52067,-1.19011,-0.35565,-0.05269,3,Dimension 2,24580578
24580579,Quebec,-0.46625,0.17476,-1.09457,0.03435,-0.33793,2,Dimension 2,24580579
24580580,Quebec,0.04345,3.37321,-0.94284,0.7326,0.80161,5,Dimension 2,24580580
24580581,Quebec,-0.45635,-0.43347,-0.39427,-0.38104,-0.41629,2,Dimension 4,24580581
24580582,Quebec,-0.57207,-0.90639,-0.8441,0.13796,-0.54615,1,Dimension 4,24580582
24580583,Quebec,-0.37454,-0.47752,-1.01222,-0.30394,-0.54205,1,Dimension 4,24580583
24580584,Quebec,-0.76886,-0.03888,-0.81774,-0.37804,-0.50088,1,Dimension 2,24580584
24580585,Quebec,-0.58052,0.06911,-0.32407,-0.75023,-0.39643,2,Dimension 2,24580585
24580586,Quebec,-0.60723,-0.11733,-0.82424,-1.03549,-0.64607,1,Dimension 2,24580586
24580587,Quebec,-0.77234,0.04229,-1.03669,-0.66268,-0.60735,1,Dimension 2,24580587
24580588,Quebec,-0.57249,-0.83477,-1.27013,-0.22563,-0.72576,1,Dimension 4,24580588
24580589,Quebec,-0.81771,-1.36668,-0.67324,-0.50857,-0.84155,1,Dimension 4,24580589
24580590,Quebec,-0.54315,-0.06371,-1.06075,-0.9668,-0.6586,1,Dimension 2,24580590
24580591,Quebec,-0.68164,-0.09078,-0.693,-0.63179,-0.5243,1,Dimension 2,24580591
24580592,Quebec,-0.72414,-0.50865,-1.05282,-0.68661,-0.74305,1,Dimension 2,24580592
24580593,Quebec,-0.447,-0.18558,-0.78204,-0.5935,-0.50203,1,Dimension 2,24580593
24580594,Quebec,-0.84506,-1.20465,-0.71707,-0.30227,-0.76726,1,Dimension 4,24580594
24580595,Quebec,-0.47533,-0.12597,-1.24337,-0.47727,-0.58048,1,Dimension 2,24580595
24580596,Quebec,-0.5348,0.18408,-0.93494,-0.9744,-0.56502,1,Dimension 2,24580596
24580597,Quebec,-0.64073,0.35153,-1.165,-0.98583,-0.61001,1,Dimension 2,24580597
24580598,Quebec,-0.56914,-0.49631,-1.0588,-0.42305,-0.63683,1,Dimension 4,24580598
24580599,Quebec,-0.53094,-0.78941,-1.10263,-0.04723,-0.61755,1,Dimension 4,24580599
24580600,Quebec,-0.43752,-0.58675,-0.51425,-0.31633,-0.46371,1,Dimension 4,24580600
24580601,Quebec,-0.82651,-1.01389,-0.75449,-0.93852,-0.88335,1,Dimension 3,24580601
24580602,Quebec,-0.67546,-0.47781,-1.00533,-0.85682,-0.75386,1,Dimension 2,24580602
24580603,Quebec,-0.57866,-0.90222,-1.29777,-0.94726,-0.93148,1,Dimension 1,24580603
24580607,Quebec,-0.35702,0.43093,-1.32466,0.35073,-0.225,2,Dimension 2,24580607
24580608,Quebec,-0.01907,1.45535,-0.66578,0.22438,0.24872,4,Dimension 2,24580608
24580609,Quebec,-0.4432,-0.11893,-0.92262,-0.22628,-0.42776,2,Dimension 2,24580609
24580611,Quebec,-0.57549,-0.17939,-0.89094,-0.42383,-0.51741,1,Dimension 2,24580611
24580612,Quebec,-0.65124,-0.85227,-1.11454,-1.3678,-0.99646,1,Dimension 1,24580612
24580613,Quebec,-0.70091,-0.29381,-1.36153,-1.25536,-0.90291,1,Dimension 2,24580613
24580614,Quebec,-0.30729,-1.1849,-0.99055,-1.26838,-0.93778,1,Dimension 1,24580614
24580615,Quebec,-0.43065,-0.5656,-1.47956,-1.60423,-1.02001,1,Dimension 1,24580615
24580616,Quebec,-0.19534,-0.28555,-1.16292,-0.0399,-0.42093,2,Dimension 4,24580616
24580617,Quebec,-0.6245,-0.07335,-1.24255,-0.40848,-0.58722,1,Dimension 2,24580617
24580618,Quebec,-0.45328,-0.55045,-0.81682,-0.37444,-0.54875,1,Dimension 4,24580618
24580619,Quebec,-0.71476,0.20891,-1.25817,-0.84904,-0.65327,1,Dimension 2,24580619
24580620,Quebec,-0.66049,-0.91785,-0.90426,-0.88555,-0.84203,1,Dimension 1,24580620
24580621,Quebec,-0.68068,-0.90942,-0.93923,-0.79323,-0.83064,1,Dimension 1,24580621
24580622,Quebec,-0.77475,0.13359,-1.22968,-0.44866,-0.57988,1,Dimension 2,24580622
24580623,Quebec,-0.52253,-0.49536,-0.77116,-0.21715,-0.50155,1,Dimension 4,24580623
24580624,Quebec,-0.80167,-0.24691,-1.10407,-0.647,-0.69991,1,Dimension 2,24580624
24580625,Quebec,-0.55382,0.58445,-0.95163,-0.64434,-0.39134,2,Dimension 2,24580625
24580626,Quebec,-0.14753,1.7495,-0.2174,-0.29781,0.27169,4,Dimension 2,24580626
24580627,Quebec,-0.43308,0.03484,-0.89716,-0.0905,-0.34647,2,Dimension 2,24580627
24580628,Quebec,-0.36265,0.05657,-0.54371,0.20578,-0.161,3,Dimension 4,24580628
24580629,Quebec,-0.31242,0.90484,-0.40736,-0.76409,-0.14475,3,Dimension 2,24580629
24580630,Quebec,-0.1743,1.67622,-0.33371,0.25288,0.35528,4,Dimension 2,24580630
24580631,Quebec,-0.37328,-0.22892,-0.78574,0.73532,-0.16316,3,Dimension 4,24580631
24580632,Quebec,-0.42182,-0.61038,-0.63818,-0.39216,-0.51563,1,Dimension 4,24580632
24580633,Quebec,-0.51038,0.56357,-0.08961,0.02403,-0.0031,3,Dimension 2,24580633
24580634,Quebec,-0.62153,0.63686,-1.35861,-0.6622,-0.50137,1,Dimension 2,24580634
24580635,Quebec,-0.67385,0.36888,-1.05309,-1.01613,-0.59355,1,Dimension 2,24580635
24580636,Quebec,-0.28177,-0.3393,-0.70555,-0.12636,-0.36324,2,Dimension 4,24580636
24580637,Quebec,-0.36842,-0.42788,-1.4652,-0.1954,-0.61422,1,Dimension 4,24580637
24580638,Quebec,-0.28894,-0.98671,-1.17764,-1.55373,-1.00176,1,Dimension 1,24580638
24580639,Quebec,-0.38655,-0.39026,-1.15833,-1.06386,-0.74975,1,Dimension 1,24580639
24580640,Quebec,-0.7323,-1.0014,-1.5228,-1.59266,-1.21229,1,Dimension 1,24580640
24580641,Quebec,-0.82457,-0.0806,-1.02113,-1.25567,-0.79549,1,Dimension 2,24580641
24580642,Quebec,-0.80721,-0.2092,-0.87784,-0.95435,-0.71215,1,Dimension 2,24580642
24580643,Quebec,-0.10036,-0.3316,-1.54443,-1.74501,-0.93035,1,Dimension 1,24580643
24580645,Quebec,-0.63286,-0.76143,-1.41241,-1.67943,-1.12153,1,Dimension 1,24580645
24580646,Quebec,-0.57442,-0.5595,-1.49379,-1.69863,-1.08159,1,Dimension 2,24580646
24580647,Quebec,-0.50966,-0.46356,-1.31234,-0.80654,-0.77302,1,Dimension 2,24580647
24580648,Quebec,-0.71681,-0.56881,-0.70913,-1.19215,-0.79672,1,Dimension 2,24580648
24580650,Quebec,-0.36733,-0.26828,-1.33693,-0.87507,-0.7119,1,Dimension 2,24580650
24580651,Quebec,-0.62275,-0.0732,-0.70282,-0.33205,-0.4327,2,Dimension 2,24580651
24580652,Quebec,-0.5871,-0.75176,-1.35646,-0.74327,-0.85965,1,Dimension 1,24580652
24580653,Quebec,-0.40277,-0.71691,-0.84925,-0.26849,-0.55936,1,Dimension 4,24580653
24580654,Quebec,-0.62618,-0.30479,-1.30806,-1.07001,-0.82726,1,Dimension 2,24580654
24580655,Quebec,-0.0876,-0.58723,-0.15387,0.11453,-0.17854,3,Dimension 4,24580655
24580656,Quebec,-0.32052,-0.2586,-1.32607,-0.7218,-0.65675,1,Dimension 2,24580656
24580657,Quebec,-0.64551,-1.07166,-1.15166,-1.06107,-0.98247,1,Dimension 1,24580657
24580658,Quebec,-0.69109,-0.59464,-1.07959,-0.93045,-0.82395,1,Dimension 2,24580658
24580659,Quebec,-0.52791,-0.13171,-1.19185,-1.17436,-0.75646,1,Dimension 2,24580659
24580660,Quebec,-0.56498,-0.46283,-1.01006,-0.51619,-0.63851,1,Dimension 2,24580660
24580661,Quebec,-0.57655,-0.02849,-1.1025,-0.51634,-0.55597,1,Dimension 2,24580661
24580662,Quebec,-0.19489,0.59858,-1.05032,0.78715,0.03513,3,Dimension 4,24580662
24580663,Quebec,0.45294,0.80485,-0.59694,0.56294,0.30595,4,Dimension 2,24580663
24580664,Quebec,-0.31721,-0.22477,-1.15031,-0.29627,-0.49714,1,Dimension 2,24580664
24580665,Quebec,-0.67476,-0.36695,-1.04578,-0.22044,-0.57698,1,Dimension 4,24580665
24580666,Quebec,-0.62899,-0.30054,-0.72005,-0.05638,-0.42649,2,Dimension 4,24580666
24580667,Quebec,-0.60685,0.09843,-1.31355,-1.32839,-0.78759,1,Dimension 2,24580667
24580668,Quebec,-0.6894,-0.65196,-0.91092,-1.15585,-0.85203,1,Dimension 2,24580668
24580669,Quebec,-0.5092,-0.77669,-1.14556,-0.98874,-0.85505,1,Dimension 1,24580669
24580670,Quebec,-0.43883,-0.44749,-0.85992,-0.92461,-0.66771,1,Dimension 1,24580670
24580671,Quebec,-0.38395,-0.72092,-0.9756,-0.24547,-0.58148,1,Dimension 4,24580671
24580672,Quebec,-0.64354,0.04861,-1.43266,-0.63538,-0.66575,1,Dimension 2,24580672
24580673,Quebec,-0.67886,-0.38414,-1.1511,-0.77546,-0.74739,1,Dimension 2,24580673
24580674,Quebec,-0.62775,-0.61376,-1.19352,-0.96642,-0.85036,1,Dimension 2,24580674
24580675,Quebec,-0.55982,-0.80474,-1.11968,-1.23422,-0.92962,1,Dimension 1,24580675
24580676,Quebec,-0.54834,-0.12826,-1.23862,-1.48632,-0.85039,1,Dimension 2,24580676
24580678,Quebec,-0.46435,-1.27419,-1.61326,-1.21108,-1.14072,1,Dimension 1,24580678
24580679,Quebec,-0.73262,0.01061,-1.06649,-0.33243,-0.53023,1,Dimension 2,24580679
24580680,Quebec,-0.43806,-0.91953,-0.99823,-1.03719,-0.84825,1,Dimension 1,24580680
24580682,Quebec,-0.2434,-0.18028,0.00269,0.16029,-0.06517,3,Dimension 4,24580682
24580683,Quebec,-0.08303,-0.07687,-0.90176,-0.44699,-0.37716,2,Dimension 2,24580683
24580684,Quebec,0.1271,1.12705,-0.9119,0.07134,0.1034,4,Dimension 2,24580684
24580685,Quebec,-0.08464,0.32218,0.37835,0.68297,0.32471,4,Dimension 4,24580685
24580686,Quebec,2.02475,-0.43697,1.02044,2.12282,1.18276,5,Dimension 4,24580686
24580687,Quebec,2.0733,-0.02042,-1.40103,2.01104,0.66572,5,Dimension 1,24580687
24580689,Quebec,-0.05031,-0.33948,-0.19143,-0.16237,-0.18589,3,Dimension 1,24580689
24580690,Quebec,0.585,0.19733,-0.35979,0.03493,0.11437,4,Dimension 1,24580690
24580691,Quebec,0.79716,-0.4145,-0.35934,-1.25717,-0.30846,2,Dimension 1,24580691
24580692,Quebec,0.61982,-0.14833,-0.0288,-0.20429,0.0596,4,Dimension 1,24580692
24580693,Quebec,0.03966,-0.34317,-0.45077,-0.55964,-0.32848,2,Dimension 1,24580693
24580694,Quebec,-0.54093,0.03191,-0.65132,-0.78178,-0.48553,1,Dimension 2,24580694
24580695,Quebec,-0.48881,-0.72848,-0.68019,-0.7856,-0.67077,1,Dimension 1,24580695
24580696,Quebec,-0.46123,-1.61725,-1.0843,-1.45312,-1.15398,1,Dimension 1,24580696
24580697,Quebec,-0.49865,0.9295,-1.23185,-1.19878,-0.49995,1,Dimension 2,24580697
24580698,Quebec,-0.56721,-1.00593,-1.07686,-0.50003,-0.78751,1,Dimension 4,24580698
24580699,Quebec,0.12152,2.2942,-1.85536,-0.08458,0.11894,4,Dimension 2,24580699
24580700,Quebec,-0.48981,2.56679,-1.24232,-1.07881,-0.06104,3,Dimension 2,24580700
24580701,Quebec,-0.20351,-1.86271,-1.37459,-1.51926,-1.24002,1,Dimension 1,24580701
24580702,Quebec,-0.57111,-1.59651,-1.42054,-1.39495,-1.24578,1,Dimension 1,24580702
24580703,Quebec,-0.25345,-1.4754,-1.09218,-1.75816,-1.1448,1,Dimension 1,24580703
24580704,Quebec,-0.6831,-0.99311,-1.44145,-1.42701,-1.13617,1,Dimension 1,24580704
24580705,Quebec,-0.52935,-0.60255,-1.13107,-0.15093,-0.60348,1,Dimension 4,24580705
24580706,Quebec,-0.2002,-1.20039,-0.44399,-0.3971,-0.56042,1,Dimension 1,24580706
24580708,Quebec,-0.35523,0.60011,-0.52252,-0.33592,-0.15339,3,Dimension 2,24580708
24580709,Quebec,-0.28185,1.30979,-1.02304,-0.35498,-0.08752,3,Dimension 2,24580709
24580710,Quebec,-0.02981,-0.19419,-1.8913,1.23003,-0.22132,2,Dimension 4,24580710
24580711,Quebec,-0.1061,-0.24488,-1.67152,0.59248,-0.35751,2,Dimension 4,24580711
24580712,Quebec,-0.69508,-0.81687,-1.09372,-1.08695,-0.92315,1,Dimension 1,24580712
24580713,Quebec,-0.64043,-0.97886,-0.79071,-1.03641,-0.86161,1,Dimension 1,24580713
24580714,Quebec,-0.43538,-1.60132,-0.82656,-0.37886,-0.81053,1,Dimension 4,24580714
24580715,Quebec,-0.60873,-1.06794,-1.36623,-2.00401,-1.26173,1,Dimension 1,24580715
24580716,Quebec,-0.50848,-1.17863,-1.05291,-1.62452,-1.09114,1,Dimension 1,24580716
24580717,Quebec,-0.65841,-0.88993,-1.10606,-0.62405,-0.81961,1,Dimension 4,24580717
24580721,Quebec,-0.54237,-1.11057,-1.15902,-1.21823,-1.00755,1,Dimension 1,24580721
24580724,Quebec,-0.4446,-1.3842,-0.63408,0.03525,-0.60691,1,Dimension 4,24580724
24580727,Quebec,0.14063,-0.08572,0.90205,-0.19294,0.191,4,Dimension 3,24580727
24580728,Quebec,0.06207,-1.15281,-0.6453,-0.1082,-0.46106,1,Dimension 1,24580728
24580730,Quebec,-0.11377,-0.63928,0.08678,-0.13586,-0.20053,3,Dimension 3,24580730
24580731,Quebec,-0.14473,0.45388,-1.28947,-0.13525,-0.27889,2,Dimension 2,24580731
24580732,Quebec,-0.33049,2.63652,-1.7931,-0.86347,-0.08764,3,Dimension 2,24580732
24580733,Quebec,0.3929,0.07964,-0.91999,-0.47644,-0.23097,2,Dimension 1,24580733
24580734,Quebec,1.46938,-0.3577,-0.2217,-0.554,0.084,4,Dimension 1,24580734
24580735,Quebec,1.10186,-0.33338,-0.08477,-0.50449,0.04481,3,Dimension 1,24580735
24580736,Quebec,0.85037,0.15045,-0.5702,0.10138,0.133,4,Dimension 1,24580736
24580737,Quebec,1.20745,-0.65173,0.36853,-1.19154,-0.06682,3,Dimension 1,24580737
24580741,Quebec,0.67327,-1.04623,-0.98508,0.44242,-0.2289,2,Dimension 1,24580741
24580742,Quebec,1.28257,-0.24469,-0.18049,-0.68513,0.04306,3,Dimension 1,24580742
24580743,Quebec,1.0344,-0.34578,-0.40188,-1.34275,-0.264,2,Dimension 1,24580743
24580744,Quebec,0.94174,0.75224,-0.55895,-1.54803,-0.10325,3,Dimension 1,24580744
24580746,Quebec,-0.74871,0.23226,-1.41362,-0.2954,-0.55637,1,Dimension 2,24580746
24580747,Quebec,-0.4557,-1.41592,-0.84898,-0.87382,-0.89861,1,Dimension 1,24580747
24580748,Quebec,1.17483,-0.76915,-0.46215,-0.86648,-0.23074,2,Dimension 1,24580748
24580749,Quebec,1.33232,-0.7064,-0.51714,-0.18838,-0.0199,3,Dimension 1,24580749
24580750,Quebec,0.32806,-0.30818,-0.76797,-0.66369,-0.35295,2,Dimension 1,24580750
24580752,Quebec,1.07759,-0.66574,-0.75088,0.36399,0.00624,3,Dimension 1,24580752
24580753,Quebec,1.2725,3.03584,-1.81796,1.43144,0.98046,5,Dimension 2,24580753
24580754,Quebec,0.48281,1.43455,-1.98989,0.97443,0.22547,4,Dimension 2,24580754
24580755,Quebec,0.29064,-0.19364,-0.60861,-0.74358,-0.31379,2,Dimension 1,24580755
24580756,Quebec,0.55513,-1.19547,-0.5939,0.21705,-0.2543,2,Dimension 1,24580756
24580757,Quebec,1.20668,-0.97975,-0.22266,-1.15139,-0.28678,2,Dimension 1,24580757
24580758,Quebec,0.78266,-1.31824,-0.90396,-0.33148,-0.44275,2,Dimension 1,24580758
24580759,Quebec,1.03829,-0.34132,-0.8891,0.60528,0.10329,4,Dimension 1,24580759
24580760,Quebec,0.1594,-1.58709,-0.53905,0.42622,-0.38513,2,Dimension 4,24580760
24580761,Quebec,-0.81731,-1.02871,-0.5446,-0.47633,-0.71673,1,Dimension 4,24580761
24580762,Quebec,-0.71345,-1.70403,-1.11341,-1.57254,-1.27586,1,Dimension 1,24580762
24580763,Quebec,-0.68813,-1.28185,-1.15658,-1.39727,-1.13096,1,Dimension 1,24580763
24580764,Quebec,-0.09861,-1.47909,-1.25701,-1.0126,-0.96183,1,Dimension 1,24580764
24580765,Quebec,-0.60901,-1.32099,-1.13104,-1.28918,-1.08755,1,Dimension 1,24580765
24600016,Quebec,-0.94868,-0.33147,-0.82299,-0.9864,-0.77238,1,Dimension 2,24600016
24600017,Quebec,-0.62895,-0.51091,-0.39877,-0.79624,-0.58372,1,Dimension 3,24600017
24600018,Quebec,-0.74233,0.43523,-0.80268,0.1472,-0.24064,2,Dimension 2,24600018
24600019,Quebec,-0.6084,0.08919,-0.23519,0.176,-0.1446,3,Dimension 4,24600019
24600020,Quebec,-0.87154,0.09118,-0.37063,-1.19203,-0.58575,1,Dimension 2,24600020
24600021,Quebec,-0.64137,-0.71201,-0.82285,-0.48199,-0.66456,1,Dimension 4,24600021
24600022,Quebec,-0.60506,-0.80651,-0.42933,-0.36685,-0.55194,1,Dimension 4,24600022
24600023,Quebec,-0.43863,-0.58968,-0.07775,-0.02893,-0.28375,2,Dimension 4,24600023
24600024,Quebec,-0.63069,-0.98485,-0.44768,-0.10632,-0.54239,1,Dimension 4,24600024
24600028,Quebec,-0.42514,-1.03104,-0.95225,0.2233,-0.54628,1,Dimension 4,24600028
24600029,Quebec,-0.5912,0.71103,-0.60713,0.03141,-0.11398,3,Dimension 2,24600029
24600030,Quebec,-0.64179,-1.10384,-0.57423,-0.50066,-0.70513,1,Dimension 4,24600030
24600031,Quebec,0.08502,-1.0065,-0.27049,-0.06147,-0.31336,2,Dimension 1,24600031
24600032,Quebec,0.03153,1.60775,-0.40255,0.74563,0.49559,5,Dimension 2,24600032
24600033,Quebec,-0.68417,-0.97623,-0.69398,-1.03946,-0.84846,1,Dimension 1,24600033
24600034,Quebec,-0.73854,-0.74158,-0.09707,-0.22923,-0.4516,1,Dimension 3,24600034
24600035,Quebec,-0.76933,-1.30743,-0.22148,-0.32537,-0.6559,1,Dimension 3,24600035
24600036,Quebec,-0.49202,0.40876,-0.459,0.44798,-0.02357,3,Dimension 4,24600036
24600037,Quebec,-0.17483,1.11998,-0.21292,-0.33894,0.09832,4,Dimension 2,24600037
24600038,Quebec,-0.45237,0.61893,-0.06861,-0.18959,-0.02291,3,Dimension 2,24600038
24600039,Quebec,-0.05509,1.0653,0.04768,0.3677,0.3564,4,Dimension 2,24600039
24600040,Quebec,-0.17382,1.14757,-0.48492,0.25152,0.18509,4,Dimension 2,24600040
24600041,Quebec,-0.43603,-0.66638,-0.63006,-0.59228,-0.58119,1,Dimension 1,24600041
24600042,Quebec,-0.64713,-0.57072,-0.67552,-0.84962,-0.68575,1,Dimension 2,24600042
24600043,Quebec,-0.42987,-0.79361,-0.72225,-0.91145,-0.7143,1,Dimension 1,24600043
24600044,Quebec,-0.73685,-0.94727,-0.67002,-0.60293,-0.73927,1,Dimension 4,24600044
24600045,Quebec,-0.86894,-0.54811,-0.71064,-1.09443,-0.80553,1,Dimension 2,24600045
24600046,Quebec,-0.38077,0.62424,-0.78625,-0.6147,-0.28937,2,Dimension 2,24600046
24600047,Quebec,-0.56765,-0.47787,-0.07442,-0.80401,-0.48099,1,Dimension 3,24600047
24600048,Quebec,-0.58659,-0.39365,-0.42829,-1.04585,-0.6136,1,Dimension 2,24600048
24600049,Quebec,-0.33842,0.72036,0.05363,0.20862,0.16105,4,Dimension 2,24600049
24600050,Quebec,-0.63819,0.21448,-0.38343,-0.16656,-0.24342,2,Dimension 2,24600050
24600051,Quebec,-0.36176,0.19113,-0.29902,-0.27051,-0.18504,3,Dimension 2,24600051
24600052,Quebec,-0.94668,-0.09066,-0.66735,-0.91194,-0.65416,1,Dimension 2,24600052
24600053,Quebec,-0.49248,0.06904,-0.53849,-1.01728,-0.4948,1,Dimension 2,24600053
24600054,Quebec,-0.42924,-0.14844,-0.56181,-0.66033,-0.44996,2,Dimension 2,24600054
24600055,Quebec,-0.62203,-0.38866,-0.75608,-0.41564,-0.5456,1,Dimension 2,24600055
24600056,Quebec,-0.52367,0.21699,-0.76235,-0.31067,-0.34492,2,Dimension 2,24600056
24600057,Quebec,-0.25353,-0.24104,-0.67291,-0.5263,-0.42345,2,Dimension 2,24600057
24600058,Quebec,-0.35657,-0.52517,-0.76092,-0.56189,-0.55114,1,Dimension 1,24600058
24600059,Quebec,-0.66763,-0.41757,-0.54061,-0.52218,-0.537,1,Dimension 2,24600059
24600060,Quebec,-0.63962,-0.09087,-0.38201,-0.53591,-0.4121,2,Dimension 2,24600060
24600061,Quebec,0.04045,1.14697,-0.38489,0.47371,0.31906,4,Dimension 2,24600061
24600062,Quebec,0.09131,1.22761,-0.1275,1.26305,0.61362,5,Dimension 4,24600062
24600063,Quebec,-0.29164,-0.65882,-0.15623,0.83482,-0.06797,3,Dimension 4,24600063
24600064,Quebec,0.20243,0.91328,-0.08607,-0.35753,0.16803,4,Dimension 2,24600064
24600065,Quebec,-0.82403,-0.3089,-1.06883,-0.86584,-0.7669,1,Dimension 2,24600065
24600066,Quebec,-0.37566,-0.15953,-1.02488,-0.94353,-0.6259,1,Dimension 2,24600066
24600067,Quebec,-0.62261,-0.89393,-0.78463,-0.55929,-0.71511,1,Dimension 4,24600067
24600068,Quebec,-0.4721,0.70711,-0.82798,-0.75972,-0.33817,2,Dimension 2,24600068
24600069,Quebec,-0.69725,-0.58473,-0.70236,-0.64175,-0.65653,1,Dimension 2,24600069
24600071,Quebec,-0.62333,-0.35398,-0.23691,-0.72604,-0.48507,1,Dimension 3,24600071
24600072,Quebec,-0.26072,0.47746,-0.52093,0.8489,0.13618,4,Dimension 4,24600072
24600073,Quebec,-0.4928,0.1236,-0.56056,-0.32272,-0.31312,2,Dimension 2,24600073
24600074,Quebec,-0.32469,-0.15899,-0.6502,-0.20162,-0.33388,2,Dimension 2,24600074
24600075,Quebec,-0.53114,-0.37976,-0.36951,-0.13123,-0.35291,2,Dimension 4,24600075
24600076,Quebec,-0.51632,-0.03869,-0.36905,1.05134,0.03182,3,Dimension 4,24600076
24600077,Quebec,-0.21019,1.18552,-0.49284,0.57334,0.26396,4,Dimension 2,24600077
24600078,Quebec,-0.54987,-0.09851,-0.56138,0.11211,-0.27441,2,Dimension 4,24600078
24600079,Quebec,-0.32764,0.25973,-0.47515,1.22453,0.17037,4,Dimension 4,24600079
24600080,Quebec,-0.29458,1.12787,-0.0797,0.73836,0.37299,4,Dimension 2,24600080
24600081,Quebec,-0.33854,-0.78527,0.84376,0.60053,0.08012,4,Dimension 3,24600081
24600082,Quebec,-0.36346,2.3531,-1.18666,-0.42456,0.0946,4,Dimension 2,24600082
24600083,Quebec,-0.57585,0.15012,-0.2551,-0.50771,-0.29714,2,Dimension 2,24600083
24600084,Quebec,-0.53882,-0.07492,-0.66045,-0.80887,-0.52077,1,Dimension 2,24600084
24600085,Quebec,-0.5451,-0.59632,-0.19984,-0.31786,-0.41478,2,Dimension 3,24600085
24600087,Quebec,-0.23374,0.13374,0.20446,0.28045,0.09623,4,Dimension 4,24600087
24600088,Quebec,-0.35398,0.55555,-0.48157,-0.36568,-0.16142,3,Dimension 2,24600088
24600089,Quebec,-0.24051,-0.53643,-0.36931,-0.15904,-0.32632,2,Dimension 4,24600089
24600090,Quebec,-0.60261,-0.1508,-0.40589,-0.64287,-0.45054,1,Dimension 2,24600090
24600091,Quebec,-0.30722,0.27696,-1.09732,-0.63691,-0.44112,2,Dimension 2,24600091
24600092,Quebec,-0.79906,0.48973,-1.05526,-0.44944,-0.45351,1,Dimension 2,24600092
24600093,Quebec,-0.79028,-0.32911,-0.76379,-1.0499,-0.73327,1,Dimension 2,24600093
24600094,Quebec,-0.27835,0.33656,0.04271,-0.36945,-0.06713,3,Dimension 2,24600094
24600095,Quebec,-0.5789,0.63456,-0.44861,0.95855,0.1414,4,Dimension 4,24600095
24600098,Quebec,-0.08894,1.88437,0.29171,0.81026,0.72435,5,Dimension 2,24600098
24600099,Quebec,-0.1378,0.79842,-0.6627,0.35042,0.08708,4,Dimension 2,24600099
24600100,Quebec,-0.49298,0.30053,-0.49736,-0.53997,-0.30745,2,Dimension 2,24600100
24600101,Quebec,-0.32967,0.37332,-0.07996,0.50098,0.11616,4,Dimension 4,24600101
24600102,Quebec,-0.64014,1.84292,-0.79668,0.33142,0.18438,4,Dimension 2,24600102
24600103,Quebec,-0.51177,2.49715,-0.45481,-0.53224,0.24958,4,Dimension 2,24600103
24600104,Quebec,-0.4788,0.76975,-0.01658,0.75067,0.25626,4,Dimension 2,24600104
24600105,Quebec,-0.25697,0.78163,0.86608,1.67693,0.76692,5,Dimension 4,24600105
24600106,Quebec,-0.42177,0.24398,-0.46779,-0.536,-0.29539,2,Dimension 2,24600106
24600107,Quebec,-0.29551,-0.02477,0.04092,-0.55736,-0.20918,2,Dimension 3,24600107
24600108,Quebec,-0.37764,0.52901,-0.78196,-0.35872,-0.24733,2,Dimension 2,24600108
24600109,Quebec,-0.57597,-0.23733,-0.36945,-0.80092,-0.49592,1,Dimension 2,24600109
24600110,Quebec,0.12151,1.11605,-1.21083,-0.04619,-0.00486,3,Dimension 2,24600110
24600111,Quebec,-0.6538,0.11225,-0.34191,-0.69591,-0.39484,2,Dimension 2,24600111
24600112,Quebec,-0.64287,-0.25444,-0.509,-0.59251,-0.49971,1,Dimension 2,24600112
24600113,Quebec,-0.39818,0.0303,-0.70036,-0.91464,-0.49572,1,Dimension 2,24600113
24600114,Quebec,-0.67227,-1.12859,-0.34355,0.05648,-0.52198,1,Dimension 4,24600114
24600115,Quebec,-0.756,-0.45647,-0.36074,-0.39888,-0.49302,1,Dimension 3,24600115
24600116,Quebec,0.33383,1.90121,-0.35814,-0.25554,0.40534,4,Dimension 2,24600116
24600117,Quebec,-0.30921,0.08062,-0.19519,-0.44264,-0.21661,2,Dimension 2,24600117
24600118,Quebec,-0.02475,0.10737,0.17602,0.15627,0.10373,4,Dimension 3,24600118
24600119,Quebec,-0.89804,-0.2366,-0.22278,0.17621,-0.2953,2,Dimension 4,24600119
24600120,Quebec,-0.57684,-1.06463,-0.50318,-0.59974,-0.6861,1,Dimension 3,24600120
24600121,Quebec,-0.62799,-0.07801,-0.44632,-0.09193,-0.31106,2,Dimension 2,24600121
24600122,Quebec,-0.58933,-0.00777,-0.64647,-0.59808,-0.46041,1,Dimension 2,24600122
24600123,Quebec,-0.48068,-0.60229,-0.60277,-0.78981,-0.61888,1,Dimension 1,24600123
24600124,Quebec,-0.42499,-0.47755,-0.46998,-0.65409,-0.50665,1,Dimension 1,24600124
24600125,Quebec,-0.74371,-1.29324,-0.98499,0.64154,-0.5951,1,Dimension 4,24600125
24600126,Quebec,-0.56822,-0.3129,-0.51773,0.04326,-0.3389,2,Dimension 4,24600126
24600127,Quebec,-0.58487,-0.44244,-0.37169,-0.72047,-0.52987,1,Dimension 3,24600127
24600129,Quebec,-0.15586,-0.4777,0.13026,-0.68795,-0.29781,2,Dimension 3,24600129
24600132,Quebec,-0.05469,-0.64247,-0.7993,-0.87421,-0.59267,1,Dimension 1,24600132
24600133,Quebec,-0.63149,-0.59429,-0.65033,-0.11364,-0.49744,1,Dimension 4,24600133
24600134,Quebec,-0.34597,-0.53331,-1.01697,-0.07955,-0.49395,1,Dimension 4,24600134
24600135,Quebec,-0.77951,-1.21362,-0.56253,-0.10746,-0.66578,1,Dimension 4,24600135
24600136,Quebec,-0.62406,-1.0325,-0.75932,-0.48919,-0.72627,1,Dimension 4,24600136
24600138,Quebec,-0.32064,1.85913,-1.50784,0.30976,0.0851,4,Dimension 2,24600138
24600139,Quebec,-0.66563,-1.2018,-0.9499,-0.57637,-0.84842,1,Dimension 4,24600139
24600140,Quebec,0.02075,-0.78155,0.52898,-1.26234,-0.37354,2,Dimension 3,24600140
24600141,Quebec,-0.47345,-0.48213,-0.70228,-0.62988,-0.57193,1,Dimension 1,24600141
24600148,Quebec,-0.33429,1.19648,-0.69737,-0.37271,-0.05197,3,Dimension 2,24600148
24600149,Quebec,-0.50344,-0.61998,-0.22598,-0.31803,-0.41686,2,Dimension 3,24600149
24600150,Quebec,-0.61577,-1.39814,-0.70469,-0.58112,-0.82493,1,Dimension 4,24600150
24600151,Quebec,-0.36756,-0.24888,0.00983,0.11625,-0.12259,3,Dimension 4,24600151
24600152,Quebec,-0.41088,-0.02958,-0.69453,-0.08089,-0.30397,2,Dimension 2,24600152
24600153,Quebec,-0.55188,-0.0102,0.10305,-1.12104,-0.39502,2,Dimension 3,24600153
24600155,Quebec,-0.31722,-1.28198,-0.84794,-0.36817,-0.70383,1,Dimension 1,24600155
24600156,Quebec,-0.58145,-1.02925,-0.3296,-1.30793,-0.81206,1,Dimension 3,24600156
24600157,Quebec,-0.42308,-1.04637,-0.26082,-0.83437,-0.64116,1,Dimension 3,24600157
24600158,Quebec,-0.28608,-0.92907,-0.73654,-0.86145,-0.70328,1,Dimension 1,24600158
24600159,Quebec,-0.24658,-0.82987,0.3645,1.21787,0.12648,4,Dimension 4,24600159
24600160,Quebec,-0.19486,-0.63128,-0.50932,-0.96655,-0.5755,1,Dimension 1,24600160
24600167,Quebec,-0.27449,1.52596,-0.51974,0.25491,0.24666,4,Dimension 2,24600167
24600168,Quebec,-0.46055,-0.92515,-0.68224,-0.4087,-0.61916,1,Dimension 4,24600168
24600171,Quebec,-0.47267,-0.70773,-0.27879,-0.36377,-0.45574,1,Dimension 3,24600171
24600172,Quebec,-0.80549,-1.41524,-0.3665,0.10425,-0.62075,1,Dimension 4,24600172
24600173,Quebec,-0.91648,-0.36181,-0.3461,0.04107,-0.39583,2,Dimension 4,24600173
24600174,Quebec,-0.75217,-0.61371,-0.45489,-0.17362,-0.4986,1,Dimension 4,24600174
24600175,Quebec,-0.89282,-1.22868,-0.24578,-0.18301,-0.63757,1,Dimension 4,24600175
24600176,Quebec,-0.7467,-0.58718,-0.30366,-0.66317,-0.57518,1,Dimension 3,24600176
24600177,Quebec,-0.57767,-1.21389,-0.95196,-0.24422,-0.74694,1,Dimension 4,24600177
24600178,Quebec,-0.71625,-0.96753,-0.80949,-0.08549,-0.64469,1,Dimension 4,24600178
24600179,Quebec,-0.82558,-1.04359,-0.21174,-0.54654,-0.65686,1,Dimension 3,24600179
24600180,Quebec,-0.60531,-1.19476,-0.212,-0.57786,-0.64748,1,Dimension 3,24600180
24600181,Quebec,-0.82495,-1.31722,-0.73033,-0.05051,-0.73075,1,Dimension 4,24600181
24600182,Quebec,-0.32668,0.45898,-0.25171,-0.06504,-0.04611,3,Dimension 2,24600182
24600183,Quebec,-0.93596,-1.0061,-0.71782,-0.63343,-0.82333,1,Dimension 4,24600183
24600184,Quebec,-0.5053,-0.53368,-0.40952,-0.67102,-0.52988,1,Dimension 3,24600184
24600185,Quebec,-0.52598,-0.11703,-0.14446,0.01024,-0.19431,3,Dimension 4,24600185
24600186,Quebec,-0.55384,-0.21033,-0.69223,0.14932,-0.32677,2,Dimension 4,24600186
24600187,Quebec,-0.051,0.68117,-0.03967,-0.07953,0.12774,4,Dimension 2,24600187
24600188,Quebec,0.03539,2.80757,-0.11166,0.36072,0.773,5,Dimension 2,24600188
24600189,Quebec,-0.51501,1.29697,-0.92906,-0.27514,-0.10556,3,Dimension 2,24600189
24600190,Quebec,-0.48745,2.13065,-0.37016,-0.23104,0.2605,4,Dimension 2,24600190
24600191,Quebec,-0.6875,0.59558,-0.48721,-0.09339,-0.16813,3,Dimension 2,24600191
24600192,Quebec,0.28373,3.14516,-0.12939,1.29879,1.14957,5,Dimension 2,24600192
24600193,Quebec,-0.51228,0.15067,0.31016,0.34151,0.07251,4,Dimension 4,24600193
24600194,Quebec,-0.21398,0.71209,0.01261,0.37721,0.22198,4,Dimension 2,24600194
24600195,Quebec,-0.85088,-0.21878,0.25163,-0.40682,-0.30621,2,Dimension 3,24600195
24600196,Quebec,-0.48744,-0.51115,-0.08564,0.55355,-0.13267,3,Dimension 4,24600196
24600197,Quebec,-0.46104,0.03844,-0.01177,-0.42256,-0.21423,2,Dimension 2,24600197
24600198,Quebec,-0.60587,-0.98907,-0.86001,-0.14748,-0.65061,1,Dimension 4,24600198
24600199,Quebec,-0.55697,0.16861,-0.67694,-0.588,-0.41332,2,Dimension 2,24600199
24600200,Quebec,-0.86761,-1.09759,-0.33004,-0.56571,-0.71524,1,Dimension 3,24600200
24600201,Quebec,-0.7897,-0.19766,0.07987,-0.26311,-0.29265,2,Dimension 3,24600201
24600202,Quebec,-0.38054,1.01014,0.29635,0.86777,0.44843,5,Dimension 2,24600202
24600203,Quebec,-0.59427,-0.74577,-0.33524,0.11932,-0.38899,2,Dimension 4,24600203
24600204,Quebec,0.4982,2.20902,1.89125,2.25606,1.71363,5,Dimension 4,24600204
24600205,Quebec,-0.52688,-0.17167,0.53081,0.77621,0.15212,4,Dimension 4,24600205
24600206,Quebec,-0.1342,-0.03197,1.07156,0.9873,0.47317,5,Dimension 3,24600206
24600207,Quebec,-0.87319,-1.84722,0.1867,-0.0547,-0.6471,1,Dimension 3,24600207
24600208,Quebec,-0.54271,-1.11473,0.47004,0.73428,-0.11328,3,Dimension 4,24600208
24600209,Quebec,-0.82628,-0.6999,0.35764,0.08004,-0.27212,2,Dimension 3,24600209
24600210,Quebec,-0.85491,-1.19011,0.59019,-0.28319,-0.43451,2,Dimension 3,24600210
24600211,Quebec,-0.70399,0.02117,0.77712,-0.4756,-0.09532,3,Dimension 3,24600211
24600212,Quebec,-0.68348,-0.41295,-0.32675,-0.46966,-0.47321,1,Dimension 3,24600212
24600213,Quebec,-0.70306,-0.06055,0.21682,0.03568,-0.12778,3,Dimension 3,24600213
24600214,Quebec,-0.82399,0.0711,-0.29159,-0.03805,-0.27063,2,Dimension 2,24600214
24600215,Quebec,-0.46942,-0.53325,0.40273,0.69658,0.02416,3,Dimension 4,24600215
24600216,Quebec,-0.84177,-0.89002,-0.30278,0.61215,-0.3556,2,Dimension 4,24600216
24600217,Quebec,-0.86023,-0.99936,-0.74728,-0.26434,-0.7178,1,Dimension 4,24600217
24600218,Quebec,-0.76025,-0.88313,-0.20166,0.2958,-0.38731,2,Dimension 4,24600218
24600219,Quebec,-0.60414,-0.5962,-0.07222,-0.52184,-0.4486,2,Dimension 3,24600219
24600220,Quebec,-0.87646,-0.70472,-0.36374,-0.18566,-0.53265,1,Dimension 4,24600220
24600221,Quebec,-0.64557,-0.2977,0.05237,0.4033,-0.1219,3,Dimension 4,24600221
24600223,Quebec,-0.62223,0.08935,-0.97033,-0.30022,-0.45086,1,Dimension 2,24600223
24600224,Quebec,-0.19808,-1.17622,-0.65372,-0.62407,-0.66302,1,Dimension 1,24600224
24600225,Quebec,-0.73326,-0.37365,-0.56933,-0.82419,-0.62511,1,Dimension 2,24600225
24600229,Quebec,-0.4004,-1.59582,-0.48687,-0.35315,-0.70906,1,Dimension 4,24600229
24600230,Quebec,-0.07844,-1.26944,-1.03074,-0.34146,-0.68002,1,Dimension 1,24600230
24600231,Quebec,-0.66962,-0.12797,-1.05242,0.21975,-0.40756,2,Dimension 4,24600231
24600234,Quebec,-0.67674,-1.22913,-0.53053,0.06658,-0.59246,1,Dimension 4,24600234
24600236,Quebec,-0.56544,-1.26909,-0.64782,0.05574,-0.60665,1,Dimension 4,24600236
24600240,Quebec,0.30791,3.44782,-1.91473,0.21188,0.51322,5,Dimension 2,24600240
24600241,Quebec,0.66006,4.67688,-2.05172,0.45488,0.93503,5,Dimension 2,24600241
24600242,Quebec,-0.7534,-1.5564,-0.98141,-0.38538,-0.91915,1,Dimension 4,24600242
24600247,Quebec,-0.4586,-1.34441,-0.68217,-0.58372,-0.76722,1,Dimension 1,24600247
24600249,Quebec,-0.56171,-0.96728,-0.7018,-0.58147,-0.70307,1,Dimension 1,24600249
24600250,Quebec,-0.51315,-1.00047,-0.75753,-0.46973,-0.68522,1,Dimension 4,24600250
24600252,Quebec,-0.39876,-0.79277,-0.43973,-0.40369,-0.50874,1,Dimension 1,24600252
24600253,Quebec,-0.15261,-1.42659,-0.74427,-0.44558,-0.69226,1,Dimension 1,24600253
24600254,Quebec,-0.57729,-1.23543,-0.47951,-0.52884,-0.70527,1,Dimension 3,24600254
24600255,Quebec,-0.52458,-1.3387,-1.09064,-0.28527,-0.8098,1,Dimension 4,24600255
24600256,Quebec,-0.51832,-1.7023,-0.64886,-0.42352,-0.82325,1,Dimension 4,24600256
24600257,Quebec,-0.38002,-1.87779,-0.41296,-0.07375,-0.68613,1,Dimension 4,24600257
24600259,Quebec,-0.64625,-1.11729,-0.58772,-0.15608,-0.62683,1,Dimension 4,24600259
24600260,Quebec,0.1956,-0.62749,-0.72504,-0.18954,-0.33662,2,Dimension 1,24600260
24600261,Quebec,-0.41493,-1.16147,-0.73311,-0.41963,-0.68229,1,Dimension 1,24600261
24600263,Quebec,-0.37859,0.06602,-0.99795,0.0801,-0.30761,2,Dimension 4,24600263
24600264,Quebec,-1.06316,-1.02725,-1.74421,0.21294,-0.90542,1,Dimension 4,24600264
24600265,Quebec,-0.65842,0.21382,-0.80261,0.00569,-0.31038,2,Dimension 2,24600265
24600266,Quebec,-0.3843,-1.11719,-1.01121,0.00318,-0.62738,1,Dimension 4,24600266
24600267,Quebec,-0.65234,0.09033,-0.81812,-0.84867,-0.5572,1,Dimension 2,24600267
24600268,Quebec,-0.19379,-1.23312,-0.07756,-0.47456,-0.49476,1,Dimension 3,24600268
24600269,Quebec,-0.38645,-1.67277,-1.17771,-1.22154,-1.11462,1,Dimension 1,24600269
24600270,Quebec,-0.28117,-1.29671,-1.1347,-1.57732,-1.07248,1,Dimension 1,24600270
24600273,Quebec,-0.2978,-1.19986,-0.53495,-0.5183,-0.63773,1,Dimension 1,24600273
24600274,Quebec,-0.60005,0.6687,-0.94216,-0.8699,-0.43585,2,Dimension 2,24600274
24600275,Quebec,-0.63262,-1.37095,-0.74614,-0.54634,-0.82401,1,Dimension 4,24600275
24600276,Quebec,-0.33607,-1.51171,-0.43674,-0.69359,-0.74453,1,Dimension 1,24600276
24600277,Quebec,-0.23506,-1.64268,-0.58966,-0.02966,-0.62426,1,Dimension 4,24600277
24600278,Quebec,-0.19333,-0.91503,-0.53532,-0.48759,-0.53282,1,Dimension 1,24600278
24600279,Quebec,0.11447,-1.50631,-0.55734,-0.42606,-0.59381,1,Dimension 1,24600279
24600280,Quebec,-0.43776,-0.76953,-0.95565,-0.36466,-0.6319,1,Dimension 4,24600280
24600281,Quebec,-0.69177,-0.99589,-0.68324,-0.63547,-0.75159,1,Dimension 4,24600281
24610068,Quebec,-0.76873,-0.1022,-0.50536,-0.25273,-0.40726,2,Dimension 2,24610068
24610069,Quebec,-0.48857,-0.35662,0.16647,0.38246,-0.07406,3,Dimension 4,24610069
24610070,Quebec,-0.75334,-0.12554,-0.06086,0.00061,-0.23478,2,Dimension 4,24610070
24610071,Quebec,-0.67295,-1.28399,0.27014,-0.33164,-0.50461,1,Dimension 3,24610071
24610072,Quebec,-0.76048,0.17485,-0.29372,-0.28466,-0.291,2,Dimension 2,24610072
24610073,Quebec,-0.72916,-0.33161,-0.44295,-0.26442,-0.44203,2,Dimension 4,24610073
24610074,Quebec,-0.67593,-0.18456,0.34186,0.01087,-0.12694,3,Dimension 3,24610074
24610075,Quebec,-0.96037,-0.56551,0.01676,0.08766,-0.35537,2,Dimension 4,24610075
24610076,Quebec,-0.90162,-0.22256,0.06494,0.27104,-0.19705,3,Dimension 4,24610076
24610077,Quebec,-0.3283,0.56298,0.98389,0.09834,0.32923,4,Dimension 3,24610077
24610079,Quebec,-0.72422,0.69254,-0.52654,0.03088,-0.13183,3,Dimension 2,24610079
24610080,Quebec,-0.409,1.02218,0.18874,0.41109,0.30325,4,Dimension 2,24610080
24610081,Quebec,-0.80243,0.20753,-0.27974,-0.59415,-0.3672,2,Dimension 2,24610081
24610082,Quebec,-0.84574,-0.65121,-0.55822,-0.81324,-0.7171,1,Dimension 3,24610082
24610083,Quebec,-0.84331,1.20086,-0.96145,-1.27983,-0.47093,1,Dimension 2,24610083
24610084,Quebec,-0.86061,1.82882,-0.99993,-0.89159,-0.23083,2,Dimension 2,24610084
24610085,Quebec,-0.70907,0.32166,-1.08215,-0.23411,-0.42592,2,Dimension 2,24610085
24610086,Quebec,-0.71392,0.63232,0.00186,0.35058,0.06771,4,Dimension 2,24610086
24610087,Quebec,-0.95262,0.00946,-0.22181,-0.48338,-0.41209,2,Dimension 2,24610087
24610088,Quebec,-0.01972,2.85215,1.48022,0.60374,1.2291,5,Dimension 2,24610088
24610089,Quebec,-0.52398,0.81428,-0.43609,0.46402,0.07956,4,Dimension 2,24610089
24610090,Quebec,-0.21383,3.30231,-1.08358,-0.36664,0.40956,5,Dimension 2,24610090
24610091,Quebec,0.04784,5.1601,-0.65495,1.86078,1.60344,5,Dimension 2,24610091
24610092,Quebec,0.09864,1.73163,1.29704,0.94413,1.01786,5,Dimension 2,24610092
24610093,Quebec,0.02366,1.03089,0.61624,1.87636,0.88679,5,Dimension 4,24610093
24610094,Quebec,0.31051,1.62192,0.49516,2.74831,1.29397,5,Dimension 4,24610094
24610095,Quebec,0.35998,0.84886,0.72547,1.34193,0.81906,5,Dimension 4,24610095
24610096,Quebec,-0.22977,3.38227,-1.34951,0.4703,0.56832,5,Dimension 2,24610096
24610097,Quebec,-0.07702,1.55748,0.92699,1.17213,0.89489,5,Dimension 2,24610097
24610098,Quebec,0.16086,1.13584,0.83991,2.03376,1.04259,5,Dimension 4,24610098
24610099,Quebec,-0.61241,1.03855,-0.18558,1.1384,0.34474,4,Dimension 4,24610099
24610100,Quebec,0.73396,1.33564,2.36921,2.77941,1.80455,5,Dimension 4,24610100
24610101,Quebec,1.33943,1.02121,0.72363,2.08662,1.29272,5,Dimension 4,24610101
24610102,Quebec,0.91853,1.56297,1.72562,0.72801,1.23378,5,Dimension 3,24610102
24610103,Quebec,-0.19328,1.47841,0.04232,1.12765,0.61377,5,Dimension 2,24610103
24610104,Quebec,-0.33092,1.56654,0.9596,1.00154,0.79919,5,Dimension 2,24610104
24610105,Quebec,-0.03165,-0.33995,0.51369,0.51152,0.1634,4,Dimension 3,24610105
24610106,Quebec,0.0018,-0.32429,0.53035,0.73675,0.23615,4,Dimension 4,24610106
24610107,Quebec,0.00599,0.69104,1.12208,1.38102,0.80003,5,Dimension 4,24610107
24610108,Quebec,-0.44326,0.41736,0.49204,0.91705,0.3458,4,Dimension 4,24610108
24610109,Quebec,0.51622,2.04063,1.64869,2.35606,1.6404,5,Dimension 4,24610109
24610110,Quebec,-0.13856,2.00696,0.8253,1.31137,1.00127,5,Dimension 2,24610110
24610111,Quebec,-0.22055,0.57336,-0.32439,0.84697,0.21885,4,Dimension 4,24610111
24610112,Quebec,-0.60472,0.58995,-0.42617,0.04826,-0.09817,3,Dimension 2,24610112
24610113,Quebec,-0.28513,0.9923,0.39045,0.14798,0.3114,4,Dimension 2,24610113
24610114,Quebec,0.14643,0.28564,0.92313,1.31408,0.66732,5,Dimension 4,24610114
24610115,Quebec,0.55031,5.81579,-0.28391,1.93246,2.00366,5,Dimension 2,24610115
24610116,Quebec,-0.77914,0.02339,-0.57743,-0.22027,-0.38836,2,Dimension 2,24610116
24610117,Quebec,-0.76429,0.1911,-0.87226,-0.20851,-0.41349,2,Dimension 2,24610117
24610119,Quebec,-0.73193,-0.50768,-0.57648,-0.16451,-0.49515,1,Dimension 4,24610119
24610121,Quebec,-0.51032,-0.3138,-0.31581,0.54749,-0.14811,3,Dimension 4,24610121
24610122,Quebec,-0.57366,-0.20303,0.2299,0.24768,-0.07478,3,Dimension 4,24610122
24610123,Quebec,-0.47398,0.26524,-0.28491,0.19148,-0.07554,3,Dimension 2,24610123
24610124,Quebec,-0.40323,0.70402,0.09121,0.14575,0.13444,4,Dimension 2,24610124
24610125,Quebec,-0.15577,2.17823,0.99196,0.36904,0.84587,5,Dimension 2,24610125
24610126,Quebec,0.03643,0.86237,-0.06171,-0.15155,0.17138,4,Dimension 2,24610126
24610127,Quebec,0.34002,0.97064,1.46198,1.89977,1.1681,5,Dimension 4,24610127
24610128,Quebec,-0.85956,0.41051,-0.43119,-0.0707,-0.23774,2,Dimension 2,24610128
24610129,Quebec,-0.6394,-0.54604,0.16173,0.22357,-0.20003,3,Dimension 4,24610129
24610130,Quebec,-0.88143,-0.62886,-0.54595,-0.29471,-0.58774,1,Dimension 4,24610130
24610131,Quebec,-1.03422,0.51332,-0.57644,-0.51907,-0.4041,2,Dimension 2,24610131
24610132,Quebec,-0.55383,1.24782,0.14183,0.88871,0.43113,5,Dimension 2,24610132
24610133,Quebec,-0.84563,-0.37548,-0.28623,0.11812,-0.34731,2,Dimension 4,24610133
24610134,Quebec,-0.75775,0.05278,-0.45506,0.04095,-0.27977,2,Dimension 2,24610134
24610136,Quebec,-0.83245,-0.65055,-0.7075,0.20883,-0.49542,1,Dimension 4,24610136
24610137,Quebec,-0.62125,-0.23051,0.30722,-0.27174,-0.20407,3,Dimension 3,24610137
24610138,Quebec,-0.69064,0.11678,0.47497,-0.52434,-0.15581,3,Dimension 3,24610138
24610139,Quebec,-0.82661,-0.88655,-0.45936,0.18097,-0.49789,1,Dimension 4,24610139
24610140,Quebec,-0.84348,0.28024,-0.26378,-0.05067,-0.21942,2,Dimension 2,24610140
24610141,Quebec,-0.99414,-0.05307,-0.24394,-0.98267,-0.56845,1,Dimension 2,24610141
24610142,Quebec,-0.69834,-0.02513,0.4426,-0.11849,-0.09984,3,Dimension 3,24610142
24610143,Quebec,-0.66486,0.63721,-0.54348,-0.08358,-0.16368,3,Dimension 2,24610143
24610144,Quebec,-0.29893,3.16815,-0.25604,-0.09409,0.62977,5,Dimension 2,24610144
24610145,Quebec,-0.41178,0.24672,0.9551,1.09849,0.47213,5,Dimension 4,24610145
24610146,Quebec,-0.9366,-0.30801,-0.79601,-0.61214,-0.66319,1,Dimension 2,24610146
24610147,Quebec,-0.70593,0.22288,-0.61454,-0.42422,-0.38045,2,Dimension 2,24610147
24610148,Quebec,-0.76976,1.225,-0.57897,0.10279,-0.00524,3,Dimension 2,24610148
24610149,Quebec,-0.72778,0.57657,-0.12799,-0.4337,-0.17823,3,Dimension 2,24610149
24610150,Quebec,-0.35815,2.50764,-0.19395,-0.06246,0.47327,5,Dimension 2,24610150
24610151,Quebec,-0.65939,0.39597,-0.058,0.16276,-0.03966,3,Dimension 2,24610151
24610152,Quebec,0.04327,2.85713,-1.0062,0.37175,0.56649,5,Dimension 2,24610152
24610153,Quebec,0.30569,5.20371,-0.82775,0.56532,1.31174,5,Dimension 2,24610153
24610154,Quebec,-0.61742,0.29019,-0.46412,-0.42521,-0.30414,2,Dimension 2,24610154
24610155,Quebec,-0.53458,2.04956,-0.50993,-0.32382,0.17031,4,Dimension 2,24610155
24610156,Quebec,-0.92074,-0.13463,0.02741,-0.38625,-0.35355,2,Dimension 3,24610156
24610157,Quebec,-0.73687,-0.22743,-0.0898,0.51461,-0.13487,3,Dimension 4,24610157
24610158,Quebec,-0.93723,-0.26799,-0.37681,0.34293,-0.30977,2,Dimension 4,24610158
24610159,Quebec,-0.80225,-0.27477,-1.00388,-0.81022,-0.72278,1,Dimension 2,24610159
24610160,Quebec,-0.83144,-0.50844,-0.26042,0.81882,-0.19537,3,Dimension 4,24610160
24610161,Quebec,-0.68809,-0.78003,-0.78327,0.3696,-0.47045,1,Dimension 4,24610161
24610162,Quebec,-0.85909,-0.27779,0.01634,0.05783,-0.26568,2,Dimension 4,24610162
24610163,Quebec,-0.87263,-0.03553,-0.58918,-0.27388,-0.4428,2,Dimension 2,24610163
24610234,Quebec,-0.78416,-0.50585,-0.28208,0.01974,-0.38809,2,Dimension 4,24610234
24610235,Quebec,-0.86087,-0.77718,-0.77972,0.20731,-0.55261,1,Dimension 4,24610235
24610236,Quebec,-0.72234,-0.4746,-0.48396,-0.75834,-0.60981,1,Dimension 2,24610236
24610237,Quebec,-0.79025,-0.90964,-0.55592,0.24578,-0.50251,1,Dimension 4,24610237
24610238,Quebec,-0.94445,0.23538,-0.91736,-0.39243,-0.50472,1,Dimension 2,24610238
24610239,Quebec,-0.94201,-1.3909,0.00028,-0.05963,-0.59807,1,Dimension 3,24610239
24610240,Quebec,-0.79945,-1.10504,-0.30723,-0.21333,-0.60626,1,Dimension 4,24610240
24610241,Quebec,-0.876,-1.32946,-0.53617,0.55077,-0.54772,1,Dimension 4,24610241
24620105,Quebec,-0.11553,-0.01085,5.38643,-0.66828,1.14794,5,Dimension 3,24620105
24620106,Quebec,-0.15241,-0.50346,4.84374,-0.7127,0.86879,5,Dimension 3,24620106
24620107,Quebec,-0.40785,-0.41696,4.60606,-0.57375,0.80187,5,Dimension 3,24620107
24620111,Quebec,-0.65545,0.83972,0.53098,0.19074,0.22649,4,Dimension 2,24620111
24620112,Quebec,-1.02195,0.89458,0.8596,-0.36978,0.09061,4,Dimension 2,24620112
24620113,Quebec,-0.25205,2.13029,1.46609,0.09698,0.86033,5,Dimension 2,24620113
24620114,Quebec,-0.84662,0.71323,0.78665,-0.39063,0.06566,4,Dimension 3,24620114
24620115,Quebec,-0.64817,0.08815,0.49694,-0.32748,-0.09764,3,Dimension 3,24620115
24620116,Quebec,-0.72178,0.79818,0.66251,-0.20259,0.13408,4,Dimension 2,24620116
24620117,Quebec,-0.37782,-1.28325,1.75527,0.52541,0.1549,4,Dimension 3,24620117
24620118,Quebec,-0.65708,0.34918,0.73525,0.35109,0.19461,4,Dimension 3,24620118
24620119,Quebec,-0.48488,1.00034,0.79255,0.88088,0.54722,5,Dimension 2,24620119
24620120,Quebec,-0.40134,1.10538,0.71072,1.04375,0.61463,5,Dimension 2,24620120
24620121,Quebec,-0.65625,0.68262,0.05289,0.55654,0.15895,4,Dimension 2,24620121
24620122,Quebec,-0.84935,0.35156,-0.10125,0.14326,-0.11394,3,Dimension 2,24620122
24620123,Quebec,-0.80463,1.11038,-0.30228,-0.40768,-0.10105,3,Dimension 2,24620123
24620124,Quebec,-0.73085,-0.15274,0.28014,-0.31846,-0.23048,2,Dimension 3,24620124
24620125,Quebec,-0.75608,0.76894,0.29866,-0.37617,-0.01616,3,Dimension 2,24620125
24620126,Quebec,-0.40652,1.05837,0.41789,1.13587,0.55141,5,Dimension 4,24620126
24620127,Quebec,-0.69677,0.31168,-0.32234,0.01729,-0.17254,3,Dimension 2,24620127
24620128,Quebec,-0.80949,0.62232,-0.06529,-0.37198,-0.15611,3,Dimension 2,24620128
24620129,Quebec,-0.5184,1.29958,-0.17543,-0.00044,0.15133,4,Dimension 2,24620129
24620130,Quebec,-0.44074,1.29933,0.24043,-0.0392,0.26496,4,Dimension 2,24620130
24620131,Quebec,-1.05997,0.28569,-0.13242,0.45777,-0.11223,3,Dimension 4,24620131
24620132,Quebec,-0.527,0.1705,0.41034,0.23454,0.07209,4,Dimension 3,24620132
24620133,Quebec,-0.80744,-0.32224,0.60207,-0.46506,-0.24817,2,Dimension 3,24620133
24620134,Quebec,-0.89182,-0.06072,-0.01304,-0.31254,-0.31953,2,Dimension 3,24620134
24620135,Quebec,-0.42937,-0.4877,0.44038,0.45735,-0.00484,3,Dimension 4,24620135
24620136,Quebec,-0.68169,1.03411,0.2787,0.32759,0.23968,4,Dimension 2,24620136
24620137,Quebec,-0.58399,0.95526,0.33437,1.38306,0.52218,5,Dimension 4,24620137
24620138,Quebec,-0.73184,0.2343,0.32311,0.11736,-0.01427,3,Dimension 3,24620138
24620139,Quebec,-0.60148,1.29239,0.09204,-0.12704,0.16398,4,Dimension 2,24620139
24620140,Quebec,-0.73984,0.61992,-0.03634,-0.1188,-0.06877,3,Dimension 2,24620140
24620141,Quebec,-0.98538,-0.21138,-0.52356,-0.82999,-0.63758,1,Dimension 2,24620141
24620142,Quebec,-0.78745,0.28054,-0.06239,-0.3578,-0.23177,2,Dimension 2,24620142
24620143,Quebec,-0.75256,1.03599,-0.29526,0.38461,0.0932,4,Dimension 2,24620143
24620144,Quebec,-0.58431,0.27288,0.04105,0.39393,0.03089,3,Dimension 4,24620144
24620145,Quebec,-0.65711,0.40621,0.31656,0.06611,0.03294,3,Dimension 2,24620145
24620146,Quebec,-0.60654,0.41654,0.05412,0.48674,0.08771,4,Dimension 4,24620146
24620147,Quebec,-0.59748,0.55393,-0.14933,0.02458,-0.04207,3,Dimension 2,24620147
24620148,Quebec,-0.35757,0.56384,0.22031,0.33344,0.19,4,Dimension 2,24620148
24620149,Quebec,-0.73181,0.63668,-0.11237,-0.05741,-0.06623,3,Dimension 2,24620149
24620150,Quebec,-0.59307,-0.09343,0.24319,0.91177,0.11712,4,Dimension 4,24620150
24620151,Quebec,-0.40536,0.37108,0.09005,-0.09314,-0.00934,3,Dimension 2,24620151
24620152,Quebec,-0.60423,-0.52192,-0.3684,0.80466,-0.17248,3,Dimension 4,24620152
24620153,Quebec,-0.81105,0.51094,-0.02948,0.03989,-0.07243,3,Dimension 2,24620153
24620154,Quebec,-0.50202,0.26897,0.16283,0.22573,0.03888,3,Dimension 2,24620154
24620155,Quebec,-0.56713,0.25411,0.32979,0.26726,0.07101,4,Dimension 3,24620155
24620156,Quebec,-0.89745,0.06284,-0.10776,0.00351,-0.23472,2,Dimension 2,24620156
24620157,Quebec,-0.79381,0.39803,0.05274,0.05853,-0.07113,3,Dimension 2,24620157
24620158,Quebec,-0.38631,1.5224,0.42496,1.12812,0.67229,5,Dimension 2,24620158
24620159,Quebec,-0.0852,2.81047,0.64112,1.09726,1.11591,5,Dimension 2,24620159
24620160,Quebec,-0.03858,3.15975,0.69342,1.72566,1.38506,5,Dimension 2,24620160
24620161,Quebec,-0.47769,0.81477,0.00765,0.29385,0.15965,4,Dimension 2,24620161
24620162,Quebec,-0.37016,1.56472,-0.50628,0.28134,0.24241,4,Dimension 2,24620162
24620163,Quebec,-0.79132,-0.04801,-0.18559,-0.10439,-0.28233,2,Dimension 2,24620163
24620164,Quebec,-0.40244,0.68256,0.40608,0.0645,0.18768,4,Dimension 2,24620164
24620165,Quebec,-0.54148,-0.07543,-0.15132,0.24939,-0.12971,3,Dimension 4,24620165
24620166,Quebec,-0.73347,-0.13489,0.24702,0.62136,1e-05,3,Dimension 4,24620166
24620167,Quebec,-0.76007,0.26332,0.36536,0.17897,0.0119,3,Dimension 3,24620167
24620168,Quebec,-0.73936,0.12721,0.51058,-0.09495,-0.04913,3,Dimension 3,24620168
24620169,Quebec,-0.57515,-0.31093,0.19579,-0.22624,-0.22913,2,Dimension 3,24620169
24620170,Quebec,-0.6985,0.28938,-0.30206,-0.13003,-0.2103,2,Dimension 2,24620170
24620171,Quebec,-0.5083,0.66198,0.70955,0.02084,0.22102,4,Dimension 3,24620171
24620172,Quebec,-0.08604,2.1832,0.05446,1.62637,0.9445,5,Dimension 2,24620172
24620173,Quebec,-0.54354,0.2468,0.35755,0.01887,0.01992,3,Dimension 3,24620173
24620174,Quebec,-0.75354,0.19882,0.0117,0.37429,-0.04218,3,Dimension 4,24620174
24620175,Quebec,-0.67079,0.15695,0.20678,0.35213,0.01127,3,Dimension 4,24620175
24620176,Quebec,-0.62729,0.03799,0.61889,0.31414,0.08593,4,Dimension 3,24620176
24620177,Quebec,-0.41484,1.57859,0.42,1.16439,0.68704,5,Dimension 2,24620177
24620178,Quebec,-0.62477,0.22426,-0.91896,0.40636,-0.22828,2,Dimension 4,24620178
24620179,Quebec,-0.479,0.37188,-0.18097,0.26073,-0.00684,3,Dimension 2,24620179
24620180,Quebec,-0.57044,1.01627,0.30595,0.34705,0.27471,4,Dimension 2,24620180
24620181,Quebec,-0.68678,0.88071,-0.77343,0.09695,-0.12063,3,Dimension 2,24620181
24620182,Quebec,-0.7455,0.71492,-0.29344,-0.26561,-0.14741,3,Dimension 2,24620182
24620183,Quebec,-0.52094,0.84871,-0.17609,0.14759,0.07482,4,Dimension 2,24620183
24620184,Quebec,-0.2106,2.08278,0.13649,-0.42142,0.39682,4,Dimension 2,24620184
24620185,Quebec,-0.74548,0.59361,0.47932,0.77931,0.27669,4,Dimension 4,24620185
24620186,Quebec,-0.50806,0.98924,0.02436,-0.36679,0.03469,3,Dimension 2,24620186
24620187,Quebec,-0.70005,0.30705,-0.11951,-0.09523,-0.15194,3,Dimension 2,24620187
24620188,Quebec,-0.32121,0.11964,0.73007,0.39757,0.23152,4,Dimension 3,24620188
24620193,Quebec,-0.43883,0.91534,0.71139,-0.02534,0.29064,4,Dimension 2,24620193
24620194,Quebec,-0.44896,0.85374,-0.01895,-0.0371,0.08718,4,Dimension 2,24620194
24620195,Quebec,-0.36777,1.62499,1.37369,-0.21495,0.60399,5,Dimension 2,24620195
24620196,Quebec,-0.70822,1.28615,0.15729,-0.71659,0.00466,3,Dimension 2,24620196
24620197,Quebec,-0.49114,0.71598,0.37711,-0.19864,0.10083,4,Dimension 2,24620197
24620198,Quebec,-0.63481,0.74887,0.57992,0.26507,0.23976,4,Dimension 2,24620198
24650001,Quebec,-0.4243,-0.47656,-0.33377,-0.26388,-0.37463,2,Dimension 4,24650001
24650002,Quebec,0.39721,-0.44368,-0.04922,-0.56034,-0.164,3,Dimension 1,24650002
24650003,Quebec,-0.02186,0.00848,-0.25311,-0.0018,-0.06707,3,Dimension 2,24650003
24650004,Quebec,-0.08502,-0.40863,0.01339,-0.57333,-0.2634,2,Dimension 3,24650004
24650005,Quebec,-0.21199,-0.13324,-0.45405,-0.93015,-0.43236,2,Dimension 2,24650005
24650006,Quebec,-0.18031,0.34869,-0.60566,-1.44105,-0.46958,1,Dimension 2,24650006
24650007,Quebec,0.16169,-0.93138,-0.99013,-0.18189,-0.48543,1,Dimension 1,24650007
24650008,Quebec,0.17416,-0.82871,-0.00687,-0.60197,-0.31585,2,Dimension 1,24650008
24650009,Quebec,0.19405,-0.65475,-0.14032,-0.29678,-0.22445,2,Dimension 1,24650009
24650010,Quebec,0.24089,-0.8658,-0.36553,-0.23926,-0.30743,2,Dimension 1,24650010
24650011,Quebec,0.22765,-1.03374,0.65389,-1.09697,-0.31229,2,Dimension 3,24650011
24650012,Quebec,-0.08165,-0.60787,0.01147,-0.74252,-0.35514,2,Dimension 3,24650012
24650013,Quebec,0.13224,-0.74723,-0.64316,-1.03945,-0.5744,1,Dimension 1,24650013
24650014,Quebec,-0.02321,-0.94254,-0.42971,-0.57151,-0.49174,1,Dimension 1,24650014
24650015,Quebec,0.13911,-1.36453,-0.68431,0.02099,-0.47219,1,Dimension 1,24650015
24650016,Quebec,-0.0402,-0.52908,-0.18522,-0.84966,-0.40104,2,Dimension 1,24650016
24650017,Quebec,-0.13696,-0.00689,-0.5951,-0.3333,-0.26806,2,Dimension 2,24650017
24650019,Quebec,0.12079,0.2194,0.18651,-0.60459,-0.01947,3,Dimension 2,24650019
24650020,Quebec,0.09214,-0.11046,0.10782,-0.43269,-0.0858,3,Dimension 3,24650020
24650023,Quebec,0.04484,-0.58654,-0.35208,-0.32295,-0.30418,2,Dimension 1,24650023
24650024,Quebec,-0.16353,-0.4561,-0.35516,-1.08185,-0.51416,1,Dimension 1,24650024
24650025,Quebec,-0.37684,-0.57924,-0.88334,-1.09893,-0.73459,1,Dimension 1,24650025
24650026,Quebec,-0.08711,-0.94886,-0.71997,-0.54357,-0.57488,1,Dimension 1,24650026
24650027,Quebec,0.20148,-1.27111,-0.47107,-0.27833,-0.45476,1,Dimension 1,24650027
24650030,Quebec,-0.31518,-0.65353,-0.36721,-0.83198,-0.54197,1,Dimension 1,24650030
24650031,Quebec,-0.36819,0.59258,-0.11047,-0.68735,-0.14336,3,Dimension 2,24650031
24650032,Quebec,-0.64778,-0.79574,-0.56384,-0.60199,-0.65234,1,Dimension 3,24650032
24650033,Quebec,-0.66239,0.05375,-1.01097,-0.8343,-0.61348,1,Dimension 2,24650033
24650034,Quebec,-0.79978,-0.37774,-0.58471,-0.7035,-0.61643,1,Dimension 2,24650034
24650035,Quebec,-0.4453,-0.04183,-0.81279,-0.34378,-0.41093,2,Dimension 2,24650035
24650036,Quebec,-0.20806,0.36024,-0.53752,-0.26072,-0.16151,3,Dimension 2,24650036
24650037,Quebec,-0.41887,-0.92558,-0.50786,-0.49221,-0.58613,1,Dimension 1,24650037
24650038,Quebec,-0.21254,-0.62804,-0.55258,-0.63723,-0.5076,1,Dimension 1,24650038
24650039,Quebec,-0.34049,-0.73942,-0.58439,-0.52102,-0.54633,1,Dimension 1,24650039
24650040,Quebec,-0.17151,-0.03735,-0.55481,-1.26658,-0.50756,1,Dimension 2,24650040
24650041,Quebec,-0.38985,-0.43976,-0.70084,-0.91328,-0.61093,1,Dimension 1,24650041
24650045,Quebec,-0.17384,-0.30498,-0.1002,-0.81881,-0.34946,2,Dimension 3,24650045
24650046,Quebec,0.17416,-0.04362,-0.6984,-0.20701,-0.19372,3,Dimension 1,24650046
24650047,Quebec,0.05064,-1.13565,-0.2289,-0.0805,-0.3486,2,Dimension 1,24650047
24650048,Quebec,-0.06995,-0.50168,-0.47637,-0.5822,-0.40755,2,Dimension 1,24650048
24650049,Quebec,-0.00121,-0.6192,-0.75143,-0.69399,-0.51646,1,Dimension 1,24650049
24650050,Quebec,-0.16132,-1.11375,-0.54116,-0.447,-0.56581,1,Dimension 1,24650050
24650051,Quebec,-0.48185,-0.62878,-0.75729,-0.45925,-0.58179,1,Dimension 4,24650051
24650052,Quebec,-0.10847,-0.68179,-0.86788,-0.97146,-0.6574,1,Dimension 1,24650052
24650053,Quebec,0.0086,-0.17116,-0.59831,-0.59751,-0.3396,2,Dimension 1,24650053
24650054,Quebec,-0.44229,-0.53046,-1.00948,-0.82095,-0.70079,1,Dimension 1,24650054
24650056,Quebec,-0.36691,-0.09034,-0.37904,-1.05519,-0.47287,1,Dimension 2,24650056
24650057,Quebec,-0.59314,-0.16269,-0.32778,-0.91215,-0.49894,1,Dimension 2,24650057
24650058,Quebec,-0.31333,-0.15861,-0.19232,-0.48876,-0.28826,2,Dimension 2,24650058
24650059,Quebec,-0.04098,-0.18557,-0.83331,-0.95686,-0.50418,1,Dimension 1,24650059
24650060,Quebec,0.14188,-0.38963,-0.33876,-1.29702,-0.47088,1,Dimension 1,24650060
24650061,Quebec,-0.38082,-0.60126,-0.77392,-0.85556,-0.65289,1,Dimension 1,24650061
24650062,Quebec,-0.10348,0.04877,-1.01854,-1.14603,-0.55482,1,Dimension 2,24650062
24650063,Quebec,-0.81762,-0.67417,-0.44768,-1.2101,-0.78739,1,Dimension 3,24650063
24650064,Quebec,-0.25162,-0.14472,-0.50824,-1.16637,-0.51774,1,Dimension 2,24650064
24650065,Quebec,-0.36559,-0.51533,-0.48148,-0.73647,-0.52472,1,Dimension 1,24650065
24650066,Quebec,0.27259,-0.09851,-0.74937,-0.29392,-0.2173,2,Dimension 1,24650066
24650067,Quebec,0.11061,-0.46893,-0.09279,-0.08825,-0.13484,3,Dimension 1,24650067
24650068,Quebec,0.40201,-0.42622,-0.42471,-0.65969,-0.27715,2,Dimension 1,24650068
24650069,Quebec,0.35589,-1.14442,1.12983,-0.54853,-0.05181,3,Dimension 3,24650069
24650070,Quebec,-0.28508,0.06572,-0.63763,-1.29038,-0.53684,1,Dimension 2,24650070
24650071,Quebec,-0.15862,0.24104,-0.47218,-1.15939,-0.38729,2,Dimension 2,24650071
24650072,Quebec,-0.14083,-0.54146,-0.29428,0.07011,-0.22661,2,Dimension 4,24650072
24650073,Quebec,0.19113,-0.08105,-0.71406,-0.52528,-0.28232,2,Dimension 1,24650073
24650074,Quebec,-0.30078,0.93401,0.34172,0.88631,0.46532,5,Dimension 2,24650074
24650075,Quebec,-0.0523,0.16222,-0.49529,-0.02618,-0.10289,3,Dimension 2,24650075
24650076,Quebec,-0.29149,-0.32333,-0.84693,-0.80598,-0.56694,1,Dimension 1,24650076
24650077,Quebec,-0.54181,-0.68188,-0.74181,-1.24329,-0.8022,1,Dimension 1,24650077
24650078,Quebec,-0.37121,-0.27048,-0.73347,-1.25954,-0.65868,1,Dimension 2,24650078
24650079,Quebec,-0.29246,-0.8743,-0.05554,-1.5546,-0.69422,1,Dimension 3,24650079
24650080,Quebec,-0.31881,-1.00005,-0.03742,-0.13646,-0.37318,2,Dimension 3,24650080
24650081,Quebec,0.70003,-0.11592,-0.46073,0.1051,0.05712,4,Dimension 1,24650081
24650082,Quebec,-0.42367,-0.24811,-1.12703,-0.84847,-0.66182,1,Dimension 2,24650082
24650083,Quebec,0.02046,0.15987,-0.56131,-0.74613,-0.28178,2,Dimension 2,24650083
24650084,Quebec,-0.33554,-0.25722,-0.31066,-0.63188,-0.38382,2,Dimension 2,24650084
24650085,Quebec,-0.13086,0.00502,-0.81545,-0.73548,-0.41919,2,Dimension 2,24650085
24650086,Quebec,-0.50217,0.00582,-0.72851,-1.3332,-0.63952,1,Dimension 2,24650086
24650089,Quebec,-0.11336,0.50814,-0.81827,-0.85845,-0.32049,2,Dimension 2,24650089
24650090,Quebec,-0.65231,-0.47862,-0.98562,-1.46981,-0.89659,1,Dimension 2,24650090
24650091,Quebec,0.21511,-0.10114,-0.69173,-0.63241,-0.30254,2,Dimension 1,24650091
24650092,Quebec,-0.27192,0.51294,-0.31673,-0.25013,-0.08146,3,Dimension 2,24650092
24650093,Quebec,-0.23187,-0.48272,0.01427,-0.56476,-0.31627,2,Dimension 3,24650093
24650094,Quebec,-0.24237,1.58253,-0.10528,-0.42165,0.20331,4,Dimension 2,24650094
24650095,Quebec,-0.55579,0.38173,-0.61817,-1.21143,-0.50091,1,Dimension 2,24650095
24650096,Quebec,0.71064,-0.38776,1.16183,0.12155,0.40156,4,Dimension 3,24650096
24650097,Quebec,0.28756,1.27558,0.38314,0.48539,0.60792,5,Dimension 2,24650097
24650098,Quebec,0.22339,-0.62735,-0.49556,-0.65519,-0.38868,2,Dimension 1,24650098
24650099,Quebec,0.16239,-0.50896,-0.41304,-1.09197,-0.4629,1,Dimension 1,24650099
24650100,Quebec,-0.53365,0.19858,-0.7348,-1.22384,-0.57343,1,Dimension 2,24650100
24650101,Quebec,0.28057,-0.4967,-0.01161,-1.13853,-0.34157,2,Dimension 1,24650101
24650102,Quebec,0.03592,-0.24401,-0.55677,-0.60817,-0.34326,2,Dimension 1,24650102
24650103,Quebec,0.4625,-0.81767,-0.1358,-0.51719,-0.25204,2,Dimension 1,24650103
24650104,Quebec,-0.29285,-0.33675,-0.53653,-1.51573,-0.67046,1,Dimension 1,24650104
24650105,Quebec,0.30331,-0.8833,-0.53316,-0.80488,-0.47951,1,Dimension 1,24650105
24650106,Quebec,0.04345,-0.25559,-0.26535,-0.59136,-0.26721,2,Dimension 1,24650106
24650107,Quebec,0.06939,-0.05952,0.26581,-0.61762,-0.08548,3,Dimension 3,24650107
24650108,Quebec,-0.50094,-0.05012,-0.50742,-0.832,-0.47262,1,Dimension 2,24650108
24650109,Quebec,0.90262,0.15701,0.48388,-0.41127,0.28306,4,Dimension 1,24650109
24650110,Quebec,0.32132,-0.01772,-0.39166,-0.8335,-0.23039,2,Dimension 1,24650110
24650111,Quebec,0.07074,-0.54479,-0.47595,-1.08979,-0.50995,1,Dimension 1,24650111
24650112,Quebec,-0.04226,-0.08008,0.29507,-0.61118,-0.10961,3,Dimension 3,24650112
24650113,Quebec,0.66657,0.79492,-0.1641,-0.16654,0.28271,4,Dimension 2,24650113
24650114,Quebec,0.38853,0.03381,0.06761,0.02671,0.12916,4,Dimension 1,24650114
24650115,Quebec,0.70037,3.3401,1.17815,-0.44914,1.19237,5,Dimension 2,24650115
24650116,Quebec,0.85332,-1.70519,1.22948,0.62803,0.25141,4,Dimension 3,24650116
24650117,Quebec,0.99881,-0.7534,0.61033,1.37364,0.55734,5,Dimension 4,24650117
24650118,Quebec,0.26747,0.087,-0.2927,0.16457,0.05659,4,Dimension 1,24650118
24650119,Quebec,0.68835,-0.17287,0.04511,0.33317,0.22344,4,Dimension 1,24650119
24650120,Quebec,0.28491,0.23616,-0.63463,-0.67021,-0.19594,3,Dimension 1,24650120
24650121,Quebec,0.20989,-0.66097,-0.61771,-0.87144,-0.48506,1,Dimension 1,24650121
24650122,Quebec,0.00161,-0.3664,0.53703,-0.4108,-0.05964,3,Dimension 3,24650122
24650123,Quebec,0.45854,-0.07074,0.05153,1.15869,0.39951,4,Dimension 4,24650123
24650124,Quebec,0.20412,0.54803,-0.04142,-1.37447,-0.16594,3,Dimension 2,24650124
24650125,Quebec,0.21232,-0.22847,0.02938,-0.42695,-0.10343,3,Dimension 1,24650125
24650126,Quebec,0.46583,0.24467,-0.17406,-0.06272,0.11843,4,Dimension 1,24650126
24650127,Quebec,0.71057,0.89708,0.59322,0.55818,0.68976,5,Dimension 2,24650127
24650128,Quebec,0.62706,-0.08671,0.00742,0.55337,0.27528,4,Dimension 1,24650128
24650129,Quebec,0.68464,0.26751,0.1828,0.06113,0.29902,4,Dimension 1,24650129
24650130,Quebec,0.10929,-0.44151,-0.07954,-0.16359,-0.14384,3,Dimension 1,24650130
24650131,Quebec,0.16811,-0.61982,-0.2692,0.0972,-0.15593,3,Dimension 1,24650131
24650132,Quebec,0.75674,1.73641,0.55078,-0.26708,0.69421,5,Dimension 2,24650132
24650133,Quebec,0.8637,-0.03723,-0.74501,0.39875,0.12005,4,Dimension 1,24650133
24650134,Quebec,-0.11591,-0.13913,-0.20345,-0.50827,-0.24169,2,Dimension 1,24650134
24650135,Quebec,0.46937,0.05491,-0.25024,-1.00818,-0.18353,3,Dimension 1,24650135
24650136,Quebec,0.81409,-0.56106,0.03348,0.72983,0.25408,4,Dimension 1,24650136
24650137,Quebec,1.32054,-0.30383,0.55987,0.2493,0.45647,5,Dimension 1,24650137
24650138,Quebec,0.20733,-0.94248,-0.5816,0.04928,-0.31687,2,Dimension 1,24650138
24650139,Quebec,0.29707,0.81376,0.19579,0.18386,0.37262,4,Dimension 2,24650139
24650140,Quebec,-0.25876,-0.19535,-0.42909,-1.14276,-0.50649,1,Dimension 2,24650140
24650141,Quebec,0.35727,-0.5299,-0.35073,-0.07716,-0.15013,3,Dimension 1,24650141
24650142,Quebec,1.22135,0.08836,-0.06131,0.98577,0.55854,5,Dimension 1,24650142
24650143,Quebec,-0.03163,0.37017,-0.80062,0.06674,-0.09884,3,Dimension 2,24650143
24650144,Quebec,0.3444,-0.62333,-1.00854,0.2449,-0.26064,2,Dimension 1,24650144
24650145,Quebec,0.28363,-0.29042,-0.43288,-0.62178,-0.26536,2,Dimension 1,24650145
24650146,Quebec,0.2521,-0.80613,-0.58144,0.13285,-0.25065,2,Dimension 1,24650146
24650147,Quebec,0.28617,0.76499,-0.1621,0.06592,0.23874,4,Dimension 2,24650147
24650148,Quebec,-0.02005,-0.06096,-0.34923,-0.25438,-0.17115,3,Dimension 1,24650148
24650149,Quebec,0.69401,-0.27765,0.3855,-0.72463,0.01931,3,Dimension 1,24650149
24650150,Quebec,0.32006,-1.10956,-0.11437,-0.60894,-0.3782,2,Dimension 1,24650150
24650151,Quebec,0.53015,-0.05241,-0.20729,0.05815,0.08215,4,Dimension 1,24650151
24650153,Quebec,0.11917,-0.33429,-0.50692,-0.50301,-0.30626,2,Dimension 1,24650153
24650154,Quebec,0.17921,-0.73343,-0.62039,-0.53802,-0.42816,2,Dimension 1,24650154
24650155,Quebec,0.20158,-0.2834,-0.40909,-0.08182,-0.14318,3,Dimension 1,24650155
24650156,Quebec,-0.19436,-0.3735,-0.99294,-1.09713,-0.66448,1,Dimension 1,24650156
24650158,Quebec,0.48576,-0.25714,-0.24955,-0.10115,-0.03052,3,Dimension 1,24650158
24650159,Quebec,1.66775,-0.01935,2.076,0.16599,0.9726,5,Dimension 3,24650159
24650160,Quebec,0.27015,-0.39155,-0.67587,-0.00305,-0.20008,3,Dimension 1,24650160
24650161,Quebec,0.22783,-0.6075,-0.62261,-1.17045,-0.54318,1,Dimension 1,24650161
24650162,Quebec,0.935,2.08905,-0.60561,-0.08496,0.58337,5,Dimension 2,24650162
24650163,Quebec,0.80658,-1.45008,0.0626,1.20592,0.15625,4,Dimension 4,24650163
24650165,Quebec,1.04887,-0.102,-1.09898,1.57869,0.35665,4,Dimension 4,24650165
24650166,Quebec,0.79509,-0.82753,-0.23326,0.83466,0.14224,4,Dimension 4,24650166
24650167,Quebec,1.14536,-0.01201,-0.10849,0.01051,0.25884,4,Dimension 1,24650167
24650168,Quebec,0.8382,1.44942,-1.19999,1.03477,0.5306,5,Dimension 2,24650168
24650169,Quebec,1.189,-0.64992,-1.45159,1.30676,0.09856,4,Dimension 4,24650169
24650170,Quebec,0.72054,0.03682,-0.67433,0.79276,0.21895,4,Dimension 4,24650170
24650171,Quebec,-0.03751,0.57881,-0.67787,-1.06405,-0.30016,2,Dimension 2,24650171
24650172,Quebec,1.62763,-0.49037,-0.11552,1.5886,0.65258,5,Dimension 1,24650172
24650173,Quebec,-0.4665,0.02497,-0.57659,-0.43532,-0.36336,2,Dimension 2,24650173
24650174,Quebec,0.52925,0.02101,0.61863,-0.96171,0.05179,4,Dimension 3,24650174
24650175,Quebec,1.02256,-0.45927,-0.57455,0.99261,0.24534,4,Dimension 1,24650175
24650176,Quebec,0.72716,-0.34623,0.29339,1.58262,0.56423,5,Dimension 4,24650176
24650177,Quebec,1.4733,-0.25414,0.46581,1.23586,0.73021,5,Dimension 1,24650177
24650178,Quebec,0.82377,-0.07693,0.43076,1.02569,0.55082,5,Dimension 4,24650178
24650179,Quebec,1.74212,-0.78336,1.00348,1.31425,0.81912,5,Dimension 1,24650179
24650180,Quebec,1.52237,-0.42733,0.63305,1.32281,0.76272,5,Dimension 1,24650180
24650181,Quebec,0.79478,2.87568,-0.61246,0.27545,0.83336,5,Dimension 2,24650181
24650182,Quebec,0.33748,0.15789,-1.423,0.95182,0.00604,3,Dimension 4,24650182
24650183,Quebec,0.5577,-0.42928,-0.2443,0.15122,0.00884,3,Dimension 1,24650183
24650184,Quebec,0.82557,-0.03878,0.18132,0.95182,0.47998,5,Dimension 4,24650184
24650185,Quebec,0.93166,-1.16787,-0.22819,0.15113,-0.07832,3,Dimension 1,24650185
24650186,Quebec,0.71894,-0.44014,-0.29984,0.46563,0.11115,4,Dimension 1,24650186
24650187,Quebec,0.37749,0.45871,0.20584,0.76855,0.45265,5,Dimension 4,24650187
24650188,Quebec,0.56536,-0.76479,-0.84662,1.16744,0.03035,3,Dimension 4,24650188
24650189,Quebec,0.43705,-0.51311,0.04411,-0.68207,-0.17851,3,Dimension 1,24650189
24650190,Quebec,1.03958,-0.13634,1.16144,0.03454,0.5248,5,Dimension 3,24650190
24650191,Quebec,0.90738,-0.8105,0.72021,0.80445,0.40539,4,Dimension 1,24650191
24650192,Quebec,1.44934,-0.33266,0.35721,0.80837,0.57057,5,Dimension 1,24650192
24650193,Quebec,1.12258,-0.13601,0.28846,0.00886,0.32097,4,Dimension 1,24650193
24650194,Quebec,0.56769,-0.25891,-0.38194,-0.07448,-0.03691,3,Dimension 1,24650194
24650195,Quebec,0.69191,-0.87028,-0.45612,-0.46099,-0.27387,2,Dimension 1,24650195
24650196,Quebec,0.2694,-0.41881,-0.13066,-0.18462,-0.11617,3,Dimension 1,24650196
24650197,Quebec,0.08279,0.18466,-0.28219,-0.0476,-0.01558,3,Dimension 2,24650197
24650198,Quebec,0.38987,-0.10029,-0.73998,-0.22526,-0.16891,3,Dimension 1,24650198
24650199,Quebec,0.77809,-0.34358,0.33069,-0.18198,0.14581,4,Dimension 1,24650199
24650200,Quebec,0.58862,0.33437,1.21728,-0.65978,0.37012,4,Dimension 3,24650200
24650201,Quebec,0.11847,-0.25817,-0.10438,-0.03877,-0.07071,3,Dimension 1,24650201
24650202,Quebec,0.35812,-0.89442,0.28967,0.00925,-0.05934,3,Dimension 1,24650202
24650204,Quebec,0.00751,-0.22581,-0.32828,-0.68881,-0.30885,2,Dimension 1,24650204
24650205,Quebec,0.96977,-0.56689,-0.52982,0.15128,0.00609,3,Dimension 1,24650205
24650206,Quebec,1.03361,-0.45469,-1.05958,1.02237,0.13543,4,Dimension 1,24650206
24650207,Quebec,0.00284,-0.18362,-0.66102,-0.18757,-0.25734,2,Dimension 1,24650207
24650208,Quebec,0.34313,0.16553,-0.50691,-0.67542,-0.16842,3,Dimension 1,24650208
24650209,Quebec,-0.08147,-0.08156,-1.02756,-0.55598,-0.43664,2,Dimension 1,24650209
24650210,Quebec,0.10086,-0.34192,0.31653,-0.54973,-0.11857,3,Dimension 3,24650210
24650211,Quebec,-0.42032,-0.59984,-0.79113,-0.85513,-0.66661,1,Dimension 1,24650211
24650212,Quebec,-0.4232,0.11263,-0.70684,-1.17885,-0.54907,1,Dimension 2,24650212
24650213,Quebec,-0.53463,-0.75958,-0.62662,-0.95754,-0.71959,1,Dimension 1,24650213
24650214,Quebec,0.26375,-0.36787,-0.25776,-0.62258,-0.24612,2,Dimension 1,24650214
24650215,Quebec,0.09542,0.17928,-0.7108,-0.79082,-0.30673,2,Dimension 2,24650215
24650216,Quebec,-0.17474,0.6267,-0.74711,-0.48146,-0.19415,3,Dimension 2,24650216
24650217,Quebec,0.12941,-0.6414,-0.51828,-0.21913,-0.31235,2,Dimension 1,24650217
24650218,Quebec,0.2061,1.32856,-1.05756,0.06469,0.13545,4,Dimension 2,24650218
24650219,Quebec,0.61008,0.85321,-0.13758,-0.53845,0.19682,4,Dimension 2,24650219
24650220,Quebec,-0.34888,-0.73568,-0.66239,-0.94846,-0.67385,1,Dimension 1,24650220
24650221,Quebec,-0.15796,-0.02634,-0.67175,-0.9556,-0.45291,1,Dimension 2,24650221
24650222,Quebec,-0.27758,-0.87098,-0.06357,-0.51946,-0.4329,2,Dimension 3,24650222
24650223,Quebec,-0.43647,-0.20351,-1.03488,-0.95538,-0.65756,1,Dimension 2,24650223
24650224,Quebec,0.01764,0.15382,-0.74453,-1.08193,-0.41375,2,Dimension 2,24650224
24650225,Quebec,-0.25761,-0.64094,-0.74883,-1.0101,-0.66437,1,Dimension 1,24650225
24650226,Quebec,-0.69195,-0.32052,-0.81941,-0.91921,-0.68777,1,Dimension 2,24650226
24650227,Quebec,-0.55075,-0.47697,-1.08243,-0.5965,-0.67666,1,Dimension 2,24650227
24650228,Quebec,-0.27736,1.03242,-1.14284,-0.92935,-0.32928,2,Dimension 2,24650228
24650229,Quebec,0.12288,0.51174,-0.89717,-0.45655,-0.17978,3,Dimension 2,24650229
24650230,Quebec,-0.29289,-1.0567,-0.79228,-0.7807,-0.73064,1,Dimension 1,24650230
24650231,Quebec,-0.16335,-0.61275,-0.66967,-0.24536,-0.42278,2,Dimension 1,24650231
24650232,Quebec,0.31332,-0.9245,-0.57487,0.44579,-0.18507,3,Dimension 4,24650232
24650235,Quebec,0.03528,-1.33123,-0.8523,-0.48718,-0.65886,1,Dimension 1,24650235
24650236,Quebec,0.77223,-0.56127,-0.04386,0.15396,0.08027,4,Dimension 1,24650236
24650237,Quebec,0.14722,-0.36737,0.07253,-0.17304,-0.08016,3,Dimension 1,24650237
24650238,Quebec,-0.31785,-0.84211,-0.85504,-1.17832,-0.79833,1,Dimension 1,24650238
24650239,Quebec,-0.45335,-0.34284,-1.08458,-0.70361,-0.64609,1,Dimension 2,24650239
24650240,Quebec,0.32942,-0.77842,0.44859,0.22824,0.05696,4,Dimension 3,24650240
24650242,Quebec,0.6704,0.63123,-0.10899,0.07454,0.31679,4,Dimension 1,24650242
24650243,Quebec,0.30077,-0.39817,-0.13993,-0.44288,-0.17005,3,Dimension 1,24650243
24650244,Quebec,0.45093,2.45316,-1.25049,-0.61224,0.26034,4,Dimension 2,24650244
24650246,Quebec,-0.07635,-1.16204,-0.08332,-0.04648,-0.34205,2,Dimension 4,24650246
24650247,Quebec,-0.32859,-0.42587,0.03568,-0.30168,-0.25511,2,Dimension 3,24650247
24650248,Quebec,0.05123,-0.20018,0.62195,-0.43277,0.01006,3,Dimension 3,24650248
24650249,Quebec,0.3949,0.12852,0.63481,0.18283,0.33527,4,Dimension 3,24650249
24650250,Quebec,0.01153,0.8334,-0.02221,0.53937,0.34052,4,Dimension 2,24650250
24650251,Quebec,-0.0589,-0.36426,-0.07247,-0.26305,-0.18967,3,Dimension 1,24650251
24650252,Quebec,0.10714,0.62373,-1.17731,-1.15017,-0.39915,2,Dimension 2,24650252
24650255,Quebec,-0.0208,0.25593,-0.38219,0.33359,0.04663,3,Dimension 4,24650255
24650256,Quebec,0.00748,-0.85522,-0.60612,-0.92742,-0.59532,1,Dimension 1,24650256
24650258,Quebec,-0.3787,-1.19392,-0.95599,-1.67992,-1.05213,1,Dimension 1,24650258
24650260,Quebec,-0.61652,-1.19213,-0.90031,-1.56333,-1.06807,1,Dimension 1,24650260
24650261,Quebec,-0.1854,-0.50116,-0.8215,-0.25078,-0.43971,2,Dimension 1,24650261
24650262,Quebec,-0.50244,-0.36197,-0.87037,-1.02506,-0.68996,1,Dimension 2,24650262
24650263,Quebec,0.08995,2.0349,-1.1295,-0.63288,0.09062,4,Dimension 2,24650263
24650264,Quebec,-0.43186,-0.57271,0.45691,-1.26851,-0.45404,1,Dimension 3,24650264
24650265,Quebec,-0.51888,-0.98569,-0.44254,-1.1226,-0.76743,1,Dimension 3,24650265
24650266,Quebec,-0.31878,0.82126,-0.49586,-0.6036,-0.14924,3,Dimension 2,24650266
24650267,Quebec,0.14887,-0.28842,-0.40014,-0.50433,-0.26101,2,Dimension 1,24650267
24650268,Quebec,0.05034,0.222,-0.75288,-0.05237,-0.13323,3,Dimension 2,24650268
24650269,Quebec,-0.40243,-0.14963,-1.02881,-0.72167,-0.57564,1,Dimension 2,24650269
24650270,Quebec,-0.32801,-0.76637,-0.47828,-0.69522,-0.56697,1,Dimension 1,24650270
24650271,Quebec,-0.46629,-0.58815,-1.05661,-0.19821,-0.57731,1,Dimension 4,24650271
24650272,Quebec,-0.28794,-0.37546,-0.96731,-1.64726,-0.81949,1,Dimension 1,24650272
24650273,Quebec,0.08289,-0.91868,-0.53078,-0.72147,-0.52201,1,Dimension 1,24650273
24650274,Quebec,-0.42258,0.64856,-0.85743,-1.37453,-0.5015,1,Dimension 2,24650274
24650275,Quebec,-0.38944,-0.02658,-1.10197,-0.71602,-0.5585,1,Dimension 2,24650275
24650276,Quebec,-0.27154,-0.69201,-0.62071,-0.45653,-0.5102,1,Dimension 1,24650276
24650277,Quebec,0.04739,-0.21063,-0.46971,-0.08628,-0.17981,3,Dimension 1,24650277
24650278,Quebec,-0.38475,-0.80072,-0.60212,-0.90386,-0.67286,1,Dimension 1,24650278
24650279,Quebec,-0.47755,-0.12593,-1.0926,-0.89324,-0.64733,1,Dimension 2,24650279
24650280,Quebec,-0.17019,-0.13432,-0.87663,-0.97449,-0.53891,1,Dimension 2,24650280
24650281,Quebec,0.51508,3.52178,-2.42993,0.09357,0.42513,5,Dimension 2,24650281
24650283,Quebec,0.82179,3.2219,-1.66474,0.87184,0.81269,5,Dimension 2,24650283
24650284,Quebec,0.54882,-0.31989,-0.2211,0.67513,0.17074,4,Dimension 4,24650284
24650285,Quebec,0.43308,-0.44355,0.04407,0.03924,0.01821,3,Dimension 1,24650285
24650286,Quebec,0.70958,-1.36949,0.35845,1.14664,0.2113,4,Dimension 4,24650286
24650287,Quebec,0.63336,-0.62225,-0.06909,-0.33834,-0.09908,3,Dimension 1,24650287
24650289,Quebec,0.23181,1.59362,-0.69317,0.25085,0.34577,4,Dimension 2,24650289
24650291,Quebec,-0.15801,0.03503,-0.4833,-1.06811,-0.4186,2,Dimension 2,24650291
24650292,Quebec,0.28714,-1.13858,-0.47128,-0.05217,-0.34372,2,Dimension 1,24650292
24650293,Quebec,0.04394,-0.65236,-0.35396,0.09723,-0.21629,2,Dimension 4,24650293
24650294,Quebec,0.34734,-1.0389,-0.57891,-0.28248,-0.38824,2,Dimension 1,24650294
24650295,Quebec,0.78138,-0.85078,0.46853,-0.18981,0.05233,4,Dimension 1,24650295
24650296,Quebec,0.85704,3.98746,-1.43058,0.88667,1.07515,5,Dimension 2,24650296
24650297,Quebec,0.31035,-0.49958,-0.06899,-0.52948,-0.19692,3,Dimension 1,24650297
24650298,Quebec,1.25678,0.50584,0.29532,-0.47902,0.39473,4,Dimension 1,24650298
24650299,Quebec,0.95031,-0.65001,0.87297,-0.78203,0.09781,4,Dimension 1,24650299
24650300,Quebec,0.31406,-0.27901,-0.45529,0.042,-0.09456,3,Dimension 1,24650300
24650301,Quebec,1.29347,0.86796,-0.23871,0.19849,0.5303,5,Dimension 1,24650301
24650302,Quebec,1.22234,0.51746,0.75873,-0.29842,0.55003,5,Dimension 1,24650302
24650303,Quebec,2.75599,-0.63893,1.21439,1.03687,1.09208,5,Dimension 1,24650303
24650304,Quebec,1.95035,0.00126,1.25532,0.19752,0.85111,5,Dimension 1,24650304
24650305,Quebec,2.72647,-0.37618,0.7183,1.33762,1.10155,5,Dimension 1,24650305
24650306,Quebec,1.24026,0.091,0.95208,0.20461,0.62199,5,Dimension 1,24650306
24650307,Quebec,0.82502,-0.37457,0.61383,0.40979,0.36851,4,Dimension 1,24650307
24650308,Quebec,2.00072,-0.74994,0.75136,0.74633,0.68712,5,Dimension 1,24650308
24650309,Quebec,2.07306,0.09296,1.56419,0.0679,0.94953,5,Dimension 1,24650309
24650310,Quebec,3.39323,-0.04318,1.68299,1.61053,1.66089,5,Dimension 1,24650310
24650311,Quebec,2.35983,1.66546,0.67682,0.24633,1.23711,5,Dimension 1,24650311
24650312,Quebec,0.70545,0.11491,0.08612,-0.73351,0.04324,3,Dimension 1,24650312
24650313,Quebec,1.11057,0.53472,-0.12098,0.42085,0.48629,5,Dimension 1,24650313
24650314,Quebec,1.95572,0.39918,0.66938,0.85052,0.9687,5,Dimension 1,24650314
24650315,Quebec,1.22197,-0.08747,0.48735,-0.12264,0.3748,4,Dimension 1,24650315
24650316,Quebec,1.23505,0.85226,-0.88822,0.50589,0.42625,5,Dimension 1,24650316
24650317,Quebec,1.05619,2.6553,-1.52641,0.44689,0.65799,5,Dimension 2,24650317
24650318,Quebec,1.25165,0.1875,0.08105,-0.80358,0.17915,4,Dimension 1,24650318
24650319,Quebec,0.6366,2.10642,-0.8041,-0.34757,0.39784,4,Dimension 2,24650319
24650320,Quebec,0.74415,0.72421,-0.93628,-0.14279,0.09732,4,Dimension 1,24650320
24650321,Quebec,1.12598,1.59563,-0.01744,-0.65006,0.51353,5,Dimension 2,24650321
24650322,Quebec,0.29795,-0.31189,0.17861,-0.71483,-0.13754,3,Dimension 1,24650322
24650323,Quebec,0.7782,0.74513,0.8596,-1.28139,0.27539,4,Dimension 3,24650323
24650324,Quebec,1.35063,0.14571,0.20427,-0.69884,0.25044,4,Dimension 1,24650324
24650325,Quebec,1.5688,0.01068,1.36806,-0.68701,0.56513,5,Dimension 1,24650325
24650326,Quebec,3.24374,0.34117,1.68332,0.70372,1.49299,5,Dimension 1,24650326
24650327,Quebec,0.94595,0.94172,0.4,-0.04456,0.56078,5,Dimension 1,24650327
24650328,Quebec,1.47858,-0.14128,0.716,-0.45828,0.39876,4,Dimension 1,24650328
24650329,Quebec,1.98358,-0.06579,1.26281,-0.28295,0.72441,5,Dimension 1,24650329
24650330,Quebec,0.97705,2.80166,1.31921,1.41506,1.62825,5,Dimension 2,24650330
24650331,Quebec,0.63518,1.60599,-0.11226,-0.43886,0.42251,5,Dimension 2,24650331
24650332,Quebec,0.68015,-0.30025,0.322,-0.17937,0.13063,4,Dimension 1,24650332
24650333,Quebec,2.33352,-0.93302,0.28125,1.1213,0.70076,5,Dimension 1,24650333
24650334,Quebec,2.60002,0.50026,0.9897,0.09756,1.04689,5,Dimension 1,24650334
24650337,Quebec,1.30853,1.016,1.04951,-0.54341,0.70766,5,Dimension 1,24650337
24650339,Quebec,0.81972,-0.24564,0.63365,-0.97439,0.05834,4,Dimension 1,24650339
24650340,Quebec,0.44156,-0.62733,0.63109,-0.27118,0.04354,3,Dimension 3,24650340
24650341,Quebec,0.71822,-1.0036,0.36489,0.43926,0.12969,4,Dimension 1,24650341
24650342,Quebec,1.34048,-0.5128,0.81523,0.37611,0.50475,5,Dimension 1,24650342
24650343,Quebec,0.33087,0.78152,-0.21028,-0.59828,0.07596,4,Dimension 2,24650343
24650344,Quebec,0.19161,0.24713,0.48006,-0.65036,0.06711,4,Dimension 3,24650344
24650345,Quebec,0.36328,-0.24713,-0.33167,-1.01494,-0.30761,2,Dimension 1,24650345
24650346,Quebec,0.07791,0.04728,0.09738,-1.04772,-0.20629,2,Dimension 3,24650346
24650347,Quebec,0.90097,0.04277,0.06701,-0.33255,0.16955,4,Dimension 1,24650347
24650348,Quebec,0.74524,0.94977,-0.27721,-0.91674,0.12526,4,Dimension 2,24650348
24650349,Quebec,1.1835,1.30731,0.92425,-1.51654,0.47463,5,Dimension 2,24650349
24650350,Quebec,0.53171,0.28987,-0.07384,-0.88575,-0.0345,3,Dimension 1,24650350
24650351,Quebec,1.0011,0.79762,0.84246,-0.77031,0.46772,5,Dimension 1,24650351
24650352,Quebec,0.98816,0.04558,0.0641,-1.09435,0.00087,3,Dimension 1,24650352
24650353,Quebec,0.2165,0.39708,-0.32553,-0.52692,-0.05972,3,Dimension 2,24650353
24650354,Quebec,0.20309,0.03299,-0.39603,-1.00982,-0.29244,2,Dimension 1,24650354
24650355,Quebec,0.78794,0.57515,0.46031,-1.36608,0.11433,4,Dimension 1,24650355
24650356,Quebec,0.74414,0.78963,-0.11113,-0.51361,0.22726,4,Dimension 2,24650356
24650357,Quebec,1.47264,1.09037,0.08845,-0.51624,0.53381,5,Dimension 1,24650357
24650358,Quebec,0.34572,-0.63938,0.61998,-0.78706,-0.11519,3,Dimension 3,24650358
24650359,Quebec,1.31439,-0.39738,0.51247,-0.86756,0.14048,4,Dimension 1,24650359
24650360,Quebec,1.26689,1.25127,0.46232,-0.21591,0.69114,5,Dimension 1,24650360
24650361,Quebec,1.92497,0.49917,1.13403,-0.46596,0.77305,5,Dimension 1,24650361
24650362,Quebec,0.54598,0.60935,0.38861,-0.73084,0.20327,4,Dimension 2,24650362
24650363,Quebec,0.86496,0.69906,0.09876,-0.29496,0.34195,4,Dimension 1,24650363
24650364,Quebec,0.62556,0.63212,0.2006,-0.60323,0.21376,4,Dimension 2,24650364
24650365,Quebec,0.1702,1.30805,0.193,-1.96953,-0.07457,3,Dimension 2,24650365
24650366,Quebec,2.65942,-0.09373,1.65786,-0.06878,1.03869,5,Dimension 1,24650366
24650367,Quebec,0.17168,0.31568,0.73079,-1.62088,-0.10068,3,Dimension 3,24650367
24650368,Quebec,0.9629,0.06713,0.0293,-0.7584,0.07523,4,Dimension 1,24650368
24650369,Quebec,1.59357,0.01319,0.19353,0.18793,0.49705,5,Dimension 1,24650369
24650370,Quebec,0.47901,0.18154,0.16532,-0.13402,0.17296,4,Dimension 1,24650370
24650371,Quebec,0.84598,-0.01021,-0.07214,-0.68035,0.02082,3,Dimension 1,24650371
24650372,Quebec,1.13489,0.61169,0.38365,-0.89698,0.30831,4,Dimension 1,24650372
24650373,Quebec,1.67793,1.79665,-1.52973,1.84615,0.94775,5,Dimension 4,24650373
24650374,Quebec,1.36179,2.68968,-0.77728,0.47211,0.93658,5,Dimension 2,24650374
24650380,Quebec,0.21945,-0.18594,-0.63236,-0.99423,-0.39827,2,Dimension 1,24650380
24650381,Quebec,0.41474,-0.81581,-0.05537,-0.50825,-0.24117,2,Dimension 1,24650381
24650382,Quebec,0.42821,0.63531,-0.27147,-0.42874,0.09083,4,Dimension 2,24650382
24650383,Quebec,-0.44847,-0.72857,-0.67382,-0.51504,-0.59147,1,Dimension 1,24650383
24650384,Quebec,1.01034,5.03312,-1.47114,-0.45836,1.02849,5,Dimension 2,24650384
24650385,Quebec,0.3775,0.81977,-0.63825,-0.42838,0.03266,3,Dimension 2,24650385
24650386,Quebec,-0.35969,-0.03743,-1.01962,-1.09603,-0.62819,1,Dimension 2,24650386
24650387,Quebec,0.2171,-0.5448,-1.05867,-0.23901,-0.40635,2,Dimension 1,24650387
24650389,Quebec,-0.07056,-1.04169,-0.78745,-0.74975,-0.66236,1,Dimension 1,24650389
24650390,Quebec,-0.129,-0.81759,-0.595,-0.80734,-0.58723,1,Dimension 1,24650390
24650391,Quebec,-0.35491,-0.78083,-0.67788,-0.81115,-0.65619,1,Dimension 1,24650391
24650392,Quebec,0.229,-0.75567,-0.63184,-0.58605,-0.43614,2,Dimension 1,24650392
24650393,Quebec,-0.0842,-0.00894,-0.30599,-1.02504,-0.35604,2,Dimension 2,24650393
24650394,Quebec,-0.15561,-1.1387,-0.23037,-0.16866,-0.42334,2,Dimension 1,24650394
24650395,Quebec,0.02373,-1.12505,-0.19387,-0.59807,-0.47332,1,Dimension 1,24650395
24650396,Quebec,-0.1475,-0.71375,-0.88789,-0.29073,-0.50997,1,Dimension 1,24650396
24650397,Quebec,0.12743,-0.96787,-0.39976,-0.44142,-0.4204,2,Dimension 1,24650397
24650398,Quebec,0.28485,-0.12386,-0.40259,-0.6806,-0.23055,2,Dimension 1,24650398
24650399,Quebec,-0.38453,-0.50256,-0.69562,-0.63946,-0.55554,1,Dimension 1,24650399
24650400,Quebec,0.15132,-1.05067,-0.2291,-0.70755,-0.459,1,Dimension 1,24650400
24650401,Quebec,0.02397,-0.47115,-0.30529,-0.2577,-0.25254,2,Dimension 1,24650401
24650402,Quebec,-0.04449,-0.90139,-0.65504,-0.48484,-0.52144,1,Dimension 1,24650402
24650404,Quebec,-0.16538,-0.68857,-0.5961,-0.7383,-0.54709,1,Dimension 1,24650404
24650405,Quebec,0.28467,-0.8161,-1.00127,-0.08105,-0.40344,2,Dimension 1,24650405
24650406,Quebec,-0.00856,-0.9241,-0.95692,-0.43648,-0.58151,1,Dimension 1,24650406
24650407,Quebec,-0.56533,-0.58308,-0.92542,-1.31671,-0.84763,1,Dimension 1,24650407
24650408,Quebec,-0.27039,-1.14073,-0.64693,-0.88267,-0.73518,1,Dimension 1,24650408
24650410,Quebec,-0.18808,-0.23848,0.28508,-0.85863,-0.25003,2,Dimension 3,24650410
24650411,Quebec,-0.26339,-0.93259,-0.20102,-0.17768,-0.39367,2,Dimension 4,24650411
24650412,Quebec,0.24653,0.1061,0.42808,0.58679,0.34187,4,Dimension 4,24650412
24650413,Quebec,-0.21838,0.64701,-0.21126,-0.20323,0.00353,3,Dimension 2,24650413
24650414,Quebec,0.11145,-0.22388,0.22251,0.02522,0.03382,3,Dimension 3,24650414
24650415,Quebec,-0.07555,-0.42388,-0.12381,0.09739,-0.13146,3,Dimension 4,24650415
24650416,Quebec,-0.11642,-0.84992,-0.11859,-0.04383,-0.28219,2,Dimension 4,24650416
24650417,Quebec,-0.01373,0.36378,1.47802,0.10478,0.48321,5,Dimension 3,24650417
24650418,Quebec,0.2245,-1.26661,0.74221,-0.00564,-0.07639,3,Dimension 3,24650418
24650419,Quebec,0.19086,-0.79711,-0.29957,-0.08791,-0.24844,2,Dimension 1,24650419
24650420,Quebec,0.10089,-0.27921,0.24679,-0.40551,-0.08426,3,Dimension 3,24650420
24650421,Quebec,-0.35465,-0.2039,-0.06978,-0.67777,-0.32653,2,Dimension 3,24650421
24650422,Quebec,0.43108,-0.46114,-0.12052,0.10471,-0.01147,3,Dimension 1,24650422
24650423,Quebec,0.18449,-0.70202,0.32743,-0.0424,-0.05812,3,Dimension 3,24650423
24650424,Quebec,-0.41434,-0.96155,-0.59417,-0.54365,-0.62843,1,Dimension 1,24650424
24650425,Quebec,0.83389,4.86909,-1.74979,0.76983,1.18076,5,Dimension 2,24650425
24650426,Quebec,-0.34916,-0.29508,-0.65989,0.01226,-0.32297,2,Dimension 4,24650426
24650427,Quebec,-0.25629,-1.44589,-0.07947,-0.77312,-0.63869,1,Dimension 3,24650427
24650428,Quebec,0.3291,-0.78477,-0.6499,-0.18303,-0.32215,2,Dimension 1,24650428
24650429,Quebec,0.19304,-0.83669,0.21773,-1.41941,-0.46134,1,Dimension 3,24650429
24650433,Quebec,-0.17428,-0.94798,-0.33727,-0.78665,-0.56155,1,Dimension 1,24650433
24650434,Quebec,0.05131,-1.17856,-0.79437,-0.09663,-0.50456,1,Dimension 1,24650434
24650437,Quebec,-0.45531,-1.05399,-0.66461,-0.31856,-0.62312,1,Dimension 4,24650437
24650438,Quebec,-0.10687,-1.09361,-0.16827,-1.02889,-0.59941,1,Dimension 1,24650438
24650439,Quebec,-0.04799,-0.65509,-0.44976,-0.99432,-0.53679,1,Dimension 1,24650439
24650440,Quebec,-0.74231,1.32899,-0.3523,-0.47055,-0.05904,3,Dimension 2,24650440
24650441,Quebec,0.05148,-0.66658,-0.16412,-0.67042,-0.36241,2,Dimension 1,24650441
24650442,Quebec,-0.58227,-0.37352,-0.85568,-1.05735,-0.7172,1,Dimension 2,24650442
24650443,Quebec,-0.30151,-0.12632,-0.60355,-0.46115,-0.37313,2,Dimension 2,24650443
24650444,Quebec,0.73454,-0.79264,0.10284,-0.13887,-0.02353,3,Dimension 1,24650444
24650445,Quebec,0.11909,-0.3458,-0.07117,-0.57683,-0.21868,2,Dimension 1,24650445
24650446,Quebec,-0.33217,-0.62736,-0.6847,-1.32694,-0.74279,1,Dimension 1,24650446
24650447,Quebec,-0.09862,-0.38561,-0.42691,-1.04489,-0.48901,1,Dimension 1,24650447
24650448,Quebec,-0.74668,-0.22651,-0.83977,-1.17285,-0.74645,1,Dimension 2,24650448
24650449,Quebec,0.14722,0.30414,-0.10579,-1.28345,-0.23447,2,Dimension 2,24650449
24650450,Quebec,-0.08658,0.44471,-0.64054,-0.52378,-0.20155,3,Dimension 2,24650450
24650451,Quebec,0.15024,-0.16872,-0.27097,-1.01152,-0.32524,2,Dimension 1,24650451
24650452,Quebec,0.67034,0.52322,0.03034,0.4029,0.4067,4,Dimension 1,24650452
24650453,Quebec,-0.04436,-0.85509,-0.46556,-0.05704,-0.35551,2,Dimension 1,24650453
24650454,Quebec,-0.43604,-0.74595,-0.46159,-0.61153,-0.56378,1,Dimension 1,24650454
24650455,Quebec,-0.28333,-0.07365,-0.51255,-0.99327,-0.4657,1,Dimension 2,24650455
24650456,Quebec,0.21832,0.42795,-0.44041,-0.5188,-0.07824,3,Dimension 2,24650456
24650457,Quebec,-0.28395,-0.41058,-0.68522,-0.79181,-0.54289,1,Dimension 1,24650457
24650458,Quebec,-0.55851,-0.58525,-0.74258,-0.47263,-0.58974,1,Dimension 4,24650458
24650459,Quebec,-0.03453,0.32042,-0.4968,-1.14843,-0.33984,2,Dimension 2,24650459
24650460,Quebec,-0.07731,-0.01453,-0.33323,-0.386,-0.20277,3,Dimension 2,24650460
24650461,Quebec,-0.32185,-0.10361,-0.63634,0.22754,-0.20857,2,Dimension 4,24650461
24650462,Quebec,0.14276,-0.83865,-0.71678,-0.32216,-0.43371,2,Dimension 1,24650462
24650463,Quebec,-0.182,0.2616,-0.15256,-0.68813,-0.19027,3,Dimension 2,24650463
24650464,Quebec,-0.04669,-0.15416,-0.62876,-0.75139,-0.39525,2,Dimension 1,24650464
24650466,Quebec,-0.44898,-0.52713,-0.77024,-0.7182,-0.61614,1,Dimension 1,24650466
24650467,Quebec,-0.56733,-0.05721,-0.69038,-1.24254,-0.63937,1,Dimension 2,24650467
24650468,Quebec,-0.44354,0.4554,-0.74483,-0.93622,-0.4173,2,Dimension 2,24650468
24650469,Quebec,-0.53881,0.37447,-0.6774,-0.959,-0.45018,2,Dimension 2,24650469
24650470,Quebec,0.45592,0.1189,-0.54436,-0.97709,-0.23666,2,Dimension 1,24650470
24650471,Quebec,0.09757,0.59276,-0.13763,-1.26233,-0.17741,3,Dimension 2,24650471
24650472,Quebec,-0.49073,0.18258,-0.46981,-1.11858,-0.47414,1,Dimension 2,24650472
24650473,Quebec,0.05545,-0.15408,-0.33865,-0.94264,-0.34498,2,Dimension 1,24650473
24650474,Quebec,0.50157,-0.49808,-0.47593,0.25992,-0.05313,3,Dimension 1,24650474
24650475,Quebec,-0.0196,-0.22834,-0.49189,-0.3201,-0.26498,2,Dimension 1,24650475
24650476,Quebec,0.16479,0.26026,0.19089,-0.88855,-0.06815,3,Dimension 2,24650476
24650477,Quebec,0.1819,-0.40897,-0.46229,-0.71011,-0.34987,2,Dimension 1,24650477
24650478,Quebec,0.63746,-0.4448,0.80117,0.15274,0.28664,4,Dimension 3,24650478
24650479,Quebec,0.80131,-0.46171,-0.405,0.44241,0.09425,4,Dimension 1,24650479
24650480,Quebec,-0.30411,-0.24135,-0.4432,-0.30439,-0.32326,2,Dimension 2,24650480
24650481,Quebec,-0.15555,-0.33491,0.18555,-0.72825,-0.25829,2,Dimension 3,24650481
24650482,Quebec,0.40121,-0.37413,0.26832,-0.89154,-0.14904,3,Dimension 1,24650482
24650483,Quebec,0.11552,0.08662,-0.28675,-0.8981,-0.24568,2,Dimension 1,24650483
24650485,Quebec,0.00669,-1.02775,-0.47446,-0.91748,-0.60325,1,Dimension 1,24650485
24650486,Quebec,-0.38275,-0.94879,-0.73804,-1.01087,-0.77011,1,Dimension 1,24650486
24650487,Quebec,-0.21286,-0.87873,-0.54236,-0.76186,-0.59895,1,Dimension 1,24650487
24650488,Quebec,0.56928,-0.15794,-0.30838,-0.60418,-0.1253,3,Dimension 1,24650488
24650489,Quebec,0.84858,-0.4049,0.23208,-0.38619,0.07239,4,Dimension 1,24650489
24650490,Quebec,0.26546,-0.59159,0.43082,-1.1625,-0.26445,2,Dimension 3,24650490
24650492,Quebec,0.38035,0.49528,-0.23335,-1.3063,-0.16601,3,Dimension 2,24650492
24650493,Quebec,1.58316,-0.47918,0.0773,0.37699,0.38957,4,Dimension 1,24650493
24650494,Quebec,0.58495,-0.29349,-0.24587,-0.80001,-0.1886,3,Dimension 1,24650494
24650495,Quebec,1.55508,0.08363,0.67119,0.07354,0.59586,5,Dimension 1,24650495
24650496,Quebec,1.39615,-0.30053,-0.12803,-0.02088,0.23668,4,Dimension 1,24650496
24650497,Quebec,0.28122,-0.36917,-0.18332,-0.72121,-0.24812,2,Dimension 1,24650497
24650498,Quebec,0.3173,-0.25109,-0.62581,-1.10065,-0.41506,2,Dimension 1,24650498
24650499,Quebec,-0.16134,-0.64275,-0.75541,-1.66681,-0.80658,1,Dimension 1,24650499
24650500,Quebec,0.21016,0.19117,-0.33876,-0.83781,-0.19381,3,Dimension 1,24650500
24650501,Quebec,0.28504,-0.75538,-0.0972,-0.91,-0.36938,2,Dimension 1,24650501
24650502,Quebec,0.63416,-0.3956,-0.36123,-0.35485,-0.11938,3,Dimension 1,24650502
24650504,Quebec,0.98057,1.80404,-0.34963,-0.86179,0.3933,4,Dimension 2,24650504
24650505,Quebec,1.34726,0.26911,0.68988,-0.0411,0.56629,5,Dimension 1,24650505
24650506,Quebec,0.2935,-0.68245,0.14516,-1.11786,-0.34041,2,Dimension 1,24650506
24650507,Quebec,0.91809,-0.18901,-0.31065,0.00479,0.1058,4,Dimension 1,24650507
24650508,Quebec,0.70981,-0.68795,0.54421,-1.00714,-0.11027,3,Dimension 1,24650508
24650509,Quebec,0.20007,-0.05499,-0.02142,-0.91812,-0.19862,3,Dimension 1,24650509
24650510,Quebec,0.62412,-0.42194,-0.11847,-0.36551,-0.07045,3,Dimension 1,24650510
24650511,Quebec,0.31626,-0.2965,-0.67945,-0.11994,-0.19491,3,Dimension 1,24650511
24650512,Quebec,-0.0005,-1.02792,-0.48498,-0.73757,-0.56274,1,Dimension 1,24650512
24650513,Quebec,-0.24178,0.19884,-0.42439,-1.06466,-0.383,2,Dimension 2,24650513
24650514,Quebec,-0.05921,-0.37903,-0.54896,0.0131,-0.24352,2,Dimension 4,24650514
24650515,Quebec,-0.35161,-0.59524,-0.1446,0.04737,-0.26102,2,Dimension 4,24650515
24650516,Quebec,-0.45086,-0.66393,-0.31148,-0.88652,-0.5782,1,Dimension 3,24650516
24650517,Quebec,0.09719,-0.29494,-0.20856,0.09542,-0.07772,3,Dimension 1,24650517
24650518,Quebec,0.0293,0.99325,-0.70475,-0.7027,-0.09622,3,Dimension 2,24650518
24650519,Quebec,0.1218,0.61472,-0.74037,-0.44903,-0.11322,3,Dimension 2,24650519
24650520,Quebec,-0.32889,-1.26931,-0.35927,-0.01346,-0.49273,1,Dimension 4,24650520
24650521,Quebec,1.59377,-0.45537,0.65492,0.15535,0.48717,5,Dimension 1,24650521
24650522,Quebec,1.03165,1.65961,0.55969,-0.59312,0.66446,5,Dimension 2,24650522
24650523,Quebec,3.12944,0.18649,1.12646,1.13813,1.39513,5,Dimension 1,24650523
24650527,Quebec,0.23139,-0.61567,-0.64247,-0.17165,-0.2996,2,Dimension 1,24650527
24650528,Quebec,-0.28046,-0.7819,-0.87533,-0.64979,-0.64687,1,Dimension 1,24650528
24650529,Quebec,-0.84105,-0.78534,-0.81305,-0.987,-0.85661,1,Dimension 2,24650529
24650530,Quebec,-0.31294,-0.52124,-0.25014,0.22235,-0.2155,2,Dimension 4,24650530
24650531,Quebec,-0.5232,-0.0251,-0.85574,-1.13433,-0.63459,1,Dimension 2,24650531
24650532,Quebec,-0.2589,-0.57473,-1.00619,-0.57673,-0.60414,1,Dimension 1,24650532
24650533,Quebec,-0.17708,-1.01289,-0.93447,-1.84427,-0.99218,1,Dimension 1,24650533
24650534,Quebec,-0.38287,-0.47822,-0.46904,-1.08315,-0.60332,1,Dimension 1,24650534
24650535,Quebec,-0.61544,-0.85728,-0.92758,-0.77555,-0.79396,1,Dimension 1,24650535
24650536,Quebec,-0.45354,-1.22159,-0.78076,-1.39438,-0.96257,1,Dimension 1,24650536
24650537,Quebec,-0.5024,-1.20611,-1.26563,-1.8111,-1.19631,1,Dimension 1,24650537
24650538,Quebec,0.26749,0.00619,-0.34252,-0.37324,-0.11052,3,Dimension 1,24650538
24650539,Quebec,-0.2973,-1.43365,-0.58269,-0.53934,-0.71324,1,Dimension 1,24650539
24650540,Quebec,-0.46523,-1.17322,-0.57309,-0.96579,-0.79433,1,Dimension 1,24650540
24650541,Quebec,-0.14211,-1.23614,-0.69721,-0.57524,-0.66267,1,Dimension 1,24650541
24650542,Quebec,0.08096,-0.87218,-0.78691,-0.45324,-0.50784,1,Dimension 1,24650542
24650543,Quebec,0.0173,-0.47783,-0.3954,-0.53503,-0.34774,2,Dimension 1,24650543
24650544,Quebec,-0.54661,-0.74247,-0.7272,-1.15632,-0.79315,1,Dimension 1,24650544
24650545,Quebec,-0.05937,-1.0079,-0.65548,-0.28676,-0.50238,1,Dimension 1,24650545
24650546,Quebec,-0.49426,-0.06125,-0.33524,-0.71803,-0.40219,2,Dimension 2,24650546
24650547,Quebec,-0.07049,1.27507,-1.17089,-0.00954,0.00604,3,Dimension 2,24650547
24650548,Quebec,-0.20969,-1.12026,-0.60713,-0.86576,-0.70071,1,Dimension 1,24650548
24650549,Quebec,-0.10635,1.90489,-1.09305,-0.56965,0.03396,3,Dimension 2,24650549
24650550,Quebec,-0.4873,-0.70653,-0.42286,-0.84153,-0.61456,1,Dimension 3,24650550
24650551,Quebec,-0.12026,-0.7053,-0.28926,-0.76062,-0.46886,1,Dimension 1,24650551
24650552,Quebec,0.17929,-0.03757,-0.31907,0.9735,0.19904,4,Dimension 4,24650552
24650554,Quebec,-0.28406,-1.08858,-0.65507,-0.53008,-0.63945,1,Dimension 1,24650554
24650555,Quebec,-0.37446,0.05339,-0.79737,-0.46401,-0.39561,2,Dimension 2,24650555
24650556,Quebec,-0.37736,-0.45031,-0.3076,-0.42185,-0.38928,2,Dimension 3,24650556
24650557,Quebec,-0.25637,-0.32441,-1.0047,-0.10898,-0.42361,2,Dimension 4,24650557
24650558,Quebec,-0.13694,-0.7117,-0.65436,-0.66726,-0.54256,1,Dimension 1,24650558
24650559,Quebec,-0.52604,-1.28815,-0.94947,-0.62566,-0.84733,1,Dimension 1,24650559
24650562,Quebec,-0.57713,-0.77503,-0.74295,-0.84075,-0.73396,1,Dimension 1,24650562
24650563,Quebec,-0.57171,-0.77789,-1.33768,-1.16691,-0.96355,1,Dimension 1,24650563
24650564,Quebec,-0.10126,-0.27073,-0.0286,-1.58162,-0.49555,1,Dimension 3,24650564
24650565,Quebec,-0.49702,-0.27896,-0.72976,-0.9505,-0.61406,1,Dimension 2,24650565
24650566,Quebec,-0.06835,-0.72593,-0.75616,-0.78439,-0.58371,1,Dimension 1,24650566
24650567,Quebec,0.48578,0.26788,-0.43538,-0.08245,0.05896,4,Dimension 1,24650567
24650568,Quebec,0.19635,-0.39524,0.0532,0.01142,-0.03357,3,Dimension 1,24650568
24650569,Quebec,-0.14153,1.23619,-0.96427,-0.87227,-0.18547,3,Dimension 2,24650569
24650570,Quebec,0.27914,0.37795,0.0313,0.04378,0.18304,4,Dimension 2,24650570
24650571,Quebec,-0.02347,-0.14465,-0.56205,-1.18061,-0.47769,1,Dimension 1,24650571
24650573,Quebec,0.37632,-1.10776,-0.50434,0.03149,-0.30107,2,Dimension 1,24650573
24650574,Quebec,0.13283,0.22609,-0.60517,-0.28737,-0.1334,3,Dimension 2,24650574
24650575,Quebec,0.03649,-0.22808,0.19359,-0.10683,-0.02621,3,Dimension 3,24650575
24650576,Quebec,0.45619,3.28304,-1.77628,0.35346,0.5791,5,Dimension 2,24650576
24650577,Quebec,-0.26886,-1.05903,-0.26482,-0.5483,-0.53525,1,Dimension 3,24650577
24650579,Quebec,0.1293,-0.65928,-0.1235,-0.67149,-0.33124,2,Dimension 1,24650579
24650580,Quebec,-0.67366,-1.03368,-0.8862,-0.80062,-0.84854,1,Dimension 1,24650580
24650581,Quebec,-0.13052,-0.12908,-0.67912,-1.00462,-0.48584,1,Dimension 2,24650581
24650582,Quebec,0.41585,-1.22291,-0.24346,-0.78211,-0.45816,1,Dimension 1,24650582
24650583,Quebec,-0.22773,0.47155,-0.40488,-0.54496,-0.1765,3,Dimension 2,24650583
24650584,Quebec,0.00039,-0.4335,-0.54184,-0.74861,-0.43089,2,Dimension 1,24650584
24650585,Quebec,-0.08106,0.00663,-0.11167,-0.11201,-0.07453,3,Dimension 2,24650585
24650586,Quebec,-0.47873,0.02903,-0.12532,-1.08809,-0.41578,2,Dimension 2,24650586
24650587,Quebec,-0.18291,-0.70599,-1.18649,-1.27986,-0.83881,1,Dimension 1,24650587
24650588,Quebec,-0.32776,-0.10059,-0.63466,-0.44975,-0.37819,2,Dimension 2,24650588
24650589,Quebec,-0.65301,-0.34747,-1.30538,-0.92024,-0.80652,1,Dimension 2,24650589
24650590,Quebec,1.43523,-0.50104,0.24127,0.5672,0.43566,5,Dimension 1,24650590
24650591,Quebec,2.60888,1.79961,2.36839,2.17508,2.23799,5,Dimension 1,24650591
24650592,Quebec,0.59731,-0.36429,0.1011,0.34589,0.17,4,Dimension 1,24650592
24650593,Quebec,0.78809,1.21534,0.30106,-0.18234,0.53054,5,Dimension 2,24650593
24650594,Quebec,2.18876,1.63786,-1.08665,2.00125,1.18531,5,Dimension 1,24650594
24650596,Quebec,0.42041,-0.73617,-0.04346,0.71078,0.08789,4,Dimension 4,24650596
24650597,Quebec,0.21102,-0.26732,-0.48702,-0.40669,-0.2375,2,Dimension 1,24650597
24650598,Quebec,0.45797,2.07515,-0.75585,0.10705,0.47108,5,Dimension 2,24650598
24650599,Quebec,0.41568,-0.56983,-0.25124,0.32539,-0.02,3,Dimension 1,24650599
24650600,Quebec,0.00937,-0.31997,-0.5869,-0.87178,-0.44232,2,Dimension 1,24650600
24650602,Quebec,1.8062,4.93176,-0.22757,0.34183,1.71306,5,Dimension 2,24650602
24650603,Quebec,0.67617,3.02095,-1.69183,0.50129,0.62665,5,Dimension 2,24650603
24650604,Quebec,-0.41015,-0.99064,-0.42027,-0.55252,-0.59339,1,Dimension 1,24650604
24650605,Quebec,0.01105,-0.05771,-0.45881,-0.24948,-0.18874,3,Dimension 1,24650605
24650606,Quebec,0.04825,-0.58928,-0.47842,0.06506,-0.2386,2,Dimension 4,24650606
24650607,Quebec,0.42315,-0.18075,-0.00066,1.25426,0.374,4,Dimension 4,24650607
24650608,Quebec,0.47557,-0.52739,-0.044,-0.16228,-0.06452,3,Dimension 1,24650608
24650609,Quebec,0.06668,-0.67817,-0.71011,-0.26639,-0.397,2,Dimension 1,24650609
24650610,Quebec,-0.2634,-1.1,-0.70795,-0.73866,-0.7025,1,Dimension 1,24650610
24650612,Quebec,2.34911,1.18424,-0.77781,1.66669,1.10556,5,Dimension 1,24650612
24650613,Quebec,-0.34434,-1.45999,-0.70152,-1.1248,-0.90766,1,Dimension 1,24650613
24650614,Quebec,0.0287,-1.51327,-1.2941,-0.24573,-0.7561,1,Dimension 1,24650614
24650615,Quebec,-0.45777,-1.17574,-0.69793,-1.06728,-0.84968,1,Dimension 1,24650615
24650616,Quebec,-0.50216,-1.52665,-0.82926,-0.70345,-0.89038,1,Dimension 1,24650616
24650618,Quebec,0.64517,-1.21682,-0.52945,-0.216,-0.32928,2,Dimension 1,24650618
24650619,Quebec,-0.39703,-0.99889,-0.75142,-0.80518,-0.73813,1,Dimension 1,24650619
24650620,Quebec,0.17867,-1.296,-0.71268,-1.74613,-0.89403,1,Dimension 1,24650620
24650621,Quebec,0.45214,-1.032,0.20269,-1.18644,-0.3909,2,Dimension 1,24650621
24650622,Quebec,0.39678,-0.40535,-0.47285,-0.38753,-0.21724,2,Dimension 1,24650622
24650623,Quebec,0.65274,-1.00042,0.31745,-0.96296,-0.2483,2,Dimension 1,24650623
24650624,Quebec,0.92858,-0.59014,0.0934,-1.54762,-0.27894,2,Dimension 1,24650624
24650625,Quebec,0.24066,-1.42345,-0.19765,-1.71588,-0.77408,1,Dimension 1,24650625
24650626,Quebec,0.22148,-1.02063,-0.26064,-0.95772,-0.50438,1,Dimension 1,24650626
24650627,Quebec,0.45562,-0.90757,-0.5366,-1.16576,-0.53858,1,Dimension 1,24650627
24650628,Quebec,0.76243,-0.93317,-0.09518,-0.56218,-0.20702,2,Dimension 1,24650628
24650629,Quebec,-0.22657,-1.2291,-0.60717,-0.86867,-0.73288,1,Dimension 1,24650629
24650630,Quebec,0.0256,-1.04315,-0.69145,-0.89344,-0.65061,1,Dimension 1,24650630
24650631,Quebec,0.0103,-0.95072,-0.37591,-0.21062,-0.38174,2,Dimension 1,24650631
24650632,Quebec,-0.00411,-0.79569,-0.30196,-0.06407,-0.29146,2,Dimension 1,24650632
24650633,Quebec,0.63401,-1.15404,0.36298,-1.36491,-0.38049,2,Dimension 1,24650633
24650634,Quebec,0.22055,-1.15683,-0.55788,-0.70237,-0.54913,1,Dimension 1,24650634
24650635,Quebec,0.07433,-1.14159,-0.25831,-1.0727,-0.59957,1,Dimension 1,24650635
24650636,Quebec,-0.40029,-1.17003,-0.24629,-0.73536,-0.63799,1,Dimension 3,24650636
24650637,Quebec,-0.10256,-1.47586,-0.98014,-1.70079,-1.06484,1,Dimension 1,24650637
24650638,Quebec,0.7326,-1.19766,0.36923,-1.05385,-0.28742,2,Dimension 1,24650638
24650639,Quebec,0.69682,-1.0238,-0.22237,-0.62931,-0.29466,2,Dimension 1,24650639
24650640,Quebec,0.46476,-0.0775,-0.22875,-0.62995,-0.11786,3,Dimension 1,24650640
24650641,Quebec,0.95457,-0.3083,-0.37911,-1.28575,-0.25465,2,Dimension 1,24650641
24650642,Quebec,1.17484,-0.16558,0.19978,-1.66268,-0.11341,3,Dimension 1,24650642
24650643,Quebec,0.7152,-0.64868,0.24902,-0.93377,-0.15456,3,Dimension 1,24650643
24650644,Quebec,-0.3809,-1.50555,-0.80665,-1.77993,-1.11826,1,Dimension 1,24650644
24650645,Quebec,0.4209,-1.03674,-0.27922,-1.24821,-0.53582,1,Dimension 1,24650645
24650646,Quebec,1.95029,-0.96998,0.74469,1.19166,0.72916,5,Dimension 1,24650646
24650647,Quebec,1.00658,2.08147,-1.39348,0.56769,0.56556,5,Dimension 2,24650647
24650649,Quebec,0.74583,0.00409,-0.31709,0.40802,0.21021,4,Dimension 1,24650649
24650650,Quebec,2.50932,11.974,-1.19155,0.8516,3.53584,5,Dimension 2,24650650
24650651,Quebec,0.90183,0.00683,0.37613,0.15711,0.36047,4,Dimension 1,24650651
24650653,Quebec,-0.32219,-1.02025,-0.62699,-0.30561,-0.56876,1,Dimension 4,24650653
24650654,Quebec,-0.08808,-1.34115,-0.86064,-0.79931,-0.7723,1,Dimension 1,24650654
24650655,Quebec,-0.07984,-0.62884,-0.69091,-0.88883,-0.57211,1,Dimension 1,24650655
24650657,Quebec,-0.24042,-0.93658,-0.35351,-0.53027,-0.5152,1,Dimension 1,24650657
24650658,Quebec,-0.28048,-0.64359,-0.36171,-0.35083,-0.40915,2,Dimension 1,24650658
24650663,Quebec,0.74573,-0.16189,-0.25334,-0.13194,0.04964,4,Dimension 1,24650663
24650664,Quebec,0.3625,-0.43866,-0.38569,-0.60385,-0.26643,2,Dimension 1,24650664
24650665,Quebec,-0.27109,-0.85386,-0.30249,-0.51976,-0.4868,1,Dimension 1,24650665
24650667,Quebec,0.22314,-0.91998,-0.0998,-0.47795,-0.31865,2,Dimension 1,24650667
24650668,Quebec,0.59493,-0.73734,-0.96122,0.20626,-0.22434,2,Dimension 1,24650668
24650669,Quebec,0.50891,0.0397,-0.64072,-1.05534,-0.28686,2,Dimension 1,24650669
24650670,Quebec,0.89275,0.87292,-1.35232,-0.02175,0.0979,4,Dimension 1,24650670
24650672,Quebec,0.83249,-0.41064,-1.14224,1.06392,0.08588,4,Dimension 4,24650672
24650673,Quebec,-0.32329,-1.42078,-0.6631,-2.06858,-1.11894,1,Dimension 1,24650673
24650676,Quebec,-0.53617,0.35713,-0.81003,-0.68032,-0.41735,2,Dimension 2,24650676
24650677,Quebec,-0.10649,-0.63658,-0.82752,-0.56888,-0.53487,1,Dimension 1,24650677
24650678,Quebec,-0.23147,-1.22581,-0.7925,-0.94573,-0.79888,1,Dimension 1,24650678
24650679,Quebec,-0.24776,-1.0519,-0.75318,-0.72308,-0.69398,1,Dimension 1,24650679
24650680,Quebec,-0.47561,-1.03785,-1.10774,-1.80765,-1.10721,1,Dimension 1,24650680
24650681,Quebec,0.01193,-0.98471,-0.69643,-1.5664,-0.8089,1,Dimension 1,24650681
24650682,Quebec,0.19652,-1.03302,-0.96954,-0.4348,-0.56021,1,Dimension 1,24650682
24650683,Quebec,0.11559,-1.28659,-0.40038,-2.06087,-0.90806,1,Dimension 1,24650683
24650684,Quebec,0.51695,-0.07989,-0.81493,-0.06528,-0.11079,3,Dimension 1,24650684
24650685,Quebec,-0.58827,-0.77063,-1.22507,-2.01687,-1.15021,1,Dimension 1,24650685
24650686,Quebec,-0.72039,-1.73661,-1.57774,-1.59872,-1.40836,1,Dimension 1,24650686
24650687,Quebec,-0.49138,-0.75037,-1.10021,-1.72066,-1.01566,1,Dimension 1,24650687
24650688,Quebec,-0.5174,-0.99431,-1.24586,-1.76106,-1.12966,1,Dimension 1,24650688
24650689,Quebec,-0.09054,-1.60481,-1.2008,-1.68506,-1.1453,1,Dimension 1,24650689
24650690,Quebec,-0.11573,-1.41595,-0.63083,-1.0112,-0.79343,1,Dimension 1,24650690
24650691,Quebec,0.07918,-1.43416,-0.29037,-1.04129,-0.67166,1,Dimension 1,24650691
24650692,Quebec,-0.28734,-1.91355,-1.0488,-1.60655,-1.21406,1,Dimension 1,24650692
24650693,Quebec,0.2978,-1.02476,-0.9698,-0.71287,-0.60241,1,Dimension 1,24650693
24650694,Quebec,-0.48265,-1.11158,-0.80696,-1.45042,-0.9629,1,Dimension 1,24650694
24650697,Quebec,-0.38575,-1.08233,-0.79529,-1.05169,-0.82877,1,Dimension 1,24650697
24650698,Quebec,-0.07269,-1.00264,-0.5284,-0.0281,-0.40796,2,Dimension 4,24650698
24650699,Quebec,-0.18657,-0.8636,-0.74236,-0.4509,-0.56086,1,Dimension 1,24650699
24650700,Quebec,0.33988,-1.22232,0.11052,-0.63554,-0.35186,2,Dimension 1,24650700
24650701,Quebec,0.77168,-0.89099,-0.12876,0.03691,-0.05279,3,Dimension 1,24650701
24650702,Quebec,-0.14878,-0.27716,-0.33834,-1.46374,-0.55701,1,Dimension 1,24650702
24650703,Quebec,-0.31249,-1.22759,-0.52382,-1.34415,-0.85201,1,Dimension 1,24650703
24650704,Quebec,-0.0292,-1.58128,-0.7434,-0.54032,-0.72355,1,Dimension 1,24650704
24650705,Quebec,0.15168,-0.56358,-0.05912,0.10997,-0.09026,3,Dimension 1,24650705
24650708,Quebec,0.19241,0.33522,-0.65416,-0.20133,-0.08196,3,Dimension 2,24650708
24650710,Quebec,-0.38757,-0.24467,-0.10297,-0.85556,-0.39769,2,Dimension 3,24650710
24660001,Quebec,-0.46174,-0.64077,-0.32034,-0.84772,-0.56764,1,Dimension 3,24660001
24660002,Quebec,-0.51069,-0.52305,-0.56996,-0.90641,-0.62753,1,Dimension 1,24660002
24660003,Quebec,-0.18028,0.14545,-0.45995,-0.77471,-0.31737,2,Dimension 2,24660003
24660004,Quebec,-0.89517,-0.12995,-0.79155,-0.72205,-0.63468,1,Dimension 2,24660004
24660005,Quebec,-0.00561,-0.79749,-0.25049,-0.1024,-0.289,2,Dimension 1,24660005
24660006,Quebec,-0.08102,-0.79912,-0.32506,-0.46145,-0.41666,2,Dimension 1,24660006
24660007,Quebec,-0.21326,-0.4166,-0.18971,-0.57802,-0.3494,2,Dimension 3,24660007
24660008,Quebec,-0.28499,0.20571,-0.64329,-0.82106,-0.38591,2,Dimension 2,24660008
24660009,Quebec,-0.94443,0.81479,-0.80214,-1.0177,-0.48737,1,Dimension 2,24660009
24660010,Quebec,0.20291,0.64433,0.66825,0.95453,0.61751,5,Dimension 4,24660010
24660011,Quebec,0.38173,3.29155,-0.45996,0.54367,0.93925,5,Dimension 2,24660011
24660012,Quebec,0.08891,-0.28879,0.05073,-0.18068,-0.08246,3,Dimension 1,24660012
24660013,Quebec,-0.07741,0.67076,0.24238,-0.53619,0.07488,4,Dimension 2,24660013
24660014,Quebec,-0.0768,-0.3919,0.03424,-0.70408,-0.28464,2,Dimension 3,24660014
24660015,Quebec,0.14175,-0.32658,0.90433,1.07398,0.44837,5,Dimension 4,24660015
24660016,Quebec,-0.12863,-0.76871,-0.86243,-0.32044,-0.52006,1,Dimension 1,24660016
24660017,Quebec,-0.02806,0.05287,0.38112,0.60624,0.25304,4,Dimension 4,24660017
24660020,Quebec,-0.77773,0.66596,-0.78988,-1.65007,-0.63793,1,Dimension 2,24660020
24660021,Quebec,1.01313,-0.16185,2.47486,-0.67698,0.66229,5,Dimension 3,24660021
24660022,Quebec,-0.33368,0.83183,-0.48294,-0.87439,-0.2148,2,Dimension 2,24660022
24660023,Quebec,0.27739,0.01932,0.27381,1.03329,0.40095,4,Dimension 4,24660023
24660024,Quebec,0.08507,-0.16763,0.12409,-0.4639,-0.10559,3,Dimension 3,24660024
24660025,Quebec,-0.41517,-0.45726,0.48798,0.70844,0.081,4,Dimension 4,24660025
24660026,Quebec,0.29222,1.37204,1.04758,1.68638,1.09955,5,Dimension 4,24660026
24660027,Quebec,-0.30219,-0.15942,-0.0576,-0.25542,-0.19366,3,Dimension 3,24660027
24660028,Quebec,-0.03716,0.01284,-0.17552,-1.42039,-0.40506,2,Dimension 2,24660028
24660029,Quebec,-0.65659,-0.36459,-0.58428,-0.86369,-0.61728,1,Dimension 2,24660029
24660030,Quebec,0.09388,0.0155,-0.1541,-0.49409,-0.1347,3,Dimension 1,24660030
24660031,Quebec,-0.53819,-0.693,-0.54944,-0.62517,-0.60145,1,Dimension 1,24660031
24660032,Quebec,-0.53738,-0.58785,0.12764,-1.12431,-0.53047,1,Dimension 3,24660032
24660033,Quebec,-0.51636,0.07105,-0.32297,-1.14491,-0.4783,1,Dimension 2,24660033
24660034,Quebec,-0.52613,-0.54783,-0.63289,-1.26633,-0.74329,1,Dimension 1,24660034
24660035,Quebec,-0.17745,-0.41843,-0.84786,-0.84539,-0.57229,1,Dimension 1,24660035
24660036,Quebec,-0.04023,1.93275,-0.66985,-0.13407,0.27215,4,Dimension 2,24660036
24660037,Quebec,0.05411,0.01094,-0.1172,-0.09665,-0.0372,3,Dimension 1,24660037
24660038,Quebec,0.05272,-0.41177,0.1471,0.52061,0.07717,4,Dimension 4,24660038
24660039,Quebec,-0.34652,0.41466,1.02085,0.11645,0.30136,4,Dimension 3,24660039
24660040,Quebec,-0.02023,0.14242,-0.46831,-0.8233,-0.29235,2,Dimension 2,24660040
24660041,Quebec,0.41576,0.83667,0.72386,0.86729,0.7109,5,Dimension 4,24660041
24660042,Quebec,0.7551,1.3058,0.39135,0.70144,0.78843,5,Dimension 2,24660042
24660043,Quebec,0.64751,1.14959,0.01177,0.25981,0.51717,5,Dimension 2,24660043
24660044,Quebec,-0.53853,0.39669,0.04984,-0.80138,-0.22335,2,Dimension 2,24660044
24660045,Quebec,0.39184,0.24393,0.28496,-0.74809,0.04316,3,Dimension 1,24660045
24660046,Quebec,-0.14041,0.60416,-0.31858,-0.36078,-0.0539,3,Dimension 2,24660046
24660047,Quebec,-0.43,0.53638,-0.28584,-0.73199,-0.22786,2,Dimension 2,24660047
24660048,Quebec,0.06584,0.41907,0.02943,-0.29082,0.05588,4,Dimension 2,24660048
24660049,Quebec,0.29463,1.68421,0.22909,-0.61856,0.39734,4,Dimension 2,24660049
24660050,Quebec,0.49885,-0.63802,0.50175,0.333,0.17389,4,Dimension 3,24660050
24660051,Quebec,-0.24841,-0.50329,0.02966,0.44259,-0.06986,3,Dimension 4,24660051
24660052,Quebec,-0.15102,0.79623,-0.41708,-0.17161,0.01413,3,Dimension 2,24660052
24660053,Quebec,0.24455,0.50648,0.65669,-0.18488,0.30571,4,Dimension 3,24660053
24660054,Quebec,0.43889,-0.1597,1.02918,0.9412,0.56239,5,Dimension 3,24660054
24660055,Quebec,0.02835,-0.50245,0.59393,0.93331,0.26329,4,Dimension 4,24660055
24660056,Quebec,-0.1188,-1.53027,-0.45167,0.41865,-0.42052,2,Dimension 4,24660056
24660057,Quebec,0.0734,-0.20366,0.13303,1.20406,0.30171,4,Dimension 4,24660057
24660058,Quebec,-0.04169,2.08004,-0.64582,1.51391,0.72661,5,Dimension 2,24660058
24660059,Quebec,0.30364,2.99369,-0.0193,1.30345,1.14537,5,Dimension 2,24660059
24660060,Quebec,0.63181,0.49934,-0.12156,2.58803,0.89941,5,Dimension 4,24660060
24660061,Quebec,0.31177,-0.52075,1.07994,0.2131,0.27101,4,Dimension 3,24660061
24660062,Quebec,0.86756,0.06842,1.28668,0.14597,0.59216,5,Dimension 3,24660062
24660063,Quebec,0.31182,0.95686,0.22436,0.82898,0.58051,5,Dimension 2,24660063
24660064,Quebec,0.34926,0.48901,0.40785,0.14656,0.34817,4,Dimension 2,24660064
24660065,Quebec,0.6191,0.37813,0.34459,0.57087,0.47817,5,Dimension 1,24660065
24660066,Quebec,0.26328,-0.25069,0.5799,-0.24754,0.08624,4,Dimension 3,24660066
24660067,Quebec,0.48753,-0.51274,0.21929,0.03361,0.05692,4,Dimension 1,24660067
24660068,Quebec,0.56147,0.07424,0.12583,-0.38465,0.09422,4,Dimension 1,24660068
24660069,Quebec,0.66176,0.56589,0.2651,0.49659,0.49733,5,Dimension 1,24660069
24660070,Quebec,0.15988,0.21504,-0.06142,0.73435,0.26196,4,Dimension 4,24660070
24660071,Quebec,0.03016,-0.16038,-0.60332,-0.62853,-0.34052,2,Dimension 1,24660071
24660072,Quebec,0.36395,-0.34117,-0.19959,-0.37899,-0.13895,3,Dimension 1,24660072
24660073,Quebec,-0.38479,0.1138,-0.636,-0.44787,-0.33871,2,Dimension 2,24660073
24660074,Quebec,0.52397,-0.22036,-0.04755,-0.22745,0.00715,3,Dimension 1,24660074
24660075,Quebec,0.42299,0.17963,-0.87191,-0.68013,-0.23735,2,Dimension 1,24660075
24660076,Quebec,-0.01747,0.79538,-0.49653,0.20128,0.12067,4,Dimension 2,24660076
24660077,Quebec,-0.00745,0.60291,-1.33426,-0.81123,-0.38751,2,Dimension 2,24660077
24660078,Quebec,-0.17081,-0.31902,-0.27725,-0.67456,-0.36041,2,Dimension 1,24660078
24660079,Quebec,0.07058,0.09295,-0.86016,-0.14301,-0.20991,2,Dimension 2,24660079
24660080,Quebec,-0.07658,-0.32368,-0.11042,-0.03011,-0.1352,3,Dimension 4,24660080
24660081,Quebec,0.23086,0.22838,0.37194,0.52092,0.33803,4,Dimension 4,24660081
24660082,Quebec,0.3398,-0.30795,0.75612,0.952,0.43499,5,Dimension 4,24660082
24660083,Quebec,-0.23654,0.20902,0.09424,0.27679,0.08588,4,Dimension 4,24660083
24660084,Quebec,0.08516,-0.04188,-0.36946,-0.27664,-0.15071,3,Dimension 1,24660084
24660085,Quebec,-0.2203,0.02087,0.27247,0.28856,0.0904,4,Dimension 4,24660085
24660086,Quebec,0.01111,1.53472,0.57543,0.02555,0.5367,5,Dimension 2,24660086
24660087,Quebec,1.20581,-0.57897,1.27616,0.2439,0.53672,5,Dimension 3,24660087
24660088,Quebec,0.24456,-0.06455,0.29906,-0.29545,0.0459,3,Dimension 3,24660088
24660089,Quebec,0.29295,-1.12345,-0.37573,-0.39158,-0.39945,2,Dimension 1,24660089
24660090,Quebec,0.81265,-0.40564,0.0888,0.27541,0.1928,4,Dimension 1,24660090
24660091,Quebec,0.62713,-0.34972,0.62216,-0.0982,0.20034,4,Dimension 1,24660091
24660092,Quebec,0.49152,0.00042,0.21448,0.32356,0.2575,4,Dimension 1,24660092
24660093,Quebec,-0.16917,-0.5189,-0.5107,-0.49829,-0.42427,2,Dimension 1,24660093
24660094,Quebec,-0.08793,-0.21722,0.35598,-0.53557,-0.12119,3,Dimension 3,24660094
24660095,Quebec,-0.37329,0.48257,-0.40871,0.11501,-0.04611,3,Dimension 2,24660095
24660096,Quebec,0.11394,0.0661,-0.17002,-0.04966,-0.00991,3,Dimension 1,24660096
24660097,Quebec,-0.45595,0.23265,-0.69141,-0.06455,-0.24482,2,Dimension 2,24660097
24660098,Quebec,-0.29384,0.34829,-0.88385,-0.24446,-0.26846,2,Dimension 2,24660098
24660099,Quebec,1.14267,1.16967,0.15372,0.1083,0.64359,5,Dimension 2,24660099
24660100,Quebec,1.53003,-0.27957,4.53241,0.05501,1.45947,5,Dimension 3,24660100
24660101,Quebec,0.33879,0.70689,-0.38845,-0.41064,0.06165,4,Dimension 2,24660101
24660102,Quebec,-0.0922,0.31261,-0.3872,0.22918,0.0156,3,Dimension 2,24660102
24660103,Quebec,-0.35099,1.03357,-1.10605,-0.22968,-0.16329,3,Dimension 2,24660103
24660104,Quebec,0.25875,-0.5854,0.30861,-0.39843,-0.10411,3,Dimension 3,24660104
24660107,Quebec,0.87172,0.89067,-0.10452,0.3862,0.51102,5,Dimension 2,24660107
24660108,Quebec,0.91425,1.83687,0.03396,0.89197,0.91927,5,Dimension 2,24660108
24660109,Quebec,1.19691,0.52211,0.89014,0.86736,0.86913,5,Dimension 1,24660109
24660110,Quebec,0.6933,-0.22861,0.72786,-0.17004,0.25563,4,Dimension 3,24660110
24660111,Quebec,0.82753,-0.61589,0.23704,0.39219,0.21022,4,Dimension 1,24660111
24660112,Quebec,0.16227,0.27651,-0.30836,-0.76092,-0.15762,3,Dimension 2,24660112
24660114,Quebec,0.83669,0.42953,0.04314,0.48059,0.44749,5,Dimension 1,24660114
24660115,Quebec,0.50552,0.93608,0.39397,-0.66631,0.29231,4,Dimension 2,24660115
24660117,Quebec,0.22695,1.1398,0.12968,-0.47748,0.25474,4,Dimension 2,24660117
24660118,Quebec,0.23621,-0.43861,-0.74614,-0.24278,-0.29783,2,Dimension 1,24660118
24660119,Quebec,-0.3188,-0.3519,-0.8185,-0.75607,-0.56132,1,Dimension 1,24660119
24660120,Quebec,0.09329,-0.58106,-0.7499,-0.12356,-0.34031,2,Dimension 1,24660120
24660121,Quebec,0.15992,-0.1446,-0.43215,0.09058,-0.08156,3,Dimension 1,24660121
24660122,Quebec,0.60368,0.55421,0.1751,-0.51118,0.20545,4,Dimension 1,24660122
24660123,Quebec,0.4674,-0.8977,0.14435,0.12138,-0.04114,3,Dimension 1,24660123
24660124,Quebec,0.11141,0.11224,-0.46563,-0.69364,-0.23391,2,Dimension 2,24660124
24660125,Quebec,1.0779,0.08573,0.19202,0.55954,0.4788,5,Dimension 1,24660125
24660126,Quebec,0.67694,-0.03881,-0.44275,-0.56692,-0.09288,3,Dimension 1,24660126
24660127,Quebec,1.17033,1.54101,1.47249,0.53544,1.17982,5,Dimension 2,24660127
24660128,Quebec,0.52059,0.30692,-0.1788,-0.91748,-0.06719,3,Dimension 1,24660128
24660129,Quebec,0.40992,0.39682,-1.05377,-0.68274,-0.23244,2,Dimension 1,24660129
24660130,Quebec,0.38724,0.15323,-0.09019,-0.44453,0.00144,3,Dimension 1,24660130
24660131,Quebec,0.9487,-0.48957,0.13756,-0.2361,0.09015,4,Dimension 1,24660131
24660132,Quebec,0.11108,0.3188,-0.30959,-0.97448,-0.21355,2,Dimension 2,24660132
24660133,Quebec,0.53938,-0.19211,0.11297,-0.83586,-0.0939,3,Dimension 1,24660133
24660134,Quebec,0.85147,-0.06928,-0.0094,-0.10945,0.16583,4,Dimension 1,24660134
24660135,Quebec,0.87189,1.15594,-0.14111,-0.59339,0.32333,4,Dimension 2,24660135
24660136,Quebec,0.67286,2.39637,-0.11125,-1.04041,0.47939,5,Dimension 2,24660136
24660137,Quebec,0.63393,0.02799,-1.10794,0.36433,-0.02043,3,Dimension 1,24660137
24660138,Quebec,0.61874,3.90655,-1.88277,-0.37811,0.5661,5,Dimension 2,24660138
24660139,Quebec,0.46043,1.12715,-0.74604,-0.20571,0.15896,4,Dimension 2,24660139
24660140,Quebec,0.65358,0.81338,-0.31089,-0.65869,0.12435,4,Dimension 2,24660140
24660141,Quebec,0.23864,-0.16517,0.0789,-0.63971,-0.12184,3,Dimension 1,24660141
24660142,Quebec,0.32219,0.83705,0.06947,-0.66349,0.14131,4,Dimension 2,24660142
24660143,Quebec,0.76385,0.14713,-0.03706,-0.58623,0.07192,4,Dimension 1,24660143
24660144,Quebec,1.12634,-0.29723,0.79604,-0.1629,0.36556,4,Dimension 1,24660144
24660145,Quebec,-0.03586,-0.51825,0.07316,-0.7617,-0.31066,2,Dimension 3,24660145
24660146,Quebec,0.88506,-0.53743,0.14557,0.04912,0.13558,4,Dimension 1,24660146
24660147,Quebec,2.26363,1.16394,-0.3418,2.07508,1.29021,5,Dimension 1,24660147
24660148,Quebec,1.19885,1.33269,-0.69762,0.40622,0.56004,5,Dimension 2,24660148
24660149,Quebec,0.07112,0.94992,-1.3964,-0.49214,-0.21687,2,Dimension 2,24660149
24660150,Quebec,0.44733,0.03661,0.32227,-0.02881,0.19435,4,Dimension 1,24660150
24660151,Quebec,-0.3211,-0.62027,-0.73173,-0.26863,-0.48543,1,Dimension 4,24660151
24660152,Quebec,0.02623,-0.01214,-0.92546,-0.87505,-0.44661,2,Dimension 1,24660152
24660153,Quebec,0.63379,-0.25016,1.38251,0.64533,0.60286,5,Dimension 3,24660153
24660154,Quebec,0.09285,0.03265,-0.53136,-0.23906,-0.16123,3,Dimension 1,24660154
24660155,Quebec,0.25462,-0.29183,-0.24336,-0.52697,-0.20189,3,Dimension 1,24660155
24660156,Quebec,1.54548,2.1471,2.46257,0.13146,1.57165,5,Dimension 3,24660156
24660157,Quebec,0.56694,-0.59412,-0.16284,0.11768,-0.01808,3,Dimension 1,24660157
24660158,Quebec,0.56772,-0.87335,-0.23803,-0.07129,-0.15374,3,Dimension 1,24660158
24660159,Quebec,-0.1667,-0.11375,-0.42766,0.44851,-0.0649,3,Dimension 4,24660159
24660160,Quebec,-0.26235,0.13079,-0.81882,-1.27224,-0.55565,1,Dimension 2,24660160
24660161,Quebec,0.07309,0.29089,-0.78659,-0.79657,-0.30479,2,Dimension 2,24660161
24660162,Quebec,-0.29881,0.08709,-0.25702,-0.94168,-0.3526,2,Dimension 2,24660162
24660163,Quebec,0.47945,0.11479,-0.10457,-0.11455,0.09378,4,Dimension 1,24660163
24660164,Quebec,0.69451,-0.52222,0.06526,-0.15598,0.02039,3,Dimension 1,24660164
24660165,Quebec,0.38173,-0.33067,-0.27212,-0.60664,-0.20692,2,Dimension 1,24660165
24660166,Quebec,-0.14141,0.13211,-0.78679,-1.10189,-0.47449,1,Dimension 2,24660166
24660167,Quebec,1.26019,-0.01258,0.38319,1.08222,0.67825,5,Dimension 1,24660167
24660168,Quebec,-0.6429,0.25212,-0.23369,-0.55688,-0.29534,2,Dimension 2,24660168
24660169,Quebec,-0.02264,-0.30242,-0.56235,-0.90616,-0.44839,2,Dimension 1,24660169
24660170,Quebec,0.22421,-0.12048,-0.07371,-0.69795,-0.16698,3,Dimension 1,24660170
24660171,Quebec,0.65748,-0.59313,-0.76082,-0.49922,-0.29892,2,Dimension 1,24660171
24660172,Quebec,1.72599,-0.96419,0.82444,1.33528,0.73038,5,Dimension 1,24660172
24660173,Quebec,0.72346,-0.54802,-0.08488,-0.20866,-0.02953,3,Dimension 1,24660173
24660174,Quebec,0.43867,0.00487,-0.40021,-0.0791,-0.00894,3,Dimension 1,24660174
24660175,Quebec,0.10092,0.35601,-1.08942,-0.07153,-0.17601,3,Dimension 2,24660175
24660176,Quebec,-0.03413,-0.00187,-0.38771,-0.44037,-0.21602,2,Dimension 2,24660176
24660177,Quebec,0.18326,-0.50706,-0.49104,-1.15783,-0.49317,1,Dimension 1,24660177
24660178,Quebec,-0.46961,-1.13539,-1.11927,-1.56721,-1.07287,1,Dimension 1,24660178
24660179,Quebec,0.16284,-0.66418,-0.91211,-0.55253,-0.49149,1,Dimension 1,24660179
24660180,Quebec,0.20318,-0.53819,-0.07246,-0.6623,-0.26744,2,Dimension 1,24660180
24660181,Quebec,1.31828,2.39023,-0.89094,0.41718,0.80869,5,Dimension 2,24660181
24660182,Quebec,2.02397,-0.61372,-0.34005,1.29683,0.59176,5,Dimension 1,24660182
24660183,Quebec,1.28544,-0.82479,-0.40274,-0.11375,-0.01396,3,Dimension 1,24660183
24660184,Quebec,1.02777,-0.80345,-0.00149,0.18706,0.10247,4,Dimension 1,24660184
24660185,Quebec,0.98546,0.05754,0.07859,-1.07901,0.01065,3,Dimension 1,24660185
24660186,Quebec,0.73413,-0.22687,-0.16443,-0.65197,-0.07728,3,Dimension 1,24660186
24660187,Quebec,0.46446,0.52172,-0.00473,-0.56944,0.103,4,Dimension 2,24660187
24660188,Quebec,1.16728,-0.41248,-0.57368,-0.56304,-0.09548,3,Dimension 1,24660188
24660189,Quebec,1.12939,-0.88805,0.06747,0.18348,0.12307,4,Dimension 1,24660189
24660190,Quebec,0.98019,-0.26067,0.71987,0.00985,0.36231,4,Dimension 1,24660190
24660191,Quebec,1.38455,-0.79225,0.47346,1.16538,0.55778,5,Dimension 1,24660191
24660192,Quebec,1.02256,-0.19427,0.12488,0.27388,0.30676,4,Dimension 1,24660192
24660193,Quebec,0.98509,-0.05494,0.85102,-0.12687,0.41357,5,Dimension 1,24660193
24660194,Quebec,0.96928,-0.38138,1.02592,-0.62034,0.24837,4,Dimension 3,24660194
24660195,Quebec,0.02119,-0.2286,0.05865,-0.73483,-0.2209,2,Dimension 3,24660195
24660196,Quebec,0.96483,0.36068,0.21293,-0.30521,0.3083,4,Dimension 1,24660196
24660197,Quebec,0.82676,-0.65766,0.12859,-0.41971,-0.03051,3,Dimension 1,24660197
24660198,Quebec,-0.18442,-0.43025,-0.36206,-0.79649,-0.44331,2,Dimension 1,24660198
24660199,Quebec,0.0687,-0.38243,-1.01281,-0.74147,-0.51701,1,Dimension 1,24660199
24660200,Quebec,0.01346,-0.62437,-0.46307,-0.84435,-0.47958,1,Dimension 1,24660200
24660201,Quebec,1.04929,-0.28476,0.52531,0.15579,0.36141,4,Dimension 1,24660201
24660202,Quebec,0.82528,-0.41259,-0.24647,0.19364,0.08996,4,Dimension 1,24660202
24660203,Quebec,0.91022,1.44053,-0.73091,0.05744,0.41932,5,Dimension 2,24660203
24660204,Quebec,1.088,-0.0462,-0.15062,-0.13713,0.18851,4,Dimension 1,24660204
24660205,Quebec,0.61363,3.33716,-1.76408,-0.01738,0.54233,5,Dimension 2,24660205
24660206,Quebec,2.41723,1.98193,-0.68213,2.21255,1.48239,5,Dimension 1,24660206
24660207,Quebec,0.63757,0.22964,-0.0519,-0.49238,0.08073,4,Dimension 1,24660207
24660208,Quebec,0.06691,0.15743,-0.18632,-0.58659,-0.13714,3,Dimension 2,24660208
24660209,Quebec,1.12629,0.48229,0.23916,-0.60516,0.31065,4,Dimension 1,24660209
24660210,Quebec,0.84026,0.10431,0.8585,-0.82674,0.24408,4,Dimension 3,24660210
24660211,Quebec,0.63381,0.07982,-0.12846,-0.97439,-0.09731,3,Dimension 1,24660211
24660212,Quebec,0.83575,-0.50259,0.23306,-0.32828,0.05949,4,Dimension 1,24660212
24660213,Quebec,1.56881,0.40764,0.35928,-0.35877,0.49424,5,Dimension 1,24660213
24660214,Quebec,1.5468,0.26415,0.56525,-0.40917,0.49176,5,Dimension 1,24660214
24660215,Quebec,0.85182,0.15287,0.05601,-0.45299,0.15193,4,Dimension 1,24660215
24660216,Quebec,1.61407,-0.39156,0.00458,-0.10144,0.28141,4,Dimension 1,24660216
24660217,Quebec,1.40182,0.51969,-0.14855,0.10414,0.46928,5,Dimension 1,24660217
24660218,Quebec,0.94121,0.79223,-0.74935,-0.58083,0.10082,4,Dimension 1,24660218
24660219,Quebec,0.48254,-0.13796,-0.78254,-0.55506,-0.24826,2,Dimension 1,24660219
24660220,Quebec,2.30093,-0.12904,0.73334,0.67028,0.89388,5,Dimension 1,24660220
24660221,Quebec,2.08814,0.67895,0.15264,-0.59907,0.58017,5,Dimension 1,24660221
24660222,Quebec,1.00513,1.25246,-0.22726,0.06649,0.52421,5,Dimension 2,24660222
24660223,Quebec,0.67161,0.267,-0.28493,-0.61328,0.0101,3,Dimension 1,24660223
24660224,Quebec,1.34631,0.18096,0.57974,-0.04119,0.51646,5,Dimension 1,24660224
24660225,Quebec,1.33011,-0.39466,0.34689,-0.1249,0.28936,4,Dimension 1,24660225
24660226,Quebec,0.92916,0.75038,-0.26263,-0.97269,0.11105,4,Dimension 1,24660226
24660227,Quebec,0.61434,0.64417,-0.33281,-0.95825,-0.00814,3,Dimension 2,24660227
24660228,Quebec,1.15159,1.04898,0.51741,-1.00275,0.42881,5,Dimension 1,24660228
24660229,Quebec,0.67176,-0.01409,-0.16785,-0.86815,-0.09458,3,Dimension 1,24660229
24660230,Quebec,0.66199,-0.14698,-0.05996,-0.86448,-0.10236,3,Dimension 1,24660230
24660231,Quebec,2.20113,-0.3824,0.99079,0.56226,0.84294,5,Dimension 1,24660231
24660232,Quebec,1.74876,-0.23227,-0.18928,0.74421,0.51785,5,Dimension 1,24660232
24660233,Quebec,1.0397,0.11154,-0.68986,0.13124,0.14815,4,Dimension 1,24660233
24660234,Quebec,0.51779,-0.33052,0.05755,0.1288,0.0934,4,Dimension 1,24660234
24660235,Quebec,0.15151,-0.62776,-0.46305,-0.08652,-0.25645,2,Dimension 1,24660235
24660236,Quebec,0.88455,0.54118,0.00423,0.00032,0.35757,4,Dimension 1,24660236
24660238,Quebec,1.42292,0.11562,1.58099,0.43007,0.8874,5,Dimension 3,24660238
24660239,Quebec,0.79968,-0.49144,-0.1293,0.33566,0.12865,4,Dimension 1,24660239
24660241,Quebec,1.75874,1.26564,-0.38689,-0.69137,0.48653,5,Dimension 1,24660241
24660242,Quebec,0.62193,0.17873,-0.31814,-0.30538,0.04429,3,Dimension 1,24660242
24660243,Quebec,1.12718,-0.04577,0.41662,0.02025,0.37957,4,Dimension 1,24660243
24660244,Quebec,0.82047,0.00485,0.08414,0.17913,0.27215,4,Dimension 1,24660244
24660245,Quebec,2.05662,-0.24426,0.77887,1.62049,1.05293,5,Dimension 1,24660245
24660246,Quebec,1.34779,0.18612,0.74056,-0.00348,0.56775,5,Dimension 1,24660246
24660247,Quebec,2.27671,-0.52013,1.11441,0.84828,0.92982,5,Dimension 1,24660247
24660248,Quebec,1.27477,-0.14722,0.92237,0.14878,0.54968,5,Dimension 1,24660248
24660249,Quebec,1.58373,-0.2625,0.40467,0.3609,0.5217,5,Dimension 1,24660249
24660250,Quebec,1.34053,0.00593,1.15682,-0.51833,0.49624,5,Dimension 1,24660250
24660251,Quebec,0.97415,-0.04279,0.60231,-0.10948,0.35605,4,Dimension 1,24660251
24660252,Quebec,1.2651,-0.6349,0.35709,0.30685,0.32354,4,Dimension 1,24660252
24660253,Quebec,1.82041,0.03624,1.98196,-0.88487,0.73843,5,Dimension 3,24660253
24660254,Quebec,1.22067,-0.49538,0.17075,0.54224,0.35957,4,Dimension 1,24660254
24660255,Quebec,1.07332,0.37501,0.47848,-0.0522,0.46865,5,Dimension 1,24660255
24660256,Quebec,1.18522,0.18444,0.66075,0.07872,0.52728,5,Dimension 1,24660256
24660257,Quebec,0.92184,-0.59513,0.27509,-0.02542,0.14409,4,Dimension 1,24660257
24660258,Quebec,0.9335,0.89441,0.86187,-0.90351,0.44657,5,Dimension 1,24660258
24660259,Quebec,0.7989,-0.5469,0.75003,-0.91102,0.02275,3,Dimension 1,24660259
24660260,Quebec,1.32251,0.52375,1.00735,-0.16512,0.67212,5,Dimension 1,24660260
24660261,Quebec,1.03332,0.34922,-0.68461,-0.65165,0.01157,3,Dimension 1,24660261
24660262,Quebec,1.60662,-0.33881,-0.08581,0.08644,0.31711,4,Dimension 1,24660262
24660263,Quebec,0.85481,0.57877,0.1879,-0.646,0.24387,4,Dimension 1,24660263
24660264,Quebec,1.2465,2.13246,-1.08554,0.15833,0.61294,5,Dimension 2,24660264
24660265,Quebec,0.22636,0.52016,0.33188,-0.61003,0.11709,4,Dimension 2,24660265
24660266,Quebec,1.01709,0.74852,-0.27047,-0.70095,0.19855,4,Dimension 1,24660266
24660267,Quebec,1.16072,-0.19878,-0.33803,0.10102,0.18123,4,Dimension 1,24660267
24660268,Quebec,0.61324,0.65764,-0.81664,-0.17802,0.06905,4,Dimension 2,24660268
24660269,Quebec,1.04286,0.41095,-0.34102,-0.10441,0.2521,4,Dimension 1,24660269
24660270,Quebec,1.45731,0.78767,-0.20937,-0.21829,0.45433,5,Dimension 1,24660270
24660271,Quebec,1.15977,0.87757,0.54467,-1.67397,0.22701,4,Dimension 1,24660271
24660272,Quebec,0.9385,0.4729,-0.02639,-0.52749,0.21438,4,Dimension 1,24660272
24660273,Quebec,1.15064,0.09015,-0.06487,0.09681,0.31818,4,Dimension 1,24660273
24660274,Quebec,0.75636,0.10995,0.27475,-0.95092,0.04754,3,Dimension 1,24660274
24660275,Quebec,0.8074,2.45347,-1.32702,0.04872,0.49564,5,Dimension 2,24660275
24660276,Quebec,0.75741,0.82128,0.00716,-0.65478,0.23277,4,Dimension 2,24660276
24660277,Quebec,0.31029,0.56333,0.25492,-1.30675,-0.04455,3,Dimension 2,24660277
24660278,Quebec,-0.19141,-0.25497,-0.89702,-1.25342,-0.64921,1,Dimension 1,24660278
24660279,Quebec,-0.20123,0.59981,-0.76885,-1.70755,-0.51946,1,Dimension 2,24660279
24660280,Quebec,0.46896,0.2277,-0.04557,-1.51415,-0.21576,2,Dimension 1,24660280
24660281,Quebec,0.58348,0.52698,-0.19487,-0.86126,0.01358,3,Dimension 1,24660281
24660282,Quebec,1.46692,-1.00422,0.78165,-0.19712,0.26181,4,Dimension 1,24660282
24660283,Quebec,0.95618,0.15193,0.19434,-0.47,0.20811,4,Dimension 1,24660283
24660284,Quebec,1.04358,0.83514,-0.24872,-0.50377,0.28156,4,Dimension 1,24660284
24660285,Quebec,0.83929,0.05559,-0.3296,-0.64138,-0.01903,3,Dimension 1,24660285
24660286,Quebec,0.65159,0.00608,-0.29378,-0.60074,-0.05921,3,Dimension 1,24660286
24660287,Quebec,1.01208,0.3559,0.12356,-0.93638,0.13879,4,Dimension 1,24660287
24660288,Quebec,1.09908,0.37227,-0.28827,-0.1821,0.25024,4,Dimension 1,24660288
24660289,Quebec,1.22048,2.9334,-0.53139,-0.04995,0.89314,5,Dimension 2,24660289
24660290,Quebec,0.90587,0.34032,-0.33202,-0.41083,0.12584,4,Dimension 1,24660290
24660291,Quebec,1.42347,0.54947,1.12435,-0.33771,0.6899,5,Dimension 1,24660291
24660292,Quebec,1.42317,-0.50149,0.27035,0.51628,0.42708,5,Dimension 1,24660292
24660293,Quebec,0.92254,2.24515,-1.32082,0.32268,0.54239,5,Dimension 2,24660293
24660294,Quebec,-0.10209,0.60532,-0.32218,-0.74542,-0.14109,3,Dimension 2,24660294
24660295,Quebec,0.85989,-0.25678,0.08161,-0.58517,0.02489,3,Dimension 1,24660295
24660296,Quebec,0.63013,-0.20626,-0.37118,-0.80787,-0.1888,3,Dimension 1,24660296
24660297,Quebec,0.04064,-0.01399,-0.37938,-1.2282,-0.39523,2,Dimension 1,24660297
24660298,Quebec,0.47617,-0.40672,-0.55839,-1.17585,-0.4162,2,Dimension 1,24660298
24660299,Quebec,0.788,1.67312,-1.34358,0.28299,0.35013,4,Dimension 2,24660299
24660300,Quebec,-0.08361,0.56885,-0.46297,-0.79873,-0.19412,3,Dimension 2,24660300
24660301,Quebec,-0.22248,-0.24454,-1.22902,-0.91503,-0.65277,1,Dimension 1,24660301
24660302,Quebec,0.37252,0.34041,-0.56622,-0.4529,-0.07655,3,Dimension 1,24660302
24660303,Quebec,1.05871,-0.00226,0.16185,-0.2467,0.2429,4,Dimension 1,24660303
24660304,Quebec,1.19709,1.33189,0.06512,-0.78644,0.45192,5,Dimension 2,24660304
24660305,Quebec,1.0675,0.24463,0.01483,-0.68613,0.16021,4,Dimension 1,24660305
24660306,Quebec,1.20845,0.04904,0.05416,-0.03801,0.31841,4,Dimension 1,24660306
24660307,Quebec,0.63082,-0.17128,-0.15868,-0.62535,-0.08112,3,Dimension 1,24660307
24660308,Quebec,0.58178,0.57957,0.25561,-0.31704,0.27498,4,Dimension 1,24660308
24660309,Quebec,-0.09959,-0.09419,-0.83481,-1.38623,-0.60371,1,Dimension 2,24660309
24660310,Quebec,0.79277,-0.48172,0.06588,-0.18142,0.04888,4,Dimension 1,24660310
24660311,Quebec,0.97957,-0.44302,0.06085,-0.01548,0.14548,4,Dimension 1,24660311
24660312,Quebec,0.58717,0.87387,-0.145,-1.12718,0.04721,3,Dimension 2,24660312
24660313,Quebec,0.34948,0.86851,-0.19363,-0.92767,0.02417,3,Dimension 2,24660313
24660314,Quebec,0.93003,0.22043,-0.84562,0.25642,0.14032,4,Dimension 1,24660314
24660315,Quebec,0.77473,0.58682,0.00132,-0.69976,0.16578,4,Dimension 1,24660315
24660316,Quebec,0.19103,0.01624,-0.39156,-0.77122,-0.23888,2,Dimension 1,24660316
24660319,Quebec,0.97077,-0.08379,-0.25922,-0.50918,0.02964,3,Dimension 1,24660319
24660320,Quebec,0.68051,-0.04565,-0.18334,-1.04165,-0.14753,3,Dimension 1,24660320
24660321,Quebec,0.93911,-0.17492,0.3674,-0.51922,0.15309,4,Dimension 1,24660321
24660322,Quebec,1.06042,-0.67983,0.2708,0.02056,0.16799,4,Dimension 1,24660322
24660323,Quebec,0.8184,1.05632,-0.31542,-0.59869,0.24015,4,Dimension 2,24660323
24660324,Quebec,1.61073,0.52246,0.66784,-0.50394,0.57427,5,Dimension 1,24660324
24660325,Quebec,0.81512,-0.25046,0.47007,-0.75354,0.07029,4,Dimension 1,24660325
24660326,Quebec,1.62127,-0.46639,0.22257,-1.37532,0.00053,3,Dimension 1,24660326
24660327,Quebec,0.79113,-0.38984,0.12813,-0.50791,0.00538,3,Dimension 1,24660327
24660328,Quebec,1.00484,-0.27851,0.23889,-1.00483,-0.0099,3,Dimension 1,24660328
24660329,Quebec,1.69682,0.10659,1.49952,-1.36298,0.48499,5,Dimension 1,24660329
24660330,Quebec,1.64426,-0.13684,0.82344,-0.3761,0.48869,5,Dimension 1,24660330
24660331,Quebec,1.78879,0.71289,1.24885,1.63111,1.34541,5,Dimension 1,24660331
24660332,Quebec,2.53093,-0.00076,0.79772,0.7985,1.0316,5,Dimension 1,24660332
24660333,Quebec,1.34169,0.29099,0.77812,0.34242,0.6883,5,Dimension 1,24660333
24660334,Quebec,2.25224,0.17666,0.75547,-0.08137,0.77575,5,Dimension 1,24660334
24660335,Quebec,2.04139,-0.51988,0.97226,0.2769,0.69266,5,Dimension 1,24660335
24660336,Quebec,2.23856,-0.60184,1.96292,0.0272,0.90671,5,Dimension 1,24660336
24660337,Quebec,1.12589,0.06282,0.81076,-0.21401,0.44637,5,Dimension 1,24660337
24660338,Quebec,1.32594,-0.74691,0.75464,0.05375,0.34685,4,Dimension 1,24660338
24660339,Quebec,1.74441,0.91425,1.66006,-0.58693,0.93295,5,Dimension 1,24660339
24660340,Quebec,0.75255,0.87035,0.02875,-1.85048,-0.04971,3,Dimension 2,24660340
24660341,Quebec,1.73493,0.31547,2.47733,-0.46019,1.01688,5,Dimension 3,24660341
24660342,Quebec,1.80163,1.13983,1.38886,-0.68887,0.91036,5,Dimension 1,24660342
24660343,Quebec,1.70008,0.22556,2.36815,-0.52516,0.94216,5,Dimension 3,24660343
24660344,Quebec,1.52987,-0.19034,1.24868,-0.45033,0.53447,5,Dimension 1,24660344
24660345,Quebec,1.70871,-0.81644,1.05057,-0.71978,0.30577,4,Dimension 1,24660345
24660346,Quebec,2.14573,-0.17098,1.53219,-0.67249,0.70861,5,Dimension 1,24660346
24660347,Quebec,1.23341,0.43675,0.95016,-0.76784,0.46312,5,Dimension 1,24660347
24660348,Quebec,1.83847,0.00578,1.82176,-0.53622,0.78245,5,Dimension 1,24660348
24660349,Quebec,2.04144,3.12575,1.06647,-1.53919,1.17362,5,Dimension 2,24660349
24660350,Quebec,1.82262,0.09801,0.78391,0.09568,0.70005,5,Dimension 1,24660350
24660351,Quebec,1.98003,0.74593,0.97386,-0.5989,0.77523,5,Dimension 1,24660351
24660352,Quebec,1.75187,0.16634,2.02147,-1.56034,0.59483,5,Dimension 3,24660352
24660353,Quebec,2.23331,1.87399,1.4223,-0.39469,1.28373,5,Dimension 1,24660353
24660354,Quebec,1.63965,0.9145,0.57994,-1.62793,0.37654,4,Dimension 1,24660354
24660355,Quebec,1.63828,0.49309,0.93279,-1.27784,0.44658,5,Dimension 1,24660355
24660356,Quebec,1.31335,0.23134,0.88129,-0.48098,0.48625,5,Dimension 1,24660356
24660357,Quebec,1.97255,0.8391,0.40398,-0.2134,0.75056,5,Dimension 1,24660357
24660358,Quebec,1.71517,-0.0633,1.60315,-0.21838,0.75916,5,Dimension 1,24660358
24660359,Quebec,1.32967,-0.37284,0.18651,-0.03002,0.27833,4,Dimension 1,24660359
24660360,Quebec,2.41252,-0.11217,1.69645,-0.0225,0.99358,5,Dimension 1,24660360
24660361,Quebec,1.54463,0.13796,0.76295,-0.63252,0.45325,5,Dimension 1,24660361
24660362,Quebec,1.76036,-0.38518,1.00537,0.07587,0.61411,5,Dimension 1,24660362
24660363,Quebec,1.79609,-0.14808,1.10489,-0.60693,0.53649,5,Dimension 1,24660363
24660364,Quebec,1.28542,0.10917,0.40647,0.21674,0.50445,5,Dimension 1,24660364
24660365,Quebec,2.06639,0.45463,1.34767,-0.49179,0.84423,5,Dimension 1,24660365
24660366,Quebec,1.26263,0.07099,0.21545,-0.56075,0.24708,4,Dimension 1,24660366
24660367,Quebec,2.0916,0.04257,1.4363,-0.07512,0.87384,5,Dimension 1,24660367
24660368,Quebec,1.88234,-0.38838,0.97073,-0.32973,0.53374,5,Dimension 1,24660368
24660369,Quebec,1.81599,-0.55416,1.03145,0.07939,0.59317,5,Dimension 1,24660369
24660370,Quebec,1.72167,0.42285,3.88525,-0.61264,1.35428,5,Dimension 3,24660370
24660371,Quebec,2.17706,-0.05275,1.28491,-0.07382,0.83385,5,Dimension 1,24660371
24660372,Quebec,1.5815,0.33246,1.56205,-0.06951,0.85162,5,Dimension 1,24660372
24660373,Quebec,2.07712,0.87965,2.58407,0.14273,1.42089,5,Dimension 3,24660373
24660374,Quebec,1.56978,0.06326,0.97923,-0.81303,0.44981,5,Dimension 1,24660374
24660375,Quebec,1.48281,0.18109,0.26113,-0.95373,0.24283,4,Dimension 1,24660375
24660376,Quebec,0.8199,0.60338,-0.77798,-0.77033,-0.03126,3,Dimension 1,24660376
24660377,Quebec,0.52319,-0.08176,-0.35971,-0.17754,-0.02396,3,Dimension 1,24660377
24660378,Quebec,0.64492,-0.84638,-0.22024,0.5266,0.02622,3,Dimension 1,24660378
24660379,Quebec,1.16238,-0.0949,0.20365,-0.41969,0.21286,4,Dimension 1,24660379
24660380,Quebec,0.51045,0.78305,-0.36797,-1.47093,-0.13635,3,Dimension 2,24660380
24660381,Quebec,1.39136,-0.12117,0.69161,-0.57111,0.34767,4,Dimension 1,24660381
24660382,Quebec,1.33391,0.71103,0.57554,-0.92986,0.42265,5,Dimension 1,24660382
24660383,Quebec,1.31158,0.9003,0.72277,-0.55363,0.59526,5,Dimension 1,24660383
24660384,Quebec,0.98526,1.50906,-0.33,-1.36195,0.20059,4,Dimension 2,24660384
24660385,Quebec,1.24709,0.32099,0.47559,-0.7464,0.32432,4,Dimension 1,24660385
24660386,Quebec,0.37995,0.08373,-0.26603,-0.65342,-0.11394,3,Dimension 1,24660386
24660387,Quebec,0.015,-0.34921,-0.58362,-1.38565,-0.57587,1,Dimension 1,24660387
24660388,Quebec,0.64113,0.1117,-0.4931,-1.27244,-0.25318,2,Dimension 1,24660388
24660389,Quebec,2.01291,-0.40109,0.87075,0.56875,0.76283,5,Dimension 1,24660389
24660390,Quebec,0.54943,0.71503,0.05493,-1.18746,0.03298,3,Dimension 2,24660390
24660391,Quebec,0.34532,-0.45311,0.20895,-0.59505,-0.12347,3,Dimension 1,24660391
24660392,Quebec,0.86875,1.35743,0.53618,-1.47581,0.32164,4,Dimension 2,24660392
24660393,Quebec,1.2111,0.8371,-0.04997,-0.15048,0.46194,5,Dimension 1,24660393
24660394,Quebec,0.38872,0.5412,0.23456,-0.98566,0.0447,3,Dimension 2,24660394
24660395,Quebec,0.84809,0.37428,0.41098,-0.98159,0.16294,4,Dimension 1,24660395
24660396,Quebec,0.98706,1.02272,0.71652,-0.58878,0.53438,5,Dimension 2,24660396
24660397,Quebec,1.29393,0.37513,1.173,-0.57419,0.56697,5,Dimension 1,24660397
24660398,Quebec,1.10889,0.91966,-0.43715,-0.20298,0.3471,4,Dimension 1,24660398
24660399,Quebec,-0.1747,-0.11377,-0.62526,-1.54012,-0.61346,1,Dimension 2,24660399
24660400,Quebec,-0.45364,-0.02409,-0.83291,-1.19618,-0.6267,1,Dimension 2,24660400
24660401,Quebec,0.01962,0.55345,-0.28806,-1.38364,-0.27466,2,Dimension 2,24660401
24660402,Quebec,1.3787,-0.31077,0.1724,0.06431,0.32616,4,Dimension 1,24660402
24660403,Quebec,1.64194,0.6751,0.11725,-0.39762,0.50917,5,Dimension 1,24660403
24660404,Quebec,0.57308,0.50189,-0.12427,-1.68533,-0.18366,3,Dimension 1,24660404
24660405,Quebec,1.39186,-0.13133,1.09848,-0.24226,0.52919,5,Dimension 1,24660405
24660406,Quebec,1.2186,-0.06028,-0.21647,-0.85684,0.02125,3,Dimension 1,24660406
24660407,Quebec,0.84359,-0.08536,-0.31727,-1.25329,-0.20308,3,Dimension 1,24660407
24660408,Quebec,1.6616,0.17326,1.65378,-0.91222,0.6441,5,Dimension 1,24660408
24660409,Quebec,1.94448,-0.98061,2.03761,0.60524,0.90168,5,Dimension 3,24660409
24660410,Quebec,2.00813,0.4116,1.31774,-0.3468,0.84767,5,Dimension 1,24660410
24660411,Quebec,2.77447,-0.10446,2.78932,0.0812,1.38513,5,Dimension 3,24660411
24660412,Quebec,1.74824,0.60951,1.02145,-0.48267,0.72414,5,Dimension 1,24660412
24660413,Quebec,1.45064,2.32598,0.23967,0.0115,1.00695,5,Dimension 2,24660413
24660414,Quebec,1.09711,0.27947,1.00743,-0.07326,0.57769,5,Dimension 1,24660414
24660415,Quebec,0.63351,0.09506,0.35437,-1.30362,-0.05517,3,Dimension 1,24660415
24660416,Quebec,1.06297,0.29893,0.02547,-0.76081,0.15664,4,Dimension 1,24660416
24660417,Quebec,0.20572,0.33181,-0.65509,-0.60748,-0.18126,3,Dimension 2,24660417
24660418,Quebec,1.73961,-1.19015,0.06344,-0.16065,0.11306,4,Dimension 1,24660418
24660419,Quebec,0.1166,-0.39942,-0.71121,-0.34538,-0.33485,2,Dimension 1,24660419
24660420,Quebec,1.3772,-0.29941,0.12349,1.02681,0.55702,5,Dimension 1,24660420
24660421,Quebec,1.02797,-0.4581,0.33768,0.09719,0.25119,4,Dimension 1,24660421
24660422,Quebec,0.65821,-1.12351,0.11578,0.35244,0.00073,3,Dimension 1,24660422
24660423,Quebec,0.72451,-0.29399,-0.267,-0.38095,-0.05436,3,Dimension 1,24660423
24660424,Quebec,1.01186,-0.14707,0.53584,-0.31629,0.27109,4,Dimension 1,24660424
24660425,Quebec,2.07466,-0.18031,0.11332,0.51121,0.62972,5,Dimension 1,24660425
24660426,Quebec,1.04878,-0.9908,0.49663,0.35036,0.22624,4,Dimension 1,24660426
24660427,Quebec,0.54143,-0.9473,-0.23402,0.45203,-0.04697,3,Dimension 1,24660427
24660428,Quebec,1.05945,-0.70041,-0.22699,0.07659,0.05216,4,Dimension 1,24660428
24660429,Quebec,0.62816,-0.32937,-0.07062,0.17603,0.10105,4,Dimension 1,24660429
24660430,Quebec,0.20547,-0.27076,-0.16232,-0.16126,-0.09722,3,Dimension 1,24660430
24660431,Quebec,-0.28878,-1.14145,-0.78763,0.20329,-0.50364,1,Dimension 4,24660431
24660432,Quebec,0.2454,0.09591,-0.36449,-0.1142,-0.03434,3,Dimension 1,24660432
24660433,Quebec,0.4568,-1.05425,-0.22154,0.55516,-0.06596,3,Dimension 4,24660433
24660434,Quebec,0.58822,0.79376,-1.36127,0.62816,0.16222,4,Dimension 2,24660434
24660435,Quebec,0.09529,-0.55582,-0.79908,0.27679,-0.2457,2,Dimension 4,24660435
24660436,Quebec,0.49338,1.43012,-0.83957,0.60679,0.42268,5,Dimension 2,24660436
24660437,Quebec,0.58021,-0.17145,0.16411,-0.62645,-0.01339,3,Dimension 1,24660437
24660438,Quebec,0.66335,-0.32855,-0.4345,0.75809,0.1646,4,Dimension 4,24660438
24660439,Quebec,-0.30503,-1.52738,-0.63623,0.45321,-0.50386,1,Dimension 4,24660439
24660440,Quebec,-0.26275,-1.52927,-0.85005,0.17219,-0.61747,1,Dimension 4,24660440
24660441,Quebec,0.36836,-0.19793,-0.3658,-0.25578,-0.11279,3,Dimension 1,24660441
24660442,Quebec,-0.12009,-0.77202,-0.83118,0.00506,-0.42956,2,Dimension 4,24660442
24660443,Quebec,0.29317,-0.71484,-0.75467,-0.36493,-0.38532,2,Dimension 1,24660443
24660444,Quebec,0.24596,0.37252,0.20748,0.03601,0.21549,4,Dimension 2,24660444
24660445,Quebec,0.1677,-0.78197,-0.56161,0.4315,-0.1861,3,Dimension 4,24660445
24660446,Quebec,-0.1169,-0.22073,-0.70797,-0.17896,-0.30614,2,Dimension 1,24660446
24660447,Quebec,0.28548,-1.20683,-0.64695,0.51458,-0.26343,2,Dimension 4,24660447
24660448,Quebec,-0.22569,-1.51545,-0.62937,0.50619,-0.46608,1,Dimension 4,24660448
24660449,Quebec,-0.05796,-1.26056,-0.96641,0.10345,-0.54537,1,Dimension 4,24660449
24660450,Quebec,-0.17597,-0.65674,-1.08281,-0.42653,-0.58551,1,Dimension 1,24660450
24660451,Quebec,0.07799,-0.82742,-0.47845,0.1096,-0.27957,2,Dimension 4,24660451
24660452,Quebec,-0.01999,-1.24172,-0.61089,0.18327,-0.42233,2,Dimension 4,24660452
24660453,Quebec,-0.29927,-1.33115,-0.53919,-0.26324,-0.60821,1,Dimension 4,24660453
24660454,Quebec,-0.13864,-1.00099,-0.69518,0.60247,-0.30809,2,Dimension 4,24660454
24660455,Quebec,-0.2004,-1.51719,-0.53916,0.05566,-0.55027,1,Dimension 4,24660455
24660456,Quebec,0.47753,-0.40802,-0.27203,0.33177,0.03231,3,Dimension 1,24660456
24660457,Quebec,1.04716,-1.00706,0.10934,0.78052,0.23249,4,Dimension 1,24660457
24660458,Quebec,1.41412,-0.80912,-1.08028,1.21259,0.18433,4,Dimension 1,24660458
24660459,Quebec,0.36788,-0.07821,-0.1969,0.81634,0.22728,4,Dimension 4,24660459
24660460,Quebec,-0.20445,-1.06959,-0.93521,0.08365,-0.5314,1,Dimension 4,24660460
24660461,Quebec,0.1716,-0.30249,-0.73852,0.32845,-0.13524,3,Dimension 4,24660461
24660462,Quebec,-0.15497,-0.46181,-0.98457,-0.59782,-0.54979,1,Dimension 1,24660462
24660463,Quebec,0.1104,-1.1551,-0.81088,0.51533,-0.33506,2,Dimension 4,24660463
24660464,Quebec,-0.37802,-0.93699,-0.67524,0.35442,-0.40896,2,Dimension 4,24660464
24660465,Quebec,0.10335,-0.40493,-0.87168,-0.11949,-0.32319,2,Dimension 1,24660465
24660466,Quebec,0.08473,-0.79787,-0.45973,0.91816,-0.06368,3,Dimension 4,24660466
24660467,Quebec,-0.03982,-1.0758,-0.77837,0.62453,-0.31737,2,Dimension 4,24660467
24660468,Quebec,-0.20542,-0.84059,-0.89509,0.16532,-0.44394,2,Dimension 4,24660468
24660469,Quebec,0.44852,-0.77197,-0.7869,0.77689,-0.08336,3,Dimension 4,24660469
24660470,Quebec,-0.02267,-1.43037,-0.3286,0.12775,-0.41347,2,Dimension 4,24660470
24660471,Quebec,0.31561,-0.37145,-0.77204,0.34737,-0.12013,3,Dimension 4,24660471
24660472,Quebec,0.16303,-0.6176,-0.87841,0.36089,-0.24302,2,Dimension 4,24660472
24660473,Quebec,0.44375,1.10849,-0.38875,0.21218,0.34392,4,Dimension 2,24660473
24660474,Quebec,-0.23836,-1.05416,-0.75607,0.06746,-0.49528,1,Dimension 4,24660474
24660475,Quebec,-0.1973,-0.82738,-0.62596,0.51481,-0.28396,2,Dimension 4,24660475
24660476,Quebec,0.15203,0.06452,-1.11048,-0.61947,-0.37835,2,Dimension 1,24660476
24660478,Quebec,-0.02068,0.24576,-0.57446,-0.4063,-0.18892,3,Dimension 2,24660478
24660479,Quebec,0.80764,0.62223,0.19082,0.44248,0.51579,5,Dimension 1,24660479
24660480,Quebec,0.66058,0.1546,0.14921,-0.15178,0.20315,4,Dimension 1,24660480
24660481,Quebec,1.10746,0.9213,0.26442,-0.15112,0.53552,5,Dimension 1,24660481
24660482,Quebec,1.09966,-0.07055,0.98514,-0.15833,0.46398,5,Dimension 1,24660482
24660483,Quebec,1.09932,0.37528,0.90403,-1.2655,0.27828,4,Dimension 1,24660483
24660484,Quebec,1.1259,-0.15769,0.63764,-0.3863,0.30489,4,Dimension 1,24660484
24660485,Quebec,1.04749,0.03356,0.89207,-0.13438,0.45969,5,Dimension 1,24660485
24660486,Quebec,0.694,-0.45326,-0.38771,-0.34432,-0.12282,3,Dimension 1,24660486
24660487,Quebec,1.9028,1.09273,1.15953,-0.7346,0.85511,5,Dimension 1,24660487
24660488,Quebec,1.68971,-0.07947,0.11682,-0.1618,0.39132,4,Dimension 1,24660488
24660489,Quebec,1.13731,-0.70415,0.63241,-0.10202,0.24089,4,Dimension 1,24660489
24660490,Quebec,0.56027,0.20654,-0.18562,-0.58862,-0.00186,3,Dimension 1,24660490
24660491,Quebec,0.95316,1.65726,-0.79387,0.54045,0.58925,5,Dimension 2,24660491
24660492,Quebec,0.44499,-0.54154,-0.01663,-0.25398,-0.09179,3,Dimension 1,24660492
24660493,Quebec,0.48582,-0.32532,-0.61634,0.16288,-0.07324,3,Dimension 1,24660493
24660494,Quebec,-0.00369,-0.23535,-0.61622,-0.09559,-0.23771,2,Dimension 1,24660494
24660495,Quebec,0.03836,0.86906,-1.03031,-0.43792,-0.1402,3,Dimension 2,24660495
24660496,Quebec,0.20221,-0.42528,-0.69258,-0.0415,-0.23929,2,Dimension 1,24660496
24660497,Quebec,0.83331,-0.16257,-0.11386,0.50568,0.26564,4,Dimension 1,24660497
24660498,Quebec,0.20428,-1.14946,-0.26868,0.38252,-0.20784,2,Dimension 4,24660498
24660499,Quebec,0.07237,0.12577,-0.48222,-0.27312,-0.1393,3,Dimension 2,24660499
24660500,Quebec,0.66986,-0.62947,-0.60406,0.45942,-0.02606,3,Dimension 1,24660500
24660501,Quebec,-0.35333,0.01403,-0.94727,-0.49298,-0.44489,2,Dimension 2,24660501
24660502,Quebec,1.03319,-0.50642,-0.36931,0.80354,0.24025,4,Dimension 1,24660502
24660503,Quebec,0.08381,0.11072,-0.9218,-0.23429,-0.24039,2,Dimension 2,24660503
24660504,Quebec,-0.27266,-0.22361,-1.15688,-0.52485,-0.5445,1,Dimension 2,24660504
24660505,Quebec,1.9145,-0.30666,0.1176,2.4165,1.03549,5,Dimension 4,24660505
24660506,Quebec,0.56997,-0.80426,-0.92149,0.53536,-0.1551,3,Dimension 1,24660506
24660507,Quebec,0.10645,-0.85844,-0.58908,0.2272,-0.27847,2,Dimension 4,24660507
24660508,Quebec,0.69275,0.60042,1.39069,-1.18992,0.37348,4,Dimension 3,24660508
24660509,Quebec,0.16457,-0.04518,-0.51052,-0.31107,-0.17555,3,Dimension 1,24660509
24660510,Quebec,1.42663,-0.01921,-0.23113,0.86844,0.51118,5,Dimension 1,24660510
24660511,Quebec,0.67182,0.85735,-0.49943,-0.07977,0.23749,4,Dimension 2,24660511
24660512,Quebec,3.05529,-1.04131,0.95396,1.39909,1.09176,5,Dimension 1,24660512
24660513,Quebec,1.03687,-0.2703,-0.03655,0.03192,0.19048,4,Dimension 1,24660513
24660514,Quebec,1.06646,-0.54058,-0.5972,-0.41877,-0.12252,3,Dimension 1,24660514
24660515,Quebec,1.91428,3.28828,-1.46852,0.781,1.12876,5,Dimension 2,24660515
24660516,Quebec,3.63303,-0.25951,-0.56701,2.59155,1.34951,5,Dimension 1,24660516
24660517,Quebec,1.90277,0.04083,-0.11648,-0.00015,0.45674,5,Dimension 1,24660517
24660518,Quebec,1.93957,0.11321,-0.18095,-0.06965,0.45055,5,Dimension 1,24660518
24660525,Quebec,4.88338,-0.58593,2.07602,2.07407,2.11189,5,Dimension 1,24660525
24660526,Quebec,1.31014,0.47153,0.32789,-1.33286,0.19417,4,Dimension 1,24660526
24660530,Quebec,1.85659,0.21108,-0.08269,-0.96019,0.2562,4,Dimension 1,24660530
24660533,Quebec,2.86149,-0.3235,0.39342,1.54512,1.11913,5,Dimension 1,24660533
24660536,Quebec,3.18034,0.12186,-0.84012,1.32658,0.94717,5,Dimension 1,24660536
24660537,Quebec,2.31442,0.21338,0.53338,0.36459,0.85644,5,Dimension 1,24660537
24660538,Quebec,3.96403,0.03925,1.48347,1.25111,1.68446,5,Dimension 1,24660538
24660539,Quebec,1.06686,0.33392,-0.01341,-0.66975,0.1794,4,Dimension 1,24660539
24660540,Quebec,3.14373,-0.03397,0.074,1.42968,1.15336,5,Dimension 1,24660540
24660541,Quebec,1.18831,0.19751,0.21455,-1.13922,0.11529,4,Dimension 1,24660541
24660542,Quebec,1.29632,-0.01581,0.37633,-0.59527,0.26539,4,Dimension 1,24660542
24660543,Quebec,0.66351,-0.00087,-0.00217,-0.74076,-0.02007,3,Dimension 1,24660543
24660544,Quebec,1.57111,0.17323,0.82301,-0.34603,0.55533,5,Dimension 1,24660544
24660545,Quebec,1.44826,-0.83697,-0.27281,-0.16258,0.04397,3,Dimension 1,24660545
24660546,Quebec,1.26344,2.96518,-0.95092,-0.5346,0.68577,5,Dimension 2,24660546
24660547,Quebec,1.91,0.54565,-0.84289,1.08428,0.67426,5,Dimension 1,24660547
24660548,Quebec,2.12407,-0.19009,0.02449,0.86427,0.70568,5,Dimension 1,24660548
24660550,Quebec,1.44391,0.20314,0.33753,-0.94166,0.26073,4,Dimension 1,24660550
24660551,Quebec,2.17021,-1.28063,0.5392,0.73649,0.54132,5,Dimension 1,24660551
24660552,Quebec,3.38222,-1.09781,1.13274,0.69438,1.02788,5,Dimension 1,24660552
24660555,Quebec,2.80106,-0.97696,1.76179,-0.37125,0.80366,5,Dimension 1,24660555
24660556,Quebec,2.27876,-1.01454,0.73536,0.58469,0.64607,5,Dimension 1,24660556
24660557,Quebec,3.10571,-0.92034,0.39234,1.2871,0.9662,5,Dimension 1,24660557
24660558,Quebec,3.35226,-1.76182,0.28524,1.82511,0.9252,5,Dimension 1,24660558
24660560,Quebec,-0.11755,-0.70551,-0.90473,-1.19591,-0.73092,1,Dimension 1,24660560
24660561,Quebec,0.37231,-0.33876,-0.70749,-0.79408,-0.36701,2,Dimension 1,24660561
24660562,Quebec,1.20917,1.1527,0.63759,-0.89294,0.52663,5,Dimension 1,24660562
24660563,Quebec,1.31877,-0.29328,0.56304,-0.74236,0.21154,4,Dimension 1,24660563
24660564,Quebec,0.46886,0.2582,0.08066,-0.88254,-0.0187,3,Dimension 1,24660564
24660565,Quebec,2.73244,0.59511,-0.51061,1.06039,0.96933,5,Dimension 1,24660565
24660566,Quebec,0.66949,0.32815,0.25484,-1.10958,0.03573,3,Dimension 1,24660566
24660567,Quebec,0.83215,0.30244,-0.17698,-0.89977,0.01446,3,Dimension 1,24660567
24660568,Quebec,1.89983,-0.38398,0.01072,-0.10844,0.35453,4,Dimension 1,24660568
24660569,Quebec,1.16486,0.79532,0.71475,-1.24894,0.3565,4,Dimension 1,24660569
24660570,Quebec,3.82822,0.6621,0.36226,3.33949,2.04802,5,Dimension 1,24660570
24660571,Quebec,3.43747,-0.51333,-0.0551,2.23276,1.27545,5,Dimension 1,24660571
24660572,Quebec,2.9512,-1.25839,0.49367,1.13725,0.83093,5,Dimension 1,24660572
24660576,Quebec,1.67227,-0.40038,1.29498,-0.38073,0.54653,5,Dimension 1,24660576
24660577,Quebec,1.94633,0.55496,0.85293,-1.58043,0.44345,5,Dimension 1,24660577
24660578,Quebec,3.07929,-0.92801,1.45197,0.96259,1.14146,5,Dimension 1,24660578
24660579,Quebec,1.92811,-0.52426,0.97469,-0.3177,0.51521,5,Dimension 1,24660579
24660580,Quebec,1.99979,0.52797,0.46229,-1.38784,0.40055,4,Dimension 1,24660580
24660581,Quebec,1.67123,-0.17331,-0.42284,0.25767,0.33319,4,Dimension 1,24660581
24660582,Quebec,1.59788,0.47014,0.4874,-0.01469,0.63518,5,Dimension 1,24660582
24660583,Quebec,0.76803,-0.42367,-0.33688,-0.21606,-0.05215,3,Dimension 1,24660583
24660584,Quebec,0.47297,-0.81275,-0.22181,-0.61566,-0.29431,2,Dimension 1,24660584
24660585,Quebec,0.77412,-0.13695,-0.8025,-0.8791,-0.2611,2,Dimension 1,24660585
24660586,Quebec,0.92242,-0.29958,0.07329,-0.80599,-0.02746,3,Dimension 1,24660586
24660587,Quebec,-0.23801,-0.17603,-0.76689,-0.54677,-0.43192,2,Dimension 2,24660587
24660588,Quebec,0.25647,-0.07033,-0.47633,-0.91212,-0.30057,2,Dimension 1,24660588
24660590,Quebec,-0.01564,-0.59092,-0.48013,-1.40337,-0.62251,1,Dimension 1,24660590
24660594,Quebec,0.68857,-0.77113,-0.10308,-0.51807,-0.17593,3,Dimension 1,24660594
24660596,Quebec,2.35976,-0.42645,-0.00028,0.01305,0.48652,5,Dimension 1,24660596
24660597,Quebec,1.98268,-0.68155,-0.01514,-0.5942,0.17295,4,Dimension 1,24660597
24660598,Quebec,0.61194,-0.61011,-0.85537,-0.74739,-0.40023,2,Dimension 1,24660598
24660599,Quebec,0.02032,-0.26223,-0.41405,-1.10931,-0.44132,2,Dimension 1,24660599
24660600,Quebec,1.21693,1.66346,-1.40014,0.53243,0.50317,5,Dimension 2,24660600
24660601,Quebec,1.01236,0.5156,-0.14316,0.22594,0.40268,4,Dimension 1,24660601
24660602,Quebec,0.95646,-0.20038,-0.44576,-0.24559,0.01618,3,Dimension 1,24660602
24660603,Quebec,-0.095,-0.85941,-0.56342,-0.68226,-0.55002,1,Dimension 1,24660603
24660604,Quebec,0.86023,-0.19189,-0.557,-0.01453,0.0242,3,Dimension 1,24660604
24660605,Quebec,1.52496,-0.46716,0.12863,-0.40834,0.19452,4,Dimension 1,24660605
24660606,Quebec,0.51096,0.0169,-0.91834,-0.47473,-0.2163,2,Dimension 1,24660606
24660607,Quebec,1.06671,-0.39745,0.10419,0.03877,0.20305,4,Dimension 1,24660607
24660608,Quebec,2.02384,-0.70475,-0.83086,1.33546,0.45592,5,Dimension 1,24660608
24660609,Quebec,1.53822,-0.11551,0.16138,0.18191,0.4415,5,Dimension 1,24660609
24660610,Quebec,1.84864,-1.01905,0.20913,0.86235,0.47527,5,Dimension 1,24660610
24660611,Quebec,2.35975,-0.82959,-0.58797,0.94302,0.4713,5,Dimension 1,24660611
24660613,Quebec,1.7797,-1.04065,-0.69636,0.60788,0.16264,4,Dimension 1,24660613
24660614,Quebec,2.36334,-1.08733,0.10184,1.13924,0.62927,5,Dimension 1,24660614
24660615,Quebec,2.6202,0.48095,1.11535,0.57874,1.19881,5,Dimension 1,24660615
24660616,Quebec,2.38459,-0.33115,1.10841,0.50481,0.91666,5,Dimension 1,24660616
24660617,Quebec,2.74198,2.41672,0.46575,-0.48295,1.28537,5,Dimension 1,24660617
24660618,Quebec,2.17454,-1.25567,0.43076,0.32781,0.41936,5,Dimension 1,24660618
24660619,Quebec,0.33601,0.0076,0.48487,-0.78559,0.01072,3,Dimension 3,24660619
24660620,Quebec,1.68589,0.43157,-0.93682,-0.87238,0.07706,4,Dimension 1,24660620
24660621,Quebec,2.84978,-1.40045,0.70486,1.09139,0.8114,5,Dimension 1,24660621
24660622,Quebec,2.1308,2.99454,-0.89048,1.01787,1.31318,5,Dimension 2,24660622
24660623,Quebec,3.14857,8.72983,0.23737,1.7383,3.46352,5,Dimension 2,24660623
24660624,Quebec,2.43901,0.04289,-0.25418,0.54707,0.6937,5,Dimension 1,24660624
24660625,Quebec,1.92928,1.4737,0.36373,1.43561,1.30058,5,Dimension 1,24660625
24660626,Quebec,0.75651,0.00232,-0.34217,-0.64484,-0.05704,3,Dimension 1,24660626
24660627,Quebec,0.75465,-0.49657,-0.16834,0.39443,0.12104,4,Dimension 1,24660627
24660628,Quebec,0.72641,-0.22847,-0.24558,-0.16601,0.02159,3,Dimension 1,24660628
24660629,Quebec,1.75312,2.86956,-2.03661,1.54359,1.03242,5,Dimension 2,24660629
24660630,Quebec,0.10912,-0.62817,-1.3375,-0.92608,-0.69566,1,Dimension 1,24660630
24660631,Quebec,1.04663,-0.53857,-1.07154,0.89015,0.08167,4,Dimension 1,24660631
24660632,Quebec,0.66852,-0.48442,-1.18901,0.56684,-0.10952,3,Dimension 1,24660632
24660633,Quebec,0.99242,0.66672,-0.61252,0.76683,0.45336,5,Dimension 1,24660633
24660634,Quebec,-0.18209,-0.63909,-0.81248,-0.94379,-0.64436,1,Dimension 1,24660634
24660635,Quebec,1.46949,-0.32156,-0.35902,0.66184,0.36269,4,Dimension 1,24660635
24660636,Quebec,0.5953,-0.53134,-1.07668,-0.06387,-0.26915,2,Dimension 1,24660636
24660637,Quebec,0.33235,-0.41802,-0.75592,0.08033,-0.19031,3,Dimension 1,24660637
24660638,Quebec,-0.02031,0.11602,-1.1283,-0.32172,-0.33858,2,Dimension 2,24660638
24660639,Quebec,-0.12564,-0.47456,-1.00686,-0.43848,-0.51138,1,Dimension 1,24660639
24660640,Quebec,0.36221,-0.46227,-0.48428,-0.06578,-0.16253,3,Dimension 1,24660640
24660641,Quebec,-0.11516,-0.97823,-0.15368,0.17477,-0.26807,2,Dimension 4,24660641
24660642,Quebec,-0.25187,-0.72024,-1.30251,0.02294,-0.56292,1,Dimension 4,24660642
24660643,Quebec,0.95015,0.07546,-1.09701,0.81284,0.18536,4,Dimension 1,24660643
24660644,Quebec,-0.16531,-0.6367,-1.27022,-0.33293,-0.60129,1,Dimension 1,24660644
24660645,Quebec,1.06585,-0.57854,-1.4659,0.88112,-0.02437,3,Dimension 1,24660645
24660646,Quebec,-0.02762,-0.41056,-0.81454,0.51667,-0.18401,3,Dimension 4,24660646
24660649,Quebec,0.29436,-0.80887,-1.00408,0.09984,-0.35469,2,Dimension 1,24660649
24660650,Quebec,0.52273,0.60554,-1.8112,0.7259,0.01074,3,Dimension 4,24660650
24660652,Quebec,1.22542,-0.03816,-0.98239,0.78293,0.24695,4,Dimension 1,24660652
24660654,Quebec,-0.16294,-0.77757,-1.17658,-2.04707,-1.04104,1,Dimension 1,24660654
24660655,Quebec,0.29963,-0.63337,-0.58908,0.61763,-0.0763,3,Dimension 4,24660655
24660656,Quebec,1.7843,-1.06347,-0.36822,1.98294,0.58389,5,Dimension 4,24660656
24660657,Quebec,0.99561,-0.43508,-0.43487,0.77971,0.22634,4,Dimension 1,24660657
24660659,Quebec,1.04146,-0.88926,-0.80952,0.71652,0.0148,3,Dimension 1,24660659
24660660,Quebec,1.37289,0.33286,-0.4526,1.91116,0.79108,5,Dimension 4,24660660
24660661,Quebec,2.40178,-1.86628,0.03982,1.44403,0.50484,5,Dimension 1,24660661
24660662,Quebec,1.40616,-0.09694,0.67757,-0.48279,0.376,4,Dimension 1,24660662
24660663,Quebec,1.89094,-0.32852,-0.30844,0.03496,0.32223,4,Dimension 1,24660663
24660664,Quebec,2.66484,1.67463,-1.35433,1.0491,1.00856,5,Dimension 1,24660664
24660665,Quebec,2.66788,0.44144,0.13362,0.70797,0.98773,5,Dimension 1,24660665
24660666,Quebec,3.02094,-0.5181,-0.55101,1.50218,0.8635,5,Dimension 1,24660666
24660667,Quebec,2.41895,-0.28483,-0.29004,-0.12466,0.42985,5,Dimension 1,24660667
24660668,Quebec,2.49517,-0.25451,-0.27915,0.88583,0.71184,5,Dimension 1,24660668
24660669,Quebec,1.51362,-0.01225,0.10906,0.50627,0.52918,5,Dimension 1,24660669
24660670,Quebec,3.10128,-0.89837,-0.28687,1.7643,0.92009,5,Dimension 1,24660670
24660671,Quebec,2.01338,-0.59777,-0.53162,0.15021,0.25855,4,Dimension 1,24660671
24660672,Quebec,1.72443,-1.07914,1.00768,0.07768,0.43266,5,Dimension 1,24660672
24660673,Quebec,1.86201,-0.67149,-0.00569,-0.12492,0.26498,4,Dimension 1,24660673
24660676,Quebec,2.31823,-0.20771,0.34402,1.76401,1.05464,5,Dimension 1,24660676
24660677,Quebec,1.7087,-0.23604,0.42121,-0.76811,0.28144,4,Dimension 1,24660677
24660678,Quebec,2.61449,-0.59019,0.67607,0.20259,0.72574,5,Dimension 1,24660678
24660679,Quebec,1.80458,0.27755,0.06885,-0.45526,0.42393,5,Dimension 1,24660679
24660680,Quebec,1.92197,-0.28165,0.60804,-0.07546,0.54323,5,Dimension 1,24660680
24660681,Quebec,1.96974,-0.2305,0.31097,0.1381,0.54708,5,Dimension 1,24660681
24660682,Quebec,1.80514,-0.75774,-0.61911,0.53903,0.24183,4,Dimension 1,24660682
24660683,Quebec,1.44469,-1.01465,0.86732,0.46107,0.43961,5,Dimension 1,24660683
24660684,Quebec,1.47962,-1.33568,0.35518,0.00432,0.12586,4,Dimension 1,24660684
24660685,Quebec,2.4915,-0.03458,0.02587,0.67049,0.78832,5,Dimension 1,24660685
24660686,Quebec,2.35893,-0.47925,-1.05219,-0.03435,0.19828,4,Dimension 1,24660686
24660687,Quebec,2.36121,-0.83642,-0.61545,0.64641,0.38894,4,Dimension 1,24660687
24660688,Quebec,1.5965,-0.93372,-0.01706,1.32255,0.49207,5,Dimension 1,24660688
24660689,Quebec,2.2559,-0.93721,-0.53743,1.45628,0.55938,5,Dimension 1,24660689
24660690,Quebec,0.89733,-1.22083,-0.4891,0.74952,-0.01577,3,Dimension 1,24660690
24660691,Quebec,1.02126,-0.67648,-0.7692,1.38488,0.24011,4,Dimension 4,24660691
24660692,Quebec,1.24151,-0.87031,-0.11345,0.99461,0.31309,4,Dimension 1,24660692
24660693,Quebec,1.93256,-0.92855,-0.17443,1.21378,0.51084,5,Dimension 1,24660693
24660694,Quebec,1.86277,-0.56005,-0.4787,1.14054,0.49114,5,Dimension 1,24660694
24660695,Quebec,1.98638,-0.90082,-0.53405,1.64623,0.54944,5,Dimension 1,24660695
24660696,Quebec,1.62004,-0.61416,-0.51959,1.47676,0.49076,5,Dimension 1,24660696
24660697,Quebec,1.30742,-0.39812,-0.78601,2.2604,0.59592,5,Dimension 4,24660697
24660698,Quebec,1.35835,-1.37703,-0.14045,1.83564,0.41913,5,Dimension 4,24660698
24660699,Quebec,1.78504,1.53141,-0.28355,2.19186,1.30619,5,Dimension 4,24660699
24660700,Quebec,2.57449,1.58549,-1.99615,2.13451,1.07459,5,Dimension 1,24660700
24660701,Quebec,1.80338,2.0919,-1.43224,0.96818,0.8578,5,Dimension 2,24660701
24660710,Quebec,1.18493,-1.09828,-0.94206,-2.54318,-0.84965,1,Dimension 1,24660710
24660711,Quebec,0.47439,-0.48162,-1.40432,-2.266,-0.91939,1,Dimension 1,24660711
24660712,Quebec,0.62736,-0.88032,-1.38643,-2.20743,-0.9617,1,Dimension 1,24660712
24660713,Quebec,0.49633,-0.66122,-1.17907,-2.12741,-0.86784,1,Dimension 1,24660713
24660714,Quebec,-0.03557,-0.00321,-1.33914,-2.70248,-1.0201,1,Dimension 2,24660714
24660715,Quebec,0.4195,-0.91065,-1.3689,-1.80277,-0.91571,1,Dimension 1,24660715
24660716,Quebec,1.0215,0.77085,-1.73244,-0.86422,-0.20108,3,Dimension 1,24660716
24660717,Quebec,-0.09439,-1.18613,-0.77223,-0.24243,-0.5738,1,Dimension 1,24660717
24660718,Quebec,0.0451,-0.48762,-1.47134,-1.31995,-0.80845,1,Dimension 1,24660718
24660719,Quebec,0.38256,-0.69463,-1.4382,-2.06277,-0.95326,1,Dimension 1,24660719
24660722,Quebec,0.28228,-0.76354,-0.88008,0.12856,-0.3082,2,Dimension 1,24660722
24660723,Quebec,1.42243,-0.97389,-0.89504,1.42379,0.24432,4,Dimension 4,24660723
24660724,Quebec,1.59657,-0.38675,-0.58591,1.70353,0.58186,5,Dimension 4,24660724
24660725,Quebec,1.77178,-0.64805,-1.04734,1.67834,0.43868,5,Dimension 1,24660725
24660726,Quebec,0.5315,-0.58939,-0.22815,0.2876,0.00039,3,Dimension 1,24660726
24660727,Quebec,-0.43128,-0.82317,-1.16312,-1.37562,-0.9483,1,Dimension 1,24660727
24660728,Quebec,-0.05918,-0.03029,-0.90525,0.10258,-0.22303,2,Dimension 4,24660728
24660729,Quebec,0.76463,-1.27173,-0.68762,1.45252,0.06445,4,Dimension 4,24660729
24660730,Quebec,-0.09732,-0.81102,-0.81877,0.32322,-0.35097,2,Dimension 4,24660730
24660731,Quebec,0.57306,-0.15239,-1.01847,1.17869,0.14522,4,Dimension 4,24660731
24660732,Quebec,-0.1865,-1.03218,-0.93003,-0.03486,-0.54589,1,Dimension 4,24660732
24660733,Quebec,0.63386,-0.18599,-0.60288,-0.30642,-0.11536,3,Dimension 1,24660733
24660734,Quebec,0.72887,-0.77599,-0.27655,0.61077,0.07177,4,Dimension 1,24660734
24660735,Quebec,0.75599,0.44707,-0.63755,0.58119,0.28667,4,Dimension 1,24660735
24660736,Quebec,1.21038,0.03681,-0.39028,0.71925,0.39404,4,Dimension 1,24660736
24660737,Quebec,1.63096,-0.19589,0.37035,1.74848,0.88847,5,Dimension 4,24660737
24660738,Quebec,2.54532,0.39199,-0.07938,1.31037,1.04208,5,Dimension 1,24660738
24660741,Quebec,3.0148,0.17981,-0.63745,1.93568,1.12321,5,Dimension 1,24660741
24660742,Quebec,2.35216,-0.98743,0.15278,0.66619,0.54593,5,Dimension 1,24660742
24660743,Quebec,1.10743,0.08016,0.16281,0.86961,0.555,5,Dimension 1,24660743
24660744,Quebec,1.41585,-0.35126,-0.26338,0.46841,0.3174,4,Dimension 1,24660744
24660745,Quebec,-0.06661,0.05125,-1.02621,0.12103,-0.23013,2,Dimension 4,24660745
24660746,Quebec,0.19035,-0.14294,-1.12754,-0.67469,-0.43871,2,Dimension 1,24660746
24660748,Quebec,0.95333,-0.01447,-0.86704,0.61724,0.17227,4,Dimension 1,24660748
24660749,Quebec,2.06843,-0.0833,0.09589,1.01846,0.77487,5,Dimension 1,24660749
24660750,Quebec,0.86425,0.18791,-0.68566,-0.20395,0.04064,3,Dimension 1,24660750
24660751,Quebec,1.37806,-0.11033,-0.1338,0.20431,0.33456,4,Dimension 1,24660751
24660752,Quebec,0.70663,-0.08434,-0.77827,0.92604,0.19251,4,Dimension 4,24660752
24660753,Quebec,1.296,5.73516,-0.46486,-0.00057,1.64144,5,Dimension 2,24660753
24660754,Quebec,0.21704,-0.64751,-1.12894,-0.09929,-0.41468,2,Dimension 1,24660754
24660755,Quebec,1.72871,1.59787,-0.89595,0.98363,0.85356,5,Dimension 1,24660755
24660756,Quebec,-0.14712,-0.5776,-1.15339,-1.80069,-0.9197,1,Dimension 1,24660756
24660757,Quebec,0.29061,-0.4169,-1.07659,0.09822,-0.27617,2,Dimension 1,24660757
24660758,Quebec,1.27513,2.37759,-1.37885,0.92711,0.80024,5,Dimension 2,24660758
24660759,Quebec,-0.02389,0.17838,-1.14377,-0.2977,-0.32175,2,Dimension 2,24660759
24660760,Quebec,0.05427,-0.91016,-1.14397,-0.96557,-0.74136,1,Dimension 1,24660760
24660761,Quebec,-0.084,-0.95541,-1.53881,-1.5627,-1.03523,1,Dimension 1,24660761
24660762,Quebec,1.12747,2.46673,-0.80288,-0.10203,0.67232,5,Dimension 2,24660762
24660763,Quebec,1.22047,-0.06468,-0.23663,0.37453,0.32342,4,Dimension 1,24660763
24660764,Quebec,2.35074,-0.14032,-0.00101,1.06375,0.81829,5,Dimension 1,24660764
24660765,Quebec,1.45195,-0.4072,-0.30112,0.18157,0.2313,4,Dimension 1,24660765
24660766,Quebec,1.53616,2.41604,-2.36903,1.28558,0.71719,5,Dimension 2,24660766
24660767,Quebec,0.2277,-0.30056,-1.43676,-0.42382,-0.48336,1,Dimension 1,24660767
24660768,Quebec,0.71016,-0.34394,-0.99494,-0.65167,-0.3201,2,Dimension 1,24660768
24660769,Quebec,0.32225,-0.8661,-1.23642,-1.74513,-0.88135,1,Dimension 1,24660769
24660770,Quebec,0.19464,-0.76594,-1.5305,-2.20702,-1.07721,1,Dimension 1,24660770
24660771,Quebec,0.85804,-0.75309,-1.38071,-1.95576,-0.80788,1,Dimension 1,24660771
24660772,Quebec,0.91772,0.7124,0.16223,0.4103,0.55067,5,Dimension 1,24660772
24660773,Quebec,1.32353,-0.6603,-0.16103,-0.53703,-0.00871,3,Dimension 1,24660773
24660774,Quebec,1.76876,0.30732,-0.17501,1.04713,0.73705,5,Dimension 1,24660774
24660775,Quebec,2.23121,1.08277,-0.89439,1.21485,0.90861,5,Dimension 1,24660775
24660776,Quebec,1.0705,-0.60826,-0.34656,-0.57408,-0.1146,3,Dimension 1,24660776
24660777,Quebec,0.40103,-0.97857,0.09118,-0.19831,-0.17117,3,Dimension 1,24660777
24660778,Quebec,1.48861,-0.37128,-0.43165,-0.34407,0.0854,4,Dimension 1,24660778
24660779,Quebec,0.4796,-0.73779,-0.48776,-0.18776,-0.23342,2,Dimension 1,24660779
24660780,Quebec,0.96605,-0.48244,-0.1312,-0.11611,0.05907,4,Dimension 1,24660780
24660781,Quebec,-0.06189,-1.22568,-1.00548,-1.07155,-0.84115,1,Dimension 1,24660781
24660783,Quebec,0.32112,-0.05552,-0.73337,-0.27356,-0.18533,3,Dimension 1,24660783
24660784,Quebec,0.03865,-0.77754,-1.26941,-2.46899,-1.11932,1,Dimension 1,24660784
24660785,Quebec,0.53345,-0.41604,-1.58623,-1.9115,-0.84508,1,Dimension 1,24660785
24660786,Quebec,0.30566,-0.39975,-1.26775,-2.44712,-0.95224,1,Dimension 1,24660786
24660787,Quebec,0.02733,-1.3527,-1.26719,-1.3847,-0.99431,1,Dimension 1,24660787
24660788,Quebec,0.92987,1.64166,-1.62051,0.42299,0.3435,4,Dimension 2,24660788
24660794,Quebec,1.21469,1.73295,-1.42658,1.02152,0.63564,5,Dimension 2,24660794
24660797,Quebec,0.90521,-0.53548,-0.55762,0.39839,0.05263,4,Dimension 1,24660797
24660798,Quebec,0.31383,-0.93208,-0.516,-0.27106,-0.35133,2,Dimension 1,24660798
24660799,Quebec,0.80221,-0.25909,-0.42928,-0.24178,-0.03198,3,Dimension 1,24660799
24660800,Quebec,-0.15272,-0.29729,-1.05687,0.13309,-0.34345,2,Dimension 4,24660800
24660801,Quebec,0.10138,-0.69915,-0.2555,-0.90637,-0.43991,2,Dimension 1,24660801
24660802,Quebec,0.28431,-0.47139,-0.90018,-0.62323,-0.42762,2,Dimension 1,24660802
24660803,Quebec,-0.19118,-0.40801,-1.04405,-0.78053,-0.60594,1,Dimension 1,24660803
24660804,Quebec,0.26601,-0.82847,-0.87521,-0.58368,-0.50534,1,Dimension 1,24660804
24660805,Quebec,1.51254,-0.19819,-0.28795,1.04792,0.51858,5,Dimension 1,24660805
24660806,Quebec,-0.38689,0.15773,-0.93708,-0.93281,-0.52476,1,Dimension 2,24660806
24660807,Quebec,0.37825,0.28045,-0.73452,0.58534,0.12738,4,Dimension 4,24660807
24660808,Quebec,0.52236,0.39678,-0.79657,-0.66759,-0.13625,3,Dimension 1,24660808
24660809,Quebec,0.45,-0.0731,-0.52387,0.9901,0.21078,4,Dimension 4,24660809
24660810,Quebec,0.0065,-1.1264,-0.52412,-0.18263,-0.45667,1,Dimension 1,24660810
24660812,Quebec,0.1911,-1.06631,-0.20398,-0.15134,-0.30763,2,Dimension 1,24660812
24660813,Quebec,0.83492,-0.11364,0.58277,0.64631,0.48759,5,Dimension 1,24660813
24660814,Quebec,0.6369,-0.429,1.26448,-0.92385,0.13714,4,Dimension 3,24660814
24660815,Quebec,0.25275,0.12396,0.82911,-0.19877,0.25177,4,Dimension 3,24660815
24660816,Quebec,1.10758,2.05791,0.39092,0.74919,1.0764,5,Dimension 2,24660816
24660818,Quebec,1.39907,0.00578,1.56378,0.00255,0.7428,5,Dimension 3,24660818
24660820,Quebec,-0.04407,-0.21633,-1.15872,-0.34256,-0.44042,2,Dimension 1,24660820
24660821,Quebec,0.25396,-0.6224,-1.31451,0.42184,-0.31528,2,Dimension 4,24660821
24660822,Quebec,2.26071,-0.75407,-0.46789,1.27636,0.57878,5,Dimension 1,24660822
24660823,Quebec,1.13875,-0.28373,-0.33298,1.08809,0.40253,4,Dimension 1,24660823
24660824,Quebec,2.51737,-0.47593,-0.99984,2.22451,0.81653,5,Dimension 1,24660824
24660825,Quebec,-0.24097,-0.2104,-1.06263,-0.40785,-0.48046,1,Dimension 2,24660825
24660826,Quebec,0.12957,-0.40742,-1.11344,-0.75817,-0.53736,1,Dimension 1,24660826
24660827,Quebec,0.40387,-0.57154,-0.40356,-0.38536,-0.23915,2,Dimension 1,24660827
24660828,Quebec,-0.10631,0.41727,-1.06548,-1.01467,-0.4423,2,Dimension 2,24660828
24660829,Quebec,-0.20214,-0.86338,-1.35561,-0.47658,-0.72443,1,Dimension 1,24660829
24660830,Quebec,-0.45849,-1.29626,-0.98835,-0.82405,-0.89179,1,Dimension 1,24660830
24660832,Quebec,0.00729,-1.36707,-0.86329,-0.14599,-0.59227,1,Dimension 1,24660832
24660833,Quebec,0.13314,-0.19804,-0.77096,-0.22584,-0.26542,2,Dimension 1,24660833
24660834,Quebec,-0.04013,0.77437,-1.05775,-0.64551,-0.24226,2,Dimension 2,24660834
24660835,Quebec,1.14358,-0.1577,-0.00872,0.72793,0.42627,5,Dimension 1,24660835
24660836,Quebec,1.49192,0.14336,0.34192,0.1011,0.51958,5,Dimension 1,24660836
24660837,Quebec,0.68315,0.08618,-0.86996,-0.32902,-0.10741,3,Dimension 1,24660837
24660838,Quebec,1.3143,-0.22822,-0.33626,0.12204,0.21797,4,Dimension 1,24660838
24660839,Quebec,1.84718,-0.22076,0.26868,0.25449,0.5374,5,Dimension 1,24660839
24660840,Quebec,1.93655,3.29413,-1.66614,0.75532,1.07997,5,Dimension 2,24660840
24660841,Quebec,1.1656,0.58895,-0.29199,0.11066,0.39331,4,Dimension 1,24660841
24660842,Quebec,1.5976,0.24972,-0.19849,1.05463,0.67586,5,Dimension 1,24660842
24660843,Quebec,0.83393,-0.01504,-0.93944,-0.48383,-0.15109,3,Dimension 1,24660843
24660844,Quebec,1.26852,-0.01455,0.61413,-0.38825,0.36996,4,Dimension 1,24660844
24660845,Quebec,1.7476,0.72372,0.46644,0.21828,0.78901,5,Dimension 1,24660845
24660846,Quebec,1.27126,0.56987,-0.1118,-0.09014,0.4098,5,Dimension 1,24660846
24660847,Quebec,2.10315,-0.24297,0.38768,0.68943,0.73432,5,Dimension 1,24660847
24660848,Quebec,1.77803,0.09412,0.17525,0.72296,0.69259,5,Dimension 1,24660848
24660849,Quebec,1.70315,-0.67519,-0.89364,0.26301,0.09933,4,Dimension 1,24660849
24660850,Quebec,1.56713,5.90264,-1.97228,0.83638,1.58347,5,Dimension 2,24660850
24660851,Quebec,0.44878,-0.01578,-0.59059,-0.6884,-0.2115,2,Dimension 1,24660851
24660852,Quebec,2.32797,0.50489,-0.90536,1.43391,0.84035,5,Dimension 1,24660852
24660853,Quebec,0.96304,2.39576,-1.4717,0.31583,0.55073,5,Dimension 2,24660853
24660854,Quebec,-0.18192,-0.91212,-0.30461,-1.50537,-0.72601,1,Dimension 1,24660854
24660855,Quebec,-0.54142,-0.49401,-1.16015,-1.63499,-0.95764,1,Dimension 2,24660855
24660856,Quebec,2.32192,-0.08983,-1.72365,1.61526,0.53092,5,Dimension 1,24660856
24660857,Quebec,-0.13628,-0.6462,-0.9894,-0.86301,-0.65872,1,Dimension 1,24660857
24660858,Quebec,0.16044,-0.05745,-0.64522,-0.09162,-0.15846,3,Dimension 1,24660858
24660859,Quebec,2.3433,-0.9124,-0.47694,1.70464,0.66465,5,Dimension 1,24660859
24660860,Quebec,2.91748,-0.76744,-0.78327,2.13165,0.87461,5,Dimension 1,24660860
24660861,Quebec,2.84103,0.46164,-0.97639,2.95822,1.32113,5,Dimension 4,24660861
24660862,Quebec,1.70907,-0.18163,-1.20652,1.70701,0.50698,5,Dimension 1,24660862
24660863,Quebec,2.64123,0.47511,-0.64755,1.4435,0.97807,5,Dimension 1,24660863
24660864,Quebec,2.41691,-0.47935,-0.63914,1.76565,0.76602,5,Dimension 1,24660864
24660865,Quebec,0.99056,-0.10618,-0.36199,0.24481,0.1918,4,Dimension 1,24660865
24660866,Quebec,1.54969,-0.27531,-1.17465,1.00264,0.27559,4,Dimension 1,24660866
24660868,Quebec,0.20919,-1.0155,-0.76967,0.13582,-0.36004,2,Dimension 1,24660868
24660869,Quebec,0.59501,0.02235,-0.10558,0.10261,0.1536,4,Dimension 1,24660869
24660870,Quebec,0.35346,0.19523,-0.52494,0.09817,0.03048,3,Dimension 1,24660870
24660871,Quebec,1.63139,0.10909,1.09403,1.48969,1.08105,5,Dimension 1,24660871
24660872,Quebec,1.96293,-0.71446,0.76049,1.35431,0.84082,5,Dimension 1,24660872
24660874,Quebec,1.41786,0.06287,0.35529,-0.40723,0.3572,4,Dimension 1,24660874
24660876,Quebec,0.90746,1.06948,-0.34699,-0.49647,0.28337,4,Dimension 2,24660876
24660877,Quebec,0.96679,1.01913,0.12393,-0.53079,0.39476,4,Dimension 2,24660877
24660878,Quebec,1.81238,0.16539,0.93656,-1.0076,0.47668,5,Dimension 1,24660878
24660879,Quebec,1.57765,0.27364,0.66999,-0.50683,0.50361,5,Dimension 1,24660879
24660880,Quebec,0.79651,0.24027,-0.12153,-0.77127,0.036,3,Dimension 1,24660880
24660881,Quebec,1.63031,-0.38928,0.4281,-1.06045,0.15217,4,Dimension 1,24660881
24660882,Quebec,1.22329,0.74897,0.90511,-0.28614,0.64781,5,Dimension 1,24660882
24660883,Quebec,0.64709,-0.2952,-0.60773,-0.32438,-0.14505,3,Dimension 1,24660883
24660884,Quebec,0.99172,0.31211,0.22549,-0.90265,0.15667,4,Dimension 1,24660884
24660885,Quebec,1.41093,0.24346,-0.19088,-0.44728,0.25406,4,Dimension 1,24660885
24660886,Quebec,1.98625,0.19659,0.2464,1.0612,0.87261,5,Dimension 1,24660886
24660887,Quebec,1.63824,0.16298,-0.2787,0.72783,0.56259,5,Dimension 1,24660887
24660888,Quebec,1.14177,0.0736,0.0914,-0.02342,0.32084,4,Dimension 1,24660888
24660889,Quebec,1.21466,-0.02949,0.11861,-0.83248,0.11782,4,Dimension 1,24660889
24660890,Quebec,1.48179,-0.14873,0.62035,0.22957,0.54574,5,Dimension 1,24660890
24660891,Quebec,1.77882,0.42009,0.32168,-1.14156,0.34475,4,Dimension 1,24660891
24660892,Quebec,1.11384,0.26592,-0.00935,-0.86451,0.12647,4,Dimension 1,24660892
24660893,Quebec,0.23297,-0.1236,-0.11304,-1.55149,-0.38879,2,Dimension 1,24660893
24660894,Quebec,1.5778,-0.34603,0.0649,0.2646,0.39032,4,Dimension 1,24660894
24660895,Quebec,0.5598,0.74356,-0.41487,-0.60847,0.07,4,Dimension 2,24660895
24660896,Quebec,0.91437,0.28651,1.10043,-0.41198,0.47233,5,Dimension 3,24660896
24660897,Quebec,1.20168,-0.65525,0.32053,-0.85674,0.00255,3,Dimension 1,24660897
24660898,Quebec,0.99269,0.14767,-0.37722,-0.0856,0.16939,4,Dimension 1,24660898
24660899,Quebec,1.54532,0.56616,0.23985,0.36965,0.68025,5,Dimension 1,24660899
24660900,Quebec,0.59137,0.46061,0.40039,-1.13107,0.08033,4,Dimension 1,24660900
24660901,Quebec,0.82272,1.45077,-0.28601,-0.65741,0.33252,4,Dimension 2,24660901
24660902,Quebec,1.06237,0.73069,-0.23836,0.38548,0.48504,5,Dimension 1,24660902
24660903,Quebec,0.80544,0.40223,-0.17575,-0.59624,0.10892,4,Dimension 1,24660903
24660904,Quebec,0.63797,0.33485,0.15613,-0.27266,0.21407,4,Dimension 1,24660904
24660905,Quebec,1.49626,0.29344,0.06961,-0.44135,0.35449,4,Dimension 1,24660905
24660906,Quebec,1.01876,0.0291,-0.31358,-0.99976,-0.06637,3,Dimension 1,24660906
24660907,Quebec,1.89411,1.53705,-0.0969,0.77737,1.02791,5,Dimension 1,24660907
24660908,Quebec,1.07417,0.54972,0.19881,-0.35952,0.36579,4,Dimension 1,24660908
24660909,Quebec,1.25376,0.19367,0.41003,-0.12143,0.43401,5,Dimension 1,24660909
24660910,Quebec,0.92941,0.82302,1.94772,-0.75003,0.73753,5,Dimension 3,24660910
24660911,Quebec,0.92128,0.33372,-0.101,-0.08269,0.26783,4,Dimension 1,24660911
24660912,Quebec,0.60614,0.73268,-0.06799,-0.88699,0.09596,4,Dimension 2,24660912
24660913,Quebec,0.64394,0.79426,-0.2982,-0.00949,0.28263,4,Dimension 2,24660913
24660914,Quebec,1.51804,-1.01186,1.00728,0.65714,0.54265,5,Dimension 1,24660914
24660915,Quebec,0.9607,-0.35701,0.04175,0.14899,0.19861,4,Dimension 1,24660915
24660916,Quebec,0.47605,-0.78057,-0.2161,0.87869,0.08952,4,Dimension 4,24660916
24660917,Quebec,1.02136,-0.34382,0.01649,-0.16129,0.13319,4,Dimension 1,24660917
24660918,Quebec,0.63327,-0.40672,-0.17589,-0.08688,-0.00906,3,Dimension 1,24660918
24660919,Quebec,0.18024,0.18775,0.17723,-0.69844,-0.03831,3,Dimension 2,24660919
24660920,Quebec,0.97543,1.10725,1.24688,-0.69578,0.65844,5,Dimension 3,24660920
24660921,Quebec,0.95794,2.28066,0.76416,0.20842,1.05279,5,Dimension 2,24660921
24660922,Quebec,0.83102,0.45367,0.31674,0.29778,0.4748,5,Dimension 1,24660922
24660923,Quebec,1.42543,0.02786,0.85848,-0.37741,0.48359,5,Dimension 1,24660923
24660924,Quebec,0.23778,-0.89573,-0.486,-0.41654,-0.39012,2,Dimension 1,24660924
24660925,Quebec,1.74966,-0.28061,0.26197,0.5374,0.5671,5,Dimension 1,24660925
24660926,Quebec,0.58282,-0.29888,-0.17986,-0.07181,0.00807,3,Dimension 1,24660926
24660927,Quebec,0.68441,-1.50115,-0.17682,0.64188,-0.08792,3,Dimension 1,24660927
24660928,Quebec,0.60352,-0.75285,-0.22715,-0.05579,-0.10807,3,Dimension 1,24660928
24660929,Quebec,0.37687,0.04017,-0.4734,0.33709,0.07018,4,Dimension 1,24660929
24660930,Quebec,0.16028,-0.3403,0.33048,-0.55829,-0.10196,3,Dimension 3,24660930
24660931,Quebec,0.33999,-0.62423,0.86585,-0.37516,0.05161,4,Dimension 3,24660931
24660932,Quebec,-0.26271,-0.1398,-0.51453,-0.04862,-0.24141,2,Dimension 4,24660932
24660933,Quebec,0.59517,0.28426,0.16481,-0.04683,0.24935,4,Dimension 1,24660933
24660934,Quebec,0.27979,-0.36553,-0.03789,-0.37999,-0.1259,3,Dimension 1,24660934
24660935,Quebec,2.2482,0.07872,0.44826,0.34391,0.77977,5,Dimension 1,24660935
24660936,Quebec,1.42496,1.4722,-0.23125,0.69344,0.83984,5,Dimension 2,24660936
24660937,Quebec,0.55809,0.25847,-0.43799,-1.01606,-0.15937,3,Dimension 1,24660937
24660938,Quebec,0.6712,-0.4408,-0.41532,-0.56603,-0.18774,3,Dimension 1,24660938
24660939,Quebec,1.23316,0.6519,0.56864,-0.11649,0.5843,5,Dimension 1,24660939
24660940,Quebec,1.26666,0.83241,0.45032,0.33264,0.72051,5,Dimension 1,24660940
24660941,Quebec,0.2508,1.11613,-0.33133,-1.29817,-0.06564,3,Dimension 2,24660941
24660942,Quebec,2.59039,-0.37767,0.11248,1.77265,1.02446,5,Dimension 1,24660942
24660943,Quebec,1.32126,0.15083,0.62062,0.09333,0.54651,5,Dimension 1,24660943
24660944,Quebec,0.95267,-0.23495,0.4999,-0.68336,0.13356,4,Dimension 1,24660944
24660945,Quebec,0.26941,-0.16281,0.03672,-0.63363,-0.12258,3,Dimension 1,24660945
24660946,Quebec,0.21296,-0.69591,-0.33629,-0.31704,-0.28407,2,Dimension 1,24660946
24660947,Quebec,-0.08534,-0.45454,-0.14738,-0.67116,-0.3396,2,Dimension 1,24660947
24660948,Quebec,0.8196,-0.66079,0.40251,0.27998,0.21032,4,Dimension 1,24660948
24660949,Quebec,0.48241,0.05521,-0.03858,-0.54147,-0.01061,3,Dimension 1,24660949
24660950,Quebec,1.22536,-0.14393,0.71604,0.1398,0.48432,5,Dimension 1,24660950
24660951,Quebec,0.44871,-0.02687,-0.52499,-0.57607,-0.1698,3,Dimension 1,24660951
24660952,Quebec,2.1605,-0.17054,1.07652,0.66037,0.93171,5,Dimension 1,24660952
24660953,Quebec,-0.1766,0.54369,-0.7025,-1.1664,-0.37545,2,Dimension 2,24660953
24660954,Quebec,0.48891,0.20465,-0.29388,-0.63541,-0.05893,3,Dimension 1,24660954
24660955,Quebec,0.32372,1.02231,-0.09475,-0.04385,0.30186,4,Dimension 2,24660955
24660956,Quebec,0.04483,0.0012,0.04986,0.52983,0.15643,4,Dimension 4,24660956
24660957,Quebec,0.76834,0.15738,-0.39053,0.263,0.19955,4,Dimension 1,24660957
24660958,Quebec,0.50064,0.28309,0.0771,-0.11756,0.18582,4,Dimension 1,24660958
24660959,Quebec,0.27556,0.71025,-0.74607,-0.02245,0.05432,4,Dimension 2,24660959
24660960,Quebec,0.76538,-0.07414,-0.02847,-0.8315,-0.04219,3,Dimension 1,24660960
24660961,Quebec,-0.07685,-0.21394,-0.4948,-0.62133,-0.35173,2,Dimension 1,24660961
24660962,Quebec,0.26783,-0.58173,0.29874,-0.20112,-0.05407,3,Dimension 3,24660962
24660963,Quebec,1.45323,-0.04245,0.16843,0.48178,0.51525,5,Dimension 1,24660963
24660964,Quebec,0.06407,0.01283,-0.51242,-0.92524,-0.34019,2,Dimension 1,24660964
24660965,Quebec,0.37624,0.38623,-0.86451,0.50469,0.10066,4,Dimension 4,24660965
24660966,Quebec,-0.34896,-0.21744,-0.92015,-0.88197,-0.59213,1,Dimension 2,24660966
24660967,Quebec,0.49518,-0.15856,-0.26291,-0.54076,-0.11676,3,Dimension 1,24660967
24660968,Quebec,0.22664,3.50408,-0.9907,-0.1525,0.64688,5,Dimension 2,24660968
24660969,Quebec,0.64078,0.44939,-0.03615,-0.39018,0.16596,4,Dimension 1,24660969
24660970,Quebec,0.7341,0.14443,-0.29227,0.05797,0.16105,4,Dimension 1,24660970
24660971,Quebec,0.02437,1.6548,-0.59218,-0.68116,0.10146,4,Dimension 2,24660971
24660972,Quebec,0.7036,0.84061,-0.00332,-0.01941,0.38037,4,Dimension 2,24660972
24660973,Quebec,0.17372,-0.77627,-0.20599,-0.29347,-0.2755,2,Dimension 1,24660973
24660974,Quebec,0.7259,0.46452,-0.23658,0.14875,0.27565,4,Dimension 1,24660974
24660975,Quebec,0.60916,0.34313,0.67687,-0.471,0.28954,4,Dimension 3,24660975
24660976,Quebec,0.70211,2.18603,0.25597,-0.10507,0.75976,5,Dimension 2,24660976
24660977,Quebec,0.57119,0.46711,-0.07338,0.31259,0.31938,4,Dimension 1,24660977
24660978,Quebec,0.00565,-0.72466,-0.28139,-0.12255,-0.28074,2,Dimension 1,24660978
24660979,Quebec,0.05713,-0.62996,-0.34068,0.51407,-0.09986,3,Dimension 4,24660979
24660980,Quebec,0.43039,-0.15384,-0.35073,0.4244,0.08756,4,Dimension 1,24660980
24660981,Quebec,0.00653,0.05728,-0.1094,0.01885,-0.00669,3,Dimension 2,24660981
24660982,Quebec,1.39786,0.13194,0.11362,0.44709,0.52263,5,Dimension 1,24660982
24660983,Quebec,0.59413,3.98397,-1.24019,0.37993,0.92946,5,Dimension 2,24660983
24660984,Quebec,0.02534,-0.25309,-0.69187,-0.99398,-0.4784,1,Dimension 1,24660984
24660985,Quebec,-0.39611,0.38091,-1.02116,-1.67588,-0.67806,1,Dimension 2,24660985
24660986,Quebec,0.59575,0.69127,0.1761,-0.27649,0.29666,4,Dimension 2,24660986
24660987,Quebec,-0.00432,1.8568,-0.41221,-0.50735,0.23323,4,Dimension 2,24660987
24660988,Quebec,0.03566,0.97915,-0.58519,0.0519,0.12038,4,Dimension 2,24660988
24660989,Quebec,0.12579,-0.27872,-0.33459,0.34853,-0.03475,3,Dimension 4,24660989
24660990,Quebec,0.37603,0.52556,-0.08861,-0.39118,0.10545,4,Dimension 2,24660990
24660991,Quebec,-0.07172,-0.04005,-0.25867,-0.35289,-0.18083,3,Dimension 2,24660991
24660992,Quebec,0.04392,0.00817,-0.23679,-0.32499,-0.12742,3,Dimension 1,24660992
24660993,Quebec,0.41247,-0.19796,-0.5178,-0.24555,-0.13721,3,Dimension 1,24660993
24660994,Quebec,0.6073,-0.56265,-0.78602,0.26498,-0.1191,3,Dimension 1,24660994
24660995,Quebec,0.07554,0.3407,-0.87736,-0.60153,-0.26566,2,Dimension 2,24660995
24660997,Quebec,1.15983,-0.09177,0.10436,0.24818,0.35515,4,Dimension 1,24660997
24660998,Quebec,1.55834,0.50711,0.0338,-0.08384,0.50385,5,Dimension 1,24660998
24660999,Quebec,0.39562,0.58187,0.01192,0.6981,0.42188,5,Dimension 4,24660999
24661000,Quebec,0.57732,0.18927,0.05168,0.17385,0.24803,4,Dimension 1,24661000
24661001,Quebec,1.19641,0.9555,-0.71141,0.57642,0.50423,5,Dimension 1,24661001
24661002,Quebec,1.04916,0.03104,-0.23001,-0.10169,0.18712,4,Dimension 1,24661002
24661003,Quebec,0.71468,-0.08551,-0.04407,0.07603,0.16528,4,Dimension 1,24661003
24661004,Quebec,0.73618,-0.57631,-0.1066,-0.05674,-0.00087,3,Dimension 1,24661004
24661005,Quebec,0.86063,1.17359,-0.28244,-0.19762,0.38854,4,Dimension 2,24661005
24661006,Quebec,0.52793,0.05417,-0.13781,-0.27244,0.04296,3,Dimension 1,24661006
24661007,Quebec,-0.11269,-0.13062,-0.73828,-0.49969,-0.37032,2,Dimension 1,24661007
24661008,Quebec,1.18399,-0.13707,0.69259,0.86973,0.65231,5,Dimension 1,24661008
24661009,Quebec,0.51472,0.97871,0.46297,0.06459,0.50525,5,Dimension 2,24661009
24661010,Quebec,0.33485,0.71743,0.0963,-1.14111,0.00187,3,Dimension 2,24661010
24661011,Quebec,1.48814,0.19607,-0.11191,-0.9378,0.15863,4,Dimension 1,24661011
24661012,Quebec,0.66722,2.76493,-0.45404,0.71395,0.92301,5,Dimension 2,24661012
24661013,Quebec,-0.33368,-0.55166,-0.35611,-0.21434,-0.36395,2,Dimension 4,24661013
24661014,Quebec,0.4648,0.87267,-0.35525,-0.35067,0.15789,4,Dimension 2,24661014
24661015,Quebec,0.98025,-0.50713,0.18566,0.18722,0.2115,4,Dimension 1,24661015
24661016,Quebec,0.91779,0.3227,0.07786,1.15907,0.61936,5,Dimension 4,24661016
24661017,Quebec,0.91696,-0.00153,0.62868,0.278,0.45553,5,Dimension 1,24661017
24661018,Quebec,0.29144,-0.03253,-0.39916,-0.45241,-0.14816,3,Dimension 1,24661018
24661019,Quebec,0.09681,0.67823,-0.6381,0.13503,0.06799,4,Dimension 2,24661019
24661020,Quebec,0.55533,0.00885,-0.43402,0.52871,0.16472,4,Dimension 1,24661020
24661021,Quebec,0.37853,-0.22678,-0.59665,-0.50194,-0.23671,2,Dimension 1,24661021
24661022,Quebec,0.08518,0.3039,-0.72493,-0.21374,-0.1374,3,Dimension 2,24661022
24661023,Quebec,0.48172,-0.6124,-0.77163,-0.08244,-0.24619,2,Dimension 1,24661023
24661024,Quebec,0.49218,1.4549,-0.83364,-0.00951,0.27598,4,Dimension 2,24661024
24661025,Quebec,0.01219,-0.39158,-0.53022,-0.10874,-0.25459,2,Dimension 1,24661025
24661026,Quebec,0.16291,-0.18881,-0.19164,0.40085,0.04583,3,Dimension 4,24661026
24661027,Quebec,0.12357,-0.31278,0.34578,0.80976,0.24158,4,Dimension 4,24661027
24661028,Quebec,0.02447,-0.57589,0.68924,0.73082,0.21716,4,Dimension 4,24661028
24661029,Quebec,0.17162,-0.30956,-0.24269,-0.52117,-0.22545,2,Dimension 1,24661029
24661030,Quebec,1.41153,0.67909,1.74373,-0.0343,0.95001,5,Dimension 3,24661030
24661031,Quebec,0.8585,-1.76267,0.49988,0.84931,0.11125,4,Dimension 1,24661031
24661032,Quebec,1.28242,-1.12015,0.06302,0.79819,0.25587,4,Dimension 1,24661032
24661033,Quebec,0.28112,-0.06258,0.53547,-0.1504,0.1509,4,Dimension 3,24661033
24661034,Quebec,0.46845,2.11522,-0.20392,1.0043,0.84601,5,Dimension 2,24661034
24661035,Quebec,0.11269,-0.45374,0.96242,0.70596,0.33183,4,Dimension 3,24661035
24661036,Quebec,0.52869,-0.69173,0.25488,0.18873,0.07014,4,Dimension 1,24661036
24661037,Quebec,0.23853,1.37906,0.52393,-0.24224,0.47482,5,Dimension 2,24661037
24661038,Quebec,0.52201,0.02018,1.39742,-0.90474,0.25872,4,Dimension 3,24661038
24661039,Quebec,0.94244,2.31032,-0.52893,0.75248,0.86908,5,Dimension 2,24661039
24661040,Quebec,0.25637,-0.12613,-0.1225,-0.53564,-0.13197,3,Dimension 1,24661040
24661041,Quebec,-0.02042,-0.34393,-0.26991,-0.06898,-0.17581,3,Dimension 1,24661041
24661042,Quebec,0.27911,-0.76086,0.74895,0.76861,0.25895,4,Dimension 4,24661042
24661043,Quebec,0.24327,-0.28247,0.93263,0.64007,0.38338,4,Dimension 3,24661043
24661044,Quebec,0.10327,-0.64377,0.378,0.45248,0.07249,4,Dimension 4,24661044
24661045,Quebec,0.27407,1.57658,0.01097,0.00292,0.46613,5,Dimension 2,24661045
24661046,Quebec,0.37883,-0.95622,0.2385,-0.39785,-0.18418,3,Dimension 1,24661046
24661047,Quebec,0.90451,-0.61201,0.62332,0.40861,0.33111,4,Dimension 1,24661047
24661048,Quebec,0.57253,-1.00727,-0.13598,0.56599,-0.00118,3,Dimension 1,24661048
24661049,Quebec,0.60948,1.0371,-0.46046,0.97933,0.54136,5,Dimension 2,24661049
24661050,Quebec,0.42041,-0.83798,-0.29004,0.54624,-0.04034,3,Dimension 4,24661050
24661051,Quebec,0.68182,-0.2432,0.18912,1.0958,0.43089,5,Dimension 4,24661051
24661052,Quebec,-0.20969,-1.45218,-0.52983,-0.12374,-0.57886,1,Dimension 4,24661052
24661053,Quebec,-0.15209,-0.52906,-0.62889,0.27121,-0.25971,2,Dimension 4,24661053
24661054,Quebec,0.02298,-1.29117,-0.30812,0.27211,-0.32605,2,Dimension 4,24661054
24661055,Quebec,0.05104,-0.73807,-0.40915,0.43173,-0.16611,3,Dimension 4,24661055
24661058,Quebec,0.70465,-0.76376,0.89259,1.09074,0.48106,5,Dimension 4,24661058
24661059,Quebec,0.49327,-1.06144,0.3287,1.21119,0.24293,4,Dimension 4,24661059
24661060,Quebec,0.31882,-0.25791,0.37292,0.68462,0.27961,4,Dimension 4,24661060
24661062,Quebec,1.9116,0.43954,-1.48049,1.14259,0.50331,5,Dimension 1,24661062
24661063,Quebec,2.64085,1.3749,-1.8243,0.74632,0.73445,5,Dimension 1,24661063
24661066,Quebec,1.47638,-0.22965,-1.27245,1.26653,0.3102,4,Dimension 1,24661066
24661067,Quebec,1.06481,-0.08179,-1.71245,-0.47079,-0.30005,2,Dimension 1,24661067
24661068,Quebec,0.68332,-0.04783,-1.57729,-1.00522,-0.48676,1,Dimension 1,24661068
24661069,Quebec,1.21358,0.1645,-1.58252,-0.25037,-0.1137,3,Dimension 1,24661069
24661070,Quebec,1.69318,0.18946,-1.62533,-1.36822,-0.27773,2,Dimension 1,24661070
24661071,Quebec,1.41096,0.26399,-1.48042,-0.2579,-0.01584,3,Dimension 1,24661071
24661072,Quebec,0.78774,-0.77865,-0.88068,-2.17611,-0.76192,1,Dimension 1,24661072
24661073,Quebec,0.70891,0.89982,-1.35084,-1.54666,-0.32219,2,Dimension 2,24661073
24661080,Quebec,3.07491,-0.85636,-0.91977,3.2698,1.14214,5,Dimension 4,24661080
24661081,Quebec,2.20504,-0.61674,-0.41288,3.1532,1.08216,5,Dimension 4,24661081
24661082,Quebec,2.75459,-0.50056,-0.66732,2.90231,1.12225,5,Dimension 4,24661082
24661083,Quebec,2.14514,-0.7958,-0.89007,2.0264,0.62142,5,Dimension 1,24661083
24661084,Quebec,2.4114,-0.93671,-0.10663,2.35718,0.93131,5,Dimension 1,24661084
24661086,Quebec,2.191,-0.90069,-0.87093,2.83558,0.81374,5,Dimension 4,24661086
24661087,Quebec,2.591,-0.06415,-0.69105,3.54025,1.34401,5,Dimension 4,24661087
24661093,Quebec,2.71752,-0.67057,-0.74063,2.84999,1.03908,5,Dimension 4,24661093
24661094,Quebec,2.85558,-0.76459,-1.03197,3.21648,1.06888,5,Dimension 4,24661094
24661099,Quebec,1.10654,0.13889,-1.24126,0.97511,0.24482,4,Dimension 1,24661099
24661100,Quebec,1.73882,0.01264,-1.67472,1.63447,0.4278,5,Dimension 1,24661100
24661102,Quebec,1.28524,1.62089,-1.65911,-0.43297,0.20352,4,Dimension 2,24661102
24661103,Quebec,1.74669,-0.04967,-1.46119,2.67199,0.72695,5,Dimension 4,24661103
24661104,Quebec,2.35654,-0.10598,-1.28166,2.23686,0.80144,5,Dimension 1,24661104
24661105,Quebec,2.99194,-1.0355,-1.35101,3.1012,0.92666,5,Dimension 4,24661105
24661106,Quebec,3.03014,-0.58926,-1.02642,2.81217,1.05666,5,Dimension 1,24661106
24661108,Quebec,0.90096,-0.9706,-0.79289,0.12018,-0.18559,3,Dimension 1,24661108
24661109,Quebec,1.54203,0.44009,0.98362,0.97398,0.98493,5,Dimension 1,24661109
24661110,Quebec,0.94743,-0.14434,0.57916,-0.33456,0.26192,4,Dimension 1,24661110
24661111,Quebec,1.92114,0.80425,2.30186,-0.39268,1.15864,5,Dimension 3,24661111
24661113,Quebec,1.64522,0.49424,1.61355,-1.01431,0.68467,5,Dimension 1,24661113
24661114,Quebec,0.8392,-0.12333,-0.22138,-0.2103,0.07105,4,Dimension 1,24661114
24661116,Quebec,1.42715,-0.14733,2.1372,0.33384,0.93772,5,Dimension 3,24661116
24661117,Quebec,0.98898,4.91695,-1.86145,0.90834,1.2382,5,Dimension 2,24661117
24661118,Quebec,1.39395,0.31356,1.69917,0.17916,0.89646,5,Dimension 3,24661118
24661119,Quebec,0.65243,0.23276,-1.56534,1.30452,0.15609,4,Dimension 4,24661119
24661120,Quebec,-0.16518,-0.65206,-1.41813,-0.46368,-0.67476,1,Dimension 1,24661120
24661121,Quebec,0.58252,-0.50543,-0.31874,0.13872,-0.02573,3,Dimension 1,24661121
24661122,Quebec,1.50072,2.20962,1.26223,0.85426,1.45671,5,Dimension 2,24661122
24661123,Quebec,1.69751,1.69802,1.62678,0.04112,1.26586,5,Dimension 2,24661123
24661124,Quebec,1.03214,-0.52063,-1.07132,1.55622,0.2491,4,Dimension 4,24661124
24661125,Quebec,1.08304,-0.06205,0.60884,1.38069,0.75263,5,Dimension 4,24661125
24661126,Quebec,0.26237,-0.39865,0.08516,0.70607,0.16374,4,Dimension 4,24661126
24661127,Quebec,0.63041,0.20833,0.72785,0.76016,0.58169,5,Dimension 4,24661127
24661128,Quebec,0.19472,-0.24427,-0.1077,0.41714,0.06497,4,Dimension 4,24661128
24661129,Quebec,0.53377,-1.26931,0.33377,0.86115,0.11485,4,Dimension 4,24661129
24661130,Quebec,-0.07643,-1.70646,-0.34776,0.39993,-0.43268,2,Dimension 4,24661130
24661131,Quebec,0.40767,0.46045,1.17926,0.60679,0.66354,5,Dimension 3,24661131
24661132,Quebec,0.33362,-0.64276,-0.09505,-0.28508,-0.17232,3,Dimension 1,24661132
24661133,Quebec,0.4104,-0.63316,-0.43897,0.23132,-0.1076,3,Dimension 1,24661133
24661134,Quebec,0.32324,-0.51578,0.19404,0.30905,0.07764,4,Dimension 1,24661134
24661135,Quebec,0.45926,0.78559,-0.16486,-0.56581,0.12855,4,Dimension 2,24661135
24661136,Quebec,0.44178,1.16846,-0.87593,-0.80288,-0.01714,3,Dimension 2,24661136
24661137,Quebec,0.63857,-0.53487,0.27131,0.91451,0.32238,4,Dimension 4,24661137
24661138,Quebec,0.08449,-0.56622,-0.21691,-0.28755,-0.24655,2,Dimension 1,24661138
24661139,Quebec,0.06217,-0.76355,-0.77332,0.24156,-0.30829,2,Dimension 4,24661139
24661140,Quebec,0.47413,-0.19853,0.47591,0.5866,0.33453,4,Dimension 4,24661140
24661141,Quebec,-0.25246,-1.38553,-0.04459,1.2293,-0.11332,3,Dimension 4,24661141
24661142,Quebec,0.19277,-1.31518,-0.91859,0.69651,-0.33612,2,Dimension 4,24661142
24661143,Quebec,0.6993,-0.33164,0.44987,1.13132,0.48721,5,Dimension 4,24661143
24661144,Quebec,0.20181,-0.43971,-0.16214,1.12637,0.18158,4,Dimension 4,24661144
24661145,Quebec,-0.03554,-0.3144,-0.82777,0.47691,-0.1752,3,Dimension 4,24661145
24661146,Quebec,0.73286,-0.84146,-0.35582,0.85355,0.09728,4,Dimension 4,24661146
24661147,Quebec,0.28028,-0.66738,0.18167,1.26264,0.2643,4,Dimension 4,24661147
24661148,Quebec,0.79731,1.02864,-0.63249,1.57279,0.69156,5,Dimension 4,24661148
24661149,Quebec,0.72199,-0.29428,0.15068,0.74781,0.33155,4,Dimension 4,24661149
24661150,Quebec,0.90097,-1.08187,-0.66961,0.86004,0.00238,3,Dimension 1,24661150
24661151,Quebec,0.62665,-1.91976,-0.06227,1.15923,-0.04904,3,Dimension 4,24661151
24661152,Quebec,0.51279,-0.94982,-1.08071,0.74826,-0.19237,3,Dimension 4,24661152
24661153,Quebec,0.3778,-0.47753,-0.00213,0.96649,0.21616,4,Dimension 4,24661153
24661154,Quebec,0.64405,-0.70265,0.05243,0.65452,0.16209,4,Dimension 4,24661154
24661155,Quebec,0.62506,-0.91553,-0.35198,1.04975,0.10183,4,Dimension 4,24661155
24661156,Quebec,0.18438,-0.83452,0.4131,1.7353,0.37457,4,Dimension 4,24661156
24661157,Quebec,0.99733,-0.74624,-0.2196,1.44344,0.36873,4,Dimension 4,24661157
24661158,Quebec,0.01752,-1.1629,0.12322,1.07307,0.01273,3,Dimension 4,24661158
24661159,Quebec,-0.00082,-1.05317,-0.74861,0.35332,-0.36232,2,Dimension 4,24661159
24661160,Quebec,0.05045,-0.43776,-0.07271,0.00203,-0.1145,3,Dimension 1,24661160
24661161,Quebec,0.19116,-0.83808,-0.2465,1.39721,0.12595,4,Dimension 4,24661161
24661162,Quebec,0.40526,-0.36548,-0.07736,0.32139,0.07095,4,Dimension 1,24661162
24661163,Quebec,0.39355,-1.21036,0.10845,0.44897,-0.06485,3,Dimension 4,24661163
24661164,Quebec,0.28766,2.97324,-0.47791,1.31824,1.02531,5,Dimension 2,24661164
24661165,Quebec,-0.32173,0.12847,-0.5413,-0.37638,-0.27773,2,Dimension 2,24661165
24661166,Quebec,-0.34525,0.15141,-0.75324,-0.33746,-0.32113,2,Dimension 2,24661166
24661167,Quebec,0.60807,0.3076,0.5512,-0.0345,0.35809,4,Dimension 1,24661167
24661168,Quebec,0.35062,-0.43283,-0.43665,0.60233,0.02087,3,Dimension 4,24661168
24661169,Quebec,0.17113,0.55488,-0.17285,0.14147,0.17366,4,Dimension 2,24661169
24661170,Quebec,-0.04331,-1.07433,0.03302,0.55823,-0.1316,3,Dimension 4,24661170
24661171,Quebec,0.30739,-0.45541,0.01556,0.48385,0.08785,4,Dimension 4,24661171
24661172,Quebec,-0.12416,-0.26931,-0.44833,0.1808,-0.16525,3,Dimension 4,24661172
24661173,Quebec,0.06838,-1.20224,-0.29678,0.62085,-0.20245,3,Dimension 4,24661173
24661174,Quebec,0.25958,0.31162,0.06984,0.83173,0.36819,4,Dimension 4,24661174
24661175,Quebec,0.28545,0.01346,0.10947,0.20938,0.15444,4,Dimension 1,24661175
24661176,Quebec,0.44515,-0.74523,0.57579,1.60816,0.47097,5,Dimension 4,24661176
24661177,Quebec,0.27015,-0.5684,-0.428,0.26684,-0.11485,3,Dimension 1,24661177
24661178,Quebec,-0.51733,-0.52209,0.10389,1.34341,0.10197,4,Dimension 4,24661178
24661179,Quebec,0.44874,-0.87479,-0.51873,0.48388,-0.11522,3,Dimension 4,24661179
24661180,Quebec,1.68797,1.01928,0.1342,2.19677,1.25956,5,Dimension 4,24661180
24661181,Quebec,0.64716,0.27131,-0.0374,0.38918,0.31756,4,Dimension 1,24661181
24661182,Quebec,0.20187,-0.972,-0.23339,0.4425,-0.14025,3,Dimension 4,24661182
24661183,Quebec,0.55303,0.44429,-0.66394,0.62585,0.23981,4,Dimension 4,24661183
24661184,Quebec,0.00652,-0.78394,0.12877,0.92904,0.0701,4,Dimension 4,24661184
24661185,Quebec,0.71256,-0.51248,-0.35193,1.4171,0.31631,4,Dimension 4,24661185
24661187,Quebec,0.15327,-0.45621,-0.30535,0.17541,-0.10822,3,Dimension 4,24661187
24661189,Quebec,0.15246,-0.73254,0.10594,-0.08194,-0.13902,3,Dimension 1,24661189
24661190,Quebec,0.00726,-0.27586,-0.5498,0.02611,-0.19807,3,Dimension 4,24661190
24661191,Quebec,0.29253,-0.06981,-0.49843,-0.02219,-0.07448,3,Dimension 1,24661191
24661192,Quebec,-0.01512,-0.43197,-0.40913,0.87068,0.00361,3,Dimension 4,24661192
24661193,Quebec,0.50063,-0.277,0.29025,0.40326,0.22929,4,Dimension 1,24661193
24661194,Quebec,0.12104,0.36242,0.11842,0.65182,0.31342,4,Dimension 4,24661194
24661195,Quebec,-0.26171,0.09429,-0.31535,-0.28892,-0.19292,3,Dimension 2,24661195
24661196,Quebec,-0.27739,-0.33661,-0.18945,-0.41234,-0.30395,2,Dimension 3,24661196
24661197,Quebec,-0.38088,0.02812,-0.4596,0.11104,-0.17533,3,Dimension 4,24661197
24661198,Quebec,-0.01247,0.05615,-0.86294,0.25418,-0.14127,3,Dimension 4,24661198
24661199,Quebec,-0.05229,0.08575,-0.48976,0.43509,-0.0053,3,Dimension 4,24661199
24661200,Quebec,0.40132,0.35964,0.04817,-0.2787,0.13261,4,Dimension 1,24661200
24661201,Quebec,0.15294,0.64745,-0.54543,0.25993,0.12872,4,Dimension 2,24661201
24661202,Quebec,0.03777,-0.51562,-0.30699,0.50873,-0.06903,3,Dimension 4,24661202
24661203,Quebec,-0.29757,0.12266,-0.79974,0.29172,-0.17074,3,Dimension 4,24661203
24661204,Quebec,-0.60761,-1.0611,-0.89347,-1.11378,-0.91899,1,Dimension 1,24661204
24661205,Quebec,0.72175,-0.31068,-0.14717,-0.48429,-0.0551,3,Dimension 1,24661205
24661206,Quebec,0.34861,-0.10372,-0.07516,0.11868,0.0721,4,Dimension 1,24661206
24661207,Quebec,0.33609,-0.22206,-0.32584,-0.49047,-0.17557,3,Dimension 1,24661207
24661209,Quebec,-0.10883,0.04912,-0.68814,-0.00891,-0.18919,3,Dimension 2,24661209
24661210,Quebec,-0.17547,-0.19575,-0.59549,0.0873,-0.21985,2,Dimension 4,24661210
24661211,Quebec,-0.00735,-0.29447,-0.54786,0.22969,-0.155,3,Dimension 4,24661211
24661212,Quebec,1.37422,0.3372,-1.39629,0.40966,0.1812,4,Dimension 1,24661212
24661213,Quebec,0.51009,4.55979,0.08904,2.09322,1.81303,5,Dimension 2,24661213
24661214,Quebec,0.89468,0.97549,-1.14883,1.30492,0.50657,5,Dimension 4,24661214
24661215,Quebec,0.19008,-0.42968,0.09677,0.31397,0.04279,3,Dimension 4,24661215
24661216,Quebec,0.2556,-0.8011,-0.11367,0.85379,0.04865,4,Dimension 4,24661216
24661217,Quebec,0.1471,0.48946,-0.71447,0.73359,0.16392,4,Dimension 4,24661217
24661218,Quebec,0.13695,-0.59133,-0.06048,1.20891,0.17351,4,Dimension 4,24661218
24661219,Quebec,0.28493,-0.8239,-0.02863,0.89325,0.08141,4,Dimension 4,24661219
24661220,Quebec,0.14168,-0.30013,-0.07715,0.17076,-0.01621,3,Dimension 4,24661220
24661221,Quebec,0.39225,-0.65169,-0.70486,1.01704,0.01319,3,Dimension 4,24661221
24661222,Quebec,0.50405,1.46283,-1.1679,-0.22412,0.14371,4,Dimension 2,24661222
24661223,Quebec,1.39528,0.71506,-0.41971,0.86328,0.63848,5,Dimension 1,24661223
24661224,Quebec,0.65872,0.64618,-1.72896,0.48517,0.01528,3,Dimension 1,24661224
24661225,Quebec,1.01365,0.47901,-1.5198,0.17527,0.03703,3,Dimension 1,24661225
24661226,Quebec,0.59507,0.07309,-1.58521,-0.34264,-0.31492,2,Dimension 1,24661226
24661227,Quebec,0.32069,-0.68641,-1.43393,-1.20086,-0.75013,1,Dimension 1,24661227
24661228,Quebec,0.64735,0.83585,-1.46544,-0.1399,-0.03054,3,Dimension 2,24661228
24661229,Quebec,1.94185,-1.34047,-0.03828,0.70639,0.31737,4,Dimension 1,24661229
24661230,Quebec,1.16691,-0.91389,-0.59431,-0.1489,-0.12255,3,Dimension 1,24661230
24661231,Quebec,0.60176,-1.76939,-1.04782,-1.21946,-0.85873,1,Dimension 1,24661231
24661232,Quebec,2.42046,-0.07888,-0.98112,1.37732,0.68445,5,Dimension 1,24661232
24661233,Quebec,1.59851,-0.33083,-0.90461,1.10605,0.36728,4,Dimension 1,24661233
24661234,Quebec,0.72996,0.91798,-1.997,0.18524,-0.04096,3,Dimension 2,24661234
24661237,Quebec,-0.35017,0.5399,-0.92248,-1.5436,-0.56909,1,Dimension 2,24661237
24661240,Quebec,1.61868,-0.84058,-1.32623,0.95611,0.10199,4,Dimension 1,24661240
24661241,Quebec,0.80255,0.80829,-1.63979,-0.08049,-0.02736,3,Dimension 2,24661241
24661242,Quebec,0.34075,-0.91211,-0.07596,0.09552,-0.13795,3,Dimension 1,24661242
24661243,Quebec,1.67468,3.48749,3.48606,0.82477,2.36825,5,Dimension 2,24661243
24661244,Quebec,0.20027,-1.05858,-0.07196,-0.15354,-0.27095,2,Dimension 1,24661244
24661245,Quebec,0.11872,-0.57618,0.47219,0.13569,0.0376,3,Dimension 3,24661245
24661246,Quebec,0.22963,0.0835,-0.6815,0.48934,0.03024,3,Dimension 4,24661246
24661247,Quebec,0.86845,0.19924,-0.14805,0.84045,0.44002,5,Dimension 1,24661247
24661248,Quebec,0.6239,0.10369,0.51766,0.66545,0.47768,5,Dimension 4,24661248
24661249,Quebec,-0.03145,-0.77466,-0.27451,0.80968,-0.06773,3,Dimension 4,24661249
24661250,Quebec,0.47917,-0.56965,0.71125,1.05197,0.41819,5,Dimension 4,24661250
24661251,Quebec,0.61145,-0.09027,0.62538,0.58449,0.43276,5,Dimension 3,24661251
24661252,Quebec,0.68414,1.21981,-1.10034,0.55857,0.34055,4,Dimension 2,24661252
24661255,Quebec,0.57393,1.15853,-1.64982,0.23956,0.08055,4,Dimension 2,24661255
24661256,Quebec,0.7504,-1.4245,-0.96663,1.46914,-0.0429,3,Dimension 4,24661256
24661257,Quebec,0.57071,-0.55037,-1.48531,1.06048,-0.10112,3,Dimension 4,24661257
24661258,Quebec,6.39238,4.886,1.59085,-4.51591,2.08833,5,Dimension 1,24661258
24661259,Quebec,3.01844,5.03322,-0.1195,-1.5499,1.59557,5,Dimension 2,24661259
24661260,Quebec,2.32051,-0.91338,-0.61385,2.02114,0.7036,5,Dimension 1,24661260
24661261,Quebec,2.04451,-0.74514,-1.17666,2.0882,0.55273,5,Dimension 4,24661261
24661262,Quebec,0.98717,-0.06605,-1.38994,1.13876,0.16749,4,Dimension 4,24661262
24661263,Quebec,2.91986,5.93204,1.8322,-0.25345,2.60766,5,Dimension 2,24661263
24661264,Quebec,2.61959,3.49645,1.62745,0.33328,2.01919,5,Dimension 2,24661264
24661265,Quebec,0.89813,-1.12197,-0.90646,1.11335,-0.00424,3,Dimension 4,24661265
24661269,Quebec,1.36694,-0.21942,-0.53843,2.26163,0.71768,5,Dimension 4,24661269
24661270,Quebec,1.05576,-0.83467,-1.35037,2.01296,0.22092,4,Dimension 4,24661270
24661271,Quebec,2.26685,-0.63722,-0.91573,3.5308,1.06117,5,Dimension 4,24661271
24661272,Quebec,1.66543,-0.51197,-0.35167,2.50205,0.82596,5,Dimension 4,24661272
24661273,Quebec,2.00718,0.31084,-0.70939,2.14254,0.93779,5,Dimension 4,24661273
24661276,Quebec,2.16669,0.08875,-0.80287,1.97113,0.85593,5,Dimension 1,24661276
24661277,Quebec,1.40935,0.18736,-0.72401,3.07233,0.98626,5,Dimension 4,24661277
24661278,Quebec,1.88229,-1.04037,-0.05106,3.25108,1.01049,5,Dimension 4,24661278
24661279,Quebec,1.40945,-0.17467,-0.47993,2.60905,0.84098,5,Dimension 4,24661279
24661280,Quebec,2.24169,-0.2877,-0.98042,2.97894,0.98813,5,Dimension 4,24661280
24661281,Quebec,2.53182,1.2235,-0.41736,2.89326,1.5578,5,Dimension 4,24661281
24661282,Quebec,2.56665,-0.2861,0.03915,2.53894,1.21466,5,Dimension 1,24661282
24661284,Quebec,1.37709,-0.54077,-0.90922,2.5067,0.60845,5,Dimension 4,24661284
24661285,Quebec,1.97763,-0.87094,-0.81227,2.29109,0.64638,5,Dimension 4,24661285
24661286,Quebec,2.21091,-0.06187,-1.1025,2.97251,1.00476,5,Dimension 4,24661286
24661299,Quebec,1.45116,-0.38781,-0.43132,2.55603,0.79702,5,Dimension 4,24661299
24661300,Quebec,0.49763,-0.37918,-1.07901,0.84711,-0.02836,3,Dimension 4,24661300
24661301,Quebec,1.20202,-0.61495,-0.38332,2.0003,0.55101,5,Dimension 4,24661301
24661302,Quebec,0.12858,-0.6452,-0.80754,-1.22178,-0.63649,1,Dimension 1,24661302
24661303,Quebec,0.637,-0.54886,-0.81682,0.73592,0.00181,3,Dimension 4,24661303
24661304,Quebec,0.57529,-0.32164,0.29993,0.23514,0.19718,4,Dimension 1,24661304
24661305,Quebec,2.33941,-1.0856,-0.88196,1.50635,0.46955,5,Dimension 1,24661305
24661306,Quebec,1.87371,0.13283,-0.69187,1.57424,0.72223,5,Dimension 1,24661306
24661308,Quebec,1.38148,-0.91018,-0.32644,1.17835,0.3308,4,Dimension 1,24661308
24661309,Quebec,3.09039,-1.24376,0.85563,0.72387,0.85653,5,Dimension 1,24661309
24661310,Quebec,2.03769,-1.34584,0.96962,1.53821,0.79992,5,Dimension 1,24661310
24661311,Quebec,1.94381,-1.23563,1.08234,2.1303,0.98021,5,Dimension 4,24661311
24661312,Quebec,1.54876,3.03646,1.06133,0.49981,1.53659,5,Dimension 2,24661312
24661313,Quebec,2.49958,0.26631,1.14388,1.55051,1.36507,5,Dimension 1,24661313
24661314,Quebec,2.45916,-0.68133,0.65806,0.23485,0.66769,5,Dimension 1,24661314
24661315,Quebec,2.336,-0.11581,0.2668,0.60203,0.77225,5,Dimension 1,24661315
24661316,Quebec,2.49741,-1.04701,0.99428,1.4379,0.97064,5,Dimension 1,24661316
24661317,Quebec,1.5908,-0.16728,-0.09211,0.83841,0.54246,5,Dimension 1,24661317
24661318,Quebec,2.90333,-0.58738,-0.51703,0.88692,0.67146,5,Dimension 1,24661318
24661319,Quebec,3.19629,0.18758,1.56283,0.7595,1.42655,5,Dimension 1,24661319
24661320,Quebec,1.69546,0.38393,0.02633,0.18657,0.57307,5,Dimension 1,24661320
24661321,Quebec,2.57162,0.41572,1.12019,0.20913,1.07916,5,Dimension 1,24661321
24661322,Quebec,1.69827,-0.67356,-0.16298,0.81859,0.42008,5,Dimension 1,24661322
24661323,Quebec,1.66653,-0.59168,-0.00816,0.64,0.42667,5,Dimension 1,24661323
24661324,Quebec,1.28811,-0.54375,-0.3986,1.30288,0.41216,5,Dimension 4,24661324
24661325,Quebec,1.37001,-1.26516,-0.24635,1.82511,0.4209,5,Dimension 4,24661325
24661326,Quebec,1.781,-1.60144,-0.80704,1.27976,0.16307,4,Dimension 1,24661326
24661327,Quebec,2.10039,-0.47401,-0.54958,1.64701,0.68095,5,Dimension 1,24661327
24661328,Quebec,2.60294,-0.19277,-0.57394,2.0698,0.97651,5,Dimension 1,24661328
24661329,Quebec,2.31847,-0.84646,-0.4606,1.52941,0.6352,5,Dimension 1,24661329
24661330,Quebec,1.79268,-0.50682,-0.38032,0.63241,0.38449,4,Dimension 1,24661330
24661331,Quebec,0.66941,-1.42872,-0.10647,1.18943,0.08091,4,Dimension 4,24661331
24661332,Quebec,1.48963,-1.24444,-0.36664,0.33933,0.05447,4,Dimension 1,24661332
24661333,Quebec,1.83331,-1.02866,1.19831,-0.13825,0.46618,5,Dimension 1,24661333
24661334,Quebec,1.64604,-2.1483,0.76464,1.15844,0.35521,4,Dimension 1,24661334
24661335,Quebec,1.88058,-0.20627,-1.46825,1.2454,0.36286,4,Dimension 1,24661335
24661336,Quebec,1.45875,-1.14553,-0.49203,2.4202,0.56035,5,Dimension 4,24661336
24661337,Quebec,0.47079,-0.16056,-0.71467,0.0218,-0.09566,3,Dimension 1,24661337
24661338,Quebec,0.9604,-1.02369,-0.5236,1.30864,0.18044,4,Dimension 4,24661338
24661339,Quebec,1.60255,-0.64295,0.00474,0.87856,0.46073,5,Dimension 1,24661339
24661340,Quebec,1.13163,-0.48359,-0.36916,0.59442,0.21833,4,Dimension 1,24661340
24661341,Quebec,0.66282,-0.85556,-0.3152,-0.24742,-0.18884,3,Dimension 1,24661341
24661342,Quebec,2.65744,-0.89199,1.09308,1.24295,1.02537,5,Dimension 1,24661342
24661343,Quebec,1.97809,-0.6825,0.5416,1.16135,0.74964,5,Dimension 1,24661343
24661344,Quebec,-0.32313,-0.26826,-0.49467,-0.63743,-0.43087,2,Dimension 2,24661344
24661345,Quebec,0.42379,-0.18381,0.31058,-0.83909,-0.07213,3,Dimension 1,24661345
24661346,Quebec,1.00191,-0.36626,0.05153,-0.47855,0.05216,4,Dimension 1,24661346
24661347,Quebec,0.95158,-0.27413,-0.14937,-0.02619,0.12547,4,Dimension 1,24661347
24661348,Quebec,0.38601,0.22939,-0.54843,-0.31073,-0.06094,3,Dimension 1,24661348
24661349,Quebec,-0.54254,-1.42379,-1.24866,-1.37755,-1.14813,1,Dimension 1,24661349
24661350,Quebec,-0.37891,-0.7652,-1.22192,-1.51015,-0.96905,1,Dimension 1,24661350
24661351,Quebec,0.41694,0.07709,-1.81464,0.35704,-0.24089,2,Dimension 1,24661351
24661352,Quebec,0.78643,0.7797,-1.00984,0.3088,0.21627,4,Dimension 1,24661352
24661353,Quebec,0.38476,-0.28545,-0.88467,0.39859,-0.09669,3,Dimension 4,24661353
24661354,Quebec,0.24602,-0.52308,-0.86487,-0.22,-0.34048,2,Dimension 1,24661354
24661355,Quebec,0.29276,-1.09309,-1.01504,0.19759,-0.40445,2,Dimension 1,24661355
24661356,Quebec,0.0253,-0.38174,-0.97076,-0.09905,-0.35656,2,Dimension 1,24661356
24661357,Quebec,0.37178,-0.3929,-0.36844,-0.22001,-0.15239,3,Dimension 1,24661357
24661358,Quebec,0.64634,-0.89492,-0.60382,-0.39031,-0.31068,2,Dimension 1,24661358
24661359,Quebec,0.56495,-1.09858,-0.62043,-0.05477,-0.30221,2,Dimension 1,24661359
24661360,Quebec,0.75808,-0.16578,-0.51252,-0.0083,0.01787,3,Dimension 1,24661360
24661361,Quebec,0.53271,0.06454,-0.34419,-0.51734,-0.06607,3,Dimension 1,24661361
24661362,Quebec,0.51403,-0.08964,-0.86773,0.23342,-0.05248,3,Dimension 1,24661362
24661363,Quebec,0.15519,-0.99237,-0.79238,-0.14639,-0.44398,2,Dimension 1,24661363
24661364,Quebec,1.56287,-0.40481,-0.2246,-0.70248,0.05775,4,Dimension 1,24661364
24661365,Quebec,1.13444,-0.54871,0.34672,-1.06487,-0.03311,3,Dimension 1,24661365
24661366,Quebec,1.57706,-0.25947,0.76021,-1.49828,0.14488,4,Dimension 1,24661366
24661367,Quebec,0.85208,-0.93536,0.20907,0.94424,0.26751,4,Dimension 4,24661367
24661368,Quebec,1.1097,-0.63303,0.0619,-0.60273,-0.01604,3,Dimension 1,24661368
24661369,Quebec,0.73583,-0.31514,-0.26094,0.18964,0.08735,4,Dimension 1,24661369
24661370,Quebec,0.58784,-0.68755,-0.38647,1.01455,0.13209,4,Dimension 4,24661370
24661371,Quebec,0.4664,-1.0746,-0.2496,0.8683,0.00263,3,Dimension 4,24661371
24661372,Quebec,0.18967,-0.90711,-0.58132,-0.14117,-0.35998,2,Dimension 1,24661372
24661373,Quebec,0.50642,-0.22517,-0.68305,-0.10276,-0.12614,3,Dimension 1,24661373
24661374,Quebec,0.50308,-0.39783,-0.39795,0.83828,0.13639,4,Dimension 4,24661374
24661375,Quebec,0.98354,1.73497,-0.83945,1.13164,0.75267,5,Dimension 2,24661375
24661376,Quebec,0.66945,-0.60058,-0.25544,1.18454,0.24949,4,Dimension 4,24661376
24661377,Quebec,0.33811,-0.95351,0.07098,0.59199,0.01189,3,Dimension 4,24661377
24661378,Quebec,0.45157,-0.94268,-0.81689,-0.0032,-0.3278,2,Dimension 1,24661378
24661379,Quebec,0.18696,-1.13314,-0.86078,0.02893,-0.44451,2,Dimension 1,24661379
24661380,Quebec,0.15622,-0.8679,-0.43306,-0.01855,-0.29082,2,Dimension 1,24661380
24661381,Quebec,0.50213,-0.24899,-0.44491,-0.3923,-0.14602,3,Dimension 1,24661381
24661382,Quebec,0.82695,-1.08701,-0.7005,0.26153,-0.17476,3,Dimension 1,24661382
24661383,Quebec,0.83148,-1.02193,-0.11667,0.4202,0.02827,3,Dimension 1,24661383
24661384,Quebec,0.88488,-0.59809,-0.10794,-1.25547,-0.26915,2,Dimension 1,24661384
24661385,Quebec,0.3148,-0.43255,-1.29261,-2.51303,-0.98085,1,Dimension 1,24661385
24661386,Quebec,0.48827,1.01232,-0.68428,-1.20391,-0.0969,3,Dimension 2,24661386
24661387,Quebec,0.92949,0.12389,0.43009,-0.98201,0.12536,4,Dimension 1,24661387
24661388,Quebec,2.03604,-0.23504,0.92999,-1.95483,0.19404,4,Dimension 1,24661388
24661389,Quebec,1.10532,0.90508,-0.06428,-0.56155,0.34614,4,Dimension 1,24661389
24661390,Quebec,1.41127,-0.85419,-0.04553,-0.36119,0.03759,3,Dimension 1,24661390
24661391,Quebec,1.51479,0.30116,0.05922,-1.15871,0.17912,4,Dimension 1,24661391
24661392,Quebec,-0.03093,0.03316,-0.99306,0.00444,-0.2466,2,Dimension 2,24661392
24661393,Quebec,1.36341,-1.29483,0.32679,-0.8575,-0.11553,3,Dimension 1,24661393
24661394,Quebec,0.92863,-0.61869,0.37686,0.07611,0.19073,4,Dimension 1,24661394
24661395,Quebec,0.76431,-0.0907,-0.97851,-2.08889,-0.59845,1,Dimension 1,24661395
24661396,Quebec,0.79239,-0.28313,-0.3767,-1.1586,-0.25651,2,Dimension 1,24661396
24661397,Quebec,0.08261,-0.44108,-1.06045,-0.86895,-0.57197,1,Dimension 1,24661397
24661398,Quebec,0.25611,-0.53928,-1.23152,-0.55859,-0.51832,1,Dimension 1,24661398
24661399,Quebec,0.1186,-0.82982,-0.94304,-2.36771,-1.00549,1,Dimension 1,24661399
24661400,Quebec,0.36645,-0.51642,-1.58256,-2.17095,-0.97587,1,Dimension 1,24661400
24661401,Quebec,1.19417,2.12146,-1.70795,0.31474,0.48061,5,Dimension 2,24661401
24661402,Quebec,0.60424,0.94873,-1.8366,0.49966,0.05401,4,Dimension 2,24661402
24661405,Quebec,1.6544,0.80958,-1.07506,0.6047,0.4984,5,Dimension 1,24661405
24661407,Quebec,1.54254,0.16113,-1.49777,-0.56526,-0.08984,3,Dimension 1,24661407
24661408,Quebec,2.37914,0.70972,-1.81176,0.35361,0.40768,5,Dimension 1,24661408
24661409,Quebec,0.15416,-0.54297,-1.5547,-2.46483,-1.10209,1,Dimension 1,24661409
24661410,Quebec,1.66261,-1.5134,-0.33592,2.0359,0.4623,5,Dimension 4,24661410
24661411,Quebec,0.71254,-0.35191,-1.32583,-2.20165,-0.79171,1,Dimension 1,24661411
24661412,Quebec,-0.05718,0.12686,-1.65901,-2.92553,-1.12872,1,Dimension 2,24661412
24661413,Quebec,0.39537,-0.08492,-0.99628,-2.40957,-0.77385,1,Dimension 1,24661413
24661414,Quebec,0.78392,2.57806,-1.93961,0.52755,0.48748,5,Dimension 2,24661414
24661415,Quebec,0.41294,0.77634,-1.71896,0.19105,-0.08466,3,Dimension 2,24661415
24661416,Quebec,-0.0319,-0.70029,-0.95592,0.43183,-0.31407,2,Dimension 4,24661416
24661417,Quebec,0.32212,-0.8502,-0.42503,0.0629,-0.22255,2,Dimension 1,24661417
24661418,Quebec,-0.13995,-0.7698,-1.04812,-0.07069,-0.50714,1,Dimension 4,24661418
24661419,Quebec,1.57501,-0.53958,-0.91464,2.12168,0.56062,5,Dimension 4,24661419
24661420,Quebec,0.20993,-1.0666,-0.49694,0.41694,-0.23417,2,Dimension 4,24661420
24661421,Quebec,0.48732,-0.35657,-0.50032,0.58837,0.0547,4,Dimension 4,24661421
24661422,Quebec,0.73433,-0.40139,-0.22176,1.22263,0.33345,4,Dimension 4,24661422
24661423,Quebec,1.0353,-0.41445,0.18594,0.49207,0.32472,4,Dimension 1,24661423
24661424,Quebec,0.53639,-0.28951,-0.19204,0.45365,0.12712,4,Dimension 1,24661424
24661425,Quebec,0.51772,-1.31311,-0.36364,0.66175,-0.12432,3,Dimension 4,24661425
24661426,Quebec,0.31844,-1.56097,-0.8304,1.19121,-0.22043,2,Dimension 4,24661426
24661427,Quebec,0.83867,-1.09953,-0.95465,0.86776,-0.08694,3,Dimension 4,24661427
24661428,Quebec,0.61964,-0.56345,-0.82087,0.36069,-0.101,3,Dimension 1,24661428
24661429,Quebec,0.43829,-1.1913,0.51993,0.47215,0.05977,4,Dimension 3,24661429
24661430,Quebec,-0.01764,-1.60353,-0.21634,0.82046,-0.25426,2,Dimension 4,24661430
24661431,Quebec,0.37586,-0.63264,-0.45125,0.30331,-0.10118,3,Dimension 1,24661431
24661432,Quebec,0.22517,-0.69159,-0.34001,0.4973,-0.07728,3,Dimension 4,24661432
24661433,Quebec,1.00313,3.57444,-0.19019,1.28346,1.41771,5,Dimension 2,24661433
24661434,Quebec,0.64633,0.16807,-1.07355,0.5127,0.06339,4,Dimension 1,24661434
24661435,Quebec,0.41019,-0.94108,-0.64697,0.83335,-0.08613,3,Dimension 4,24661435
24661436,Quebec,0.47683,1.74362,-0.70514,0.7883,0.5759,5,Dimension 2,24661436
24661437,Quebec,0.44993,-0.52557,-1.12298,0.94932,-0.06232,3,Dimension 4,24661437
24661438,Quebec,0.22317,-1.5592,-0.62019,0.98689,-0.24233,2,Dimension 4,24661438
24661439,Quebec,0.50939,-0.89886,-0.99221,0.66566,-0.17901,3,Dimension 4,24661439
24661440,Quebec,0.5291,-0.78961,-0.44769,1.16961,0.11536,4,Dimension 4,24661440
24661441,Quebec,0.28058,-1.2286,-0.90408,0.64417,-0.30198,2,Dimension 4,24661441
24661442,Quebec,0.6419,-1.48244,-0.75907,1.21436,-0.09631,3,Dimension 4,24661442
24661443,Quebec,0.00886,-0.69839,-1.16056,-0.02927,-0.46984,1,Dimension 1,24661443
24661444,Quebec,0.71687,0.91414,-0.76861,0.77169,0.40852,5,Dimension 2,24661444
24661445,Quebec,0.39507,-0.46929,-0.50626,0.84029,0.06495,4,Dimension 4,24661445
24661446,Quebec,0.00822,-1.14468,-1.02795,0.48205,-0.42059,2,Dimension 4,24661446
24661447,Quebec,0.36214,-0.33062,-0.42528,0.41723,0.00587,3,Dimension 4,24661447
24661448,Quebec,0.64139,-0.98565,-0.49956,0.80889,-0.00873,3,Dimension 4,24661448
24661449,Quebec,0.49783,-1.27312,-0.23742,0.80201,-0.05268,3,Dimension 4,24661449
24661450,Quebec,-0.06074,-0.52916,-0.91987,0.27349,-0.30907,2,Dimension 4,24661450
24661451,Quebec,0.29962,-1.02861,-0.70164,1.43989,0.00231,3,Dimension 4,24661451
24661452,Quebec,0.03262,0.4587,-0.44603,0.0707,0.02899,3,Dimension 2,24661452
24661453,Quebec,0.32586,-0.39929,-1.17042,0.80545,-0.1096,3,Dimension 4,24661453
24661454,Quebec,0.01285,-0.86864,-0.68647,0.76042,-0.19546,3,Dimension 4,24661454
24661455,Quebec,0.4298,-1.12191,-0.82971,0.19816,-0.33091,2,Dimension 1,24661455
24661456,Quebec,-0.07913,-1.11802,-0.45645,0.78242,-0.2178,2,Dimension 4,24661456
24661457,Quebec,0.27865,-1.12555,-0.53838,0.80392,-0.14534,3,Dimension 4,24661457
24661458,Quebec,0.80332,-0.89877,0.51756,1.03699,0.36478,4,Dimension 4,24661458
24661459,Quebec,0.15849,-1.51954,-0.01938,0.72128,-0.16479,3,Dimension 4,24661459
24661460,Quebec,0.03143,-1.09999,-1.14379,0.52567,-0.42167,2,Dimension 4,24661460
24661461,Quebec,0.19908,-0.724,-0.40036,0.46399,-0.11533,3,Dimension 4,24661461
24661462,Quebec,0.88264,2.09936,0.03224,0.63313,0.91184,5,Dimension 2,24661462
24661463,Quebec,0.11409,-1.2169,-1.05991,0.47368,-0.42226,2,Dimension 4,24661463
24661464,Quebec,0.42593,1.20892,-1.17979,0.59672,0.26294,4,Dimension 2,24661464
24661465,Quebec,0.62949,-0.65416,-0.63769,0.24155,-0.1052,3,Dimension 1,24661465
24661466,Quebec,0.66534,-1.02098,0.07,0.98614,0.17512,4,Dimension 4,24661466
24661467,Quebec,-0.0253,-1.22511,-0.682,0.13257,-0.44996,2,Dimension 4,24661467
24661468,Quebec,0.21934,-0.83222,-0.43277,0.17547,-0.21755,2,Dimension 1,24661468
24661469,Quebec,0.0602,-1.44742,-0.7416,0.66625,-0.36564,2,Dimension 4,24661469
24661470,Quebec,0.1459,-1.29338,-0.27833,0.50914,-0.22917,2,Dimension 4,24661470
24661471,Quebec,-0.31043,-0.50519,-0.94488,0.43321,-0.33182,2,Dimension 4,24661471
24661472,Quebec,-0.2206,-0.84962,-0.75276,-0.41571,-0.55967,1,Dimension 1,24661472
24661473,Quebec,-0.33528,-1.04574,-1.17112,-0.03166,-0.64595,1,Dimension 4,24661473
24661474,Quebec,0.1544,0.77617,-0.83205,0.06439,0.04073,3,Dimension 2,24661474
24661475,Quebec,0.43502,-0.11884,-0.8063,0.38325,-0.02672,3,Dimension 1,24661475
24661476,Quebec,1.29135,-0.3942,0.23309,0.90058,0.50771,5,Dimension 1,24661476
24661477,Quebec,1.13168,0.20033,0.80052,0.43463,0.64179,5,Dimension 1,24661477
24661478,Quebec,0.16055,0.1007,-0.73715,-0.19476,-0.16766,3,Dimension 1,24661478
24661479,Quebec,0.30551,-0.56859,-0.69451,-0.05968,-0.25432,2,Dimension 1,24661479
24661480,Quebec,0.26894,0.30796,-0.74898,-0.14822,-0.08007,3,Dimension 2,24661480
24661481,Quebec,0.4727,-0.33055,-0.28059,0.49285,0.0886,4,Dimension 4,24661481
24661482,Quebec,0.73734,-0.83077,0.18008,0.13855,0.0563,4,Dimension 1,24661482
24661483,Quebec,0.16344,0.52914,-0.3874,0.59113,0.22408,4,Dimension 4,24661483
24661484,Quebec,0.5382,0.11942,0.02466,0.23064,0.22823,4,Dimension 1,24661484
24661485,Quebec,2.14898,0.05985,0.51943,-0.65784,0.5176,5,Dimension 1,24661485
24661486,Quebec,1.88372,0.67574,1.03581,0.09996,0.92381,5,Dimension 1,24661486
24661487,Quebec,1.52239,1.0494,0.99916,-1.53973,0.50781,5,Dimension 1,24661487
24661488,Quebec,0.39348,0.49265,-0.00982,0.43165,0.32699,4,Dimension 2,24661488
24661489,Quebec,1.07312,-0.58019,-0.05133,0.00912,0.11268,4,Dimension 1,24661489
24661490,Quebec,1.12488,-0.53511,-0.34908,1.32441,0.39127,4,Dimension 4,24661490
24661491,Quebec,0.49736,-0.04999,-0.62847,0.0903,-0.0227,3,Dimension 1,24661491
24661492,Quebec,0.32742,-0.44499,0.44317,0.56355,0.22229,4,Dimension 4,24661492
24661493,Quebec,1.29058,0.3111,0.08058,0.57489,0.56429,5,Dimension 1,24661493
24661494,Quebec,1.9048,0.30226,0.47545,-0.02913,0.66334,5,Dimension 1,24661494
24661495,Quebec,1.11624,0.68103,0.08837,-0.41065,0.36875,4,Dimension 1,24661495
24661496,Quebec,1.12002,-0.09629,0.74456,-0.84535,0.23074,4,Dimension 1,24661496
24661497,Quebec,0.50408,-0.13852,-0.27224,0.363,0.11408,4,Dimension 1,24661497
24661498,Quebec,1.10672,-0.52609,0.25213,0.23149,0.26606,4,Dimension 1,24661498
24661499,Quebec,0.02957,-0.39557,-0.54898,0.82174,-0.02331,3,Dimension 4,24661499
24661500,Quebec,0.51012,-0.09139,-0.5353,0.57881,0.11556,4,Dimension 4,24661500
24661501,Quebec,0.26622,-0.65543,-0.19092,0.43944,-0.03517,3,Dimension 4,24661501
24661502,Quebec,0.23388,-0.96393,-0.24283,0.69201,-0.07022,3,Dimension 4,24661502
24661503,Quebec,1.17691,2.56444,-0.43477,0.39421,0.9252,5,Dimension 2,24661503
24661504,Quebec,0.93195,-0.34945,-0.00778,1.34976,0.48112,5,Dimension 4,24661504
24661505,Quebec,0.56719,-0.69311,-0.61968,0.02068,-0.18123,3,Dimension 1,24661505
24661506,Quebec,0.9218,0.9912,-0.66447,0.61328,0.46545,5,Dimension 2,24661506
24661507,Quebec,-0.14688,-1.04447,-0.64545,-0.144,-0.4952,1,Dimension 4,24661507
24661508,Quebec,0.02288,-0.91998,-0.7092,0.44876,-0.28939,2,Dimension 4,24661508
24661509,Quebec,0.16147,-1.18753,-0.44599,-0.0891,-0.39029,2,Dimension 1,24661509
24661510,Quebec,0.2158,-1.05661,-0.38878,-0.06823,-0.32445,2,Dimension 1,24661510
24661513,Quebec,0.2523,-0.86318,-0.38073,0.65048,-0.08528,3,Dimension 4,24661513
24661514,Quebec,0.19651,-1.03204,-0.65891,0.61903,-0.21885,2,Dimension 4,24661514
24661515,Quebec,0.11711,-0.75536,-0.6759,1.42043,0.02657,3,Dimension 4,24661515
24661516,Quebec,0.1651,-1.12944,-0.70968,0.31466,-0.33984,2,Dimension 4,24661516
24661517,Quebec,-0.00252,-1.16538,-0.78164,0.39437,-0.38879,2,Dimension 4,24661517
24661518,Quebec,0.07003,-0.87246,-1.10122,0.22798,-0.41892,2,Dimension 4,24661518
24661519,Quebec,-0.13308,-0.84446,-0.93083,0.40739,-0.37524,2,Dimension 4,24661519
24661520,Quebec,0.17687,-1.18838,-0.71306,0.1635,-0.39027,2,Dimension 1,24661520
24661521,Quebec,0.20979,-0.56685,-1.11752,0.21253,-0.31551,2,Dimension 4,24661521
24661522,Quebec,2.0005,0.55436,0.9708,-0.69846,0.7068,5,Dimension 1,24661522
24661523,Quebec,3.23162,0.91986,0.542,1.52233,1.55395,5,Dimension 1,24661523
24661524,Quebec,1.57461,0.91179,0.59877,-0.06961,0.75389,5,Dimension 1,24661524
24661525,Quebec,1.34748,1.09312,0.42036,0.27895,0.78498,5,Dimension 1,24661525
24661526,Quebec,1.78445,1.05245,-0.03429,0.25436,0.76424,5,Dimension 1,24661526
24661527,Quebec,2.21351,0.17133,1.86524,-0.15087,1.0248,5,Dimension 1,24661527
24661528,Quebec,1.94602,-0.08749,0.87766,0.21187,0.73702,5,Dimension 1,24661528
24661529,Quebec,1.98815,0.90333,1.31174,-0.57981,0.90585,5,Dimension 1,24661529
24661530,Quebec,1.76227,0.46879,1.15818,-0.41433,0.74373,5,Dimension 1,24661530
24661531,Quebec,2.15171,-0.30659,0.95368,0.72523,0.88101,5,Dimension 1,24661531
24661532,Quebec,-0.05161,-1.08381,-1.15112,-0.89913,-0.79642,1,Dimension 1,24661532
24661533,Quebec,2.39928,0.31657,1.27499,0.21327,1.05103,5,Dimension 1,24661533
24661534,Quebec,2.48301,1.83246,1.72088,-0.51404,1.38058,5,Dimension 1,24661534
24661535,Quebec,1.776,-0.43753,1.62612,-0.25569,0.67722,5,Dimension 1,24661535
24661536,Quebec,2.87623,0.50268,0.7577,0.03204,1.04216,5,Dimension 1,24661536
24661537,Quebec,2.34496,0.16068,1.33301,-0.05407,0.94614,5,Dimension 1,24661537
24661538,Quebec,2.53501,0.31974,1.75181,0.63515,1.31043,5,Dimension 1,24661538
24661539,Quebec,1.9146,0.64347,1.06743,-0.33873,0.82169,5,Dimension 1,24661539
24661540,Quebec,1.4418,-0.49595,1.32701,0.88693,0.78995,5,Dimension 1,24661540
24661541,Quebec,2.33863,-0.04426,1.37718,0.2335,0.97626,5,Dimension 1,24661541
24661542,Quebec,2.49823,1.10283,1.5808,-1.26686,0.97875,5,Dimension 1,24661542
24661543,Quebec,1.86698,0.57494,1.6844,0.20014,1.08162,5,Dimension 1,24661543
24661544,Quebec,1.75315,0.46692,0.71557,-0.25465,0.67025,5,Dimension 1,24661544
24661545,Quebec,2.92451,1.09673,1.11389,-0.30099,1.20853,5,Dimension 1,24661545
24661546,Quebec,1.58902,0.81092,0.56479,-0.88713,0.5194,5,Dimension 1,24661546
24661547,Quebec,2.94293,0.02916,0.511,0.76948,1.06314,5,Dimension 1,24661547
24661548,Quebec,1.81239,0.18623,0.72544,0.69462,0.85467,5,Dimension 1,24661548
24661549,Quebec,2.87978,0.42145,1.04642,-0.66036,0.92182,5,Dimension 1,24661549
24661550,Quebec,1.4555,0.18525,1.25149,0.42379,0.829,5,Dimension 1,24661550
24661551,Quebec,2.43585,0.26764,2.27347,-0.5998,1.09429,5,Dimension 1,24661551
24661554,Quebec,3.44056,-0.5992,1.69814,0.14438,1.17097,5,Dimension 1,24661554
24661555,Quebec,2.13453,0.6327,0.89542,-0.6323,0.75759,5,Dimension 1,24661555
24661556,Quebec,2.05882,-0.18283,1.15702,-0.58876,0.61106,5,Dimension 1,24661556
24661557,Quebec,2.31057,0.35547,0.8385,-0.50474,0.74995,5,Dimension 1,24661557
24661558,Quebec,1.96835,1.30652,1.88771,-0.77946,1.09578,5,Dimension 1,24661558
24661559,Quebec,1.95945,0.06657,1.37926,0.82114,1.0566,5,Dimension 1,24661559
24661560,Quebec,1.88592,-0.06443,1.47983,-0.95884,0.58562,5,Dimension 1,24661560
24661561,Quebec,3.14147,-0.40119,2.05335,0.45125,1.31122,5,Dimension 1,24661561
24661562,Quebec,2.94027,1.61082,1.84919,-0.4753,1.48125,5,Dimension 1,24661562
24661563,Quebec,3.42978,-0.05378,2.52248,-0.41877,1.36993,5,Dimension 1,24661563
24661564,Quebec,3.05176,0.32192,1.5145,0.66902,1.3893,5,Dimension 1,24661564
24661566,Quebec,3.18422,0.56696,0.66128,1.17064,1.39578,5,Dimension 1,24661566
24661567,Quebec,0.29089,-0.67499,-1.5002,-2.46789,-1.08805,1,Dimension 1,24661567
24661568,Quebec,0.47307,-0.51612,-1.60436,-2.2539,-0.97533,1,Dimension 1,24661568
24661569,Quebec,0.94207,-0.48427,-1.2255,-1.95231,-0.68,1,Dimension 1,24661569
24661570,Quebec,0.78442,-0.7618,-1.41748,-1.78823,-0.79577,1,Dimension 1,24661570
24661571,Quebec,0.32745,-0.14413,-1.35315,-2.50657,-0.9191,1,Dimension 1,24661571
24661572,Quebec,1.30529,-0.58492,-0.60332,0.46341,0.14512,4,Dimension 1,24661572
24661573,Quebec,0.2404,-0.74945,-1.60068,0.48273,-0.40675,2,Dimension 4,24661573
24661574,Quebec,-0.3893,-1.07981,-1.2966,-1.46623,-1.05798,1,Dimension 1,24661574
24661575,Quebec,0.79839,-0.48141,-1.06495,0.02012,-0.18196,3,Dimension 1,24661575
24661576,Quebec,0.22472,0.58756,-1.31315,0.03707,-0.11595,3,Dimension 2,24661576
24661577,Quebec,0.0705,-0.34444,-0.78512,-0.75811,-0.45429,1,Dimension 1,24661577
24661578,Quebec,-0.02309,-0.51327,-1.54014,-1.64645,-0.93074,1,Dimension 1,24661578
24661579,Quebec,2.60792,0.028,-1.11063,0.66349,0.5472,5,Dimension 1,24661579
24661580,Quebec,1.41466,1.72489,-1.55616,-0.35211,0.30782,4,Dimension 2,24661580
24661581,Quebec,1.64634,0.50291,-1.09139,-0.19506,0.2157,4,Dimension 1,24661581
24661582,Quebec,-0.11735,-0.90779,-1.54232,-2.56881,-1.28407,1,Dimension 1,24661582
24661583,Quebec,0.59166,-0.36335,-1.30563,-1.98745,-0.76619,1,Dimension 1,24661583
24661584,Quebec,0.58588,-0.55224,-1.07375,-2.2919,-0.833,1,Dimension 1,24661584
24661585,Quebec,0.62504,-1.09237,-1.29281,-1.16372,-0.73097,1,Dimension 1,24661585
24661586,Quebec,0.03586,-0.40631,-1.64721,-1.98499,-1.00066,1,Dimension 1,24661586
24661587,Quebec,0.48716,-0.4679,-1.05963,-0.44605,-0.37161,2,Dimension 1,24661587
24661589,Quebec,0.12711,-0.48324,-1.36078,-1.93319,-0.91253,1,Dimension 1,24661589
24661590,Quebec,0.30454,-0.64351,-1.5859,-2.59581,-1.13017,1,Dimension 1,24661590
24661591,Quebec,0.9189,-0.86262,-0.60012,-0.26398,-0.20196,3,Dimension 1,24661591
24661592,Quebec,0.82749,-0.61193,-1.21811,-2.4039,-0.85161,1,Dimension 1,24661592
24661593,Quebec,1.74314,-1.04332,-0.75911,1.40386,0.33615,4,Dimension 1,24661593
24661594,Quebec,2.42374,-0.63194,-0.981,1.24476,0.51389,5,Dimension 1,24661594
24661595,Quebec,0.44036,1.09058,-1.13638,-0.63258,-0.0595,3,Dimension 2,24661595
24661597,Quebec,0.28694,-1.08543,-1.42614,-2.21924,-1.11097,1,Dimension 1,24661597
24661598,Quebec,0.97308,-0.2232,-1.19618,-2.19932,-0.66141,1,Dimension 1,24661598
24661599,Quebec,0.16003,-0.63042,-1.29531,-2.2243,-0.9975,1,Dimension 1,24661599
24661600,Quebec,-0.05684,-0.69509,-1.79673,-2.47566,-1.25608,1,Dimension 1,24661600
24661601,Quebec,2.27214,-0.61321,1.17321,-0.12584,0.67658,5,Dimension 1,24661601
24661602,Quebec,0.65002,0.79335,-0.10714,-1.02619,0.07751,4,Dimension 2,24661602
24661603,Quebec,0.7387,-0.09193,1.24448,-1.26954,0.15543,4,Dimension 3,24661603
24661606,Quebec,2.36063,1.73925,-0.49083,1.3983,1.25184,5,Dimension 1,24661606
24661609,Quebec,3.6979,0.41109,-0.88863,1.95538,1.29394,5,Dimension 1,24661609
24661611,Quebec,2.72207,-0.18932,0.43737,-0.99587,0.49356,5,Dimension 1,24661611
24661614,Quebec,3.74411,0.52756,1.31235,0.43801,1.50551,5,Dimension 1,24661614
24661615,Quebec,2.68391,0.28583,0.84009,0.39776,1.0519,5,Dimension 1,24661615
24661616,Quebec,2.51879,-0.58552,0.82462,0.45444,0.80308,5,Dimension 1,24661616
24661617,Quebec,1.59133,3.32575,-0.62659,0.47409,1.19114,5,Dimension 2,24661617
24661618,Quebec,2.36097,0.16131,1.61493,-0.74516,0.84801,5,Dimension 1,24661618
24661619,Quebec,1.3099,0.07764,-1.25385,0.27301,0.10168,4,Dimension 1,24661619
24661620,Quebec,0.83987,-0.61761,-1.03308,-0.47118,-0.3205,2,Dimension 1,24661620
24661621,Quebec,1.61205,-0.15216,-0.00835,0.76032,0.55296,5,Dimension 1,24661621
24661622,Quebec,1.58116,-0.75221,0.53377,0.22684,0.39739,4,Dimension 1,24661622
24661623,Quebec,1.74211,-0.07558,1.63276,0.5157,0.95375,5,Dimension 1,24661623
24661624,Quebec,2.51451,0.84503,1.85016,-0.05713,1.28814,5,Dimension 1,24661624
24661625,Quebec,0.61941,-0.9329,-0.45414,0.72143,-0.01155,3,Dimension 4,24661625
24661626,Quebec,0.43017,-0.60461,-0.49708,0.21765,-0.11347,3,Dimension 1,24661626
24661627,Quebec,0.03157,-1.13485,-0.66634,0.64736,-0.28057,2,Dimension 4,24661627
24661628,Quebec,0.27887,-1.57343,-0.17421,0.42305,-0.26143,2,Dimension 4,24661628
24661629,Quebec,-0.04421,-1.64781,-0.59325,1.18439,-0.27522,2,Dimension 4,24661629
24661630,Quebec,0.97918,0.34657,0.30791,-0.2091,0.35614,4,Dimension 1,24661630
24661631,Quebec,0.11924,0.20781,-0.44445,-0.31835,-0.10894,3,Dimension 2,24661631
24661632,Quebec,-0.05947,-0.24161,-0.45502,0.20886,-0.13681,3,Dimension 4,24661632
24661633,Quebec,-0.16361,-0.32446,-0.65702,0.09014,-0.26374,2,Dimension 4,24661633
24661634,Quebec,0.35272,-0.57734,-0.25966,0.46233,-0.00549,3,Dimension 4,24661634
24661635,Quebec,0.31236,-0.22693,-0.71633,0.22906,-0.10046,3,Dimension 1,24661635
24661636,Quebec,-0.16504,-0.26316,-0.45532,0.15943,-0.18102,3,Dimension 4,24661636
24661637,Quebec,0.23757,0.34106,-0.3605,0.44594,0.16602,4,Dimension 4,24661637
24661638,Quebec,-0.37933,-0.37494,-0.36693,0.03715,-0.27101,2,Dimension 4,24661638
24661639,Quebec,0.42814,0.07699,-0.19074,1.36948,0.42097,5,Dimension 4,24661639
24661640,Quebec,0.37161,-0.19356,0.00045,0.51375,0.17306,4,Dimension 4,24661640
24661641,Quebec,0.02151,-0.63141,-0.49338,-0.42952,-0.3832,2,Dimension 1,24661641
24661642,Quebec,0.00739,-0.86547,0.2459,0.06367,-0.13713,3,Dimension 3,24661642
24661643,Quebec,0.19167,-1.12611,-0.52454,0.09751,-0.34037,2,Dimension 1,24661643
24661644,Quebec,0.23764,-1.13344,-0.74086,0.36797,-0.31717,2,Dimension 4,24661644
24661645,Quebec,0.13786,-0.75128,-1.06558,0.54863,-0.28259,2,Dimension 4,24661645
24661646,Quebec,-0.31848,-0.81421,-1.20782,0.42228,-0.47956,1,Dimension 4,24661646
24661647,Quebec,0.03272,-1.2209,-0.70032,0.36621,-0.38057,2,Dimension 4,24661647
24661648,Quebec,0.37001,-0.42586,-0.5917,0.6733,0.00644,3,Dimension 4,24661648
24661649,Quebec,0.27814,-0.36273,-0.59264,-0.02433,-0.17539,3,Dimension 1,24661649
24661650,Quebec,-0.07753,-0.47444,-0.60897,0.44265,-0.17957,3,Dimension 4,24661650
24661651,Quebec,0.54527,0.03693,-0.93876,0.66077,0.07605,4,Dimension 4,24661651
24661652,Quebec,0.53498,-0.80333,0.57872,0.59491,0.22632,4,Dimension 4,24661652
24661653,Quebec,0.20998,0.0565,-0.40174,0.22516,0.02247,3,Dimension 4,24661653
24661654,Quebec,0.64318,-0.05221,-0.1115,0.18525,0.16618,4,Dimension 1,24661654
24661655,Quebec,0.2435,-0.76129,-0.5694,-0.08958,-0.29419,2,Dimension 1,24661655
24661656,Quebec,-0.23414,-1.60507,-0.14089,0.72101,-0.31477,2,Dimension 4,24661656
24661657,Quebec,-0.1677,-0.27827,-1.23853,-0.03207,-0.42914,2,Dimension 4,24661657
24661658,Quebec,-0.3217,-0.02662,-1.2046,-0.50743,-0.51509,1,Dimension 2,24661658
24661659,Quebec,-0.3833,-0.86479,-0.90432,-0.289,-0.61035,1,Dimension 4,24661659
24661660,Quebec,-0.08605,-0.17796,-0.66914,0.21656,-0.17915,3,Dimension 4,24661660
24661661,Quebec,-0.03083,-0.24515,-0.98487,0.14106,-0.27994,2,Dimension 4,24661661
24661662,Quebec,0.19617,-0.4699,-0.06608,0.77434,0.10863,4,Dimension 4,24661662
24661663,Quebec,0.55747,4.3203,-1.76949,0.04949,0.78944,5,Dimension 2,24661663
24661664,Quebec,0.32542,-0.33916,0.08697,-0.23615,-0.04073,3,Dimension 1,24661664
24661665,Quebec,0.35437,0.01709,-0.25973,-0.44541,-0.08342,3,Dimension 1,24661665
24661666,Quebec,0.07074,-0.2714,-0.56754,0.0662,-0.1755,3,Dimension 1,24661666
24661667,Quebec,0.51366,0.62955,-0.60849,-0.13897,0.09894,4,Dimension 2,24661667
24661668,Quebec,0.88056,0.33267,-0.05587,-0.00621,0.28779,4,Dimension 1,24661668
24661669,Quebec,0.16956,-0.68999,-0.26743,0.18709,-0.15019,3,Dimension 4,24661669
24661670,Quebec,0.51992,-0.41942,0.10976,0.50871,0.17974,4,Dimension 1,24661670
24661671,Quebec,1.11457,0.50911,-0.07021,1.03678,0.64756,5,Dimension 1,24661671
24661672,Quebec,0.7003,-0.49718,-0.53698,1.41768,0.27095,4,Dimension 4,24661672
24661673,Quebec,0.45818,-0.11015,-0.20199,-0.00014,0.03648,3,Dimension 1,24661673
24661674,Quebec,0.77173,1.94277,-0.57033,1.07452,0.80467,5,Dimension 2,24661674
24661675,Quebec,0.21207,1.02789,-0.77483,0.22476,0.17247,4,Dimension 2,24661675
24661676,Quebec,0.45302,-0.5617,0.20824,0.3269,0.10662,4,Dimension 1,24661676
24661677,Quebec,0.51005,-0.19081,-0.69777,1.23832,0.21495,4,Dimension 4,24661677
24661678,Quebec,0.45184,-0.55336,0.26145,0.03607,0.049,4,Dimension 1,24661678
24661679,Quebec,-0.47927,-0.36611,-0.61792,-1.13789,-0.6503,1,Dimension 2,24661679
24661680,Quebec,0.1826,0.94695,-0.76813,0.55131,0.22818,4,Dimension 2,24661680
24661681,Quebec,0.98379,0.06504,-0.312,0.68164,0.35462,4,Dimension 1,24661681
24661682,Quebec,-0.04591,0.2827,-0.66769,-0.20174,-0.15816,3,Dimension 2,24661682
24661683,Quebec,0.24432,0.64326,-0.48617,-0.05459,0.0867,4,Dimension 2,24661683
24661684,Quebec,0.91678,0.13582,-0.45523,0.32025,0.22941,4,Dimension 1,24661684
24661685,Quebec,0.79648,-0.65202,-0.52046,0.22273,-0.03832,3,Dimension 1,24661685
24661686,Quebec,0.05587,0.02963,-0.23118,-0.08593,-0.0579,3,Dimension 1,24661686
24661687,Quebec,-0.21725,-0.15417,-0.91736,-0.25082,-0.3849,2,Dimension 2,24661687
24661688,Quebec,0.51595,-0.4,-0.739,-0.20812,-0.20779,2,Dimension 1,24661688
24661689,Quebec,0.20346,-0.09463,0.1232,-1.08667,-0.21366,2,Dimension 1,24661689
24661690,Quebec,0.05507,-0.25884,-1.02012,-0.24302,-0.36673,2,Dimension 1,24661690
24661691,Quebec,0.29023,-0.6424,-0.74947,0.09752,-0.25103,2,Dimension 1,24661691
24661692,Quebec,0.54481,0.15978,-0.13749,0.0364,0.15088,4,Dimension 1,24661692
24661693,Quebec,-0.07823,0.28151,-0.47325,-0.10032,-0.09257,3,Dimension 2,24661693
24661694,Quebec,0.74053,1.59074,-1.00687,-0.83895,0.12136,4,Dimension 2,24661694
24661695,Quebec,1.51427,0.63974,-0.39447,-0.77138,0.24704,4,Dimension 1,24661695
24661696,Quebec,0.73567,5.7708,-1.52546,-0.34501,1.159,5,Dimension 2,24661696
24661697,Quebec,1.64346,-0.09036,0.61035,1.87192,1.00884,5,Dimension 4,24661697
24661698,Quebec,0.88381,-0.69037,0.49132,-0.16344,0.13033,4,Dimension 1,24661698
24661699,Quebec,0.97426,0.50028,0.07045,-0.27494,0.31751,4,Dimension 1,24661699
24661700,Quebec,1.68158,0.17995,-0.53424,0.1338,0.36527,4,Dimension 1,24661700
24661701,Quebec,0.53957,2.10293,-0.09302,-1.74037,0.20228,4,Dimension 2,24661701
24661702,Quebec,0.57084,0.44179,-0.63677,-0.91498,-0.13478,3,Dimension 1,24661702
24661703,Quebec,0.47971,1.26621,-0.33336,-0.25758,0.28874,4,Dimension 2,24661703
24661704,Quebec,1.04482,0.09851,0.23706,-0.12225,0.31453,4,Dimension 1,24661704
24661705,Quebec,0.51513,0.38803,0.13618,-0.09741,0.23548,4,Dimension 1,24661705
24661709,Quebec,1.16997,3.38272,-1.25679,0.80889,1.0262,5,Dimension 2,24661709
24661710,Quebec,1.0801,-0.06868,-0.56735,0.54053,0.24615,4,Dimension 1,24661710
24661711,Quebec,0.24815,0.02695,-0.69057,0.41963,0.00104,3,Dimension 4,24661711
24661712,Quebec,-0.34565,-0.73986,-0.75896,-0.00882,-0.46332,1,Dimension 4,24661712
24661713,Quebec,-0.29428,-0.65604,-0.94834,-0.13111,-0.50744,1,Dimension 4,24661713
24661714,Quebec,-0.22053,-0.42487,-0.53334,0.28563,-0.22328,2,Dimension 4,24661714
24661715,Quebec,1.16193,-0.1384,0.80736,0.50124,0.58303,5,Dimension 1,24661715
24661716,Quebec,0.5226,-1.31035,-0.38954,0.70076,-0.11913,3,Dimension 4,24661716
24661717,Quebec,0.25193,-0.02828,-0.25916,0.06135,0.00646,3,Dimension 1,24661717
24661718,Quebec,-0.02875,-0.14504,0.51461,0.38311,0.18098,4,Dimension 3,24661718
24661719,Quebec,0.23933,-0.72142,0.40342,0.15952,0.02021,3,Dimension 3,24661719
24661720,Quebec,1.16902,-0.93731,0.41465,0.4966,0.28574,4,Dimension 1,24661720
24661721,Quebec,0.19105,0.2796,-0.35998,-0.71372,-0.15076,3,Dimension 2,24661721
24661723,Quebec,0.18592,-0.60124,0.03932,0.58369,0.05192,4,Dimension 4,24661723
24661725,Quebec,0.16517,-1.08843,0.35967,0.75653,0.04823,4,Dimension 4,24661725
24661726,Quebec,-0.2937,0.64362,-0.77059,-0.21846,-0.15978,3,Dimension 2,24661726
24661727,Quebec,-0.14094,0.34396,-0.67825,0.25376,-0.05537,3,Dimension 2,24661727
24661728,Quebec,0.4976,-0.93572,0.36803,1.3957,0.3314,4,Dimension 4,24661728
24661729,Quebec,-0.16078,-0.98226,-0.20569,3.0402,0.42287,5,Dimension 4,24661729
24661730,Quebec,-0.18115,-0.46974,0.00835,0.85424,0.05293,4,Dimension 4,24661730
24661731,Quebec,-0.29894,-0.91554,-0.70101,0.24748,-0.417,2,Dimension 4,24661731
24661732,Quebec,-0.15198,-0.59851,0.56069,1.36693,0.29428,4,Dimension 4,24661732
24661733,Quebec,-0.15582,-0.08659,0.22079,1.40654,0.34623,4,Dimension 4,24661733
24661734,Quebec,0.2808,-0.8908,0.82675,-0.10095,0.02895,3,Dimension 3,24661734
24661735,Quebec,0.39161,-0.4396,0.16131,0.81281,0.23153,4,Dimension 4,24661735
24661736,Quebec,0.47071,-0.7499,0.51066,1.07607,0.32689,4,Dimension 4,24661736
24661737,Quebec,-0.24632,-0.35128,-0.50417,0.61405,-0.12193,3,Dimension 4,24661737
24661738,Quebec,0.27051,2.27425,-0.45693,0.99803,0.77146,5,Dimension 2,24661738
24661739,Quebec,0.1326,-1.11855,-0.10378,1.16796,0.01956,3,Dimension 4,24661739
24661740,Quebec,0.19973,-0.304,-0.27074,0.92524,0.13756,4,Dimension 4,24661740
24661741,Quebec,0.42214,-0.60487,0.23622,1.44264,0.37403,4,Dimension 4,24661741
24661742,Quebec,0.16339,-0.34232,0.24116,1.05749,0.27993,4,Dimension 4,24661742
24661743,Quebec,0.01375,0.31853,0.31971,1.3952,0.5118,5,Dimension 4,24661743
24661744,Quebec,0.30767,-0.98104,1.06773,1.47485,0.4673,5,Dimension 4,24661744
24661745,Quebec,0.09964,-0.73595,-0.08522,1.00841,0.07172,4,Dimension 4,24661745
24661746,Quebec,0.22305,-0.82692,0.20538,0.95154,0.13826,4,Dimension 4,24661746
24661747,Quebec,-0.05574,-1.08674,0.11339,0.9099,-0.0298,3,Dimension 4,24661747
24661748,Quebec,0.34496,-0.79476,-0.542,0.56472,-0.10677,3,Dimension 4,24661748
24661749,Quebec,0.24942,-1.27987,0.3086,0.7151,-0.00168,3,Dimension 4,24661749
24661750,Quebec,-0.00581,0.61844,0.28097,1.29931,0.54823,5,Dimension 4,24661750
24661751,Quebec,0.38237,-1.56432,0.31479,1.74692,0.21994,4,Dimension 4,24661751
24661752,Quebec,0.30892,-0.79223,-0.0974,2.18047,0.39994,4,Dimension 4,24661752
24661753,Quebec,0.08134,-1.25665,0.01665,0.76328,-0.09885,3,Dimension 4,24661753
24661754,Quebec,-0.03165,-1.25939,-0.42991,-0.01457,-0.43388,2,Dimension 4,24661754
24661755,Quebec,-0.13615,-0.56267,-0.98129,-0.04367,-0.43095,2,Dimension 4,24661755
24661756,Quebec,0.30137,-0.42747,0.05616,0.47305,0.10078,4,Dimension 4,24661756
24661757,Quebec,0.14813,-0.81872,-0.38297,0.47022,-0.14583,3,Dimension 4,24661757
24661758,Quebec,0.21767,-0.99929,0.21857,0.71319,0.03753,3,Dimension 4,24661758
24661759,Quebec,0.51968,-0.57711,0.4303,1.33984,0.42818,5,Dimension 4,24661759
24661760,Quebec,-0.04149,-1.37466,-0.2539,0.95981,-0.17756,3,Dimension 4,24661760
24661761,Quebec,-0.0485,-1.03035,-0.28244,0.85825,-0.12576,3,Dimension 4,24661761
24661762,Quebec,0.17637,-0.58842,-0.19789,0.85628,0.06159,4,Dimension 4,24661762
24661763,Quebec,0.38911,-0.61022,0.94302,0.8612,0.39578,4,Dimension 3,24661763
24661764,Quebec,0.80603,-1.15857,0.13689,1.42072,0.30127,4,Dimension 4,24661764
24661765,Quebec,0.42043,0.30406,-0.00819,0.46345,0.29494,4,Dimension 4,24661765
24661766,Quebec,0.08126,-1.10464,0.00051,0.34611,-0.16919,3,Dimension 4,24661766
24661767,Quebec,0.10991,-1.15914,-0.33706,0.51416,-0.21803,2,Dimension 4,24661767
24661768,Quebec,0.49576,-0.97441,0.27968,0.45379,0.06371,4,Dimension 1,24661768
24661769,Quebec,-0.13807,-1.92684,0.01154,1.27935,-0.19351,3,Dimension 4,24661769
24661770,Quebec,-0.24381,-0.96001,0.07784,1.04036,-0.0214,3,Dimension 4,24661770
24661771,Quebec,0.71583,-0.09071,0.20483,0.85766,0.4219,5,Dimension 4,24661771
24661772,Quebec,0.19216,-0.92933,-0.20607,0.85598,-0.02181,3,Dimension 4,24661772
24661773,Quebec,0.2467,-0.2917,0.64145,0.3322,0.23216,4,Dimension 3,24661773
24661774,Quebec,0.48544,-0.85185,-0.05709,1.33079,0.22682,4,Dimension 4,24661774
24661775,Quebec,-0.09954,0.26253,-0.67133,-0.02584,-0.13355,3,Dimension 2,24661775
24661776,Quebec,0.43964,-1.18992,0.05336,1.03546,0.08464,4,Dimension 4,24661776
24661777,Quebec,-0.33237,-0.79413,-0.39898,0.67656,-0.21223,2,Dimension 4,24661777
24661778,Quebec,0.85327,0.87926,-0.99053,1.26848,0.50262,5,Dimension 4,24661778
24661779,Quebec,0.25739,-0.90343,-0.46873,1.3552,0.06011,4,Dimension 4,24661779
24661780,Quebec,0.57602,-1.11887,-0.13477,1.22117,0.13589,4,Dimension 4,24661780
24661781,Quebec,0.46388,-1.47485,0.7727,1.69128,0.36325,4,Dimension 4,24661781
24661782,Quebec,0.29334,-0.70983,-0.40993,0.9694,0.03574,3,Dimension 4,24661782
24661783,Quebec,0.52708,-0.7708,0.47727,0.47709,0.17766,4,Dimension 1,24661783
24661784,Quebec,0.87324,-0.64351,0.55616,0.58958,0.34387,4,Dimension 1,24661784
24661785,Quebec,1.03684,-0.22103,0.41506,1.06119,0.57301,5,Dimension 4,24661785
24661786,Quebec,1.7776,0.04227,1.10102,1.08647,1.00184,5,Dimension 1,24661786
24661787,Quebec,0.49004,-1.73633,0.05932,0.8143,-0.09317,3,Dimension 4,24661787
24661788,Quebec,0.50993,0.73003,0.05816,1.4091,0.6768,5,Dimension 4,24661788
24661789,Quebec,0.21184,-0.90081,-0.20435,0.48259,-0.10268,3,Dimension 4,24661789
24661790,Quebec,1.06597,-0.88081,0.44663,1.74137,0.59329,5,Dimension 4,24661790
24661791,Quebec,0.4826,-1.28162,-0.75237,0.82071,-0.18267,3,Dimension 4,24661791
24661792,Quebec,0.49054,-0.95343,0.15625,0.46023,0.0384,3,Dimension 1,24661792
24661793,Quebec,-0.08221,-1.0344,-0.21897,0.41457,-0.23025,2,Dimension 4,24661793
24661794,Quebec,0.85223,-0.8392,-0.71789,1.61876,0.22848,4,Dimension 4,24661794
24661795,Quebec,0.35273,-1.08038,-0.60075,1.13901,-0.04735,3,Dimension 4,24661795
24661796,Quebec,0.23416,-1.18433,-0.17817,0.74601,-0.09558,3,Dimension 4,24661796
24661797,Quebec,0.85588,-1.5362,-0.38926,1.41957,0.0875,4,Dimension 4,24661797
24661798,Quebec,0.0415,-1.51835,-1.06123,0.73968,-0.4496,2,Dimension 4,24661798
24661799,Quebec,1.11369,-0.39693,0.84909,2.322,0.97196,5,Dimension 4,24661799
24661800,Quebec,0.78752,0.73038,0.12659,1.8004,0.86122,5,Dimension 4,24661800
24661801,Quebec,0.54373,-1.38012,-0.1462,0.37996,-0.15066,3,Dimension 1,24661801
24661802,Quebec,0.49614,-0.56133,-0.58375,0.15197,-0.12424,3,Dimension 1,24661802
24661803,Quebec,-0.15468,-1.2765,-0.4723,0.65903,-0.31111,2,Dimension 4,24661803
24661804,Quebec,0.62398,0.8757,-0.48758,0.55938,0.39287,4,Dimension 2,24661804
24661805,Quebec,0.14615,-1.42308,-0.51563,0.77163,-0.25523,2,Dimension 4,24661805
24661806,Quebec,0.05062,-1.12291,-0.93123,0.23425,-0.44232,2,Dimension 4,24661806
24661807,Quebec,0.56101,-1.02718,-0.79122,0.69734,-0.14001,3,Dimension 4,24661807
24661808,Quebec,-0.09186,-1.81949,-0.34024,0.88634,-0.34132,2,Dimension 4,24661808
24661809,Quebec,0.07335,-1.00383,-0.04384,0.54062,-0.10843,3,Dimension 4,24661809
24661810,Quebec,-0.08882,-1.35572,-0.98035,0.30791,-0.52925,1,Dimension 4,24661810
24661811,Quebec,0.50197,-1.1055,-0.29171,1.14413,0.06222,4,Dimension 4,24661811
24661812,Quebec,0.15762,-1.88284,-0.25587,0.28089,-0.42505,2,Dimension 4,24661812
24661813,Quebec,0.43013,-0.84742,-0.1554,0.36859,-0.05102,3,Dimension 1,24661813
24661814,Quebec,0.10296,-1.48397,-0.5735,1.06206,-0.22312,2,Dimension 4,24661814
24661815,Quebec,-0.17184,-0.66322,-1.03687,0.21715,-0.41369,2,Dimension 4,24661815
24661816,Quebec,0.47138,-1.06617,-1.09223,0.82281,-0.21605,2,Dimension 4,24661816
24661817,Quebec,0.80004,-0.95402,-0.64722,1.20395,0.10069,4,Dimension 4,24661817
24661818,Quebec,0.49164,-0.01899,0.1516,2.62073,0.81124,5,Dimension 4,24661818
24661819,Quebec,-0.03106,-1.26977,-0.54714,0.326,-0.38049,2,Dimension 4,24661819
24661820,Quebec,0.07819,-1.39246,-0.88853,0.33194,-0.46771,1,Dimension 4,24661820
24661821,Quebec,0.11573,-1.16046,-0.86438,0.52776,-0.34534,2,Dimension 4,24661821
24661822,Quebec,0.31954,-1.43421,-0.59838,0.97754,-0.18388,3,Dimension 4,24661822
24661823,Quebec,0.33127,-1.09769,-0.46492,0.64052,-0.14771,3,Dimension 4,24661823
24661824,Quebec,0.055,-1.58719,-0.79525,0.16387,-0.54089,1,Dimension 4,24661824
24661825,Quebec,0.27756,-1.18064,-0.95713,0.93656,-0.23092,2,Dimension 4,24661825
24661826,Quebec,0.10486,-1.13256,-0.52443,0.41381,-0.28458,2,Dimension 4,24661826
24661827,Quebec,0.12108,-1.48114,-0.77229,0.41175,-0.43015,2,Dimension 4,24661827
24661828,Quebec,0.26288,-1.21239,-0.61382,0.44357,-0.27994,2,Dimension 4,24661828
24661829,Quebec,0.34866,0.99874,-0.70753,1.09298,0.43321,5,Dimension 4,24661829
24661830,Quebec,0.49359,-0.82553,-1.20837,0.55735,-0.24574,2,Dimension 4,24661830
24661831,Quebec,-0.04848,-0.0738,-1.16687,-0.19028,-0.36986,2,Dimension 1,24661831
24661832,Quebec,0.59828,-0.33212,-1.15405,1.66017,0.19307,4,Dimension 4,24661832
24661833,Quebec,0.56304,0.3,-1.16428,1.19492,0.22342,4,Dimension 4,24661833
24661834,Quebec,0.32549,-0.90278,-0.84256,1.0635,-0.08909,3,Dimension 4,24661834
24661835,Quebec,0.65547,-0.35323,-0.55578,0.69877,0.11131,4,Dimension 4,24661835
24661836,Quebec,1.03363,-0.18581,-1.27523,0.47745,0.01251,3,Dimension 1,24661836
24661837,Quebec,-0.01748,-0.83581,-0.68337,-0.23125,-0.44198,2,Dimension 1,24661837
24661838,Quebec,0.02765,-1.53879,-0.71418,0.53075,-0.42364,2,Dimension 4,24661838
24661839,Quebec,0.35878,-1.0726,-0.30957,0.52655,-0.12421,3,Dimension 4,24661839
24661840,Quebec,0.05548,-0.67211,-0.73894,0.15399,-0.3004,2,Dimension 4,24661840
24661841,Quebec,0.37467,-1.30958,-0.78841,1.34847,-0.09371,3,Dimension 4,24661841
24661842,Quebec,1.2865,1.80555,0.21448,1.18084,1.12184,5,Dimension 2,24661842
24661843,Quebec,0.64984,-0.3541,-0.32609,0.72376,0.17335,4,Dimension 4,24661843
24661844,Quebec,0.81428,-1.37151,-0.23924,1.41748,0.15526,4,Dimension 4,24661844
24661845,Quebec,0.19339,-0.52212,-0.79266,0.07891,-0.26062,2,Dimension 1,24661845
24661846,Quebec,0.19165,-0.69317,-1.32236,0.72658,-0.27432,2,Dimension 4,24661846
24661847,Quebec,0.82306,-0.88015,-0.46721,0.67731,0.03825,3,Dimension 1,24661847
24661848,Quebec,1.49696,-0.4775,-1.35784,1.93134,0.39824,4,Dimension 4,24661848
24661849,Quebec,0.08426,-0.42948,-0.29304,0.37563,-0.06566,3,Dimension 4,24661849
24661850,Quebec,1.60975,1.19827,0.08025,2.3094,1.29942,5,Dimension 4,24661850
24661851,Quebec,0.43739,-1.12817,-0.25528,0.64594,-0.07503,3,Dimension 4,24661851
24661852,Quebec,0.62368,0.11304,-0.27848,1.16508,0.40583,4,Dimension 4,24661852
24661853,Quebec,0.68673,-0.87165,0.68497,1.39675,0.4742,5,Dimension 4,24661853
24661854,Quebec,0.44713,1.11846,-0.02978,1.09259,0.6571,5,Dimension 2,24661854
24661855,Quebec,0.35078,-1.40098,0.67844,0.94272,0.14274,4,Dimension 4,24661855
24661856,Quebec,-0.25451,-2.08917,-0.27469,1.46917,-0.2873,2,Dimension 4,24661856
24661857,Quebec,0.24865,-2.39025,0.24702,0.99899,-0.2239,2,Dimension 4,24661857
24661858,Quebec,1.28328,-0.99524,-0.44442,1.74013,0.39594,4,Dimension 4,24661858
24661859,Quebec,1.06426,-0.06137,-0.1415,1.74982,0.6528,5,Dimension 4,24661859
24661860,Quebec,1.83334,2.46468,0.45088,1.65434,1.60081,5,Dimension 2,24661860
24661861,Quebec,0.47611,-1.73138,-0.30325,1.04389,-0.12866,3,Dimension 4,24661861
24661862,Quebec,0.54636,-1.46639,0.68821,1.47578,0.31099,4,Dimension 4,24661862
24661863,Quebec,0.40078,-0.775,0.36856,1.30825,0.32565,4,Dimension 4,24661863
24661864,Quebec,0.26036,2.61629,-0.86466,1.34019,0.83804,5,Dimension 2,24661864
24661865,Quebec,0.15607,-1.42206,0.00151,0.84457,-0.10498,3,Dimension 4,24661865
24661866,Quebec,0.21225,-1.15822,-0.41037,0.88273,-0.1184,3,Dimension 4,24661866
24661867,Quebec,0.69094,-0.41846,-0.29569,1.46804,0.36121,4,Dimension 4,24661867
24661868,Quebec,1.82731,-1.06775,-0.44691,2.47173,0.6961,5,Dimension 4,24661868
24661869,Quebec,1.04523,-0.74323,0.41969,2.38633,0.777,5,Dimension 4,24661869
24661870,Quebec,0.62235,-1.28233,-0.32255,1.13979,0.03931,3,Dimension 4,24661870
24661871,Quebec,0.70944,-1.22597,-0.2887,1.89436,0.27228,4,Dimension 4,24661871
24661872,Quebec,0.48957,-0.70249,0.99215,3.44231,1.05539,5,Dimension 4,24661872
24661873,Quebec,2.2709,-0.4679,3.13553,0.12174,1.26506,5,Dimension 3,24661873
24661874,Quebec,0.39735,-0.90892,0.63212,0.83391,0.23861,4,Dimension 4,24661874
24661877,Quebec,0.58472,-0.14238,1.00573,0.74643,0.54862,5,Dimension 3,24661877
24661879,Quebec,0.30519,-1.3147,0.0905,0.56099,-0.08951,3,Dimension 4,24661879
24661880,Quebec,0.03912,-1.33584,0.24376,1.08711,0.00854,3,Dimension 4,24661880
24661881,Quebec,0.45675,-0.97294,-0.16725,0.32717,-0.08907,3,Dimension 1,24661881
24661882,Quebec,0.29735,-1.82074,-0.32828,1.63532,-0.05409,3,Dimension 4,24661882
24661883,Quebec,0.84559,-1.03179,0.38361,2.85031,0.76193,5,Dimension 4,24661883
24661884,Quebec,0.70518,-0.56056,0.31156,0.47648,0.23317,4,Dimension 1,24661884
24661885,Quebec,0.51048,-1.20688,0.42385,0.89889,0.15658,4,Dimension 4,24661885
24661886,Quebec,0.56387,1.04338,-0.35843,0.45687,0.42642,5,Dimension 2,24661886
24661887,Quebec,0.21455,-0.87432,0.34342,0.54077,0.0561,4,Dimension 4,24661887
24661889,Quebec,1.15488,0.13358,-0.90218,1.79611,0.5456,5,Dimension 4,24661889
24661890,Quebec,0.41241,-2.10886,-0.80867,1.28591,-0.3048,2,Dimension 4,24661890
24661891,Quebec,0.47933,-1.74124,-0.63147,1.33435,-0.13976,3,Dimension 4,24661891
24661892,Quebec,0.00085,-1.68474,-0.41285,0.89098,-0.30144,2,Dimension 4,24661892
24661893,Quebec,0.12955,-1.17976,-0.18633,1.37776,0.0353,3,Dimension 4,24661893
24661894,Quebec,0.39848,-1.23576,-1.14503,0.71057,-0.31794,2,Dimension 4,24661894
24661895,Quebec,0.53857,-1.33123,-0.6294,1.38815,-0.00848,3,Dimension 4,24661895
24661896,Quebec,0.78949,-1.03905,-1.13445,1.72793,0.08598,4,Dimension 4,24661896
24661897,Quebec,0.17909,-0.84814,-0.75021,0.76042,-0.16471,3,Dimension 4,24661897
24661898,Quebec,0.44513,-0.56544,-0.79557,0.86746,-0.0121,3,Dimension 4,24661898
24661899,Quebec,0.53612,-0.60173,-1.01717,1.43028,0.08688,4,Dimension 4,24661899
24661900,Quebec,0.46758,-1.06543,-0.74767,0.94044,-0.10127,3,Dimension 4,24661900
24661901,Quebec,-0.01886,-1.79395,-0.6849,0.15039,-0.58683,1,Dimension 4,24661901
24661902,Quebec,0.20633,-0.83965,-0.51541,0.90467,-0.06102,3,Dimension 4,24661902
24661903,Quebec,0.90779,-1.32398,-0.63099,2.26817,0.30525,4,Dimension 4,24661903
24661904,Quebec,0.1046,-0.92028,-1.10013,0.29045,-0.40634,2,Dimension 4,24661904
24661905,Quebec,0.01273,-1.01787,-1.15596,0.24791,-0.4783,1,Dimension 4,24661905
24661906,Quebec,0.1064,-1.28955,-0.81319,0.65409,-0.33556,2,Dimension 4,24661906
24661907,Quebec,0.25777,-0.57797,-0.93318,0.01588,-0.30937,2,Dimension 1,24661907
24661908,Quebec,0.16025,-1.30845,-1.02199,0.18978,-0.4951,1,Dimension 4,24661908
24661909,Quebec,0.68306,-1.22082,-0.26437,0.92444,0.03058,3,Dimension 4,24661909
24661910,Quebec,-0.43573,-0.68175,-1.10777,-0.13087,-0.58903,1,Dimension 4,24661910
24661911,Quebec,0.1076,-0.86085,-1.24907,0.4794,-0.38073,2,Dimension 4,24661911
24661912,Quebec,0.24948,-1.7186,-0.73808,1.25277,-0.23861,2,Dimension 4,24661912
24661913,Quebec,0.01304,-1.00819,-0.62309,-0.09977,-0.4295,2,Dimension 1,24661913
24661916,Quebec,0.92063,-0.30692,0.52206,1.28226,0.60451,5,Dimension 4,24661916
24661917,Quebec,0.15077,-0.1613,-0.23762,0.62637,0.09456,4,Dimension 4,24661917
24661918,Quebec,-0.00671,0.36505,0.21907,1.47561,0.51326,5,Dimension 4,24661918
24661919,Quebec,0.51256,0.82698,1.02708,0.6524,0.75476,5,Dimension 3,24661919
24661920,Quebec,0.02737,0.13667,0.42354,0.66953,0.31428,4,Dimension 4,24661920
24661921,Quebec,0.21642,-0.72719,-0.15551,0.36057,-0.07643,3,Dimension 4,24661921
24661922,Quebec,0.26679,0.51927,1.06866,1.35089,0.8014,5,Dimension 4,24661922
24661926,Quebec,0.6463,-1.36495,-0.73556,1.86797,0.10344,4,Dimension 4,24661926
24661927,Quebec,0.71068,-0.90446,-0.65463,0.88463,0.00906,3,Dimension 4,24661927
24661928,Quebec,1.51506,-1.14111,-0.88701,1.95501,0.36049,4,Dimension 4,24661928
24661929,Quebec,0.81612,2.47024,-1.44928,2.14517,0.99556,5,Dimension 2,24661929
24661936,Quebec,0.83555,-1.00394,-0.44212,1.77935,0.29221,4,Dimension 4,24661936
24661937,Quebec,0.68303,-0.32513,-1.18455,0.92878,0.02553,3,Dimension 4,24661937
24661940,Quebec,1.48874,-0.24941,-0.15244,1.34556,0.60812,5,Dimension 1,24661940
24661941,Quebec,1.66338,-0.32361,-0.51701,2.26606,0.77221,5,Dimension 4,24661941
24661942,Quebec,0.23731,-1.03005,-0.33227,0.58036,-0.13616,3,Dimension 4,24661942
24661943,Quebec,2.30611,-0.71827,0.02072,2.57644,1.04625,5,Dimension 4,24661943
24661944,Quebec,0.21662,0.99367,0.31195,0.08419,0.40161,4,Dimension 2,24661944
24661945,Quebec,1.18607,-0.83798,0.08054,2.20365,0.65807,5,Dimension 4,24661945
24661946,Quebec,0.69843,-0.15641,-0.27979,1.58241,0.46116,5,Dimension 4,24661946
24661947,Quebec,0.77352,-0.99421,0.02492,1.63184,0.35901,4,Dimension 4,24661947
24661948,Quebec,0.78215,-0.57062,-0.60625,0.20254,-0.04805,3,Dimension 1,24661948
24661949,Quebec,0.27844,-0.55065,-0.69214,0.23957,-0.1812,3,Dimension 1,24661949
24661950,Quebec,0.91822,-0.95761,-0.47951,0.62863,0.02743,3,Dimension 1,24661950
24661953,Quebec,0.24094,-0.86102,-0.6332,0.22242,-0.25772,2,Dimension 1,24661953
24661954,Quebec,0.23018,-0.66327,-0.40717,0.8268,-0.00336,3,Dimension 4,24661954
24661955,Quebec,0.57962,-1.07124,-0.87522,0.96362,-0.10081,3,Dimension 4,24661955
24661956,Quebec,0.39268,-0.18937,-1.22987,0.48368,-0.13572,3,Dimension 4,24661956
24661957,Quebec,0.51271,-0.4727,-0.90789,1.01434,0.03662,3,Dimension 4,24661957
24661958,Quebec,1.06171,-0.97718,0.09522,1.67385,0.4634,5,Dimension 4,24661958
24661959,Quebec,0.80236,-0.04408,-0.40514,0.71186,0.26625,4,Dimension 1,24661959
24661960,Quebec,0.41511,-1.04546,-0.66597,1.51064,0.05358,4,Dimension 4,24661960
24661961,Quebec,0.49618,-0.60483,-0.61094,0.88473,0.04128,3,Dimension 4,24661961
24661962,Quebec,0.846,1.37101,-0.74165,0.93211,0.60187,5,Dimension 2,24661962
24661963,Quebec,0.99253,-1.34691,0.42044,0.80578,0.21796,4,Dimension 1,24661963
24661964,Quebec,0.42434,-0.4302,-0.66663,0.4499,-0.05564,3,Dimension 4,24661964
24661965,Quebec,0.58113,-1.59652,-0.59006,1.80173,0.04907,4,Dimension 4,24661965
24661966,Quebec,0.00062,-1.38962,-0.98647,0.48118,-0.47357,1,Dimension 4,24661966
24661967,Quebec,0.36103,-0.9893,-0.25136,0.66648,-0.05329,3,Dimension 4,24661967
24661968,Quebec,0.55308,-0.96149,0.28653,0.70451,0.14566,4,Dimension 4,24661968
24661969,Quebec,0.07623,-0.93042,0.0656,0.76306,-0.00638,3,Dimension 4,24661969
24661970,Quebec,0.06389,-1.42694,-0.37793,0.43537,-0.3264,2,Dimension 4,24661970
24661971,Quebec,0.13497,-1.01984,0.17718,1.20365,0.12399,4,Dimension 4,24661971
24661972,Quebec,0.27532,-1.01008,-0.19522,1.11929,0.04733,3,Dimension 4,24661972
24661973,Quebec,0.53581,-0.39733,-0.12709,0.87325,0.22116,4,Dimension 4,24661973
24661974,Quebec,0.18129,-0.34295,-0.48219,0.17863,-0.11631,3,Dimension 1,24661974
24661975,Quebec,-0.20009,-0.72679,-0.71662,-0.46946,-0.52824,1,Dimension 1,24661975
24661976,Quebec,0.06788,-0.46556,-0.42978,-0.37124,-0.29967,2,Dimension 1,24661976
24661977,Quebec,-0.1695,-0.31473,-0.29228,0.20417,-0.14308,3,Dimension 4,24661977
24661978,Quebec,-0.08321,-0.41005,-0.89032,-0.12425,-0.37696,2,Dimension 1,24661978
24661979,Quebec,-0.25214,-0.61018,-0.45535,0.30688,-0.2527,2,Dimension 4,24661979
24661980,Quebec,-0.26507,-0.05744,-0.60442,0.42017,-0.12669,3,Dimension 4,24661980
24661981,Quebec,0.16216,-0.10505,-0.68072,0.06915,-0.13861,3,Dimension 1,24661981
24661982,Quebec,-0.02941,-0.25978,-0.68775,-0.35302,-0.33249,2,Dimension 1,24661982
24661983,Quebec,0.41044,-0.40012,-0.20187,0.64969,0.11454,4,Dimension 4,24661983
24661984,Quebec,-0.18339,-0.54,-0.48825,-0.41928,-0.40773,2,Dimension 1,24661984
24661985,Quebec,0.87964,0.10313,1.11909,1.66295,0.9412,5,Dimension 4,24661985
24661986,Quebec,0.57202,-0.68198,0.77861,0.81148,0.37004,4,Dimension 4,24661986
24661987,Quebec,-0.22338,-1.41968,-0.4747,0.38513,-0.43316,2,Dimension 4,24661987
24661988,Quebec,0.00943,-0.74308,-0.75616,0.02991,-0.36498,2,Dimension 4,24661988
24661989,Quebec,-0.10158,-0.79785,-0.71854,0.18698,-0.35775,2,Dimension 4,24661989
24661990,Quebec,0.37679,1.75096,-0.00614,1.76167,0.97082,5,Dimension 4,24661990
24661991,Quebec,0.07255,-0.57243,-0.73601,0.32299,-0.22823,2,Dimension 4,24661991
24661992,Quebec,0.62022,0.67827,-0.29271,0.4948,0.37515,4,Dimension 2,24661992
24661993,Quebec,-0.00327,-1.19313,-0.85614,0.50857,-0.38599,2,Dimension 4,24661993
24661994,Quebec,-0.17324,-0.68777,-0.16204,0.71336,-0.07742,3,Dimension 4,24661994
24661995,Quebec,0.06444,-0.1272,-0.04512,0.50751,0.09991,4,Dimension 4,24661995
24661996,Quebec,-0.11124,-0.62337,-0.5929,0.55822,-0.19233,3,Dimension 4,24661996
24661997,Quebec,0.2193,-0.30824,-0.56338,1.02663,0.09358,4,Dimension 4,24661997
24661998,Quebec,0.11793,-0.80836,-0.49623,0.49232,-0.17358,3,Dimension 4,24661998
24661999,Quebec,0.18344,-0.50198,-0.797,0.24857,-0.21674,2,Dimension 4,24661999
24662000,Quebec,-0.06262,-0.64828,-0.36604,-0.24888,-0.33146,2,Dimension 1,24662000
24662001,Quebec,0.49216,-0.13872,-0.25711,0.15213,0.06212,4,Dimension 1,24662001
24662002,Quebec,1.1129,1.18136,2.01604,1.37821,1.42213,5,Dimension 3,24662002
24662003,Quebec,0.88798,1.29227,0.00893,1.43246,0.90541,5,Dimension 4,24662003
24662004,Quebec,0.59712,0.22127,-0.42752,0.04109,0.10799,4,Dimension 1,24662004
24662005,Quebec,0.40286,0.10177,-0.63973,0.40293,0.06696,4,Dimension 4,24662005
24662006,Quebec,0.38075,0.0107,-0.56858,0.21345,0.00908,3,Dimension 1,24662006
24662007,Quebec,0.55969,0.03446,-0.30117,0.62498,0.22949,4,Dimension 4,24662007
24662008,Quebec,-0.14149,-0.5846,-0.75747,0.18985,-0.32343,2,Dimension 4,24662008
24662009,Quebec,0.35245,0.26912,-0.21138,-0.11885,0.07283,4,Dimension 1,24662009
24662010,Quebec,0.08567,-0.46611,-0.43603,-0.16391,-0.2451,2,Dimension 1,24662010
24662011,Quebec,0.08969,-0.19682,-0.64519,0.00635,-0.18649,3,Dimension 1,24662011
24662012,Quebec,0.06936,0.60952,-0.48497,0.47823,0.16804,4,Dimension 2,24662012
24662013,Quebec,0.52772,0.0323,-0.70801,0.68393,0.13399,4,Dimension 4,24662013
24662014,Quebec,0.69596,-0.7235,-0.37862,0.4773,0.01779,3,Dimension 1,24662014
24662015,Quebec,-0.11657,0.00032,-0.35531,-0.09071,-0.14057,3,Dimension 2,24662015
24662016,Quebec,-0.07132,-0.81026,-0.60418,0.10608,-0.34492,2,Dimension 4,24662016
24662017,Quebec,-0.21078,-0.37075,-0.64339,0.5388,-0.17153,3,Dimension 4,24662017
24662018,Quebec,0.0157,-0.75112,-0.34397,0.39017,-0.1723,3,Dimension 4,24662018
24662019,Quebec,0.1081,-0.57492,-0.59755,0.58763,-0.11919,3,Dimension 4,24662019
24662020,Quebec,0.23773,-0.48524,-0.07437,0.83612,0.12856,4,Dimension 4,24662020
24662021,Quebec,0.75105,-1.72418,-0.36754,0.50139,-0.20982,2,Dimension 1,24662021
24662022,Quebec,0.11342,-1.06897,-0.45584,0.29694,-0.27861,2,Dimension 4,24662022
24662024,Quebec,0.88399,2.74854,-1.95636,1.4718,0.78699,5,Dimension 2,24662024
24662025,Quebec,1.00815,-0.09738,-0.17653,0.25143,0.24642,4,Dimension 1,24662025
24662026,Quebec,1.20981,-0.88561,0.36649,1.18905,0.46994,5,Dimension 1,24662026
24662027,Quebec,-0.10761,-1.3634,-0.78693,0.67839,-0.39489,2,Dimension 4,24662027
24662028,Quebec,0.63563,-0.78557,-0.74596,0.96606,0.01754,3,Dimension 4,24662028
24662029,Quebec,0.61087,-0.8861,-0.19868,0.7845,0.07765,4,Dimension 4,24662029
24662030,Quebec,0.52532,-0.8066,-0.61119,0.56129,-0.08279,3,Dimension 4,24662030
24662031,Quebec,0.50415,-1.0317,0.11298,0.42021,0.00141,3,Dimension 1,24662031
24662032,Quebec,0.12488,-0.88275,-0.2455,0.16829,-0.20877,2,Dimension 4,24662032
24662033,Quebec,0.07013,-1.56921,-0.60531,0.62282,-0.37039,2,Dimension 4,24662033
24662034,Quebec,-0.27768,-1.43731,-0.85812,-0.45174,-0.75621,1,Dimension 1,24662034
24662035,Quebec,0.17946,-0.37567,0.03088,-0.0921,-0.06436,3,Dimension 1,24662035
24662036,Quebec,-0.18965,-0.78268,-1.3522,0.02128,-0.57581,1,Dimension 4,24662036
24662037,Quebec,0.17886,1.53365,-0.56817,-0.24252,0.22545,4,Dimension 2,24662037
24662038,Quebec,0.62808,0.92011,-0.99797,0.206,0.18905,4,Dimension 2,24662038
24662039,Quebec,-0.15777,-0.11054,-1.2162,-0.55165,-0.50904,1,Dimension 2,24662039
24662040,Quebec,0.35439,1.27267,-0.03081,0.12415,0.4301,5,Dimension 2,24662040
24662041,Quebec,0.17389,-1.13654,-0.29485,0.9679,-0.0724,3,Dimension 4,24662041
24662042,Quebec,0.71393,-0.32713,-0.52972,0.56644,0.10588,4,Dimension 1,24662042
24662043,Quebec,1.78285,-2.17608,0.40436,1.7785,0.44741,5,Dimension 1,24662043
24662044,Quebec,0.99821,-1.65064,0.10843,1.10897,0.14124,4,Dimension 4,24662044
24662045,Quebec,0.31805,-0.90677,-0.37656,0.75818,-0.05177,3,Dimension 4,24662045
24662046,Quebec,0.00114,-0.43964,-0.55736,0.47536,-0.13013,3,Dimension 4,24662046
24662047,Quebec,0.319,0.0292,-0.50467,0.63506,0.11965,4,Dimension 4,24662047
24662048,Quebec,0.59305,0.34838,-0.86588,1.53583,0.40284,4,Dimension 4,24662048
24662049,Quebec,0.22849,-0.84404,-0.6675,0.88485,-0.09955,3,Dimension 4,24662049
24662050,Quebec,-0.33961,-1.23292,-0.77066,0.12375,-0.55486,1,Dimension 4,24662050
24662051,Quebec,1.32097,-0.15396,-0.18582,1.40649,0.59692,5,Dimension 4,24662051
24662052,Quebec,0.90476,-0.38409,0.22478,0.62439,0.34246,4,Dimension 1,24662052
24662053,Quebec,-0.38646,-0.84295,-0.27897,0.62701,-0.22034,2,Dimension 4,24662053
24662054,Quebec,-0.05481,-0.23675,-0.86233,0.49859,-0.16382,3,Dimension 4,24662054
24662055,Quebec,0.96669,0.46447,-0.40777,0.97106,0.49861,5,Dimension 4,24662055
24662056,Quebec,0.40507,-1.14544,0.39257,0.98517,0.15934,4,Dimension 4,24662056
24662057,Quebec,2.16866,1.47867,3.04747,0.4187,1.77837,5,Dimension 3,24662057
24662058,Quebec,0.00383,-0.86916,-0.61086,-0.6128,-0.52225,1,Dimension 1,24662058
24662064,Quebec,0.01128,0.11439,-0.64821,0.1626,-0.08999,3,Dimension 4,24662064
24662065,Quebec,0.21589,-0.81533,0.01791,0.73353,0.038,3,Dimension 4,24662065
24662066,Quebec,0.22239,-0.42215,-0.52045,0.23806,-0.12054,3,Dimension 4,24662066
24662069,Quebec,0.98116,-1.07906,-0.26167,0.05181,-0.07694,3,Dimension 1,24662069
24662070,Quebec,0.48308,-0.38165,-0.49308,-0.13658,-0.13206,3,Dimension 1,24662070
24662071,Quebec,0.56619,0.06836,0.12601,0.41073,0.29282,4,Dimension 1,24662071
24662072,Quebec,0.14691,-1.04964,-0.35448,0.43506,-0.20554,2,Dimension 4,24662072
24662073,Quebec,0.23767,1.24862,-0.37496,-0.04232,0.26725,4,Dimension 2,24662073
24662074,Quebec,0.48742,-0.12524,0.0108,0.31545,0.17211,4,Dimension 1,24662074
24662075,Quebec,0.85712,0.17403,1.16575,0.45042,0.66183,5,Dimension 3,24662075
24662076,Quebec,0.57006,-0.68925,0.18734,0.4023,0.11761,4,Dimension 1,24662076
24662077,Quebec,0.52225,-0.04716,-0.18186,0.30333,0.14914,4,Dimension 1,24662077
24662078,Quebec,0.44185,0.06586,-0.30233,0.6312,0.20914,4,Dimension 4,24662078
24662079,Quebec,0.58687,-0.04802,0.00765,-0.29951,0.06175,4,Dimension 1,24662079
24662080,Quebec,0.37085,-0.27789,0.00502,0.47077,0.14218,4,Dimension 4,24662080
24662081,Quebec,1.04645,-0.21537,-0.19466,0.62794,0.31609,4,Dimension 1,24662081
24662082,Quebec,0.88842,0.90745,0.08433,0.71797,0.64954,5,Dimension 2,24662082
24662083,Quebec,1.14357,1.4897,-0.07835,1.06188,0.9042,5,Dimension 2,24662083
24662084,Quebec,0.42895,0.11634,-0.42924,-0.13588,-0.00496,3,Dimension 1,24662084
24662085,Quebec,0.41681,0.12551,-0.51946,0.32638,0.08731,4,Dimension 1,24662085
24662086,Quebec,0.72281,0.34365,-0.10842,0.24516,0.3008,4,Dimension 1,24662086
24662087,Quebec,1.86452,0.31826,0.88882,0.78845,0.96501,5,Dimension 1,24662087
24662088,Quebec,1.55123,0.81322,1.78774,0.21441,1.09165,5,Dimension 3,24662088
24662089,Quebec,1.0536,3.42884,-1.14881,0.49649,0.95753,5,Dimension 2,24662089
24662090,Quebec,0.04089,-0.24847,-0.54819,-0.25149,-0.25182,2,Dimension 1,24662090
24662091,Quebec,0.29731,-0.3949,-0.31224,0.486,0.01904,3,Dimension 4,24662091
24662092,Quebec,-0.06417,-0.6798,-0.39606,0.26638,-0.21841,2,Dimension 4,24662092
24662093,Quebec,0.43987,-0.92309,-0.13566,0.23881,-0.09502,3,Dimension 1,24662093
24662094,Quebec,-0.03977,-1.07629,-0.19778,0.1911,-0.28068,2,Dimension 4,24662094
24662095,Quebec,-0.19395,-0.37651,-0.76826,0.13862,-0.30002,2,Dimension 4,24662095
24662096,Quebec,0.05855,-1.00954,-0.1554,0.08493,-0.25536,2,Dimension 4,24662096
24662097,Quebec,-0.05523,-0.74106,-0.60768,0.15936,-0.31115,2,Dimension 4,24662097
24662098,Quebec,-0.03837,0.08002,-0.87159,-0.21059,-0.26013,2,Dimension 2,24662098
24662099,Quebec,-0.03731,-0.05372,-1.08391,0.29609,-0.21971,2,Dimension 4,24662099
24662100,Quebec,0.23397,-0.68826,-0.39065,0.50357,-0.08534,3,Dimension 4,24662100
24662101,Quebec,0.03346,-0.37336,-1.09018,-0.26946,-0.42488,2,Dimension 1,24662101
24662102,Quebec,-0.18473,-1.76441,-0.63478,0.45901,-0.53123,1,Dimension 4,24662102
24662103,Quebec,-0.11389,0.57682,-0.72603,-0.00787,-0.06774,3,Dimension 2,24662103
24662104,Quebec,0.51853,0.52449,-0.39895,0.28576,0.23246,4,Dimension 2,24662104
24662105,Quebec,0.64393,0.46317,-0.07465,-0.22091,0.20288,4,Dimension 1,24662105
24662106,Quebec,0.36634,0.04282,-0.909,-0.50535,-0.2513,2,Dimension 1,24662106
24662108,Quebec,1.12187,-1.06215,0.09436,-0.19634,-0.01056,3,Dimension 1,24662108
24662109,Quebec,1.10385,-0.41623,0.41978,0.65014,0.43939,5,Dimension 1,24662109
24662110,Quebec,1.19626,-0.57097,0.3203,1.29352,0.55978,5,Dimension 4,24662110
24662111,Quebec,0.04937,-0.16747,-1.09897,-0.36601,-0.39577,2,Dimension 1,24662111
24662112,Quebec,1.23467,2.02974,-1.21479,0.03863,0.52206,5,Dimension 2,24662112
24662113,Quebec,0.13473,-0.85167,-1.14948,-2.99944,-1.21646,1,Dimension 1,24662113
24662114,Quebec,1.28322,-1.21538,-1.02291,1.80029,0.2113,4,Dimension 4,24662114
24662115,Quebec,2.23442,0.19929,-1.35965,1.17601,0.56252,5,Dimension 1,24662115
24662116,Quebec,3.51486,4.47157,-0.93224,0.30975,1.84098,5,Dimension 2,24662116
24662117,Quebec,-0.04215,-0.18452,-0.53379,-0.58547,-0.33648,2,Dimension 1,24662117
24662118,Quebec,-0.336,-0.68464,-0.13091,-1.02783,-0.54485,1,Dimension 3,24662118
24662119,Quebec,-0.36998,-0.25069,-1.24478,-0.97896,-0.71111,1,Dimension 2,24662119
24662120,Quebec,-0.08415,-0.11293,-0.87087,-0.23414,-0.32552,2,Dimension 1,24662120
24662121,Quebec,-0.27093,0.31617,-0.61302,-0.74533,-0.32828,2,Dimension 2,24662121
24662122,Quebec,-0.31993,-0.78635,-1.17321,-0.99181,-0.81782,1,Dimension 1,24662122
24662123,Quebec,0.02656,0.48096,-0.84115,-0.26383,-0.14936,3,Dimension 2,24662123
24662124,Quebec,0.26906,-0.89783,-0.68958,0.26286,-0.26387,2,Dimension 1,24662124
24662125,Quebec,0.55579,-0.94456,0.03108,1.19761,0.20998,4,Dimension 4,24662125
24662126,Quebec,0.1278,-0.98911,-0.05261,0.35878,-0.13879,3,Dimension 4,24662126
24662127,Quebec,0.69365,0.89166,1.38492,0.07486,0.76127,5,Dimension 3,24662127
24662128,Quebec,0.72864,-0.61454,-0.36578,1.01729,0.1914,4,Dimension 4,24662128
24662129,Quebec,0.47437,-0.11473,0.16156,0.65343,0.29366,4,Dimension 4,24662129
24662130,Quebec,0.69836,-0.43518,-0.40493,2.09018,0.48711,5,Dimension 4,24662130
24662131,Quebec,1.35236,0.62806,1.23189,0.90415,1.02911,5,Dimension 1,24662131
24662132,Quebec,0.36542,-0.74275,-0.38477,0.32102,-0.11027,3,Dimension 1,24662132
24662133,Quebec,0.50577,-0.60479,0.7121,-0.1146,0.12462,4,Dimension 3,24662133
24662134,Quebec,1.68142,3.00757,0.48817,0.52422,1.42534,5,Dimension 2,24662134
24662135,Quebec,-0.00503,-1.38715,-0.28711,1.28402,-0.09881,3,Dimension 4,24662135
24662136,Quebec,0.55038,-1.2511,-1.35712,1.44676,-0.15277,3,Dimension 4,24662136
24662137,Quebec,0.35293,-1.69521,-0.25857,1.4165,-0.04609,3,Dimension 4,24662137
24662138,Quebec,0.33026,-1.12409,-0.47179,0.61228,-0.16333,3,Dimension 4,24662138
24662140,Quebec,2.62092,-0.45602,-0.76424,2.48722,0.97197,5,Dimension 1,24662140
24662141,Quebec,2.14265,0.85556,-1.00919,2.35024,1.08482,5,Dimension 4,24662141
24662142,Quebec,3.62525,2.23591,-1.7713,1.70911,1.44974,5,Dimension 1,24662142
24662143,Quebec,1.25559,0.28113,-0.92927,-0.11707,0.12259,4,Dimension 1,24662143
24662144,Quebec,1.02693,2.87487,-2.60697,-0.34829,0.23663,4,Dimension 2,24662144
24662145,Quebec,1.30049,0.35351,-1.3928,0.80164,0.26571,4,Dimension 1,24662145
24662147,Quebec,1.49677,0.97885,-1.77009,1.32673,0.50807,5,Dimension 1,24662147
24662148,Quebec,1.70129,0.81538,-1.72558,1.57598,0.59177,5,Dimension 1,24662148
24662149,Quebec,0.11423,-0.13173,-1.47213,0.14542,-0.33605,2,Dimension 4,24662149
24662150,Quebec,0.38967,0.0949,-1.34362,0.05813,-0.20023,3,Dimension 1,24662150
24662151,Quebec,1.16105,-0.90745,-1.09583,1.60422,0.1905,4,Dimension 4,24662151
24662152,Quebec,0.56442,-1.28665,-0.52054,0.97416,-0.06715,3,Dimension 4,24662152
24662153,Quebec,0.69639,-0.82357,-0.56111,1.15017,0.11547,4,Dimension 4,24662153
24662154,Quebec,0.92959,-0.52354,-0.61148,0.82953,0.15603,4,Dimension 1,24662154
24662155,Quebec,1.18482,0.7819,0.00974,0.35698,0.58336,5,Dimension 1,24662155
24662156,Quebec,1.23739,-0.16691,0.49498,-0.43078,0.28367,4,Dimension 1,24662156
24662157,Quebec,0.85852,-0.65931,-0.6734,0.55355,0.01984,3,Dimension 1,24662157
24662158,Quebec,1.01977,-0.26018,0.14062,-0.13967,0.19014,4,Dimension 1,24662158
24662159,Quebec,0.52702,-0.30217,0.18109,0.18357,0.14737,4,Dimension 1,24662159
24662160,Quebec,0.13136,-0.76504,-0.60434,0.41687,-0.20528,2,Dimension 4,24662160
24662161,Quebec,0.20944,-0.56695,-0.58695,0.69038,-0.06352,3,Dimension 4,24662161
24662162,Quebec,0.42995,-0.32052,-0.36581,0.89361,0.15931,4,Dimension 4,24662162
24662163,Quebec,0.88911,-0.36382,0.11925,1.11648,0.44026,5,Dimension 4,24662163
24662164,Quebec,1.04319,5.87756,-1.08584,1.06465,1.72489,5,Dimension 2,24662164
24662165,Quebec,0.6159,0.56546,0.19397,0.52135,0.47417,5,Dimension 1,24662165
24662167,Quebec,1.24231,1.33932,-0.00702,0.5705,0.78628,5,Dimension 2,24662167
24662168,Quebec,0.71322,-1.15959,0.98316,1.25579,0.44814,5,Dimension 4,24662168
24662169,Quebec,-0.24801,-0.90714,-0.20131,-0.04114,-0.3494,2,Dimension 4,24662169
24662170,Quebec,0.24882,0.28884,-0.60899,-0.95815,-0.25737,2,Dimension 2,24662170
24662171,Quebec,0.84656,-0.63382,-0.28678,-0.11859,-0.04816,3,Dimension 1,24662171
24662172,Quebec,0.66793,-0.09306,0.01488,-0.29818,0.07289,4,Dimension 1,24662172
24662173,Quebec,0.53047,0.83478,-0.4632,-0.46114,0.11023,4,Dimension 2,24662173
24662174,Quebec,2.53516,-0.14485,-0.17597,0.57081,0.69629,5,Dimension 1,24662174
24662175,Quebec,0.2933,0.48833,0.1629,0.05012,0.24866,4,Dimension 2,24662175
24662176,Quebec,0.50693,0.09301,0.24129,0.19921,0.26011,4,Dimension 1,24662176
24662177,Quebec,0.0464,-0.20255,0.03092,-0.78842,-0.22841,2,Dimension 1,24662177
24662178,Quebec,1.02469,0.28414,0.50674,-0.05365,0.44048,5,Dimension 1,24662178
24662179,Quebec,0.71311,0.65923,-0.63064,-0.24263,0.12477,4,Dimension 1,24662179
24662180,Quebec,2.38685,-0.16227,0.70808,0.90343,0.95902,5,Dimension 1,24662180
24662182,Quebec,1.08552,0.30167,1.26058,1.18131,0.95727,5,Dimension 3,24662182
24662183,Quebec,0.68162,-0.17009,0.38883,0.22103,0.28035,4,Dimension 1,24662183
24662187,Quebec,0.34443,-0.33922,-0.16601,0.42953,0.06718,4,Dimension 4,24662187
24662192,Quebec,0.01407,-0.12967,-0.5307,0.38813,-0.06454,3,Dimension 4,24662192
24662193,Quebec,-0.02662,-0.08919,-0.5477,0.25677,-0.10168,3,Dimension 4,24662193
24662195,Quebec,-0.20011,0.09056,-0.58383,-0.25224,-0.2364,2,Dimension 2,24662195
24662196,Quebec,0.76783,-0.35208,0.92042,0.8708,0.55174,5,Dimension 3,24662196
24662197,Quebec,0.50991,0.12403,0.49749,-0.25156,0.21997,4,Dimension 1,24662197
24662198,Quebec,0.66893,0.26916,-0.12391,-0.24123,0.14324,4,Dimension 1,24662198
24662199,Quebec,0.47102,0.8376,0.32654,0.37963,0.5037,5,Dimension 2,24662199
24662200,Quebec,2.64022,-0.04546,-0.47781,1.75958,0.96913,5,Dimension 1,24662200
24662201,Quebec,1.49971,-1.50231,0.61369,1.35809,0.49229,5,Dimension 1,24662201
24662202,Quebec,0.98091,-0.79025,0.10617,0.32529,0.15553,4,Dimension 1,24662202
24662203,Quebec,0.73305,1.73407,-0.97877,0.46176,0.48753,5,Dimension 2,24662203
24662204,Quebec,1.47741,0.07926,-0.22554,1.23302,0.64104,5,Dimension 1,24662204
24662205,Quebec,0.26588,-0.41325,-0.07663,-0.5559,-0.19498,3,Dimension 1,24662205
24662206,Quebec,-0.31881,-0.87256,-0.49283,-0.89851,-0.64568,1,Dimension 1,24662206
24662209,Quebec,0.56985,0.35052,-0.81568,0.48802,0.14818,4,Dimension 1,24662209
24662210,Quebec,0.15422,-0.09512,-0.49961,-0.73847,-0.29475,2,Dimension 1,24662210
24662211,Quebec,0.55013,0.29344,-0.82423,0.07687,0.02405,3,Dimension 1,24662211
24662212,Quebec,-0.0283,1.82841,-0.53788,0.608,0.46756,5,Dimension 2,24662212
24662213,Quebec,-0.42684,-0.35937,-0.57967,-0.70803,-0.51848,1,Dimension 2,24662213
24662214,Quebec,0.89253,0.50233,-0.31389,0.7385,0.45487,5,Dimension 1,24662214
24662215,Quebec,1.1345,1.42644,0.88824,1.34371,1.19822,5,Dimension 2,24662215
24662216,Quebec,0.36288,0.79739,-0.54263,0.10884,0.18162,4,Dimension 2,24662216
24662217,Quebec,0.64003,1.81848,-0.34403,0.24442,0.58973,5,Dimension 2,24662217
24662218,Quebec,0.85092,0.01806,-0.13627,0.75783,0.37263,4,Dimension 1,24662218
24662219,Quebec,0.31399,-0.10309,-0.62289,0.07243,-0.08489,3,Dimension 1,24662219
24662220,Quebec,0.31771,-0.03996,0.27011,0.1406,0.17212,4,Dimension 1,24662220
24662221,Quebec,-0.1266,-0.72888,-0.67557,-0.61037,-0.53535,1,Dimension 1,24662221
24662222,Quebec,-0.53385,-0.25829,-1.16034,-1.21182,-0.79107,1,Dimension 2,24662222
24662223,Quebec,-0.49831,-0.75172,-0.95663,-1.02845,-0.80878,1,Dimension 1,24662223
24662224,Quebec,-0.36577,-0.47372,-0.91356,-0.82122,-0.64356,1,Dimension 1,24662224
24662225,Quebec,-0.65193,-1.05454,-0.94029,-1.67995,-1.08168,1,Dimension 1,24662225
24662226,Quebec,-0.47857,-0.48019,-1.19732,-0.75593,-0.728,1,Dimension 1,24662226
24662227,Quebec,-0.61005,-0.74179,-0.3141,-0.54689,-0.55321,1,Dimension 3,24662227
24662228,Quebec,-0.44807,-0.9887,-0.90497,-1.05217,-0.84848,1,Dimension 1,24662228
24662229,Quebec,-0.57839,-0.55189,-0.87195,-1.2282,-0.80761,1,Dimension 2,24662229
24662230,Quebec,-0.60328,0.01126,-1.12181,-1.20375,-0.7294,1,Dimension 2,24662230
24662231,Quebec,-0.44356,0.23553,-1.11472,-1.35276,-0.66887,1,Dimension 2,24662231
24662232,Quebec,0.46196,-0.55513,-0.02889,-0.13615,-0.06455,3,Dimension 1,24662232
24662233,Quebec,0.36505,-0.90407,-1.06716,1.45147,-0.03868,3,Dimension 4,24662233
24662234,Quebec,1.16973,-0.51419,0.06168,1.58882,0.57651,5,Dimension 4,24662234
24662235,Quebec,1.31235,-1.28391,0.1306,2.03776,0.5492,5,Dimension 4,24662235
24662236,Quebec,-0.35448,-0.3396,-1.06048,-0.42848,-0.54576,1,Dimension 2,24662236
24662237,Quebec,0.13444,0.02164,-0.12204,0.37399,0.10201,4,Dimension 4,24662237
24662238,Quebec,0.41022,0.56449,-1.14434,0.47662,0.07675,4,Dimension 2,24662238
24662239,Quebec,-0.25348,0.05101,-0.5839,-0.42037,-0.30169,2,Dimension 2,24662239
24662240,Quebec,1.58757,0.00987,-0.89495,2.25857,0.74026,5,Dimension 4,24662240
24662241,Quebec,-0.07495,0.21361,-0.81025,0.22314,-0.11211,3,Dimension 4,24662241
24662242,Quebec,0.53595,1.09386,-0.9849,1.08494,0.43246,5,Dimension 2,24662242
24662243,Quebec,0.57815,1.1058,-0.1452,0.89328,0.60801,5,Dimension 2,24662243
24662244,Quebec,0.05678,-0.4111,-0.75607,-0.74459,-0.46375,1,Dimension 1,24662244
24662245,Quebec,-0.20382,-0.40884,-0.3854,-0.08862,-0.27167,2,Dimension 4,24662245
24662246,Quebec,0.89976,0.53053,-0.68919,0.94437,0.42137,5,Dimension 4,24662246
24662248,Quebec,0.30027,0.89556,-1.41772,-0.88277,-0.27617,2,Dimension 2,24662248
24662250,Quebec,-0.11119,-0.2576,-1.03042,-0.3241,-0.43083,2,Dimension 1,24662250
24662251,Quebec,0.03017,-0.80115,-0.31915,-0.56196,-0.41302,2,Dimension 1,24662251
24662252,Quebec,-0.36019,-0.55776,-0.54234,-0.91888,-0.59479,1,Dimension 1,24662252
24662253,Quebec,0.0229,-0.29337,-0.61846,0.21863,-0.16758,3,Dimension 4,24662253
24662254,Quebec,-0.5527,-0.87361,-0.31584,0.85106,-0.22277,2,Dimension 4,24662254
24662255,Quebec,-0.43468,-0.03379,-0.78472,-0.6928,-0.4865,1,Dimension 2,24662255
24662256,Quebec,-0.04342,-0.77694,-0.96353,0.07927,-0.42616,2,Dimension 4,24662256
24662257,Quebec,-0.3576,0.28222,-1.08189,-0.85566,-0.50323,1,Dimension 2,24662257
24662258,Quebec,-0.09709,-0.8479,-0.46667,-0.64829,-0.51499,1,Dimension 1,24662258
24662259,Quebec,-0.49648,-0.39339,-0.94281,-0.53315,-0.59146,1,Dimension 2,24662259
24662260,Quebec,-0.1568,-0.9211,-0.53712,-0.1916,-0.45165,1,Dimension 1,24662260
24662261,Quebec,0.86566,1.60114,-1.72746,0.75521,0.37364,4,Dimension 2,24662261
24662262,Quebec,0.50939,1.73715,-1.88195,0.66011,0.25618,4,Dimension 2,24662262
24662263,Quebec,-0.54113,-0.32874,-1.0053,-0.26488,-0.53501,1,Dimension 4,24662263
24662264,Quebec,-0.66152,-0.75864,-0.99495,-0.93004,-0.83629,1,Dimension 1,24662264
24662265,Quebec,-0.30886,-0.35552,-1.22716,-0.55476,-0.61158,1,Dimension 1,24662265
24662266,Quebec,-0.02331,-0.95099,-1.02705,-0.23138,-0.55818,1,Dimension 1,24662266
24662267,Quebec,-0.52405,-0.49316,-0.95271,-0.08715,-0.51426,1,Dimension 4,24662267
24662268,Quebec,-0.06778,-0.58829,-1.10963,-1.21038,-0.74402,1,Dimension 1,24662268
24662269,Quebec,0.29013,-1.30221,-0.8619,-0.71749,-0.64787,1,Dimension 1,24662269
24662270,Quebec,0.27636,-0.26819,-0.68329,0.16772,-0.12685,3,Dimension 1,24662270
24662271,Quebec,-0.47562,-0.41433,-1.09333,-0.34979,-0.58327,1,Dimension 4,24662271
24662272,Quebec,0.96717,-0.23943,-1.05534,1.36701,0.25986,4,Dimension 4,24662272
24662273,Quebec,-0.44065,-0.47982,-0.84471,-0.51073,-0.56898,1,Dimension 1,24662273
24662274,Quebec,-0.47243,-0.93936,-0.77193,-0.72038,-0.72603,1,Dimension 1,24662274
24662275,Quebec,-0.60641,-0.80081,-0.64451,-0.60708,-0.6647,1,Dimension 1,24662275
24662276,Quebec,-0.46509,-0.36964,-0.53089,-1.0608,-0.60661,1,Dimension 2,24662276
24662277,Quebec,0.06337,-0.29371,-0.65576,-0.75656,-0.41067,2,Dimension 1,24662277
24662278,Quebec,0.33341,-1.01991,0.22645,0.60499,0.03624,3,Dimension 4,24662278
24662279,Quebec,1.50044,-1.5979,0.0408,1.43681,0.34504,4,Dimension 1,24662279
24662280,Quebec,-0.37529,0.59657,-0.59159,-0.87633,-0.31166,2,Dimension 2,24662280
24662281,Quebec,-0.66203,-0.56327,-1.2099,-0.51526,-0.73761,1,Dimension 4,24662281
24662282,Quebec,0.15386,-0.32891,-0.7754,0.20003,-0.1876,3,Dimension 4,24662282
24662283,Quebec,0.96932,-0.06293,-0.4842,-0.66722,-0.06125,3,Dimension 1,24662283
24662284,Quebec,-0.21018,-0.50307,-0.82225,-0.64728,-0.5457,1,Dimension 1,24662284
24662285,Quebec,-0.17001,-0.60632,-0.96152,-0.21512,-0.48824,1,Dimension 1,24662285
24662286,Quebec,0.31366,-0.24962,0.10806,-0.66405,-0.12299,3,Dimension 1,24662286
24662287,Quebec,0.41889,0.80149,-0.73111,-0.9264,-0.10928,3,Dimension 2,24662287
24662288,Quebec,-0.15727,-0.1649,-0.8018,-0.42936,-0.38833,2,Dimension 1,24662288
24662289,Quebec,1.1193,0.26909,-0.76087,0.14773,0.19381,4,Dimension 1,24662289
24662290,Quebec,0.07831,-0.41151,-0.99423,-1.03724,-0.59117,1,Dimension 1,24662290
24662291,Quebec,0.18775,1.32271,-1.2729,0.39346,0.15775,4,Dimension 2,24662291
24662292,Quebec,-0.06943,-0.67743,-0.70181,-0.77579,-0.55612,1,Dimension 1,24662292
24662293,Quebec,-0.02724,-0.33525,-0.65902,-0.72559,-0.43678,2,Dimension 1,24662293
24662294,Quebec,0.30615,-0.67085,-1.25274,-0.31342,-0.48272,1,Dimension 1,24662294
24662295,Quebec,-0.31628,-0.88419,-1.22349,-1.90339,-1.08184,1,Dimension 1,24662295
24662296,Quebec,-0.33542,-0.61365,-0.90889,-0.39965,-0.5644,1,Dimension 1,24662296
24662297,Quebec,-0.02672,-0.52819,-0.61779,-0.59987,-0.44314,2,Dimension 1,24662297
24662298,Quebec,-0.24746,-0.23378,-1.26642,-0.46037,-0.55201,1,Dimension 2,24662298
24662299,Quebec,-0.14895,0.45616,-0.70797,0.1141,-0.07166,3,Dimension 2,24662299
24662300,Quebec,0.56356,-0.42914,-0.81597,0.29892,-0.09566,3,Dimension 1,24662300
24662301,Quebec,-0.08457,-0.60605,-0.63534,0.89398,-0.108,3,Dimension 4,24662301
24662302,Quebec,0.04749,-0.67237,-0.9263,-0.87065,-0.60546,1,Dimension 1,24662302
24662303,Quebec,-0.47091,-1.17805,-1.05671,-1.45319,-1.03971,1,Dimension 1,24662303
24662304,Quebec,-0.37872,-0.72464,-1.08537,-0.60197,-0.69768,1,Dimension 1,24662304
24662305,Quebec,-0.01589,-0.73175,-1.10249,-0.11165,-0.49044,1,Dimension 1,24662305
24662306,Quebec,-0.07146,-1.24351,-0.66025,-0.40435,-0.59489,1,Dimension 1,24662306
24662307,Quebec,0.15086,-0.37732,-0.71924,-0.61726,-0.39074,2,Dimension 1,24662307
24662308,Quebec,-0.21015,-0.14731,-0.87549,-0.90621,-0.53479,1,Dimension 2,24662308
24662309,Quebec,-0.09717,-0.30546,-0.86718,-0.44277,-0.42815,2,Dimension 1,24662309
24662310,Quebec,-0.26813,-0.23179,-1.25834,-1.09426,-0.71313,1,Dimension 2,24662310
24662311,Quebec,0.2683,-1.21076,-0.96345,-1.27456,-0.79512,1,Dimension 1,24662311
24662312,Quebec,0.09331,-0.58213,-0.93297,-0.99203,-0.60346,1,Dimension 1,24662312
24662313,Quebec,0.3216,0.15402,-0.68801,0.04865,-0.04094,3,Dimension 1,24662313
24662314,Quebec,0.49188,-1.17333,-0.28374,0.63556,-0.0824,3,Dimension 4,24662314
24662315,Quebec,-0.31248,-0.38262,-1.13253,-0.031,-0.46466,1,Dimension 4,24662315
24662316,Quebec,-0.5583,-0.53582,-0.90161,0.19922,-0.44913,2,Dimension 4,24662316
24662317,Quebec,-0.32697,-0.66883,-1.17439,-1.68633,-0.96413,1,Dimension 1,24662317
24662318,Quebec,-0.1081,0.41,-0.9045,-1.05024,-0.41321,2,Dimension 2,24662318
24662319,Quebec,0.14076,-0.64616,-0.99207,-0.93519,-0.60817,1,Dimension 1,24662319
24662320,Quebec,0.40606,-1.16617,-0.68563,-1.01592,-0.61541,1,Dimension 1,24662320
24662321,Quebec,0.81129,-0.10179,-0.53215,-0.52392,-0.08664,3,Dimension 1,24662321
24662322,Quebec,-0.27265,-0.19238,-0.88303,-1.01566,-0.59093,1,Dimension 2,24662322
24662323,Quebec,0.75118,-0.64616,-0.76058,-0.99419,-0.41244,2,Dimension 1,24662323
24662324,Quebec,0.25979,-0.47271,-0.60818,-1.23336,-0.51361,1,Dimension 1,24662324
24662325,Quebec,0.11808,-1.1785,-1.21728,-0.81562,-0.77333,1,Dimension 1,24662325
24662326,Quebec,0.04915,-0.34312,-0.62691,-0.76027,-0.42029,2,Dimension 1,24662326
24662327,Quebec,-0.08357,-0.05185,-0.60263,-1.20846,-0.48663,1,Dimension 2,24662327
24662328,Quebec,0.12287,0.04098,-0.53758,-1.30623,-0.41999,2,Dimension 1,24662328
24662329,Quebec,0.43288,-0.34621,-0.65019,-0.73362,-0.32429,2,Dimension 1,24662329
24662330,Quebec,0.40141,-0.02045,-0.60522,-1.22502,-0.36232,2,Dimension 1,24662330
24662331,Quebec,0.14914,-0.61702,0.04035,-1.17144,-0.39975,2,Dimension 1,24662331
24662332,Quebec,1.3587,-0.53446,-0.10143,0.0067,0.18238,4,Dimension 1,24662332
24662333,Quebec,3.18866,-0.48337,0.75055,1.57908,1.25873,5,Dimension 1,24662333
24662334,Quebec,1.53973,-1.0319,0.08701,0.33633,0.23279,4,Dimension 1,24662334
24662335,Quebec,0.61473,-0.02199,-0.30268,0.01172,0.07545,4,Dimension 1,24662335
24662336,Quebec,1.93225,-0.22986,0.76989,1.08331,0.8889,5,Dimension 1,24662336
24662337,Quebec,0.61945,-0.07199,-0.00024,0.66986,0.30427,4,Dimension 4,24662337
24662338,Quebec,0.97341,-1.1792,-0.13432,0.19376,-0.03659,3,Dimension 1,24662338
24662339,Quebec,0.3773,-0.43674,-0.59793,-0.26847,-0.23146,2,Dimension 1,24662339
24662340,Quebec,0.39832,-1.17211,-0.8003,-0.75332,-0.58185,1,Dimension 1,24662340
24662341,Quebec,0.28523,-0.64575,-0.45042,-0.74272,-0.38841,2,Dimension 1,24662341
24662342,Quebec,0.47245,-0.43943,-0.54225,-0.54777,-0.26425,2,Dimension 1,24662342
24662343,Quebec,-0.08428,-0.43072,-0.78513,-0.85732,-0.53936,1,Dimension 1,24662343
24662344,Quebec,-0.28889,-0.46628,-0.96699,-1.25003,-0.74305,1,Dimension 1,24662344
24662345,Quebec,-0.22959,0.17687,-1.34831,-1.15593,-0.63924,1,Dimension 2,24662345
24662346,Quebec,-0.37328,-0.69051,-0.8047,-0.61542,-0.62098,1,Dimension 1,24662346
24662347,Quebec,-0.09743,0.84036,-1.0408,-1.1828,-0.37017,2,Dimension 2,24662347
24662348,Quebec,0.05392,-0.51913,-0.65017,-1.07334,-0.54718,1,Dimension 1,24662348
24662349,Quebec,-0.29955,-0.23539,-0.5343,-0.8516,-0.48021,1,Dimension 2,24662349
24662350,Quebec,-0.48371,0.58748,-0.72914,-0.77717,-0.35064,2,Dimension 2,24662350
24662351,Quebec,-0.19684,0.20763,-0.97451,-1.27602,-0.55993,1,Dimension 2,24662351
24662352,Quebec,-0.24035,-0.37881,-0.98137,-0.59864,-0.54979,1,Dimension 1,24662352
24662353,Quebec,1.10439,0.71232,-0.52297,1.03119,0.58123,5,Dimension 1,24662353
24662354,Quebec,-0.32398,0.1612,-0.86552,-1.00156,-0.50746,1,Dimension 2,24662354
24662355,Quebec,1.86839,-0.37542,-0.82624,1.46903,0.53394,5,Dimension 1,24662355
24662356,Quebec,-0.15107,-0.49982,-0.72079,-1.40929,-0.69524,1,Dimension 1,24662356
24662357,Quebec,0.92404,-0.07994,0.19881,0.01943,0.26558,4,Dimension 1,24662357
24662358,Quebec,0.8086,-0.10727,-0.11567,0.57629,0.29049,4,Dimension 1,24662358
24662359,Quebec,0.18167,-0.64505,-0.6437,-0.58568,-0.42319,2,Dimension 1,24662359
24662362,Quebec,0.03907,-0.33282,-0.38244,-0.93292,-0.40228,2,Dimension 1,24662362
24662363,Quebec,-0.12192,-1.61827,-0.92985,-0.76892,-0.85974,1,Dimension 1,24662363
24662364,Quebec,0.46238,-1.54317,-1.01927,-0.72887,-0.70723,1,Dimension 1,24662364
24662365,Quebec,-0.25382,-0.87365,-0.99159,-1.53261,-0.91291,1,Dimension 1,24662365
24662366,Quebec,-0.38128,-0.73784,-0.87085,-0.55721,-0.63679,1,Dimension 1,24662366
24662367,Quebec,-0.29347,-0.71536,-0.76358,-0.38633,-0.53968,1,Dimension 1,24662367
24662368,Quebec,-0.31101,-0.39331,-1.00649,-1.06827,-0.69477,1,Dimension 1,24662368
24662369,Quebec,-0.13194,-0.09555,-0.93822,-0.73669,-0.4756,1,Dimension 2,24662369
24662370,Quebec,-0.01672,-0.21964,-0.76537,-0.77545,-0.44429,2,Dimension 1,24662370
24662371,Quebec,-0.06399,-0.93731,-0.70339,-0.87368,-0.64459,1,Dimension 1,24662371
24662372,Quebec,0.79379,-0.31897,-0.39231,-1.2833,-0.3002,2,Dimension 1,24662372
24662373,Quebec,-0.05938,-0.44211,-0.5324,-0.93084,-0.49118,1,Dimension 1,24662373
24662374,Quebec,0.28798,-0.33625,-0.48902,-0.9713,-0.37715,2,Dimension 1,24662374
24662375,Quebec,0.54314,-0.17733,0.18881,-0.18866,0.09149,4,Dimension 1,24662375
24662376,Quebec,0.0422,-0.12665,-0.3407,-0.30426,-0.18235,3,Dimension 1,24662376
24662377,Quebec,-0.01126,-0.16258,-0.10776,-0.41165,-0.17331,3,Dimension 1,24662377
24662378,Quebec,-0.021,-0.43209,0.0573,-0.90871,-0.32613,2,Dimension 3,24662378
24662379,Quebec,-0.16007,-0.73991,-0.59055,-1.05403,-0.63614,1,Dimension 1,24662379
24662380,Quebec,0.10774,-0.29075,-0.28086,-1.25364,-0.42938,2,Dimension 1,24662380
24662381,Quebec,0.82951,-0.13052,-0.08257,-0.61987,-0.00086,3,Dimension 1,24662381
24662382,Quebec,-0.07598,-0.26073,-0.79425,-1.37412,-0.62627,1,Dimension 1,24662382
24662383,Quebec,1.1372,-0.2996,0.46049,-1.01462,0.07087,4,Dimension 1,24662383
24662384,Quebec,0.34176,-0.10647,-0.37714,-0.83159,-0.24336,2,Dimension 1,24662384
24662385,Quebec,0.20855,0.27275,-0.16306,-1.31578,-0.24938,2,Dimension 2,24662385
24662386,Quebec,0.57391,-0.86179,-0.08746,-1.25839,-0.40843,2,Dimension 1,24662386
24662387,Quebec,2.46713,-0.84976,0.37115,1.23883,0.80684,5,Dimension 1,24662387
24662388,Quebec,0.15159,-0.45046,-0.89827,-0.88983,-0.52174,1,Dimension 1,24662388
24662389,Quebec,-0.06047,-0.38523,-0.53732,-0.69181,-0.41871,2,Dimension 1,24662389
24662390,Quebec,0.18281,-1.22099,-0.47005,-0.32117,-0.45735,1,Dimension 1,24662390
24662391,Quebec,0.76287,-0.46291,-0.38578,0.47293,0.09678,4,Dimension 1,24662391
24662392,Quebec,1.45211,0.36766,-0.33764,0.40494,0.47177,5,Dimension 1,24662392
24662393,Quebec,-0.31861,-0.26996,-0.58835,-1.33649,-0.62835,1,Dimension 2,24662393
24662394,Quebec,0.44757,2.62836,-1.33848,-0.0462,0.42281,5,Dimension 2,24662394
24662395,Quebec,-0.43201,-0.59223,-0.83127,-0.4447,-0.57505,1,Dimension 1,24662395
24662396,Quebec,-0.35871,-0.44122,-0.85045,-0.74118,-0.59789,1,Dimension 1,24662396
24662397,Quebec,0.04196,0.07733,-0.75897,-0.80398,-0.36092,2,Dimension 2,24662397
24662398,Quebec,0.59399,0.07687,-0.89496,-0.07243,-0.07413,3,Dimension 1,24662398
24662399,Quebec,0.89973,-0.18254,-0.80892,0.39495,0.0758,4,Dimension 1,24662399
24662400,Quebec,0.46588,-0.35911,-0.4258,-0.47645,-0.19887,3,Dimension 1,24662400
24662401,Quebec,0.18987,0.43258,-0.75507,-1.02054,-0.28829,2,Dimension 2,24662401
24662402,Quebec,0.49689,-0.6699,-0.68478,0.43257,-0.10631,3,Dimension 1,24662402
24662403,Quebec,0.23402,-0.4968,-0.02016,-0.7006,-0.24589,2,Dimension 1,24662403
24662404,Quebec,2.03691,-0.61104,0.99236,-0.05609,0.59054,5,Dimension 1,24662404
24662405,Quebec,1.32551,-0.09289,0.49027,0.29951,0.5056,5,Dimension 1,24662405
24662408,Quebec,0.44493,-0.42291,-0.18608,-1.27491,-0.35975,2,Dimension 1,24662408
24662409,Quebec,0.72655,-0.24242,-0.21109,-1.1426,-0.21739,2,Dimension 1,24662409
24662410,Quebec,0.14095,-0.2537,-0.7175,-1.10681,-0.48426,1,Dimension 1,24662410
24662411,Quebec,1.8868,-0.70705,0.36727,0.79319,0.58505,5,Dimension 1,24662411
24662412,Quebec,1.10413,-0.69558,0.19116,0.17128,0.19275,4,Dimension 1,24662412
24662413,Quebec,0.64318,-0.10083,-0.0866,-0.03302,0.10568,4,Dimension 1,24662413
24662414,Quebec,1.16502,0.263,-0.38244,-0.24926,0.19908,4,Dimension 1,24662414
24662415,Quebec,0.97226,-0.33968,-0.38068,-0.59051,-0.08465,3,Dimension 1,24662415
24662416,Quebec,0.41216,-0.17674,0.20322,-0.52494,-0.02158,3,Dimension 1,24662416
24662417,Quebec,0.55952,-0.05253,-0.61267,-0.5948,-0.17512,3,Dimension 1,24662417
24662418,Quebec,1.63097,-1.24254,0.44853,-0.25364,0.14583,4,Dimension 1,24662418
24662419,Quebec,3.21246,-1.16449,1.63414,1.67895,1.34026,5,Dimension 1,24662419
24662420,Quebec,1.1277,0.04596,-0.7061,-0.28631,0.04531,3,Dimension 1,24662420
24662421,Quebec,-0.01715,-0.33914,-0.01642,-0.42421,-0.19923,3,Dimension 3,24662421
24662422,Quebec,-0.05786,-0.55833,-0.41419,-0.60533,-0.40893,2,Dimension 1,24662422
24662423,Quebec,-0.30892,-0.83178,-0.74891,-1.40803,-0.82441,1,Dimension 1,24662423
24662424,Quebec,-0.56597,-0.2377,-0.96625,-1.04098,-0.70272,1,Dimension 2,24662424
24662425,Quebec,-0.47627,-0.50086,-0.64853,-0.6598,-0.57136,1,Dimension 1,24662425
24662426,Quebec,0.38245,-0.30816,-1.37581,1.08158,-0.05498,3,Dimension 4,24662426
24662427,Quebec,-0.31938,-0.44885,-0.69352,-0.71236,-0.54353,1,Dimension 1,24662427
24662428,Quebec,0.15196,0.91141,-0.13292,0.87558,0.45151,5,Dimension 2,24662428
24662429,Quebec,-0.23103,-0.25654,-1.00626,-0.51905,-0.50322,1,Dimension 1,24662429
24662430,Quebec,0.32619,-0.51689,0.26962,0.33608,0.10375,4,Dimension 4,24662430
24662431,Quebec,-0.16393,0.87958,-0.68812,-0.62887,-0.15033,3,Dimension 2,24662431
24662432,Quebec,-0.18495,-0.6081,-0.46877,-0.42485,-0.42167,2,Dimension 1,24662432
24662433,Quebec,1.0076,-0.54689,1.17266,0.55589,0.54731,5,Dimension 3,24662433
24662434,Quebec,0.27982,-0.21466,-0.04991,-0.54511,-0.13246,3,Dimension 1,24662434
24662435,Quebec,0.17541,-0.65756,-0.91115,-0.60996,-0.50081,1,Dimension 1,24662435
24662436,Quebec,-0.62559,-1.34084,-0.89672,-1.92781,-1.19774,1,Dimension 1,24662436
24662439,Quebec,1.04256,2.76607,-1.45957,1.52517,0.96856,5,Dimension 2,24662439
24662440,Quebec,1.12935,1.60426,-1.595,0.93335,0.51799,5,Dimension 2,24662440
24662442,Quebec,1.74717,0.07755,-0.6529,1.25444,0.60656,5,Dimension 1,24662442
24662444,Quebec,0.69413,0.9905,-0.91278,-0.70404,0.01696,3,Dimension 2,24662444
24662445,Quebec,2.16574,1.75171,-0.92614,0.67144,0.91569,5,Dimension 1,24662445
24662447,Quebec,0.68671,-0.63905,1.18487,-0.99614,0.0591,4,Dimension 3,24662447
24662448,Quebec,3.48447,-0.96793,0.55328,1.57764,1.16186,5,Dimension 1,24662448
24662449,Quebec,0.4778,0.35711,-0.31802,-0.85003,-0.08328,3,Dimension 1,24662449
24662450,Quebec,1.56189,-1.17328,0.06614,-0.16191,0.07321,4,Dimension 1,24662450
24662452,Quebec,2.00336,0.32648,-0.61087,1.07984,0.6997,5,Dimension 1,24662452
24662453,Quebec,2.46963,1.39555,-0.20119,0.96762,1.1579,5,Dimension 1,24662453
24662454,Quebec,2.15312,1.6735,-0.8938,1.12811,1.01523,5,Dimension 1,24662454
24662455,Quebec,1.07418,-0.0521,0.54888,-0.57539,0.24889,4,Dimension 1,24662455
24662456,Quebec,1.70647,-0.64871,0.5278,-0.19926,0.34657,4,Dimension 1,24662456
24662457,Quebec,0.94833,0.26143,0.1789,-1.52039,-0.03293,3,Dimension 1,24662457
24662458,Quebec,0.51913,0.9296,0.87023,-1.76876,0.13755,4,Dimension 2,24662458
24662459,Quebec,0.57932,-0.53466,-0.72888,-1.33778,-0.5055,1,Dimension 1,24662459
24662460,Quebec,-0.25924,-0.88413,-0.85582,-1.57282,-0.893,1,Dimension 1,24662460
24662461,Quebec,0.29185,-0.75821,-0.68847,-1.84786,-0.75067,1,Dimension 1,24662461
24662463,Quebec,1.23775,1.40619,-1.68397,-0.043,0.22924,4,Dimension 2,24662463
24662465,Quebec,0.92146,0.14113,-0.11052,-1.01074,-0.01467,3,Dimension 1,24662465
24662466,Quebec,1.17319,-0.2616,-0.07676,-0.70515,0.03242,3,Dimension 1,24662466
24662467,Quebec,-0.45426,0.09811,-1.20935,-1.56999,-0.78387,1,Dimension 2,24662467
24662468,Quebec,-0.10147,-0.56127,-0.92933,-0.61566,-0.55193,1,Dimension 1,24662468
24662469,Quebec,-0.21468,-0.36326,-0.67154,-1.38746,-0.65923,1,Dimension 1,24662469
24662470,Quebec,0.01384,-0.33725,-0.52254,-1.8049,-0.66272,1,Dimension 1,24662470
24662471,Quebec,0.24505,0.11549,-0.28343,-0.50472,-0.1069,3,Dimension 1,24662471
24662472,Quebec,0.78797,-0.21485,-0.51364,-0.38295,-0.08087,3,Dimension 1,24662472
24662473,Quebec,0.86885,0.03396,0.49497,-0.81374,0.14601,4,Dimension 1,24662473
24662474,Quebec,0.69021,-0.62518,-0.55342,-0.65789,-0.28657,2,Dimension 1,24662474
24662475,Quebec,0.72397,-0.16463,0.24248,0.29306,0.27372,4,Dimension 1,24662475
24662476,Quebec,1.17898,-0.54029,-0.14518,-0.03106,0.11561,4,Dimension 1,24662476
24662477,Quebec,0.35496,-0.13077,-0.44928,-0.3237,-0.1372,3,Dimension 1,24662477
24662478,Quebec,2.75853,-0.11193,1.31956,1.34226,1.3271,5,Dimension 1,24662478
24662479,Quebec,0.18353,-0.56881,-0.89435,-0.58459,-0.46605,1,Dimension 1,24662479
24662480,Quebec,0.15145,0.20093,-0.95532,-0.33939,-0.23558,2,Dimension 2,24662480
24662483,Quebec,2.36814,-0.95594,0.79903,0.4978,0.67726,5,Dimension 1,24662483
24662484,Quebec,1.88764,-1.23329,0.6992,1.25606,0.6524,5,Dimension 1,24662484
24662485,Quebec,2.03958,2.9523,1.29009,-0.33977,1.48555,5,Dimension 2,24662485
24662486,Quebec,2.04923,-0.37683,0.67186,0.72597,0.76756,5,Dimension 1,24662486
24662489,Quebec,1.7898,-0.70048,0.88171,-0.01836,0.48817,5,Dimension 1,24662489
24662490,Quebec,1.70197,-0.37988,0.92292,-0.46275,0.44557,5,Dimension 1,24662490
24662491,Quebec,3.02044,-1.11978,0.72916,1.14351,0.94333,5,Dimension 1,24662491
24662492,Quebec,2.98039,-1.42773,1.89002,2.07718,1.37997,5,Dimension 1,24662492
24662493,Quebec,1.39087,0.25355,0.47851,-0.47132,0.4129,5,Dimension 1,24662493
24662494,Quebec,1.47941,-0.06453,0.72475,-0.3502,0.44736,5,Dimension 1,24662494
24662495,Quebec,0.92424,0.79019,0.2817,-1.96175,0.00859,3,Dimension 1,24662495
24662496,Quebec,1.44738,0.29404,0.24956,-2.55057,-0.1399,3,Dimension 1,24662496
24662497,Quebec,1.45646,1.05558,0.26678,-2.81176,-0.00824,3,Dimension 1,24662497
24662498,Quebec,0.98103,-0.05258,0.46512,-2.01046,-0.15422,3,Dimension 1,24662498
24662499,Quebec,0.82541,0.66327,-0.93125,-1.36962,-0.20305,3,Dimension 1,24662499
24662500,Quebec,1.33828,-0.0193,0.30786,-0.19976,0.35677,4,Dimension 1,24662500
24662501,Quebec,1.14626,-0.66331,-0.05124,0.03442,0.11653,4,Dimension 1,24662501
24662502,Quebec,2.57442,-0.6296,1.14713,1.40134,1.12333,5,Dimension 1,24662502
24662503,Quebec,3.09589,-1.17606,0.61259,1.80385,1.08407,5,Dimension 1,24662503
24662504,Quebec,0.81372,0.3419,0.65086,-1.50168,0.0762,4,Dimension 1,24662504
24662505,Quebec,1.21762,-0.13654,-0.24633,-0.98431,-0.03739,3,Dimension 1,24662505
24662506,Quebec,-0.41341,0.54062,-1.07347,-0.75384,-0.42502,2,Dimension 2,24662506
24662507,Quebec,0.16123,-0.28399,-0.14127,-0.9261,-0.29753,2,Dimension 1,24662507
24662508,Quebec,0.52011,0.3487,-0.835,-0.85819,-0.20609,2,Dimension 1,24662508
24662509,Quebec,0.58217,-0.10572,-0.15557,-1.11829,-0.19935,3,Dimension 1,24662509
24662510,Quebec,0.79655,-0.32912,-0.64837,-0.33601,-0.12924,3,Dimension 1,24662510
24662511,Quebec,1.01466,0.33277,0.19996,0.04456,0.39799,4,Dimension 1,24662511
24662512,Quebec,0.65218,0.45527,-0.42048,-0.47976,0.0518,4,Dimension 1,24662512
24662513,Quebec,0.99741,-0.28633,-0.55499,0.23757,0.09842,4,Dimension 1,24662513
24662515,Quebec,1.14951,0.257,0.64145,-0.39971,0.41206,5,Dimension 1,24662515
24662516,Quebec,1.61125,-0.76013,0.54203,0.09631,0.37236,4,Dimension 1,24662516
24662518,Quebec,-0.23335,1.35285,-1.47323,-0.93194,-0.32142,2,Dimension 2,24662518
24662519,Quebec,-0.3912,-0.90368,-1.61484,-1.58403,-1.12343,1,Dimension 1,24662519
24662520,Quebec,-0.42087,-0.42801,-0.99479,-1.12608,-0.74244,1,Dimension 1,24662520
24662521,Quebec,-0.33594,0.09105,-1.16959,-0.46718,-0.47042,1,Dimension 2,24662521
24662522,Quebec,-0.31916,0.49003,-0.58245,-0.13408,-0.13642,3,Dimension 2,24662522
24662523,Quebec,0.19236,-0.7497,0.3599,-0.01684,-0.05357,3,Dimension 3,24662523
24662524,Quebec,0.90021,-0.85324,-0.69648,0.06485,-0.14617,3,Dimension 1,24662524
24662525,Quebec,0.65399,-0.34687,-0.82727,0.12256,-0.0994,3,Dimension 1,24662525
24662526,Quebec,-0.21537,1.35572,-1.33144,-0.3395,-0.13265,3,Dimension 2,24662526
24662527,Quebec,1.27424,-0.51684,-0.48342,0.96052,0.30863,4,Dimension 1,24662527
24662528,Quebec,-0.03198,1.05627,-1.94662,-0.28811,-0.30261,2,Dimension 2,24662528
24662529,Quebec,1.51654,1.02762,-0.14266,1.51939,0.98022,5,Dimension 4,24662529
24662530,Quebec,0.05581,0.21312,-0.53561,-0.77569,-0.26059,2,Dimension 2,24662530
24662531,Quebec,0.02849,-0.69024,-0.78158,-0.36734,-0.45266,1,Dimension 1,24662531
24662532,Quebec,0.81799,-0.52989,-1.27115,0.65733,-0.08143,3,Dimension 1,24662532
24662533,Quebec,1.07861,-1.56913,1.04053,2.23468,0.69617,5,Dimension 4,24662533
24662534,Quebec,0.46183,-0.90415,-1.04068,0.01708,-0.36648,2,Dimension 1,24662534
24662535,Quebec,0.0443,-0.52537,-0.78235,-0.40016,-0.4159,2,Dimension 1,24662535
24662536,Quebec,-0.05425,-0.37363,-0.85753,-0.83349,-0.52972,1,Dimension 1,24662536
24662537,Quebec,-0.3437,-0.04017,-1.10526,-0.69124,-0.54509,1,Dimension 2,24662537
24662538,Quebec,0.15432,0.13866,-0.27552,0.41255,0.1075,4,Dimension 4,24662538
24662539,Quebec,0.62837,-0.42718,-0.35974,-0.4406,-0.14979,3,Dimension 1,24662539
24662540,Quebec,1.88523,-0.78009,0.84662,0.96283,0.72865,5,Dimension 1,24662540
24662541,Quebec,-0.25998,-0.84565,-0.99925,-0.80048,-0.72634,1,Dimension 1,24662541
24662542,Quebec,2.29643,-0.12699,-0.86152,1.34685,0.6637,5,Dimension 1,24662542
24662543,Quebec,1.28437,-0.05966,-0.43287,0.48623,0.31952,4,Dimension 1,24662543
24662544,Quebec,2.59645,0.06342,0.19162,0.92526,0.94418,5,Dimension 1,24662544
24662545,Quebec,1.27992,0.84711,0.55794,-0.74245,0.48563,5,Dimension 1,24662545
24662546,Quebec,2.3575,0.48606,-0.89174,0.86076,0.70314,5,Dimension 1,24662546
24662547,Quebec,2.1488,1.89987,-1.16386,0.62699,0.87795,5,Dimension 1,24662547
24662548,Quebec,0.19265,0.44675,-0.75039,-1.28677,-0.34944,2,Dimension 2,24662548
24662549,Quebec,0.32055,0.06059,-0.61703,-1.1636,-0.34987,2,Dimension 1,24662549
24662550,Quebec,1.55105,1.65827,0.38464,-1.18785,0.60153,5,Dimension 2,24662550
24662551,Quebec,0.67263,0.07044,-0.3538,-0.55243,-0.04079,3,Dimension 1,24662551
24662552,Quebec,1.28565,0.32587,0.05485,-0.65769,0.25217,4,Dimension 1,24662552
24662553,Quebec,0.41758,-0.19439,-0.29773,-1.07905,-0.2884,2,Dimension 1,24662553
24662554,Quebec,1.26855,1.26603,-0.37616,-0.63614,0.38057,4,Dimension 1,24662554
24662555,Quebec,1.67237,0.13217,0.33793,-0.28009,0.46559,5,Dimension 1,24662555
24662556,Quebec,1.11605,0.79983,-0.45989,-1.06608,0.09748,4,Dimension 1,24662556
24662557,Quebec,1.55231,1.6054,0.11415,-0.50942,0.69061,5,Dimension 2,24662557
24662558,Quebec,1.43208,0.464,-0.05132,-0.2824,0.39059,4,Dimension 1,24662558
24662559,Quebec,2.48543,0.65134,1.0576,0.21958,1.10349,5,Dimension 1,24662559
24662560,Quebec,1.38131,2.18685,0.00843,0.9409,1.12937,5,Dimension 2,24662560
24662561,Quebec,1.8973,0.85765,0.11685,-0.2647,0.65178,5,Dimension 1,24662561
24662562,Quebec,0.60413,0.79004,-0.05567,-0.41762,0.23022,4,Dimension 2,24662562
24662563,Quebec,0.72752,0.37156,-0.25607,-0.34949,0.12338,4,Dimension 1,24662563
24662564,Quebec,0.52094,-0.36257,-0.3645,-1.0032,-0.30233,2,Dimension 1,24662564
24662565,Quebec,0.63978,0.71313,0.05296,-0.17066,0.3088,4,Dimension 2,24662565
24662566,Quebec,0.06329,0.17798,-0.24421,-0.42437,-0.10683,3,Dimension 2,24662566
24662567,Quebec,0.84357,-0.00857,0.24292,-0.64116,0.10919,4,Dimension 1,24662567
24662568,Quebec,0.02532,0.85475,-0.8547,-1.2395,-0.30353,2,Dimension 2,24662568
24662569,Quebec,0.92097,-0.42438,-0.0886,-0.74113,-0.08329,3,Dimension 1,24662569
24662570,Quebec,0.99137,0.47949,-0.36329,-0.97466,0.03323,3,Dimension 1,24662570
24662571,Quebec,1.27807,0.22488,0.04189,-0.39503,0.28745,4,Dimension 1,24662571
24662572,Quebec,0.33759,-0.61197,-0.2085,-0.0174,-0.12507,3,Dimension 1,24662572
24662573,Quebec,0.87084,-0.67513,-0.22595,0.49023,0.115,4,Dimension 1,24662573
24662574,Quebec,-0.23655,0.55855,-0.91628,-0.14958,-0.18597,3,Dimension 2,24662574
24662575,Quebec,1.18522,0.36095,-1.28324,0.57921,0.21054,4,Dimension 1,24662575
24662576,Quebec,0.65648,-0.25188,-0.72791,0.01589,-0.07685,3,Dimension 1,24662576
24662577,Quebec,0.46285,-0.74759,-0.47615,0.2068,-0.13852,3,Dimension 1,24662577
24662578,Quebec,-0.16372,0.63203,-0.70485,-0.04385,-0.0701,3,Dimension 2,24662578
24662579,Quebec,-0.42232,-0.67902,-0.86948,-0.23964,-0.55261,1,Dimension 4,24662579
24662580,Quebec,-0.40511,-0.11976,-1.05524,-0.20832,-0.44711,2,Dimension 2,24662580
24662581,Quebec,-0.26491,0.33086,-0.72461,0.21294,-0.11143,3,Dimension 2,24662581
24662582,Quebec,-0.17367,-0.10354,-1.09664,-0.21141,-0.39631,2,Dimension 2,24662582
24662583,Quebec,-0.43697,-0.6027,-1.05518,-0.7637,-0.71464,1,Dimension 1,24662583
24662584,Quebec,-0.06702,-1.19263,-0.73613,0.13865,-0.46428,1,Dimension 4,24662584
24662585,Quebec,0.37328,0.56123,0.03863,-0.87486,0.02457,3,Dimension 2,24662585
24662586,Quebec,-0.02197,0.07464,-0.60797,-0.46776,-0.25577,2,Dimension 2,24662586
24662587,Quebec,0.62251,0.38834,-0.50167,0.33957,0.21219,4,Dimension 1,24662587
24662588,Quebec,0.81959,-0.00778,-0.18922,0.15693,0.19488,4,Dimension 1,24662588
24662589,Quebec,-0.22951,0.22871,-0.92739,-1.238,-0.54155,1,Dimension 2,24662589
24662590,Quebec,0.6518,-0.90129,0.56179,-0.00675,0.07639,4,Dimension 1,24662590
24662591,Quebec,-0.79301,0.31321,-0.90239,-1.10676,-0.62224,1,Dimension 2,24662591
24662592,Quebec,-0.04399,0.17257,-1.02279,-0.82041,-0.42865,2,Dimension 2,24662592
24662593,Quebec,-0.45874,-0.42255,-1.10665,-0.57346,-0.64035,1,Dimension 2,24662593
24662594,Quebec,-0.75583,0.04612,-0.61614,-0.58764,-0.47837,1,Dimension 2,24662594
24662595,Quebec,0.49408,7.62841,-2.91495,-0.09931,1.27706,5,Dimension 2,24662595
24662598,Quebec,0.94273,-0.3704,-0.51415,-0.51229,-0.11353,3,Dimension 1,24662598
24662599,Quebec,0.28339,-0.60647,-0.71299,-0.22406,-0.31503,2,Dimension 1,24662599
24662600,Quebec,-0.4111,-0.50128,-1.27058,-0.74445,-0.73185,1,Dimension 1,24662600
24662601,Quebec,0.92485,0.05818,-0.67684,0.51186,0.20451,4,Dimension 1,24662601
24662602,Quebec,-0.25473,0.94369,-1.51965,-0.88687,-0.42939,2,Dimension 2,24662602
24662603,Quebec,0.52599,0.46697,-1.47527,0.56211,0.01995,3,Dimension 4,24662603
24662604,Quebec,-0.51146,-1.24986,-0.27046,0.15564,-0.46904,1,Dimension 4,24662604
24662605,Quebec,0.72718,-0.95464,-0.2554,0.51664,0.00844,3,Dimension 1,24662605
24662606,Quebec,0.83458,-1.02082,-1.34399,1.02903,-0.1253,3,Dimension 4,24662606
24662607,Quebec,1.00552,1.02636,-0.30932,2.39956,1.03053,5,Dimension 4,24662607
24662608,Quebec,-0.19987,-1.2642,-0.65403,0.00925,-0.52721,1,Dimension 4,24662608
24662609,Quebec,0.00899,-1.36394,0.24734,-0.03772,-0.28633,2,Dimension 3,24662609
24662610,Quebec,0.45004,-0.83377,-0.49662,-0.07376,-0.23853,2,Dimension 1,24662610
24662611,Quebec,0.37188,0.29022,-0.11096,0.47818,0.25733,4,Dimension 4,24662611
24662612,Quebec,0.31602,-1.23661,-0.47254,0.25712,-0.284,2,Dimension 1,24662612
24662613,Quebec,0.11088,0.39646,-0.54152,-0.70964,-0.18596,3,Dimension 2,24662613
24662614,Quebec,0.19512,-0.36482,-0.65277,0.38496,-0.10938,3,Dimension 4,24662614
24662615,Quebec,0.51536,-0.83335,-0.22682,0.00119,-0.1359,3,Dimension 1,24662615
24662616,Quebec,-0.29395,-0.73048,-0.85877,0.20058,-0.42065,2,Dimension 4,24662616
24662617,Quebec,0.59893,0.36782,1.01982,-0.73203,0.31364,4,Dimension 3,24662617
24662618,Quebec,-0.02912,0.56221,-0.76084,-0.98622,-0.30349,2,Dimension 2,24662618
24662619,Quebec,1.39758,0.48356,0.69101,0.01314,0.64632,5,Dimension 1,24662619
24662620,Quebec,0.79954,-0.82212,1.20392,0.16547,0.3367,4,Dimension 3,24662620
24662621,Quebec,0.62252,-0.63407,0.00036,0.28959,0.0696,4,Dimension 1,24662621
24662622,Quebec,0.72758,-0.24634,0.45265,0.55027,0.37104,4,Dimension 1,24662622
24662623,Quebec,0.68824,0.22411,0.18002,-0.25477,0.2094,4,Dimension 1,24662623
24662624,Quebec,0.90846,-0.03846,0.35795,0.27854,0.37662,4,Dimension 1,24662624
24662625,Quebec,1.11523,-0.17624,0.40392,-0.23094,0.27799,4,Dimension 1,24662625
24662626,Quebec,1.50785,1.54791,1.01686,0.22495,1.07439,5,Dimension 2,24662626
24662627,Quebec,1.22457,-0.37694,1.28598,-0.04858,0.52126,5,Dimension 3,24662627
24662628,Quebec,1.92675,-0.13313,1.57738,-0.20931,0.79042,5,Dimension 1,24662628
24662629,Quebec,1.16272,0.46002,0.52057,-0.63576,0.37689,4,Dimension 1,24662629
24662630,Quebec,2.03505,0.02562,1.44823,-0.77526,0.68341,5,Dimension 1,24662630
24662631,Quebec,1.50019,0.57909,0.64516,-1.24078,0.37092,4,Dimension 1,24662631
24662632,Quebec,1.66977,-0.07902,1.47652,0.17365,0.81023,5,Dimension 1,24662632
24662633,Quebec,1.71407,-0.18153,0.86698,0.3624,0.69048,5,Dimension 1,24662633
24662634,Quebec,0.95241,0.36738,0.47313,0.23578,0.50717,5,Dimension 1,24662634
24662635,Quebec,1.18651,-0.412,1.26088,-1.49517,0.13506,4,Dimension 3,24662635
24662636,Quebec,1.18404,0.4355,1.17798,-1.28246,0.37877,4,Dimension 1,24662636
24662637,Quebec,1.80439,-0.09797,0.64534,-0.73669,0.40377,4,Dimension 1,24662637
24662638,Quebec,1.75549,1.14306,1.0733,0.0777,1.01239,5,Dimension 1,24662638
24662639,Quebec,0.80486,2.05231,-0.21683,0.19893,0.70982,5,Dimension 2,24662639
24662640,Quebec,0.89162,0.84166,0.29507,-1.12682,0.22538,4,Dimension 1,24662640
24662641,Quebec,0.98234,0.4621,0.02433,-0.45165,0.25428,4,Dimension 1,24662641
24662642,Quebec,0.8355,-0.24916,0.63556,-0.45818,0.19093,4,Dimension 1,24662642
24662643,Quebec,1.16065,-0.51036,-0.07475,-0.00555,0.1425,4,Dimension 1,24662643
24662644,Quebec,0.80487,0.31241,-0.79026,0.11878,0.11145,4,Dimension 1,24662644
24662645,Quebec,0.55933,0.78162,-1.11742,-0.25518,-0.00791,3,Dimension 2,24662645
24662646,Quebec,0.23015,1.80793,-0.51972,-0.39926,0.27978,4,Dimension 2,24662646
24662647,Quebec,0.05233,-0.28519,-0.80253,-0.54769,-0.39577,2,Dimension 1,24662647
24662648,Quebec,0.22087,0.11685,-0.95037,0.15032,-0.11558,3,Dimension 1,24662648
24662649,Quebec,0.53141,1.1236,-0.32946,-0.85203,0.11838,4,Dimension 2,24662649
24662650,Quebec,0.67258,-0.56641,-0.98548,-0.12978,-0.25227,2,Dimension 1,24662650
24662651,Quebec,1.64873,-0.11822,0.33861,0.70658,0.64393,5,Dimension 1,24662651
24662652,Quebec,0.12826,0.13749,-1.21212,-0.72523,-0.4179,2,Dimension 2,24662652
24662653,Quebec,0.86326,0.37175,0.16836,0.54041,0.48594,5,Dimension 1,24662653
24662654,Quebec,-0.01234,0.26836,-0.83184,-0.38729,-0.24078,2,Dimension 2,24662654
24662655,Quebec,0.64795,-0.61522,-0.396,0.03085,-0.0831,3,Dimension 1,24662655
24662656,Quebec,1.49405,-0.05565,-0.06903,1.00083,0.59255,5,Dimension 1,24662656
24662657,Quebec,1.28532,-0.29233,0.63536,1.07923,0.6769,5,Dimension 1,24662657
24662658,Quebec,0.14453,5.0004,-1.61466,-0.82126,0.67726,5,Dimension 2,24662658
24662659,Quebec,1.87266,0.66641,0.23289,1.29539,1.01684,5,Dimension 1,24662659
24662660,Quebec,0.91468,0.66305,0.31152,-0.23134,0.41448,5,Dimension 1,24662660
24662661,Quebec,1.09379,-0.50271,1.05051,-0.05427,0.39683,4,Dimension 1,24662661
24662662,Quebec,1.11865,-0.20151,0.76724,0.21393,0.47458,5,Dimension 1,24662662
24662663,Quebec,1.17897,2.89057,-0.33403,0.58981,1.08133,5,Dimension 2,24662663
24662664,Quebec,0.16599,0.10862,-1.25744,-0.20588,-0.29718,2,Dimension 1,24662664
24662665,Quebec,0.28619,-0.23012,-0.23976,0.18526,0.00039,3,Dimension 1,24662665
24662666,Quebec,0.38602,-0.46132,-0.40657,-0.2633,-0.18629,3,Dimension 1,24662666
24662667,Quebec,0.00976,0.00528,-0.99948,-0.19265,-0.29427,2,Dimension 1,24662667
24662668,Quebec,0.2928,0.20138,-0.33996,0.15281,0.07676,4,Dimension 1,24662668
24662669,Quebec,1.09767,0.06419,-0.07022,0.42841,0.38001,4,Dimension 1,24662669
24662670,Quebec,0.45857,1.02819,-0.50748,-0.4629,0.12909,4,Dimension 2,24662670
24662671,Quebec,0.6496,-0.09481,0.09466,0.66431,0.32844,4,Dimension 4,24662671
24662672,Quebec,1.24352,0.30414,0.59296,0.47877,0.65485,5,Dimension 1,24662672
24662673,Quebec,0.61163,0.74153,-0.37466,-0.25288,0.1814,4,Dimension 2,24662673
24662674,Quebec,1.47098,-0.0679,0.53211,-0.00958,0.4814,5,Dimension 1,24662674
24662675,Quebec,0.44549,-0.204,-0.37549,-0.34359,-0.1194,3,Dimension 1,24662675
24662676,Quebec,0.89459,0.30169,-0.2878,-0.50577,0.10068,4,Dimension 1,24662676
24662677,Quebec,1.77839,0.99814,0.95677,-0.05373,0.9199,5,Dimension 1,24662677
24662678,Quebec,1.23843,0.48702,0.32362,-0.34788,0.4253,5,Dimension 1,24662678
24662679,Quebec,0.73763,-0.48515,-0.28321,-0.30871,-0.08486,3,Dimension 1,24662679
24662680,Quebec,1.54223,-0.86519,0.85983,0.13971,0.41914,5,Dimension 1,24662680
24662681,Quebec,1.54448,-0.26308,0.96001,-0.07183,0.5424,5,Dimension 1,24662681
24662682,Quebec,1.71939,-0.24679,2.1453,-0.09741,0.88012,5,Dimension 3,24662682
24662683,Quebec,1.20746,-0.63243,0.55652,-0.75442,0.09428,4,Dimension 1,24662683
24662684,Quebec,1.28745,-0.00881,0.2501,-0.333,0.29894,4,Dimension 1,24662684
24662685,Quebec,1.22547,0.56985,1.11357,-0.71679,0.54803,5,Dimension 1,24662685
24662686,Quebec,0.89077,-0.23971,0.11495,-0.55578,0.05256,4,Dimension 1,24662686
24662687,Quebec,1.56512,0.14528,0.92741,-0.05505,0.64569,5,Dimension 1,24662687
24662688,Quebec,1.91909,-0.0853,0.69104,-0.10005,0.6062,5,Dimension 1,24662688
24662689,Quebec,1.70832,-0.21394,1.31873,0.08791,0.72525,5,Dimension 1,24662689
24662690,Quebec,1.31605,-0.41169,0.84206,-0.18513,0.39032,4,Dimension 1,24662690
24662691,Quebec,1.23868,-0.6079,1.12296,-0.48365,0.31752,4,Dimension 1,24662691
24662692,Quebec,0.95303,0.66378,0.06978,-0.32726,0.33983,4,Dimension 1,24662692
24662693,Quebec,1.15145,0.12621,-0.74939,-0.2875,0.06019,4,Dimension 1,24662693
24662694,Quebec,0.61359,0.52253,-0.34459,0.63463,0.35654,4,Dimension 4,24662694
24662695,Quebec,1.4389,-0.00715,0.50958,0.20822,0.53739,5,Dimension 1,24662695
24662696,Quebec,1.15926,-0.35808,0.9524,-0.67225,0.27033,4,Dimension 1,24662696
24662697,Quebec,1.13993,0.31352,0.01393,0.53275,0.50003,5,Dimension 1,24662697
24662698,Quebec,0.71912,0.80798,0.1436,-0.46553,0.30129,4,Dimension 2,24662698
24662699,Quebec,1.76634,1.00017,0.29052,0.78296,0.96,5,Dimension 1,24662699
24662703,Quebec,0.84737,1.76406,-0.6429,0.87159,0.71003,5,Dimension 2,24662703
24662704,Quebec,1.67194,-0.39828,0.80595,0.38527,0.61622,5,Dimension 1,24662704
24662705,Quebec,1.63121,7.1819,-2.03094,1.10037,1.97063,5,Dimension 2,24662705
24662706,Quebec,1.95578,-0.09815,0.04388,0.61364,0.62879,5,Dimension 1,24662706
24662707,Quebec,-0.31165,0.04019,-0.80605,0.05314,-0.25609,2,Dimension 4,24662707
24662708,Quebec,1.16859,-0.44561,0.1407,0.66103,0.38118,4,Dimension 1,24662708
24662709,Quebec,0.58951,-0.5608,0.2983,0.73686,0.26597,4,Dimension 4,24662709
24662710,Quebec,0.6134,-0.24718,1.04904,-0.99997,0.10382,4,Dimension 3,24662710
24662711,Quebec,0.95739,0.26471,0.37329,-0.23394,0.34036,4,Dimension 1,24662711
24662712,Quebec,1.31238,0.75521,0.61005,-0.52554,0.53802,5,Dimension 1,24662712
24662713,Quebec,1.03212,-0.28764,0.38035,-0.70051,0.10608,4,Dimension 1,24662713
24662714,Quebec,0.49566,3.42994,-0.17329,0.55564,1.07699,5,Dimension 2,24662714
24662715,Quebec,1.5417,-0.31528,0.38995,0.26116,0.46938,5,Dimension 1,24662715
24662716,Quebec,0.96539,0.62906,0.14055,0.62304,0.58951,5,Dimension 1,24662716
24662717,Quebec,1.48344,0.1903,0.91107,-0.68654,0.47457,5,Dimension 1,24662717
24662718,Quebec,2.07441,0.64994,1.76634,0.60763,1.27458,5,Dimension 1,24662718
24662719,Quebec,1.45697,0.49983,0.55048,-0.33638,0.54273,5,Dimension 1,24662719
24662720,Quebec,0.90664,-0.31939,0.02627,-0.07423,0.13482,4,Dimension 1,24662720
24662721,Quebec,1.69032,-0.00913,0.76735,0.0243,0.61821,5,Dimension 1,24662721
24662722,Quebec,1.1498,0.21358,0.49438,-0.82922,0.25714,4,Dimension 1,24662722
24662723,Quebec,1.30826,0.66174,0.46158,0.86892,0.82513,5,Dimension 1,24662723
24662724,Quebec,1.06488,0.66301,0.43361,-0.70404,0.36436,4,Dimension 1,24662724
24662725,Quebec,1.10326,0.45033,0.36906,-0.45059,0.36801,4,Dimension 1,24662725
24662726,Quebec,1.42785,-0.36586,0.76716,-0.1351,0.42351,5,Dimension 1,24662726
24662727,Quebec,1.43637,0.08205,0.22412,0.41874,0.54032,5,Dimension 1,24662727
24662728,Quebec,1.31005,-0.71693,0.92916,-0.02628,0.374,4,Dimension 1,24662728
24662729,Quebec,0.99333,-0.16613,0.754,-0.63339,0.23695,4,Dimension 1,24662729
24662730,Quebec,1.39305,0.7809,0.7151,-0.66987,0.55479,5,Dimension 1,24662730
24662731,Quebec,-0.0816,0.04195,-0.19292,-0.63933,-0.21797,2,Dimension 2,24662731
24662732,Quebec,-0.00522,0.04319,0.10568,-1.71225,-0.39215,2,Dimension 3,24662732
24662733,Quebec,0.30507,0.08859,-0.39391,-0.40156,-0.10045,3,Dimension 1,24662733
24662734,Quebec,1.6263,-0.12205,0.88582,-1.34559,0.26112,4,Dimension 1,24662734
24662735,Quebec,0.45681,0.72483,0.87343,-1.31141,0.18592,4,Dimension 3,24662735
24662736,Quebec,1.13127,-0.47925,0.32957,-0.68838,0.0733,4,Dimension 1,24662736
24662737,Quebec,0.97913,0.0104,0.39864,-0.13006,0.31453,4,Dimension 1,24662737
24662738,Quebec,0.89904,0.0397,0.73013,-0.68458,0.24607,4,Dimension 1,24662738
24662739,Quebec,0.55589,0.35129,0.60224,-0.24517,0.31606,4,Dimension 3,24662739
24662740,Quebec,1.85948,-0.0864,1.09712,0.03358,0.72595,5,Dimension 1,24662740
24662741,Quebec,1.58821,0.70306,0.69268,-0.37761,0.65158,5,Dimension 1,24662741
24662742,Quebec,0.884,0.28938,0.2693,-0.55413,0.22214,4,Dimension 1,24662742
24662743,Quebec,1.00398,-0.85353,1.1221,0.02182,0.32359,4,Dimension 3,24662743
24662744,Quebec,1.27791,-0.2809,0.77761,-0.46759,0.32676,4,Dimension 1,24662744
24662745,Quebec,1.03307,0.21374,0.47462,-0.85616,0.21632,4,Dimension 1,24662745
24662746,Quebec,1.42707,-0.2478,0.79379,0.14912,0.53055,5,Dimension 1,24662746
24662747,Quebec,2.0316,0.62649,0.64785,1.56144,1.21685,5,Dimension 1,24662747
24662748,Quebec,0.6063,0.16709,0.88021,-0.79812,0.21387,4,Dimension 3,24662748
24662749,Quebec,0.57225,-0.304,0.30578,-0.52224,0.01295,3,Dimension 1,24662749
24662750,Quebec,0.91831,0.20964,0.02592,-0.81697,0.08422,4,Dimension 1,24662750
24662751,Quebec,0.8744,0.56529,-0.16554,-0.50489,0.19232,4,Dimension 1,24662751
24662752,Quebec,0.8698,0.85028,0.24037,-0.32086,0.4099,5,Dimension 1,24662752
24662753,Quebec,0.80278,-0.12442,1.35103,-0.98866,0.26018,4,Dimension 3,24662753
24662754,Quebec,1.29846,1.47632,0.98614,-0.78894,0.74299,5,Dimension 2,24662754
24662755,Quebec,0.58969,-0.01588,0.29943,-0.39344,0.11995,4,Dimension 1,24662755
24662756,Quebec,1.10244,-0.37693,1.17558,-0.82312,0.26949,4,Dimension 3,24662756
24662757,Quebec,1.19634,0.21081,1.08131,-0.67843,0.45251,5,Dimension 1,24662757
24662758,Quebec,1.75738,-0.4184,0.65823,0.21213,0.55233,5,Dimension 1,24662758
24662759,Quebec,0.53091,0.07023,0.28316,-1.35325,-0.11724,3,Dimension 1,24662759
24662760,Quebec,1.93906,0.26713,0.76504,0.86723,0.95961,5,Dimension 1,24662760
24662761,Quebec,1.63646,-0.49089,1.16326,0.20476,0.6284,5,Dimension 1,24662761
24662762,Quebec,1.20354,-0.33379,1.2459,-0.49864,0.40425,4,Dimension 3,24662762
24662763,Quebec,1.0209,0.45062,1.01614,0.31667,0.70108,5,Dimension 1,24662763
24662764,Quebec,1.56465,-0.72712,0.89988,-0.0179,0.42988,5,Dimension 1,24662764
24662765,Quebec,0.80562,-0.85109,0.22519,0.76804,0.23694,4,Dimension 1,24662765
24662766,Quebec,0.97114,-0.15315,0.86827,-0.82187,0.2161,4,Dimension 1,24662766
24662767,Quebec,1.69264,0.03563,2.96784,0.00315,1.17481,5,Dimension 3,24662767
24662768,Quebec,1.60216,0.12541,0.95859,0.68426,0.8426,5,Dimension 1,24662768
24662769,Quebec,1.24035,0.74017,1.4659,1.18569,1.15803,5,Dimension 3,24662769
24662770,Quebec,1.89444,1.22398,1.3047,1.64976,1.51822,5,Dimension 1,24662770
24662771,Quebec,1.33902,0.08363,1.62349,0.29079,0.83423,5,Dimension 3,24662771
24662772,Quebec,1.3189,0.02703,1.6096,-1.00656,0.48724,5,Dimension 3,24662772
24662773,Quebec,2.38406,0.85518,2.22142,1.12879,1.64736,5,Dimension 1,24662773
24662774,Quebec,1.99195,0.21815,2.0762,0.21454,1.12521,5,Dimension 3,24662774
24662775,Quebec,1.57759,-0.13214,0.82412,0.3132,0.64569,5,Dimension 1,24662775
24662776,Quebec,1.55902,-0.41881,0.71567,0.10222,0.48952,5,Dimension 1,24662776
24662777,Quebec,2.12497,-0.86859,1.79429,2.03246,1.27078,5,Dimension 1,24662777
24662778,Quebec,0.7507,1.44268,0.43962,-0.2666,0.5916,5,Dimension 2,24662778
24662779,Quebec,1.17865,-0.6231,1.74978,-0.5019,0.45086,5,Dimension 3,24662779
24662780,Quebec,0.24834,0.0145,0.67947,-1.21147,-0.06729,3,Dimension 3,24662780
24662781,Quebec,1.70578,1.61746,1.57184,0.58054,1.3689,5,Dimension 1,24662781
24662782,Quebec,0.24318,0.23372,-0.07951,-1.31084,-0.22836,2,Dimension 1,24662782
24662783,Quebec,0.43764,0.2592,-0.00755,-0.62882,0.01512,3,Dimension 1,24662783
24662784,Quebec,0.65337,0.3581,0.10839,-0.91951,0.05009,4,Dimension 1,24662784
24662785,Quebec,0.37643,0.10504,-0.30588,-0.40866,-0.05827,3,Dimension 1,24662785
24662786,Quebec,-0.15438,0.34791,-0.65234,-1.45796,-0.47919,1,Dimension 2,24662786
24662787,Quebec,1.34563,-0.65563,0.50889,-0.55221,0.16167,4,Dimension 1,24662787
24662788,Quebec,0.64977,0.67258,0.78796,-0.1046,0.50143,5,Dimension 3,24662788
24662789,Quebec,-0.18992,-0.33218,-0.17089,-1.1461,-0.45977,1,Dimension 3,24662789
24662790,Quebec,0.56148,-0.08549,-0.34828,-0.62372,-0.124,3,Dimension 1,24662790
24662791,Quebec,0.67265,0.12874,0.75365,-0.59942,0.2389,4,Dimension 3,24662791
24662792,Quebec,0.71608,-0.03548,0.31763,-0.57601,0.10555,4,Dimension 1,24662792
24662793,Quebec,0.63042,0.57088,0.50818,-0.20174,0.37693,4,Dimension 1,24662793
24662794,Quebec,0.58756,-0.19078,-0.08062,-0.18684,0.03233,3,Dimension 1,24662794
24662795,Quebec,-0.04242,0.22671,-0.35402,-0.29242,-0.11554,3,Dimension 2,24662795
24662796,Quebec,0.54527,0.0372,-0.0985,-0.67807,-0.04853,3,Dimension 1,24662796
24662797,Quebec,2.19498,0.6793,1.04681,0.038,0.98977,5,Dimension 1,24662797
24662798,Quebec,1.04632,1.10675,0.10838,0.51941,0.69522,5,Dimension 2,24662798
24662799,Quebec,-0.0113,0.23589,-0.20816,-0.0732,-0.01419,3,Dimension 2,24662799
24662800,Quebec,0.91439,0.25431,0.21063,-0.03483,0.33613,4,Dimension 1,24662800
24662801,Quebec,0.59283,0.34124,-0.18917,0.26718,0.25302,4,Dimension 1,24662801
24662802,Quebec,1.52977,0.12496,0.39054,-1.18998,0.21382,4,Dimension 1,24662802
24662803,Quebec,1.02791,0.7253,0.56884,-0.6761,0.41149,5,Dimension 1,24662803
24662804,Quebec,1.22483,-0.11307,0.93525,-0.14383,0.47579,5,Dimension 1,24662804
24662805,Quebec,1.00731,0.27121,1.36027,-0.53676,0.52551,5,Dimension 3,24662805
24662806,Quebec,1.08129,0.41879,1.75335,-1.13632,0.52928,5,Dimension 3,24662806
24662807,Quebec,-0.03482,0.14957,-0.11222,-1.1637,-0.29029,2,Dimension 2,24662807
24662808,Quebec,0.41438,-0.24484,-0.08413,-0.44766,-0.09056,3,Dimension 1,24662808
24662809,Quebec,0.36392,0.33018,0.5238,-0.97144,0.06162,4,Dimension 3,24662809
24662810,Quebec,0.24575,1.02403,-0.29437,-1.41125,-0.10896,3,Dimension 2,24662810
24662811,Quebec,0.4812,0.9266,0.18294,-0.75468,0.20902,4,Dimension 2,24662811
24662812,Quebec,0.28249,0.09621,0.49134,-1.41572,-0.13642,3,Dimension 3,24662812
24662813,Quebec,1.83969,0.56319,3.2976,-0.7379,1.24064,5,Dimension 3,24662813
24662814,Quebec,1.60134,0.27485,1.78316,0.35727,1.00415,5,Dimension 3,24662814
24662815,Quebec,1.82238,0.38735,1.91138,0.8739,1.24875,5,Dimension 3,24662815
24662816,Quebec,0.59723,0.28527,0.27327,0.06705,0.30571,4,Dimension 1,24662816
24662817,Quebec,1.27659,0.34721,1.02518,-0.16516,0.62095,5,Dimension 1,24662817
24662819,Quebec,1.10872,5.34192,-2.13052,0.48995,1.20252,5,Dimension 2,24662819
24662821,Quebec,1.41296,6.47231,-2.1863,0.64146,1.58511,5,Dimension 2,24662821
24662822,Quebec,0.21174,0.15732,-0.58328,-1.09821,-0.32811,2,Dimension 1,24662822
24662823,Quebec,0.00198,0.4152,0.05107,0.21801,0.17156,4,Dimension 2,24662823
24662824,Quebec,0.9807,-0.29465,0.61449,-1.37525,-0.01868,3,Dimension 1,24662824
24662825,Quebec,0.31351,0.02611,-0.66903,-0.96472,-0.32353,2,Dimension 1,24662825
24662826,Quebec,0.03409,0.5413,-0.66431,-0.58527,-0.16855,3,Dimension 2,24662826
24662827,Quebec,0.51059,0.09761,0.1262,-0.98558,-0.0628,3,Dimension 1,24662827
24662828,Quebec,0.02338,0.32316,0.47062,-0.41133,0.10146,4,Dimension 3,24662828
24662829,Quebec,0.24226,0.55123,-0.43725,-1.08388,-0.18191,3,Dimension 2,24662829
24662830,Quebec,0.71453,2.20732,-0.5371,-0.41045,0.49358,5,Dimension 2,24662830
24662831,Quebec,-0.54698,-0.19112,-0.70096,-1.26684,-0.67647,1,Dimension 2,24662831
24662832,Quebec,-0.33002,-0.19088,-0.58995,-0.91885,-0.50743,1,Dimension 2,24662832
24662833,Quebec,0.21959,1.2222,-0.37728,-1.62481,-0.14007,3,Dimension 2,24662833
24662834,Quebec,1.81009,0.17875,0.86466,0.08035,0.73346,5,Dimension 1,24662834
24662835,Quebec,0.60328,0.44249,0.20032,-1.24075,0.00134,3,Dimension 1,24662835
24662836,Quebec,0.15594,1.23594,0.0358,-0.80177,0.15648,4,Dimension 2,24662836
24662837,Quebec,-0.14712,0.26351,-0.26996,-1.14919,-0.32569,2,Dimension 2,24662837
24662838,Quebec,0.05255,0.05797,-0.58077,-1.32523,-0.44887,2,Dimension 2,24662838
24662839,Quebec,0.02798,-0.72179,-0.15413,-1.25128,-0.52481,1,Dimension 1,24662839
24662840,Quebec,0.97466,0.38802,0.04868,-0.27923,0.28303,4,Dimension 1,24662840
24662841,Quebec,-0.07624,0.02748,-0.34822,-1.11166,-0.37716,2,Dimension 2,24662841
24662842,Quebec,1.00319,0.41589,0.34788,-0.68218,0.27119,4,Dimension 1,24662842
24662843,Quebec,-0.05615,0.36905,-0.4906,-1.25384,-0.35789,2,Dimension 2,24662843
24662844,Quebec,0.16945,0.6114,-0.18438,-1.30064,-0.17604,3,Dimension 2,24662844
24662845,Quebec,0.86755,0.57299,1.24019,-1.18486,0.37397,4,Dimension 3,24662845
24662848,Quebec,-0.26756,0.37212,-0.86566,-0.42267,-0.29594,2,Dimension 2,24662848
24662849,Quebec,0.38506,0.14493,-0.03203,-0.89721,-0.09981,3,Dimension 1,24662849
24662850,Quebec,0.81074,1.01844,0.30672,-0.86059,0.31883,4,Dimension 2,24662850
24662851,Quebec,-0.13731,-0.96225,-0.23161,-0.76491,-0.52402,1,Dimension 1,24662851
24662852,Quebec,0.17857,0.14083,-0.27469,-1.4534,-0.35217,2,Dimension 1,24662852
24662853,Quebec,0.6129,2.13852,-0.7626,-1.09433,0.22362,4,Dimension 2,24662853
24662854,Quebec,0.23128,0.78248,-0.28806,-0.28278,0.11073,4,Dimension 2,24662854
24662855,Quebec,-0.10341,0.18917,-0.75972,-0.76096,-0.35873,2,Dimension 2,24662855
24662856,Quebec,-0.30651,0.34628,-0.7517,-1.77376,-0.62142,1,Dimension 2,24662856
24662857,Quebec,0.2281,0.47142,-0.05142,-0.55924,0.02221,3,Dimension 2,24662857
24662858,Quebec,0.27926,0.60065,-0.57828,-1.57896,-0.31933,2,Dimension 2,24662858
24662859,Quebec,0.22345,-0.12659,0.50799,-1.4359,-0.20776,2,Dimension 3,24662859
24662860,Quebec,0.67876,1.29907,0.1128,-0.03331,0.51433,5,Dimension 2,24662860
24662861,Quebec,0.38215,0.58922,0.23863,-1.20202,0.002,3,Dimension 2,24662861
24662862,Quebec,-0.46797,-0.41752,-0.27763,-1.02045,-0.54589,1,Dimension 3,24662862
24662863,Quebec,0.72505,0.75819,0.12636,0.46154,0.51778,5,Dimension 2,24662863
24662864,Quebec,0.25214,0.17397,-0.17407,-1.14495,-0.22323,2,Dimension 1,24662864
24662865,Quebec,0.2413,-0.22793,-0.18498,-0.61147,-0.19577,3,Dimension 1,24662865
24662866,Quebec,-0.10629,-0.01426,-0.96445,-1.71826,-0.70082,1,Dimension 2,24662866
24662867,Quebec,-0.03666,0.96808,-0.47052,-1.46014,-0.24981,2,Dimension 2,24662867
24662868,Quebec,0.30189,-0.37326,0.17282,-1.51804,-0.35415,2,Dimension 1,24662868
24662869,Quebec,0.24103,1.03581,0.4718,-1.1924,0.13906,4,Dimension 2,24662869
24662870,Quebec,0.09351,0.45425,-0.31953,-0.91609,-0.17196,3,Dimension 2,24662870
24662871,Quebec,0.14905,-0.63525,-0.43364,-0.65628,-0.39403,2,Dimension 1,24662871
24662872,Quebec,0.03774,0.19064,-0.53367,-0.60691,-0.22805,2,Dimension 2,24662872
24662873,Quebec,0.1078,0.98364,0.03385,-0.73029,0.09875,4,Dimension 2,24662873
24662874,Quebec,0.52361,0.24399,-0.58457,-1.34989,-0.29172,2,Dimension 1,24662874
24662875,Quebec,0.35238,-0.04931,0.11592,-1.27829,-0.21482,2,Dimension 1,24662875
24662876,Quebec,-0.0348,0.15844,-0.73087,-0.42534,-0.25814,2,Dimension 2,24662876
24662877,Quebec,-0.61788,0.89297,-0.20406,-0.85921,-0.19704,3,Dimension 2,24662877
24662878,Quebec,0.27363,0.82154,-0.23292,-0.88132,-0.00477,3,Dimension 2,24662878
24662879,Quebec,0.5805,1.84251,0.16755,-1.95149,0.15977,4,Dimension 2,24662879
24662880,Quebec,0.20996,0.70133,0.21016,-1.37826,-0.0642,3,Dimension 2,24662880
24662881,Quebec,-0.18023,1.14075,-0.42426,-1.19346,-0.1643,3,Dimension 2,24662881
24662882,Quebec,-0.16606,0.09452,0.18059,-0.90845,-0.19985,3,Dimension 3,24662882
24662883,Quebec,0.31499,0.25138,-0.13334,-0.91773,-0.12117,3,Dimension 1,24662883
24662884,Quebec,1.71224,-0.28184,2.76591,-1.34888,0.71186,5,Dimension 3,24662884
24662885,Quebec,0.22635,0.30434,0.41599,-0.93754,0.00229,3,Dimension 3,24662885
24662886,Quebec,0.79776,-0.64253,-0.11606,-0.11818,-0.01975,3,Dimension 1,24662886
24662887,Quebec,1.40683,-0.54729,0.06076,-0.23797,0.17058,4,Dimension 1,24662887
24662888,Quebec,0.29285,-0.28582,-0.1228,-0.42507,-0.13521,3,Dimension 1,24662888
24662889,Quebec,0.70433,-0.43253,-0.33256,-0.55407,-0.1537,3,Dimension 1,24662889
24662890,Quebec,0.95323,-0.48541,0.59094,-0.31962,0.18479,4,Dimension 1,24662890
24662891,Quebec,1.04829,-0.52968,0.53906,-1.21231,-0.03866,3,Dimension 1,24662891
24662892,Quebec,0.01675,-0.10208,0.42084,-0.87069,-0.1338,3,Dimension 3,24662892
24662893,Quebec,0.37957,-0.29113,0.21687,-1.0838,-0.19462,3,Dimension 1,24662893
24662894,Quebec,0.51341,0.87354,-0.05114,-0.71285,0.15574,4,Dimension 2,24662894
24662895,Quebec,0.14613,0.0826,0.04442,-1.01226,-0.18478,3,Dimension 1,24662895
24662896,Quebec,0.43334,0.34899,0.53568,-0.99724,0.08019,4,Dimension 3,24662896
24662897,Quebec,0.23754,-0.59058,-0.39034,-1.36136,-0.52619,1,Dimension 1,24662897
24662898,Quebec,1.52029,0.0248,1.70449,-2.18201,0.26689,4,Dimension 3,24662898
24662899,Quebec,0.16532,-0.20205,-0.32369,-1.09754,-0.36449,2,Dimension 1,24662899
24662900,Quebec,0.57857,0.00792,0.4079,-0.70475,0.07241,4,Dimension 1,24662900
24662901,Quebec,-0.23752,0.09144,-0.441,-0.51435,-0.27536,2,Dimension 2,24662901
24662902,Quebec,0.7269,-0.28913,0.36838,-0.52714,0.06975,4,Dimension 1,24662902
24662903,Quebec,0.43443,0.73907,-0.35992,-1.29026,-0.11917,3,Dimension 2,24662903
24662904,Quebec,-0.13095,0.05726,-0.08543,-0.87546,-0.25864,2,Dimension 2,24662904
24662905,Quebec,0.42999,-1.27565,0.33496,0.80035,0.07241,4,Dimension 4,24662905
24662906,Quebec,0.05815,0.6864,-1.24159,0.1234,-0.09341,3,Dimension 2,24662906
24662907,Quebec,0.22837,-0.08416,-0.39329,-0.63594,-0.22126,2,Dimension 1,24662907
24662908,Quebec,0.99797,0.0355,0.12777,-0.86494,0.07408,4,Dimension 1,24662908
24662909,Quebec,0.26222,-1.21371,-0.65063,-0.47857,-0.52017,1,Dimension 1,24662909
24662910,Quebec,0.7441,0.38127,0.05426,0.16843,0.33702,4,Dimension 1,24662910
24662911,Quebec,-0.24416,-0.56514,-0.25348,-0.78275,-0.46138,1,Dimension 1,24662911
24662912,Quebec,0.5527,0.13466,0.51994,0.59699,0.45107,5,Dimension 4,24662912
24662913,Quebec,-0.57817,0.08297,-0.02755,-0.73113,-0.31347,2,Dimension 2,24662913
24662914,Quebec,-0.32837,-0.13243,0.59398,-0.04539,0.02195,3,Dimension 3,24662914
24662915,Quebec,0.09405,0.66966,1.43996,-0.44527,0.4396,5,Dimension 3,24662915
24662916,Quebec,0.33576,-0.23583,0.21794,-0.14452,0.04334,3,Dimension 1,24662916
24662917,Quebec,0.07521,-0.17958,0.27557,-0.04554,0.03141,3,Dimension 3,24662917
24662918,Quebec,0.45271,0.40773,0.62503,-0.81333,0.16804,4,Dimension 3,24662918
24662919,Quebec,-0.63707,0.28972,-0.71267,-0.98247,-0.51062,1,Dimension 2,24662919
24662920,Quebec,0.28132,0.4543,0.6983,0.06232,0.37406,4,Dimension 3,24662920
24662921,Quebec,-0.22515,-0.6472,-0.37341,-1.32578,-0.64289,1,Dimension 1,24662921
24662922,Quebec,0.09619,0.59723,-0.38135,-0.38441,-0.01808,3,Dimension 2,24662922
24662923,Quebec,-0.60495,0.80698,-0.48563,-0.02662,-0.07756,3,Dimension 2,24662923
24662924,Quebec,0.17228,0.26031,-0.51154,-0.90365,-0.24565,2,Dimension 2,24662924
24662925,Quebec,0.18535,0.54066,0.53543,0.38127,0.41068,5,Dimension 2,24662925
24662926,Quebec,-0.01749,0.15937,-0.05557,-0.30109,-0.0537,3,Dimension 2,24662926
24662927,Quebec,-0.46867,0.50689,-0.62023,-0.1144,-0.1741,3,Dimension 2,24662927
24662928,Quebec,-0.54101,0.27572,-0.75523,-1.65731,-0.66946,1,Dimension 2,24662928
24662929,Quebec,-0.08287,1.10983,-0.35696,0.24991,0.22998,4,Dimension 2,24662929
24662930,Quebec,-0.05601,-0.46656,-0.06869,-1.29088,-0.47053,1,Dimension 1,24662930
24662931,Quebec,-0.09318,0.34596,-0.34131,-0.9183,-0.25171,2,Dimension 2,24662931
24662932,Quebec,0.30487,1.11204,0.98587,0.89465,0.82436,5,Dimension 2,24662932
24662933,Quebec,-0.49751,-0.78498,-0.26976,-0.98385,-0.63402,1,Dimension 3,24662933
24662934,Quebec,-0.37762,-0.08747,-0.4365,-0.79502,-0.42415,2,Dimension 2,24662934
24662935,Quebec,0.03836,1.56561,-0.4428,-0.70621,0.11374,4,Dimension 2,24662935
24662936,Quebec,-0.32874,-1.07425,-0.60552,-0.85454,-0.71576,1,Dimension 1,24662936
24662937,Quebec,-0.65468,-0.30496,-0.8531,-1.4274,-0.81003,1,Dimension 2,24662937
24662938,Quebec,0.10126,-0.07641,0.72006,-1.03589,-0.07275,3,Dimension 3,24662938
24662939,Quebec,-0.14786,-0.90914,-0.4691,-1.11856,-0.66116,1,Dimension 1,24662939
24662940,Quebec,0.27678,-1.22336,0.34634,-1.08244,-0.42067,2,Dimension 3,24662940
24662941,Quebec,-0.08709,-0.49726,-0.53138,-1.24972,-0.59136,1,Dimension 1,24662941
24662942,Quebec,0.14571,-1.25835,0.23528,-0.24362,-0.28025,2,Dimension 3,24662942
24662943,Quebec,-0.29731,-0.86154,-0.46961,-1.26501,-0.72337,1,Dimension 1,24662943
24662944,Quebec,-0.41308,-1.11726,-0.53433,-0.72158,-0.69657,1,Dimension 1,24662944
24662945,Quebec,0.10339,-1.04396,-0.41209,-1.11914,-0.61795,1,Dimension 1,24662945
24662946,Quebec,-0.15478,-0.99142,-0.5052,-0.87447,-0.63147,1,Dimension 1,24662946
24662947,Quebec,-0.05695,0.90351,-0.13988,-0.69977,0.00173,3,Dimension 2,24662947
24662948,Quebec,-0.43796,-0.74593,-0.66879,-0.75325,-0.65148,1,Dimension 1,24662948
24662949,Quebec,-0.29515,-0.8777,-0.69269,-0.75021,-0.65394,1,Dimension 1,24662949
24662951,Quebec,-0.16472,-0.73035,-0.23282,-0.41266,-0.38514,2,Dimension 1,24662951
24662952,Quebec,-0.3096,0.07986,-0.19859,-0.93778,-0.34153,2,Dimension 2,24662952
24662953,Quebec,-0.39467,-0.17785,-0.99185,-1.39901,-0.74085,1,Dimension 2,24662953
24662954,Quebec,-0.1785,-0.5404,-0.23443,-0.71942,-0.41819,2,Dimension 1,24662954
24662955,Quebec,-0.58876,-0.21453,-0.07549,-0.60025,-0.36976,2,Dimension 3,24662955
24662956,Quebec,0.16584,-0.19919,0.80065,-0.93665,-0.04234,3,Dimension 3,24662956
24662957,Quebec,-0.41484,-0.35543,-0.07224,-0.70168,-0.38605,2,Dimension 3,24662957
24662958,Quebec,0.82562,-0.19947,0.03424,-0.26723,0.09829,4,Dimension 1,24662958
24662961,Quebec,1.2741,0.60295,0.2225,-0.15367,0.48647,5,Dimension 1,24662961
24662962,Quebec,0.95168,0.89622,0.97981,-0.68132,0.5366,5,Dimension 3,24662962
24662963,Quebec,0.48472,-0.37706,0.58205,-0.60302,0.02167,3,Dimension 3,24662963
24662964,Quebec,1.24748,-0.04593,1.55265,-0.46118,0.57326,5,Dimension 3,24662964
24662965,Quebec,1.20896,1.16553,1.36891,0.48705,1.05761,5,Dimension 3,24662965
24662966,Quebec,2.4605,2.26286,0.26042,1.49678,1.62014,5,Dimension 1,24662966
24662967,Quebec,1.22397,0.51891,0.64973,-0.68457,0.42701,5,Dimension 1,24662967
24662968,Quebec,0.62263,-0.12965,0.85324,0.17446,0.38017,4,Dimension 3,24662968
24662969,Quebec,0.98598,0.49132,0.35438,-0.78249,0.2623,4,Dimension 1,24662969
24662970,Quebec,0.79041,0.53188,0.01546,-0.85548,0.12057,4,Dimension 1,24662970
24662971,Quebec,0.38583,0.65234,-0.20969,-1.22774,-0.09982,3,Dimension 2,24662971
24662972,Quebec,1.86346,0.58572,0.66609,-1.08352,0.50794,5,Dimension 1,24662972
24662973,Quebec,1.08527,0.94162,0.56567,-0.05875,0.63345,5,Dimension 1,24662973
24662974,Quebec,0.94248,0.52278,-0.01138,-0.73547,0.1796,4,Dimension 1,24662974
24662975,Quebec,0.91517,-0.16431,0.29811,-0.22953,0.20486,4,Dimension 1,24662975
24662976,Quebec,0.70883,1.73276,-0.2593,0.50709,0.67235,5,Dimension 2,24662976
24662977,Quebec,1.27082,0.31903,0.0883,-0.08345,0.39868,4,Dimension 1,24662977
24662978,Quebec,0.43417,-1.22841,-0.3802,0.20703,-0.24185,2,Dimension 1,24662978
24662979,Quebec,0.93759,-0.31279,-0.37909,-0.40599,-0.04007,3,Dimension 1,24662979
24662980,Quebec,0.58393,2.00172,-0.38845,0.18134,0.59463,5,Dimension 2,24662980
24662981,Quebec,0.73683,-0.77082,-0.32043,0.98132,0.15673,4,Dimension 4,24662981
24662982,Quebec,0.52735,-1.19942,-0.06289,0.21592,-0.12976,3,Dimension 1,24662982
24662983,Quebec,0.06834,-0.02819,-0.37708,-1.58012,-0.47926,1,Dimension 1,24662983
24662984,Quebec,-0.07494,-1.27744,-0.99295,-2.00568,-1.08775,1,Dimension 1,24662984
24662985,Quebec,-0.27809,-1.30964,-0.90987,-1.87315,-1.09269,1,Dimension 1,24662985
24662986,Quebec,-0.05945,-0.46407,-0.86136,-1.56491,-0.73745,1,Dimension 1,24662986
24662987,Quebec,0.3335,0.33223,-0.47112,-1.16017,-0.24139,2,Dimension 1,24662987
24662988,Quebec,0.50387,-0.52382,-0.63679,-0.92247,-0.39481,2,Dimension 1,24662988
24662989,Quebec,0.11545,-0.26909,-0.33433,-1.14943,-0.40935,2,Dimension 1,24662989
24662992,Quebec,2.00878,-1.0734,1.64843,-0.20286,0.59524,5,Dimension 1,24662992
24662993,Quebec,1.64397,-0.58102,1.72521,0.95899,0.93679,5,Dimension 3,24662993
24662994,Quebec,1.96966,-0.4121,1.31239,-0.06908,0.70022,5,Dimension 1,24662994
24662995,Quebec,0.14551,-0.63311,-0.50439,-1.08577,-0.51944,1,Dimension 1,24662995
24662996,Quebec,0.22286,-0.82269,-0.54216,-1.32326,-0.61631,1,Dimension 1,24662996
24662997,Quebec,2.27912,-0.82765,0.12675,1.25002,0.70706,5,Dimension 1,24662997
24662998,Quebec,0.60537,-0.60475,0.05558,-0.59529,-0.13477,3,Dimension 1,24662998
24662999,Quebec,1.80218,-1.07463,-0.08663,1.34817,0.49727,5,Dimension 1,24662999
24663000,Quebec,-0.38181,-0.14799,-0.76397,-1.03765,-0.58285,1,Dimension 2,24663000
24663001,Quebec,-0.01857,-0.3187,-0.81818,-1.14075,-0.57405,1,Dimension 1,24663001
24663002,Quebec,0.06241,-0.05484,-0.75336,-0.68952,-0.35883,2,Dimension 1,24663002
24663003,Quebec,-0.04294,-0.40935,-0.64797,-0.7459,-0.46154,1,Dimension 1,24663003
24663004,Quebec,-0.39957,-0.44549,-0.93643,-1.24446,-0.75649,1,Dimension 1,24663004
24663005,Quebec,-0.06735,0.10481,-0.5461,-0.31436,-0.20575,2,Dimension 2,24663005
24663006,Quebec,0.55106,-0.00771,-0.47721,-0.49979,-0.10841,3,Dimension 1,24663006
24663007,Quebec,0.2606,0.48199,-0.43411,-1.12521,-0.20418,3,Dimension 2,24663007
24663008,Quebec,-0.37268,-0.38148,-0.7273,-0.91153,-0.59825,1,Dimension 1,24663008
24663009,Quebec,0.24119,-0.01752,-0.48166,-0.75248,-0.25262,2,Dimension 1,24663009
24663010,Quebec,1.17879,-0.38893,0.92134,-0.17157,0.38491,4,Dimension 1,24663010
24663011,Quebec,0.55111,-0.0876,-0.42899,-0.37453,-0.085,3,Dimension 1,24663011
24663012,Quebec,0.59752,0.15003,-0.10491,-0.34104,0.0754,4,Dimension 1,24663012
24663013,Quebec,1.13032,2.32994,-1.21517,0.77282,0.75448,5,Dimension 2,24663013
24663014,Quebec,0.27237,-0.20398,-0.21406,-0.51211,-0.16445,3,Dimension 1,24663014
24663015,Quebec,0.53531,0.4434,-0.62599,-0.55983,-0.05178,3,Dimension 1,24663015
24663016,Quebec,1.60543,-0.52038,-0.28408,-0.13216,0.1672,4,Dimension 1,24663016
24663017,Quebec,1.66467,0.22944,0.28801,-0.61593,0.39155,4,Dimension 1,24663017
24663018,Quebec,1.5859,1.03084,-0.13303,0.50002,0.74593,5,Dimension 1,24663018
24663019,Quebec,1.47554,0.28958,1.37418,0.39062,0.88248,5,Dimension 1,24663019
24663020,Quebec,1.08672,0.42848,-0.77125,-0.10162,0.16058,4,Dimension 1,24663020
24663021,Quebec,-0.02295,-0.24372,-0.25958,-1.6752,-0.55036,1,Dimension 1,24663021
24663022,Quebec,-0.40361,-0.59864,-0.62874,-0.47001,-0.52525,1,Dimension 1,24663022
24663023,Quebec,0.48492,-0.65155,0.21379,-0.94399,-0.22421,2,Dimension 1,24663023
24663024,Quebec,-0.11113,-0.20379,-0.78765,-1.17161,-0.56855,1,Dimension 1,24663024
24663025,Quebec,0.01121,0.28653,-0.8542,-1.3966,-0.48826,1,Dimension 2,24663025
24663026,Quebec,1.0151,-0.05541,-0.00032,-0.72894,0.05761,4,Dimension 1,24663026
24663027,Quebec,0.26381,-0.54239,-0.49138,-0.84743,-0.40435,2,Dimension 1,24663027
24663028,Quebec,0.10283,-0.1371,-0.42859,-0.75293,-0.30395,2,Dimension 1,24663028
24663029,Quebec,0.11028,-0.63401,-0.50319,-1.04004,-0.51674,1,Dimension 1,24663029
24663030,Quebec,0.08462,-0.87145,-0.9398,-1.76577,-0.8731,1,Dimension 1,24663030
24663031,Quebec,0.3522,-0.79929,-0.5963,-0.72084,-0.44106,2,Dimension 1,24663031
24663032,Quebec,-0.26602,-0.72705,-0.94467,-1.50616,-0.86097,1,Dimension 1,24663032
24663033,Quebec,0.07066,-0.58338,-0.76469,-1.74498,-0.7556,1,Dimension 1,24663033
24663034,Quebec,0.6997,0.71527,-1.30266,0.41085,0.13079,4,Dimension 2,24663034
24663035,Quebec,0.09097,1.08818,-1.06674,-0.30257,-0.04754,3,Dimension 2,24663035
24663036,Quebec,0.7465,-0.19676,-0.43273,-0.18063,-0.01591,3,Dimension 1,24663036
24663037,Quebec,0.33849,-0.29399,-0.75452,-0.48078,-0.2977,2,Dimension 1,24663037
24663038,Quebec,0.15533,0.18578,-0.60793,-1.00104,-0.31697,2,Dimension 2,24663038
24663039,Quebec,-0.18987,-0.54278,-0.56172,-0.69708,-0.49786,1,Dimension 1,24663039
24663040,Quebec,-0.26599,0.16149,-0.15004,-0.34668,-0.1503,3,Dimension 2,24663040
24663041,Quebec,0.33338,-0.24679,-0.56466,-0.4015,-0.21989,2,Dimension 1,24663041
24663042,Quebec,-0.15102,-0.92979,-0.93309,-0.96915,-0.74576,1,Dimension 1,24663042
24663043,Quebec,-0.02888,-0.75355,-0.79407,-0.88466,-0.61529,1,Dimension 1,24663043
24663044,Quebec,0.39673,-0.48541,-0.42447,-0.97627,-0.37236,2,Dimension 1,24663044
24663045,Quebec,1.83334,0.64341,0.75348,0.37288,0.90078,5,Dimension 1,24663045
24663046,Quebec,0.66657,0.25019,-0.04072,0.10736,0.24585,4,Dimension 1,24663046
24663047,Quebec,0.45564,-0.49509,0.61467,-0.01947,0.13894,4,Dimension 3,24663047
24663048,Quebec,0.66016,0.80534,-0.63328,0.37613,0.30209,4,Dimension 2,24663048
24663049,Quebec,0.89401,0.49324,-0.1904,0.88077,0.51941,5,Dimension 1,24663049
24663050,Quebec,1.59303,2.86439,-0.3915,0.49948,1.14135,5,Dimension 2,24663050
24663051,Quebec,0.68502,0.15231,-0.22174,0.28258,0.22454,4,Dimension 1,24663051
24663052,Quebec,0.20445,-0.87461,-0.30657,-0.4923,-0.36726,2,Dimension 1,24663052
24663053,Quebec,1.25348,1.34707,-1.13118,0.80501,0.5686,5,Dimension 2,24663053
24663054,Quebec,0.20365,0.36656,0.27241,0.11514,0.23944,4,Dimension 2,24663054
24663055,Quebec,-0.18055,-0.53886,-0.70396,-1.01471,-0.60952,1,Dimension 1,24663055
24663056,Quebec,-0.14581,-0.82601,-0.60586,-0.80488,-0.59564,1,Dimension 1,24663056
24663057,Quebec,0.14962,-0.74802,-1.07346,-1.60451,-0.81909,1,Dimension 1,24663057
24663058,Quebec,-0.05068,-1.46101,-0.77039,-1.59531,-0.96935,1,Dimension 1,24663058
24663059,Quebec,-0.2985,-1.06033,-0.89691,-0.61265,-0.7171,1,Dimension 1,24663059
24663060,Quebec,-0.43919,-0.75393,-0.65344,-0.42399,-0.56764,1,Dimension 4,24663060
24663061,Quebec,-0.36347,-0.84762,-0.78235,-0.85596,-0.71235,1,Dimension 1,24663061
24663062,Quebec,-0.39406,0.78826,-1.28906,-0.68523,-0.39502,2,Dimension 2,24663062
24663063,Quebec,-0.43315,-0.31762,-0.38812,-0.82251,-0.49035,1,Dimension 2,24663063
24663064,Quebec,-0.06478,0.19622,0.05228,0.19338,0.09427,4,Dimension 2,24663064
24663065,Quebec,0.09371,-0.428,-0.47946,0.04623,-0.19188,3,Dimension 1,24663065
24663066,Quebec,0.64049,-0.70047,-0.4325,-0.05391,-0.1366,3,Dimension 1,24663066
24663067,Quebec,-0.28844,-0.2168,-0.54282,-1.04179,-0.52247,1,Dimension 2,24663067
24663068,Quebec,0.15074,-1.29673,-0.41449,-0.5537,-0.52854,1,Dimension 1,24663068
24663069,Quebec,-0.0456,-0.35705,-0.15872,-1.01099,-0.39309,2,Dimension 1,24663069
24663070,Quebec,-0.11373,0.35475,-0.21774,-0.94443,-0.23029,2,Dimension 2,24663070
24663071,Quebec,-0.21495,-0.53529,-1.09497,-0.44585,-0.57277,1,Dimension 1,24663071
24663072,Quebec,-0.05307,-1.03541,-0.70264,-1.55893,-0.83751,1,Dimension 1,24663072
24663073,Quebec,-0.14148,-0.95374,-0.84154,-0.82824,-0.69125,1,Dimension 1,24663073
24663074,Quebec,-0.25764,-0.63528,-0.91898,-1.20191,-0.75345,1,Dimension 1,24663074
24663075,Quebec,-0.22975,-0.61575,-0.82777,-0.97305,-0.66158,1,Dimension 1,24663075
24663076,Quebec,0.06937,-1.3975,-0.52256,-0.38301,-0.55842,1,Dimension 1,24663076
24663077,Quebec,1.10919,0.32967,-0.23828,0.31194,0.37813,4,Dimension 1,24663077
24663079,Quebec,0.39619,-0.47498,-0.14763,-0.1491,-0.09388,3,Dimension 1,24663079
24663080,Quebec,0.3894,-0.50887,-0.74908,-0.3501,-0.30466,2,Dimension 1,24663080
24663081,Quebec,-0.27614,-0.8745,-0.37344,-1.10696,-0.65776,1,Dimension 1,24663081
24663082,Quebec,0.762,-0.31016,-0.23205,-0.4454,-0.0564,3,Dimension 1,24663082
24663083,Quebec,-0.34732,-0.245,-0.45006,-0.74475,-0.44678,2,Dimension 2,24663083
24663084,Quebec,1.04838,-0.12039,-0.52088,0.29752,0.17616,4,Dimension 1,24663084
24663085,Quebec,0.39938,-0.4422,-0.6552,-0.7565,-0.36363,2,Dimension 1,24663085
24663086,Quebec,0.44348,-0.28569,-0.07517,-0.19644,-0.02846,3,Dimension 1,24663086
24663088,Quebec,0.0726,-0.78401,-0.2843,-0.66723,-0.41574,2,Dimension 1,24663088
24663089,Quebec,-0.16883,-0.87549,-0.74343,-1.28208,-0.76746,1,Dimension 1,24663089
24663090,Quebec,-0.10432,-0.65338,-0.74254,-0.77181,-0.56801,1,Dimension 1,24663090
24663091,Quebec,0.12225,-0.8408,-0.84393,-1.08208,-0.66114,1,Dimension 1,24663091
24663092,Quebec,-0.20027,-0.46245,-0.80384,-0.80834,-0.56873,1,Dimension 1,24663092
24663094,Quebec,0.49108,-1.31027,-0.58355,-1.60383,-0.75164,1,Dimension 1,24663094
24663095,Quebec,0.64393,-0.67274,-0.72832,-0.94587,-0.42575,2,Dimension 1,24663095
24663096,Quebec,-0.44289,-1.35023,-0.74517,-0.13982,-0.66953,1,Dimension 4,24663096
24663097,Quebec,-0.37883,-1.41333,-1.45446,-1.33699,-1.1459,1,Dimension 1,24663097
24663098,Quebec,0.31414,-0.72899,-0.79306,-1.48879,-0.67418,1,Dimension 1,24663098
24663099,Quebec,0.44857,-0.92733,-1.03596,-1.70777,-0.80562,1,Dimension 1,24663099
24663100,Quebec,0.2564,-0.78784,-0.92455,-0.35038,-0.45159,1,Dimension 1,24663100
24663101,Quebec,-0.34044,-0.57218,-0.88791,-0.41201,-0.55314,1,Dimension 1,24663101
24663102,Quebec,-0.41458,-0.78598,-1.1518,-1.60384,-0.98905,1,Dimension 1,24663102
24663103,Quebec,-0.02732,0.36654,-1.11622,-0.2694,-0.2616,2,Dimension 2,24663103
24663104,Quebec,-0.00991,-0.85097,-1.27093,-1.42485,-0.88917,1,Dimension 1,24663104
24663105,Quebec,0.0423,-1.16952,-1.02464,-1.25158,-0.85086,1,Dimension 1,24663105
24663106,Quebec,0.68439,-0.333,-1.07989,-2.78591,-0.8786,1,Dimension 1,24663106
24663107,Quebec,0.66841,-0.60806,-1.4642,-1.89499,-0.82471,1,Dimension 1,24663107
24663108,Quebec,-0.5628,-0.92963,-1.00104,0.09269,-0.6002,1,Dimension 4,24663108
24663109,Quebec,0.05986,-0.89777,-1.20981,-0.91808,-0.74145,1,Dimension 1,24663109
24663110,Quebec,-0.691,-0.49752,-1.00035,-0.75298,-0.73546,1,Dimension 2,24663110
24663111,Quebec,-0.27165,-0.42188,-1.07773,-1.08857,-0.71496,1,Dimension 1,24663111
24663112,Quebec,-0.04475,-0.56505,-0.98229,-0.76745,-0.58989,1,Dimension 1,24663112
24663113,Quebec,0.0181,-0.28399,-0.78599,-0.20854,-0.31511,2,Dimension 1,24663113
24663114,Quebec,-0.24007,-0.30764,-0.76953,-0.97812,-0.57384,1,Dimension 1,24663114
24663115,Quebec,-0.17374,-0.84098,-1.26877,-1.39163,-0.91878,1,Dimension 1,24663115
24663116,Quebec,-0.44482,-0.68044,-0.97259,-0.2275,-0.58134,1,Dimension 4,24663116
24663117,Quebec,-0.34766,-0.15548,-0.77767,0.1303,-0.28763,2,Dimension 4,24663117
24663118,Quebec,-0.22594,-1.00905,-1.06828,-1.21748,-0.88019,1,Dimension 1,24663118
24663120,Quebec,0.44674,-0.37777,-0.46563,0.70208,0.07636,4,Dimension 4,24663120
24663121,Quebec,0.3585,-0.68966,-0.81762,0.72439,-0.1061,3,Dimension 4,24663121
24663122,Quebec,0.57021,-0.44408,0.34704,1.92464,0.59945,5,Dimension 4,24663122
24663123,Quebec,-0.00496,1.27865,-1.32657,0.47013,0.10431,4,Dimension 2,24663123
24663124,Quebec,-0.34082,-0.18218,-0.63816,-0.14833,-0.32737,2,Dimension 4,24663124
24663125,Quebec,-0.2309,-0.87285,-0.9441,-0.031,-0.51971,1,Dimension 4,24663125
24663126,Quebec,-0.47176,-1.06864,-1.1091,-0.43546,-0.77124,1,Dimension 4,24663126
24663127,Quebec,-0.49029,-1.44904,-0.89561,-0.13147,-0.7416,1,Dimension 4,24663127
24663128,Quebec,0.22065,0.64261,-0.83715,0.68574,0.17796,4,Dimension 4,24663128
24663129,Quebec,-0.07221,0.60933,-1.47199,0.16365,-0.1928,3,Dimension 2,24663129
24663130,Quebec,-0.19573,-0.32324,-0.82849,-0.20844,-0.38897,2,Dimension 1,24663130
24663131,Quebec,-0.14327,3.94388,-1.62307,0.11183,0.57234,5,Dimension 2,24663131
24663132,Quebec,0.11704,-0.47999,-0.87797,-0.54041,-0.44533,2,Dimension 1,24663132
24663133,Quebec,-0.50079,-0.4279,-1.15552,-0.95263,-0.75921,1,Dimension 2,24663133
24663134,Quebec,-0.24676,0.19954,-0.96089,-0.89182,-0.47498,1,Dimension 2,24663134
24663135,Quebec,-0.69937,-0.14167,-0.7055,-0.66456,-0.55278,1,Dimension 2,24663135
24663136,Quebec,-0.17831,-0.35827,-0.69195,-0.71806,-0.48665,1,Dimension 1,24663136
24663137,Quebec,-0.61872,0.04002,-1.34503,-0.67074,-0.64862,1,Dimension 2,24663137
24663138,Quebec,0.78992,0.37631,-1.45109,1.03442,0.18739,4,Dimension 4,24663138
24663139,Quebec,0.16351,-0.18116,-1.03702,-0.11983,-0.29362,2,Dimension 1,24663139
24663140,Quebec,0.07437,-0.45479,-0.79044,-0.24394,-0.3537,2,Dimension 1,24663140
24663141,Quebec,0.86998,-0.05152,-0.14006,-0.80558,-0.0318,3,Dimension 1,24663141
24663142,Quebec,1.59475,1.88518,3.2178,1.13684,1.95864,5,Dimension 3,24663142
24663143,Quebec,1.2136,0.4712,0.54153,1.24072,0.86676,5,Dimension 4,24663143
24663144,Quebec,1.60226,-0.12025,1.42515,1.12378,1.00773,5,Dimension 1,24663144
24663145,Quebec,0.40315,-0.68632,0.37127,0.21643,0.07613,4,Dimension 1,24663145
24663146,Quebec,-0.07236,0.25482,-0.41437,0.52342,0.07288,4,Dimension 4,24663146
24663147,Quebec,0.36563,-0.58242,-0.05983,0.61448,0.08446,4,Dimension 4,24663147
24663149,Quebec,0.42629,1.7866,-0.40502,-0.19404,0.40346,4,Dimension 2,24663149
24663150,Quebec,0.70822,-0.05502,0.21198,0.34907,0.30356,4,Dimension 1,24663150
24663151,Quebec,0.47675,-0.45018,-0.67976,-0.57828,-0.30787,2,Dimension 1,24663151
24663152,Quebec,0.40408,-0.92195,-0.49225,-0.10912,-0.27981,2,Dimension 1,24663152
24663153,Quebec,0.35837,0.67796,-0.43893,0.17527,0.19317,4,Dimension 2,24663153
24663154,Quebec,-0.16741,-0.6848,-0.70996,-1.10995,-0.66803,1,Dimension 1,24663154
24663155,Quebec,0.51786,-0.67764,0.32195,-0.67687,-0.12868,3,Dimension 1,24663155
24663156,Quebec,0.28803,-0.63635,-0.76958,-1.72828,-0.71155,1,Dimension 1,24663156
24663157,Quebec,0.24123,-0.14099,-0.64959,-0.08891,-0.15956,3,Dimension 1,24663157
24663158,Quebec,-0.16134,-0.00414,-0.77555,-0.79137,-0.4331,2,Dimension 2,24663158
24663159,Quebec,0.00778,0.3136,-0.83818,-0.28006,-0.19922,3,Dimension 2,24663159
24663160,Quebec,-0.03892,-0.38534,-0.79655,-0.15549,-0.34408,2,Dimension 1,24663160
24663161,Quebec,0.0851,-1.0487,-0.25342,-0.94637,-0.54085,1,Dimension 1,24663161
24663162,Quebec,-0.42119,-0.03707,-0.65743,-1.01256,-0.53206,1,Dimension 2,24663162
24663164,Quebec,0.91038,0.12508,-0.99225,0.25414,0.07434,4,Dimension 1,24663164
24663166,Quebec,1.13933,0.92059,-1.60676,0.93687,0.34751,4,Dimension 1,24663166
24663167,Quebec,0.03817,-0.17148,-0.93171,-0.29682,-0.34046,2,Dimension 1,24663167
24663168,Quebec,-0.25861,-0.20049,-0.88033,-0.7035,-0.51073,1,Dimension 2,24663168
24663169,Quebec,2.25918,0.93645,-1.27847,1.80141,0.92964,5,Dimension 1,24663169
24663170,Quebec,0.21595,-0.4653,-1.1817,-0.49481,-0.48147,1,Dimension 1,24663170
24663171,Quebec,0.90103,1.44179,-1.84146,1.74779,0.56229,5,Dimension 4,24663171
24663172,Quebec,0.88286,-0.81832,-0.51518,-1.01827,-0.36723,2,Dimension 1,24663172
24663173,Quebec,0.44705,-0.73483,-0.92495,-1.57053,-0.69582,1,Dimension 1,24663173
24663174,Quebec,0.96605,-0.54209,-0.66441,-0.53709,-0.19439,3,Dimension 1,24663174
24663175,Quebec,-0.31361,0.22133,-1.12647,-0.42687,-0.41141,2,Dimension 2,24663175
24663176,Quebec,-0.12099,-0.19594,-0.74749,-0.91915,-0.49589,1,Dimension 1,24663176
24663177,Quebec,0.0694,-0.63526,-0.58313,-0.81447,-0.49087,1,Dimension 1,24663177
24663178,Quebec,0.34754,0.15654,-1.2564,-0.43227,-0.29615,2,Dimension 1,24663178
24663179,Quebec,-0.28963,-0.20942,-1.24498,-0.81049,-0.63863,1,Dimension 2,24663179
24663180,Quebec,0.53071,-1.06624,-0.62859,-0.62318,-0.44683,2,Dimension 1,24663180
24663181,Quebec,0.05125,-0.5662,-0.49743,-1.29485,-0.57681,1,Dimension 1,24663181
24663182,Quebec,0.88732,4.8969,-2.18288,1.00493,1.15157,5,Dimension 2,24663182
24663183,Quebec,0.06637,-0.34876,-0.25426,0.70902,0.04309,3,Dimension 4,24663183
24663184,Quebec,-0.00223,-0.84517,-1.23578,-2.20103,-1.07105,1,Dimension 1,24663184
24663185,Quebec,0.28809,-0.95845,-1.62043,-2.22959,-1.13009,1,Dimension 1,24663185
24663186,Quebec,1.09154,-0.99695,-1.39986,-1.75604,-0.76533,1,Dimension 1,24663186
24663187,Quebec,0.71282,-0.12701,-1.18192,-2.58179,-0.79448,1,Dimension 1,24663187
24663188,Quebec,0.52392,-0.59265,-1.62724,-2.16119,-0.96429,1,Dimension 1,24663188
24663189,Quebec,2.13947,-0.60745,-0.37618,0.29487,0.36268,4,Dimension 1,24663189
24663190,Quebec,0.80633,-0.25276,-0.46258,0.10851,0.04988,4,Dimension 1,24663190
24663191,Quebec,2.25878,-1.23725,-0.3298,1.54032,0.55801,5,Dimension 1,24663191
24663194,Quebec,1.83198,-0.47557,-0.30321,1.05678,0.52749,5,Dimension 1,24663194
24663195,Quebec,1.66867,0.0592,0.49398,0.07214,0.5735,5,Dimension 1,24663195
24663196,Quebec,0.5682,-0.17995,-0.4953,0.62071,0.12842,4,Dimension 4,24663196
24663197,Quebec,0.63332,-0.98048,-0.71439,0.81418,-0.06184,3,Dimension 4,24663197
24663198,Quebec,0.79999,-0.55785,-0.58297,0.43378,0.02324,3,Dimension 1,24663198
24663199,Quebec,1.15506,-0.25475,0.36681,1.09088,0.5895,5,Dimension 1,24663199
24663200,Quebec,1.71346,0.21917,0.17128,0.39091,0.62371,5,Dimension 1,24663200
24663201,Quebec,0.45181,-1.26518,-0.41987,0.12518,-0.27702,2,Dimension 1,24663201
24663202,Quebec,1.15951,-0.18889,-1.0732,1.03182,0.23231,4,Dimension 1,24663202
24663203,Quebec,1.47294,0.73608,-1.49888,1.99777,0.67698,5,Dimension 4,24663203
24663204,Quebec,1.85744,-0.3892,-1.43323,1.80892,0.46098,5,Dimension 1,24663204
24663205,Quebec,1.25808,-0.64401,-0.42062,0.52499,0.17961,4,Dimension 1,24663205
24663206,Quebec,1.40091,-0.97016,-0.74419,1.33811,0.25617,4,Dimension 1,24663206
24663207,Quebec,1.27021,0.24132,-1.50116,1.88813,0.47462,5,Dimension 4,24663207
24663208,Quebec,-0.06395,-0.55706,-0.94315,0.1798,-0.34609,2,Dimension 4,24663208
24663209,Quebec,0.31856,-0.28107,-1.30313,-0.10895,-0.34365,2,Dimension 1,24663209
24663210,Quebec,0.36276,0.08045,-0.84105,0.02424,-0.0934,3,Dimension 1,24663210
24663211,Quebec,0.52051,-0.39556,-1.25811,0.04188,-0.27282,2,Dimension 1,24663211
24663212,Quebec,1.90971,-0.71206,-0.44857,1.47677,0.55646,5,Dimension 1,24663212
24663213,Quebec,0.16977,-1.28891,-0.74449,0.39497,-0.36717,2,Dimension 4,24663213
24663214,Quebec,1.0077,-0.15169,-0.48223,1.17339,0.38679,4,Dimension 4,24663214
24663215,Quebec,1.00295,-0.26274,-0.95314,1.13822,0.23132,4,Dimension 4,24663215
24663216,Quebec,0.57486,-0.64775,-0.32671,0.66787,0.06707,4,Dimension 4,24663216
24663217,Quebec,-0.05242,0.48578,-1.17905,-0.44505,-0.29769,2,Dimension 2,24663217
24663218,Quebec,0.32567,0.82249,-1.23734,-0.50748,-0.14916,3,Dimension 2,24663218
24663219,Quebec,0.54955,-0.12819,-0.23911,0.03643,0.05467,4,Dimension 1,24663219
24663220,Quebec,0.09956,-0.69839,-0.75929,-0.28724,-0.41134,2,Dimension 1,24663220
24663221,Quebec,0.366,-0.12761,-0.36902,0.04712,-0.02087,3,Dimension 1,24663221
24663222,Quebec,0.5255,0.03309,0.05472,-1.36647,-0.18829,3,Dimension 1,24663222
24663223,Quebec,0.65087,-0.08404,-0.36904,-0.24936,-0.01289,3,Dimension 1,24663223
24663227,Quebec,0.0663,-0.32987,-0.09889,0.27587,-0.02165,3,Dimension 4,24663227
24663228,Quebec,0.37421,1.33763,-0.15891,0.25748,0.4526,5,Dimension 2,24663228
24663229,Quebec,0.21848,-0.52373,-0.00447,0.43237,0.03066,3,Dimension 4,24663229
24663230,Quebec,0.23813,0.08692,0.41801,0.37897,0.28051,4,Dimension 3,24663230
24663231,Quebec,0.09182,0.2298,-0.29016,0.31962,0.08777,4,Dimension 4,24663231
24663232,Quebec,0.66586,-0.03069,0.02626,0.98598,0.41186,5,Dimension 4,24663232
24663233,Quebec,0.51505,0.15021,0.4259,-0.28644,0.20118,4,Dimension 1,24663233
24663234,Quebec,0.46555,0.49194,0.17823,-0.29972,0.209,4,Dimension 2,24663234
24663235,Quebec,0.24047,0.43495,-0.23917,0.0849,0.13029,4,Dimension 2,24663235
24663236,Quebec,0.08265,0.28561,-0.45012,0.4118,0.08249,4,Dimension 4,24663236
24663237,Quebec,0.91715,0.31016,0.56056,-0.07622,0.42791,5,Dimension 1,24663237
24663238,Quebec,-0.19688,-0.18153,-0.06931,-0.37168,-0.20485,2,Dimension 3,24663238
24663239,Quebec,0.25525,0.23008,-0.20689,0.20629,0.12118,4,Dimension 1,24663239
24663241,Quebec,1.42329,1.45467,-0.32223,1.63265,1.0471,5,Dimension 4,24663241
24663242,Quebec,3.27558,-0.65737,-0.70999,3.13565,1.26097,5,Dimension 1,24663242
24663243,Quebec,2.90033,-0.35107,-0.63248,2.63925,1.13901,5,Dimension 1,24663243
24663244,Quebec,0.65358,-0.24804,-1.19696,0.77672,-0.00367,3,Dimension 4,24663244
24663245,Quebec,2.29247,0.32647,-1.23826,2.1388,0.87987,5,Dimension 1,24663245
24663246,Quebec,2.1828,0.50608,-1.42889,1.83875,0.77468,5,Dimension 1,24663246
24663249,Quebec,1.9599,0.55402,-1.23543,2.03871,0.8293,5,Dimension 4,24663249
24663250,Quebec,3.14599,1.6199,1.50956,-0.42521,1.46256,5,Dimension 1,24663250
24663251,Quebec,1.12202,1.63576,0.21815,-0.26715,0.6772,5,Dimension 2,24663251
24663253,Quebec,2.0417,-0.17599,0.78197,1.11209,0.93994,5,Dimension 1,24663253
24663254,Quebec,0.65712,1.99469,-2.09884,0.12928,0.17056,4,Dimension 2,24663254
24663255,Quebec,1.4053,0.93669,-1.7298,1.10807,0.43007,5,Dimension 1,24663255
24663256,Quebec,0.06003,-0.70669,-0.85556,-0.37118,-0.46835,1,Dimension 1,24663256
24663257,Quebec,0.34865,1.19663,-1.0582,0.31798,0.20126,4,Dimension 2,24663257
24663258,Quebec,1.56718,3.63609,-2.58015,0.23498,0.71452,5,Dimension 2,24663258
24663259,Quebec,1.5485,2.24054,-1.33153,0.78186,0.80984,5,Dimension 2,24663259
24663260,Quebec,-0.07315,-0.48744,-1.16355,-0.71342,-0.60939,1,Dimension 1,24663260
24663261,Quebec,2.613,0.58816,-0.8329,1.47713,0.96135,5,Dimension 1,24663261
24663262,Quebec,2.10111,1.00264,-1.4204,1.0021,0.67136,5,Dimension 1,24663262
24663264,Quebec,2.22984,-0.72366,0.94319,0.77121,0.80514,5,Dimension 1,24663264
24663266,Quebec,2.28387,-0.24885,0.56246,-0.14248,0.61375,5,Dimension 1,24663266
24663269,Quebec,0.46831,-0.53426,-0.27528,-0.38183,-0.18077,3,Dimension 1,24663269
24663270,Quebec,1.71538,-0.1102,0.06852,0.53131,0.55125,5,Dimension 1,24663270
24663271,Quebec,0.18506,-0.21992,-0.92285,-0.5762,-0.38348,2,Dimension 1,24663271
24663273,Quebec,2.92359,-0.53379,0.56113,1.07783,1.00719,5,Dimension 1,24663273
24663274,Quebec,2.08525,-0.59873,0.2067,1.01542,0.67716,5,Dimension 1,24663274
24663275,Quebec,1.59956,1.4988,-0.45808,1.14826,0.94714,5,Dimension 1,24663275
24663276,Quebec,0.20943,2.64558,0.61863,0.8605,1.08354,5,Dimension 2,24663276
24663277,Quebec,1.77916,5.88318,-0.35384,0.68853,1.99925,5,Dimension 2,24663277
24663279,Quebec,2.01591,1.13213,-1.35383,1.59891,0.84828,5,Dimension 1,24663279
24663280,Quebec,0.7277,2.26739,-1.03586,1.36822,0.83186,5,Dimension 2,24663280
24663281,Quebec,1.07815,5.73331,-1.80799,0.95344,1.48923,5,Dimension 2,24663281
24663282,Quebec,0.48535,3.52344,-0.62212,-1.23366,0.53825,5,Dimension 2,24663282
24663283,Quebec,0.83071,0.27174,-0.19229,0.63779,0.38699,4,Dimension 1,24663283
24663285,Quebec,0.85929,-0.27846,-0.54851,-0.70689,-0.16864,3,Dimension 1,24663285
24663286,Quebec,0.65897,-0.26681,-0.19139,0.68934,0.22253,4,Dimension 4,24663286
24663287,Quebec,0.18695,-0.88162,-0.75582,0.04213,-0.35209,2,Dimension 1,24663287
24663288,Quebec,-0.21769,-0.0886,-0.79887,-0.85313,-0.48957,1,Dimension 2,24663288
24663289,Quebec,0.42925,-1.11514,-0.47941,0.38002,-0.19632,3,Dimension 1,24663289
24663290,Quebec,0.41032,1.42254,-0.98821,0.1364,0.24526,4,Dimension 2,24663290
24663291,Quebec,1.96307,-0.47407,0.11669,-0.0604,0.38632,4,Dimension 1,24663291
24663292,Quebec,-0.04385,-0.18409,0.06251,0.37125,0.05146,4,Dimension 4,24663292
24663293,Quebec,0.07686,1.62893,-1.76239,-0.64652,-0.17578,3,Dimension 2,24663293
24663294,Quebec,0.04971,-0.72142,-0.46432,-0.82017,-0.48905,1,Dimension 1,24663294
24663295,Quebec,0.89219,-0.09805,0.21771,0.02146,0.25833,4,Dimension 1,24663295
24663296,Quebec,1.95089,0.30329,-0.82579,0.6664,0.5237,5,Dimension 1,24663296
24663297,Quebec,0.62899,-0.47642,-0.23249,-0.808,-0.22198,2,Dimension 1,24663297
24663298,Quebec,0.60903,0.27122,-0.44494,-0.22166,0.05341,4,Dimension 1,24663298
24663299,Quebec,1.62933,-0.95997,0.2585,0.91997,0.46196,5,Dimension 1,24663299
24663300,Quebec,1.83872,0.40124,-1.28665,1.1401,0.52335,5,Dimension 1,24663300
24663301,Quebec,-0.14438,-0.77033,-0.42802,-2.07267,-0.85385,1,Dimension 1,24663301
24663302,Quebec,1.29918,-0.53304,-0.32367,-0.57519,-0.03318,3,Dimension 1,24663302
24663304,Quebec,1.04337,-0.10497,-0.03414,-0.41787,0.1216,4,Dimension 1,24663304
24663305,Quebec,0.5649,0.48976,-0.95796,-0.73397,-0.15932,3,Dimension 1,24663305
24663315,Quebec,-0.10224,-0.02108,-0.56237,-0.46057,-0.28656,2,Dimension 2,24663315
24663316,Quebec,1.28206,0.92417,0.85775,0.45164,0.87891,5,Dimension 1,24663316
24663317,Quebec,-0.32537,0.99312,-0.71905,-0.29029,-0.0854,3,Dimension 2,24663317
24663318,Quebec,0.26965,1.62527,-0.35175,-0.08292,0.36506,4,Dimension 2,24663318
24663319,Quebec,0.37495,-0.54196,-0.12214,0.24779,-0.01034,3,Dimension 1,24663319
24663320,Quebec,1.39744,-0.6464,-0.26538,0.33353,0.2048,4,Dimension 1,24663320
24663321,Quebec,0.04739,-0.00028,-0.56623,-0.86454,-0.34591,2,Dimension 1,24663321
24663322,Quebec,0.01628,-0.10493,-0.023,0.80269,0.17276,4,Dimension 4,24663322
24663323,Quebec,-0.38069,-0.77689,-0.41333,0.79755,-0.19334,3,Dimension 4,24663323
24663324,Quebec,1.09562,3.18066,1.37636,1.67861,1.83281,5,Dimension 2,24663324
24663325,Quebec,0.39708,-1.46861,0.03681,0.65931,-0.09385,3,Dimension 4,24663325
24663326,Quebec,-0.09214,-1.04749,0.06278,1.87768,0.20021,4,Dimension 4,24663326
24663327,Quebec,0.60186,-0.00521,0.28308,1.89336,0.69327,5,Dimension 4,24663327
24663328,Quebec,0.0141,-0.52771,-0.1307,0.50056,-0.03594,3,Dimension 4,24663328
24663330,Quebec,1.03735,3.39926,-1.15533,1.54411,1.20635,5,Dimension 2,24663330
24663331,Quebec,1.00373,1.11163,0.3586,1.01989,0.87346,5,Dimension 2,24663331
24663332,Quebec,0.41445,-0.98746,0.23789,1.23216,0.22426,4,Dimension 4,24663332
24663333,Quebec,0.38391,-0.40901,-0.30971,1.00167,0.16672,4,Dimension 4,24663333
24663336,Quebec,0.75637,-1.86688,-0.29921,1.22482,-0.04623,3,Dimension 4,24663336
24663337,Quebec,0.46849,-1.52612,0.54524,1.61315,0.27519,4,Dimension 4,24663337
24663341,Quebec,0.32232,-0.74327,-1.32137,1.27511,-0.1168,3,Dimension 4,24663341
24663342,Quebec,1.29783,-1.07493,0.67259,1.47272,0.59205,5,Dimension 4,24663342
24663343,Quebec,0.71661,-0.46264,-0.84407,0.88965,0.07489,4,Dimension 4,24663343
24663344,Quebec,0.93093,4.83983,-2.25723,1.47547,1.24725,5,Dimension 2,24663344
24663345,Quebec,1.57899,0.84102,-1.35701,1.56505,0.65701,5,Dimension 1,24663345
24663346,Quebec,0.70384,-0.52963,0.93153,1.01153,0.52932,5,Dimension 4,24663346
24663347,Quebec,1.52703,-1.94431,0.20624,2.01169,0.45016,5,Dimension 4,24663347
24663348,Quebec,1.7531,0.09572,-1.05424,2.14561,0.73505,5,Dimension 4,24663348
24663349,Quebec,1.84434,-0.48466,-0.96633,2.52612,0.72987,5,Dimension 4,24663349
24663350,Quebec,0.91715,-1.34213,-0.58937,1.29217,0.06945,4,Dimension 4,24663350
24663351,Quebec,1.62437,-0.32546,-0.48571,1.542,0.5888,5,Dimension 1,24663351
24663352,Quebec,4.34517,-0.0802,0.42582,1.72916,1.60499,5,Dimension 1,24663352
24663353,Quebec,3.19901,0.14767,-0.45173,2.21285,1.27695,5,Dimension 1,24663353
24663355,Quebec,3.2498,0.25495,0.11597,1.34493,1.24141,5,Dimension 1,24663355
24663356,Quebec,3.64774,-0.49586,-0.30419,1.86089,1.17715,5,Dimension 1,24663356
24663357,Quebec,3.03948,-0.74125,-0.23028,1.34744,0.85385,5,Dimension 1,24663357
24663358,Quebec,2.28252,-0.01271,-1.03355,2.45163,0.92197,5,Dimension 4,24663358
24663359,Quebec,2.67332,0.01343,-1.11833,2.70628,1.06867,5,Dimension 4,24663359
24663360,Quebec,2.89866,0.98203,-1.57018,1.41348,0.931,5,Dimension 1,24663360
24663361,Quebec,1.36346,1.26721,-1.83382,0.6696,0.36661,4,Dimension 1,24663361
24663362,Quebec,1.33459,-0.26797,-1.15002,-0.33885,-0.10556,3,Dimension 1,24663362
24663363,Quebec,1.87732,0.00566,-1.41619,0.65373,0.28013,4,Dimension 1,24663363
24663364,Quebec,0.99206,-0.44681,-1.40034,0.08404,-0.19276,3,Dimension 1,24663364
24663365,Quebec,1.67745,1.52898,-1.88003,0.88181,0.55205,5,Dimension 1,24663365
24663366,Quebec,1.48887,-0.84751,0.00293,1.11985,0.44103,5,Dimension 1,24663366
24663367,Quebec,2.9395,-0.82301,-0.99511,2.85742,0.9947,5,Dimension 1,24663367
24663368,Quebec,2.44441,-0.09089,-0.98085,1.89316,0.81646,5,Dimension 1,24663368
24663369,Quebec,2.20006,0.31617,-1.42368,1.46443,0.63925,5,Dimension 1,24663369
24663371,Quebec,2.65608,-0.15517,-1.28211,1.63323,0.71301,5,Dimension 1,24663371
24663372,Quebec,2.38011,-1.50404,-0.8266,1.96221,0.50292,5,Dimension 1,24663372
24663374,Quebec,2.38088,0.92583,-0.68742,-0.28293,0.58409,5,Dimension 1,24663374
24663375,Quebec,2.09436,-0.86856,-0.15087,0.89938,0.49358,5,Dimension 1,24663375
24663376,Quebec,2.12239,0.42892,0.64001,0.384,0.89383,5,Dimension 1,24663376
24663377,Quebec,3.0006,0.33754,1.47397,-1.39442,0.85442,5,Dimension 1,24663377
24663378,Quebec,0.55374,-0.50837,-0.42069,-0.02198,-0.09932,3,Dimension 1,24663378
24663379,Quebec,1.78516,0.46441,0.59871,-0.8135,0.50869,5,Dimension 1,24663379
24663380,Quebec,0.74276,-0.07843,-0.03729,-1.27918,-0.16303,3,Dimension 1,24663380
24663383,Quebec,0.61415,-1.30623,-0.13922,0.60648,-0.05621,3,Dimension 1,24663383
24663384,Quebec,0.4822,-0.51746,-0.37755,0.38774,-0.00627,3,Dimension 1,24663384
24663385,Quebec,0.32245,0.13671,0.08547,0.59435,0.28475,4,Dimension 4,24663385
24663386,Quebec,0.63165,-0.43064,0.00279,-0.14496,0.01471,3,Dimension 1,24663386
24663387,Quebec,0.52651,0.01656,0.23241,0.58401,0.33987,4,Dimension 4,24663387
24663388,Quebec,0.12398,-0.12701,0.23997,0.38339,0.15508,4,Dimension 4,24663388
24663389,Quebec,0.14128,-0.22639,0.03281,0.72744,0.16879,4,Dimension 4,24663389
24663390,Quebec,0.37426,-0.62875,0.21234,0.81357,0.19286,4,Dimension 4,24663390
24663391,Quebec,0.74347,0.2034,-0.2761,0.45636,0.28178,4,Dimension 1,24663391
24663392,Quebec,0.33323,0.23815,-0.10951,0.86509,0.33174,4,Dimension 4,24663392
24663393,Quebec,0.3335,0.38936,0.43208,1.48569,0.66016,5,Dimension 4,24663393
24663394,Quebec,0.23883,2.34474,0.07644,0.50612,0.79153,5,Dimension 2,24663394
24663395,Quebec,-0.05213,0.56831,-0.31653,0.46933,0.16725,4,Dimension 2,24663395
24663397,Quebec,0.12988,0.15373,-0.2764,0.05278,0.015,3,Dimension 2,24663397
24663398,Quebec,-0.22766,-0.87491,-1.34263,-1.71972,-1.04123,1,Dimension 1,24663398
24663399,Quebec,-0.40177,-1.35102,-1.12604,-1.6586,-1.13436,1,Dimension 1,24663399
24663400,Quebec,-0.38467,-1.06685,-0.94143,-0.73596,-0.78223,1,Dimension 1,24663400
24663401,Quebec,-0.25803,-1.17089,-1.23138,-0.93211,-0.8981,1,Dimension 1,24663401
24663402,Quebec,0.00626,-1.01946,-0.4051,0.22837,-0.29748,2,Dimension 4,24663402
24663403,Quebec,-0.07475,0.01395,-0.40689,-0.21579,-0.17087,3,Dimension 2,24663403
24663404,Quebec,-0.19259,-0.37003,0.39256,-0.05335,-0.05585,3,Dimension 3,24663404
24663405,Quebec,-0.11744,-0.28504,-0.89913,-0.85709,-0.53967,1,Dimension 1,24663405
24663407,Quebec,-0.15165,-1.15403,-0.83435,-0.55066,-0.67267,1,Dimension 1,24663407
24663408,Quebec,0.46804,-0.6645,-0.4971,-0.09206,-0.1964,3,Dimension 1,24663408
24663409,Quebec,0.93213,-0.78262,0.33397,-1.10013,-0.15416,3,Dimension 1,24663409
24663410,Quebec,0.85587,-0.89099,0.48214,-1.04781,-0.1502,3,Dimension 1,24663410
24663411,Quebec,0.07905,-0.68937,0.16611,-0.7602,-0.3011,2,Dimension 3,24663411
24663412,Quebec,0.72728,2.25267,-2.18524,1.31901,0.52843,5,Dimension 2,24663412
24663413,Quebec,1.30844,0.99947,-1.47333,1.10784,0.48561,5,Dimension 1,24663413
24663414,Quebec,0.52442,-1.03827,-1.08365,-0.56703,-0.54114,1,Dimension 1,24663414
24663415,Quebec,0.96415,-1.06726,-0.07782,-1.35832,-0.38481,2,Dimension 1,24663415
24663416,Quebec,0.8837,-0.83241,-0.86439,-0.37581,-0.29723,2,Dimension 1,24663416
24663417,Quebec,0.6079,-1.25731,-0.93396,-0.39912,-0.49562,1,Dimension 1,24663417
24663418,Quebec,0.70602,-0.80842,-0.69529,-0.45143,-0.31228,2,Dimension 1,24663418
24663419,Quebec,0.88303,-0.17543,-0.95793,-0.4197,-0.16751,3,Dimension 1,24663419
24663420,Quebec,0.97525,-0.44604,-1.35061,-0.16761,-0.24725,2,Dimension 1,24663420
24663421,Quebec,0.8117,-0.89062,-0.61274,-2.28416,-0.74395,1,Dimension 1,24663421
24663422,Quebec,0.33715,-0.55783,-0.93897,-0.68698,-0.46166,1,Dimension 1,24663422
24663423,Quebec,0.75039,-1.18164,-0.42459,-1.44689,-0.57568,1,Dimension 1,24663423
24663424,Quebec,0.37892,-0.90299,-0.78949,-1.587,-0.72514,1,Dimension 1,24663424
24663425,Quebec,1.31759,-0.91465,-0.60646,-0.21424,-0.10444,3,Dimension 1,24663425
24663426,Quebec,0.96876,-0.68753,-0.67461,0.85979,0.1166,4,Dimension 1,24663426
24663428,Quebec,0.17548,0.03149,-1.20705,-0.92606,-0.48153,1,Dimension 1,24663428
24663429,Quebec,-0.20925,-1.00676,-0.81058,-0.88462,-0.7278,1,Dimension 1,24663429
24663430,Quebec,0.34365,-1.14241,-1.16762,-1.7292,-0.92389,1,Dimension 1,24663430
24663431,Quebec,0.547,3.37922,-2.3591,0.74747,0.57865,5,Dimension 2,24663431
24663432,Quebec,-0.09845,-1.06318,-1.14282,-0.77049,-0.76874,1,Dimension 1,24663432
24663434,Quebec,1.88794,1.69069,2.03269,-0.93678,1.16863,5,Dimension 3,24663434
24663436,Quebec,1.23349,0.94672,1.30701,0.06693,0.88854,5,Dimension 3,24663436
24663437,Quebec,2.64052,-0.24799,-0.95977,2.26503,0.92445,5,Dimension 1,24663437
24663438,Quebec,2.23927,-0.00235,-0.70852,1.86184,0.84756,5,Dimension 1,24663438
24663439,Quebec,0.74561,0.70921,-2.1119,-0.31027,-0.24184,2,Dimension 1,24663439
24663444,Quebec,0.94787,0.08849,-1.45818,0.64338,0.05539,4,Dimension 1,24663444
24663445,Quebec,1.17219,-1.21113,-1.47018,1.5825,0.01835,3,Dimension 4,24663445
24663450,Quebec,0.9468,-0.86964,0.36958,0.84276,0.32237,4,Dimension 1,24663450
24663451,Quebec,0.52567,-0.9888,-0.07174,1.02249,0.1219,4,Dimension 4,24663451
24663452,Quebec,2.35239,-1.15378,-1.37566,2.07665,0.4749,5,Dimension 1,24663452
24663453,Quebec,0.58396,-0.84491,-0.5528,0.59046,-0.05582,3,Dimension 4,24663453
24663454,Quebec,1.13292,-0.41432,-1.05462,0.31905,-0.00424,3,Dimension 1,24663454
24663455,Quebec,2.25133,-0.9209,-1.15897,1.96189,0.53334,5,Dimension 1,24663455
24663457,Quebec,1.00511,1.98897,-1.82108,0.99963,0.54316,5,Dimension 2,24663457
24663458,Quebec,0.53337,1.31193,-1.52578,0.24334,0.14071,4,Dimension 2,24663458
24663459,Quebec,2.6711,-0.71085,-0.99832,2.86074,0.95567,5,Dimension 4,24663459
24663460,Quebec,1.89949,-1.10166,-1.33184,2.35194,0.45448,5,Dimension 4,24663460
24663461,Quebec,2.37834,-0.05049,-0.45355,0.46003,0.58358,5,Dimension 1,24663461
24663462,Quebec,0.6666,-0.3187,0.30112,-0.60383,0.0113,3,Dimension 1,24663462
24663463,Quebec,0.29651,-0.33488,-0.65545,0.74148,0.01191,3,Dimension 4,24663463
24663464,Quebec,1.05585,-0.69305,-1.64049,1.03217,-0.06138,3,Dimension 1,24663464
24663465,Quebec,0.767,-0.27135,-1.18705,0.74305,0.01291,3,Dimension 1,24663465
24663466,Quebec,0.45012,-0.51303,-1.06585,0.64173,-0.12176,3,Dimension 4,24663466
24663467,Quebec,2.67014,-0.49793,-0.78142,1.15732,0.63703,5,Dimension 1,24663467
24663468,Quebec,3.26778,-0.70072,-0.77822,1.40323,0.79802,5,Dimension 1,24663468
24663469,Quebec,3.38428,0.43525,-0.79329,1.30723,1.08337,5,Dimension 1,24663469
24663470,Quebec,2.62029,0.73516,-0.16246,1.58373,1.19418,5,Dimension 1,24663470
24663471,Quebec,2.60716,-0.17103,-0.84652,2.08578,0.91885,5,Dimension 1,24663471
24663472,Quebec,0.62866,-0.60137,-0.22572,-1.57825,-0.44417,2,Dimension 1,24663472
24663473,Quebec,0.83369,-0.06848,-0.26084,-0.85118,-0.0867,3,Dimension 1,24663473
24663474,Quebec,2.72059,0.17645,-1.3368,1.71953,0.81995,5,Dimension 1,24663474
24663475,Quebec,1.56156,0.46581,-0.75822,-0.34329,0.23147,4,Dimension 1,24663475
24663476,Quebec,2.02799,-0.98938,-0.41124,-0.3876,0.05994,4,Dimension 1,24663476
24663477,Quebec,0.02409,1.31294,-1.20382,-0.40596,-0.06819,3,Dimension 2,24663477
24663478,Quebec,0.02596,-0.74328,-0.66187,-0.43039,-0.45239,1,Dimension 1,24663478
24663479,Quebec,1.63887,0.33189,-1.074,1.51968,0.60411,5,Dimension 1,24663479
24663480,Quebec,1.39152,0.37348,-1.45838,1.76108,0.51693,5,Dimension 4,24663480
24663481,Quebec,2.06118,0.89489,-1.47058,1.82989,0.82885,5,Dimension 1,24663481
24663482,Quebec,1.77969,0.35532,-1.10196,1.9002,0.73331,5,Dimension 4,24663482
24663483,Quebec,2.70369,0.61846,-1.28608,2.49427,1.13258,5,Dimension 1,24663483
24663484,Quebec,0.40288,-0.82363,-0.40161,-0.90217,-0.43113,2,Dimension 1,24663484
24663485,Quebec,0.54773,-0.83381,-0.72611,-0.42626,-0.35961,2,Dimension 1,24663485
24663486,Quebec,1.25697,-1.34491,-1.77455,1.97266,0.02754,3,Dimension 4,24663486
24663488,Quebec,1.12028,-1.81629,-1.67234,1.91892,-0.11236,3,Dimension 4,24663488
24663489,Quebec,1.24877,-1.40454,-1.5989,2.43565,0.17025,4,Dimension 4,24663489
24663490,Quebec,1.34341,-1.808,-1.48358,1.66983,-0.06959,3,Dimension 4,24663490
24663491,Quebec,1.30666,-1.66199,-1.53845,2.0447,0.03773,3,Dimension 4,24663491
24663492,Quebec,0.96272,-1.62355,-1.55748,1.74038,-0.11948,3,Dimension 4,24663492
24663493,Quebec,1.16674,-1.52887,-1.26745,1.42618,-0.05085,3,Dimension 4,24663493
24663495,Quebec,3.20128,0.3771,-0.59247,1.63187,1.15444,5,Dimension 1,24663495
24663496,Quebec,2.39559,0.77824,-1.3675,0.93981,0.68653,5,Dimension 1,24663496
24663497,Quebec,2.83578,0.87618,-1.10383,1.30519,0.97833,5,Dimension 1,24663497
24670001,Quebec,-0.55388,-1.24912,-1.09671,-1.66225,-1.14049,1,Dimension 1,24670001
24670002,Quebec,-0.4115,-1.03536,-1.1562,-0.61865,-0.80543,1,Dimension 1,24670002
24670003,Quebec,-0.9677,-0.32349,-1.16714,-0.60154,-0.76497,1,Dimension 2,24670003
24670004,Quebec,-0.84323,-0.84415,-0.75929,-1.20563,-0.91307,1,Dimension 3,24670004
24670005,Quebec,-0.52315,-0.21109,-1.07133,-0.91831,-0.68097,1,Dimension 2,24670005
24670006,Quebec,-0.58894,-0.99788,-0.4839,-0.44823,-0.62974,1,Dimension 4,24670006
24670007,Quebec,-0.9566,-0.61505,-0.58408,-0.70865,-0.71609,1,Dimension 3,24670007
24670008,Quebec,-0.33233,-0.03405,-0.76132,-0.00803,-0.28393,2,Dimension 4,24670008
24670009,Quebec,-0.63998,-0.06319,-0.85665,-0.68818,-0.562,1,Dimension 2,24670009
24670011,Quebec,0.45344,0.38462,-1.07726,-0.07359,-0.0782,3,Dimension 1,24670011
24670012,Quebec,0.10601,1.21994,-0.3777,-1.29719,-0.08724,3,Dimension 2,24670012
24670013,Quebec,0.09851,0.17325,-0.09087,0.00944,0.04758,3,Dimension 2,24670013
24670014,Quebec,0.03713,0.72525,-1.25657,0.39035,-0.02596,3,Dimension 2,24670014
24670015,Quebec,-0.19674,3.16168,-1.17333,0.03361,0.4563,5,Dimension 2,24670015
24670016,Quebec,-0.2302,0.3577,-0.46291,0.7337,0.09957,4,Dimension 4,24670016
24670017,Quebec,0.25488,-0.42767,-0.91197,0.20719,-0.21939,2,Dimension 1,24670017
24670018,Quebec,-0.59408,-0.37806,-0.92481,0.73601,-0.29024,2,Dimension 4,24670018
24670019,Quebec,0.01158,0.06922,-0.18705,1.21814,0.27797,4,Dimension 4,24670019
24670020,Quebec,-0.11431,1.24986,-0.32772,0.16614,0.24349,4,Dimension 2,24670020
24670021,Quebec,-0.53724,-0.00658,-0.36346,0.72971,-0.04439,3,Dimension 4,24670021
24670022,Quebec,-0.20897,0.5083,-0.24129,1.32229,0.34508,4,Dimension 4,24670022
24670023,Quebec,0.1105,-0.33875,-0.09814,0.75525,0.10721,4,Dimension 4,24670023
24670024,Quebec,-0.31397,1.13768,-0.46898,0.67003,0.25619,4,Dimension 2,24670024
24670025,Quebec,0.20849,0.02623,-0.04051,1.04961,0.31096,4,Dimension 4,24670025
24670026,Quebec,0.12839,-0.78627,0.33843,0.82117,0.12543,4,Dimension 4,24670026
24670027,Quebec,-0.07643,0.68775,0.87263,1.19599,0.66998,5,Dimension 4,24670027
24670028,Quebec,-0.17021,-0.80762,-0.86357,0.78052,-0.26522,2,Dimension 4,24670028
24670029,Quebec,-0.67104,-0.89764,-1.00812,-0.49009,-0.76672,1,Dimension 4,24670029
24670030,Quebec,-0.07888,-1.02907,-1.0561,-1.07028,-0.80858,1,Dimension 1,24670030
24670032,Quebec,-0.75708,-0.703,-1.16547,-1.5085,-1.03351,1,Dimension 2,24670032
24670040,Quebec,-0.40038,-1.31039,-0.9735,-1.80091,-1.12129,1,Dimension 1,24670040
24670041,Quebec,-0.34735,-1.05933,-0.86527,-0.85699,-0.78223,1,Dimension 1,24670041
24670042,Quebec,-0.68422,-0.50977,-0.70539,-0.25095,-0.53758,1,Dimension 4,24670042
24670074,Quebec,-0.52764,-1.1033,-0.34064,0.16015,-0.45286,1,Dimension 4,24670074
24670075,Quebec,-0.3907,-0.53826,-0.56881,0.44878,-0.26225,2,Dimension 4,24670075
24670076,Quebec,-0.88549,-0.19511,-0.84663,-0.4815,-0.60218,1,Dimension 2,24670076
24670077,Quebec,-0.83598,-0.30162,-0.72248,-0.971,-0.70777,1,Dimension 2,24670077
24670080,Quebec,-0.71765,-0.81436,-0.69507,-0.37687,-0.65099,1,Dimension 4,24670080
24670082,Quebec,-0.56852,-0.63848,-0.80914,-0.42684,-0.61075,1,Dimension 4,24670082
24670083,Quebec,-0.06549,-0.9841,-0.79293,0.10968,-0.43321,2,Dimension 4,24670083
24670094,Quebec,-0.72194,-0.57664,-0.07624,0.18246,-0.29809,2,Dimension 4,24670094
24670095,Quebec,-0.26052,-1.2538,-0.31401,0.08244,-0.43647,2,Dimension 4,24670095
24670096,Quebec,-0.02431,-0.4047,-0.66837,0.06268,-0.25868,2,Dimension 4,24670096
24670097,Quebec,-0.66906,-0.03576,-0.42608,-0.816,-0.48673,1,Dimension 2,24670097
24670098,Quebec,-0.19352,0.15334,-0.31963,-0.44655,-0.20159,3,Dimension 2,24670098
24670099,Quebec,0.11566,-0.38136,-0.22207,-0.94997,-0.35944,2,Dimension 1,24670099
24670100,Quebec,-0.17983,-0.65454,-0.41748,0.14329,-0.27714,2,Dimension 4,24670100
24670101,Quebec,-0.17038,0.87969,-0.25448,-0.17081,0.07101,4,Dimension 2,24670101
24670102,Quebec,0.27817,0.22879,0.92634,0.58687,0.50504,5,Dimension 3,24670102
24670103,Quebec,-0.1888,1.09127,-0.1794,-0.36653,0.08913,4,Dimension 2,24670103
24670104,Quebec,0.44334,-0.0558,0.44682,1.09519,0.48239,5,Dimension 4,24670104
24670105,Quebec,-0.33572,-0.49586,-0.3363,0.27739,-0.22262,2,Dimension 4,24670105
24670106,Quebec,-0.31489,0.11706,-0.01623,-1.27319,-0.37181,2,Dimension 2,24670106
24670107,Quebec,-0.22903,-1.17807,-0.44019,-0.01086,-0.46454,1,Dimension 4,24670107
24670108,Quebec,-0.28218,0.23996,0.03866,0.15092,0.03684,3,Dimension 2,24670108
24670109,Quebec,-0.23175,-0.53071,-0.24139,-0.60539,-0.40231,2,Dimension 1,24670109
24670110,Quebec,-0.53035,-0.70534,-0.37613,-0.89178,-0.6259,1,Dimension 3,24670110
24670111,Quebec,-0.11411,1.07026,0.79449,1.30615,0.7642,5,Dimension 4,24670111
24670112,Quebec,-0.2253,-0.54149,0.60695,0.01383,-0.0365,3,Dimension 3,24670112
24670113,Quebec,-0.17813,0.51276,-0.9541,-0.365,-0.24612,2,Dimension 2,24670113
24670114,Quebec,-0.00789,0.10394,-0.5629,-0.45179,-0.22966,2,Dimension 2,24670114
24670115,Quebec,0.30472,0.03096,-0.28389,0.46411,0.12897,4,Dimension 4,24670115
24670116,Quebec,-0.28459,-0.89289,-0.40281,-0.3204,-0.47517,1,Dimension 1,24670116
24670117,Quebec,-0.0627,-0.6641,-0.14848,-0.57296,-0.36206,2,Dimension 1,24670117
24670118,Quebec,-0.4814,-0.77542,-0.3185,0.00567,-0.39241,2,Dimension 4,24670118
24670119,Quebec,-0.57891,-0.91258,-0.41579,0.13489,-0.4431,2,Dimension 4,24670119
24670120,Quebec,-0.57773,-0.63591,-0.52017,-0.18906,-0.48072,1,Dimension 4,24670120
24670121,Quebec,-0.61761,-0.44456,-0.48036,-0.36759,-0.47753,1,Dimension 4,24670121
24670122,Quebec,0.04561,-0.56096,-0.7135,-0.37208,-0.40023,2,Dimension 1,24670122
24670123,Quebec,0.15025,-0.71151,0.09895,-0.08755,-0.13746,3,Dimension 1,24670123
24670124,Quebec,-0.12682,0.43352,-0.21747,-0.01049,0.01969,3,Dimension 2,24670124
24670125,Quebec,0.3426,-0.83737,0.57964,0.0624,0.03682,3,Dimension 3,24670125
24670126,Quebec,-0.1785,-0.63793,-0.28359,-0.05278,-0.2882,2,Dimension 4,24670126
24670127,Quebec,-0.05965,-0.896,0.49723,-0.43169,-0.22253,2,Dimension 3,24670127
24670128,Quebec,-0.65667,-0.56776,-0.17653,-0.30524,-0.42655,2,Dimension 3,24670128
24670129,Quebec,-0.09063,1.77043,-0.79906,0.15786,0.25965,4,Dimension 2,24670129
24670130,Quebec,0.04663,1.25439,-0.3193,0.72613,0.42696,5,Dimension 2,24670130
24670131,Quebec,-0.10522,0.6607,-0.4632,0.37391,0.11655,4,Dimension 2,24670131
24670132,Quebec,-0.53666,-1.27826,-0.94003,-0.30116,-0.76403,1,Dimension 4,24670132
24670133,Quebec,-0.45235,0.24986,0.11108,-0.39311,-0.12113,3,Dimension 2,24670133
24670134,Quebec,-0.01068,0.14103,0.01039,0.17543,0.07904,4,Dimension 4,24670134
24670135,Quebec,-0.20603,-0.28687,-0.56637,0.41686,-0.1606,3,Dimension 4,24670135
24670136,Quebec,-0.53185,-1.09464,-0.50814,-0.74853,-0.72079,1,Dimension 3,24670136
24670137,Quebec,0.25874,-0.33748,-0.5613,0.53798,-0.02551,3,Dimension 4,24670137
24670138,Quebec,-0.15075,0.54259,-0.60758,-0.42377,-0.15988,3,Dimension 2,24670138
24670139,Quebec,-0.65762,-0.99011,0.23466,0.04931,-0.34094,2,Dimension 3,24670139
24670140,Quebec,-0.21747,-0.83891,0.21128,-0.54006,-0.34629,2,Dimension 3,24670140
24670141,Quebec,-0.22842,-0.58344,-0.27186,0.36724,-0.17912,3,Dimension 4,24670141
24670142,Quebec,-0.40799,-0.35262,0.07506,0.11683,-0.14218,3,Dimension 4,24670142
24670143,Quebec,-0.31748,0.55143,0.09227,0.42953,0.18894,4,Dimension 2,24670143
24670144,Quebec,-0.35081,-0.30519,-0.18037,-0.30293,-0.28482,2,Dimension 3,24670144
24670145,Quebec,-0.01261,-0.85421,0.34852,0.40519,-0.02828,3,Dimension 4,24670145
24670146,Quebec,-0.06661,0.01863,0.47869,0.02496,0.11392,4,Dimension 3,24670146
24670147,Quebec,0.32945,0.20985,0.38436,-0.18547,0.18455,4,Dimension 3,24670147
24670148,Quebec,-0.47965,0.42885,-0.64133,0.96087,0.06718,4,Dimension 4,24670148
24670161,Quebec,0.23864,-0.95544,-0.3599,-0.31014,-0.34671,2,Dimension 1,24670161
24670163,Quebec,0.03383,-0.78793,-0.34072,-0.11375,-0.30214,2,Dimension 1,24670163
24670164,Quebec,-0.71698,0.65985,-0.38721,-1.11826,-0.39065,2,Dimension 2,24670164
24670165,Quebec,-0.25131,-0.96664,0.74288,-0.14784,-0.15573,3,Dimension 3,24670165
24670166,Quebec,0.19131,-0.13548,-0.44379,-0.44034,-0.20708,2,Dimension 1,24670166
24670167,Quebec,0.03804,-0.23398,0.37671,-0.3108,-0.03251,3,Dimension 3,24670167
24670168,Quebec,-0.62152,-0.16701,-0.2901,-0.46593,-0.38614,2,Dimension 2,24670168
24670169,Quebec,-0.49905,0.10929,-0.60045,-0.29122,-0.32036,2,Dimension 2,24670169
24670170,Quebec,-0.04251,-0.39003,-0.37161,-0.47441,-0.31964,2,Dimension 1,24670170
24670171,Quebec,0.32111,0.77133,0.42317,0.75172,0.56683,5,Dimension 2,24670171
24670172,Quebec,0.45485,1.82053,-0.30014,1.10435,0.7699,5,Dimension 2,24670172
24670173,Quebec,-0.56958,-0.68259,-0.4276,-0.10341,-0.44579,2,Dimension 4,24670173
24670174,Quebec,0.31258,0.85675,-0.39456,-0.30171,0.11826,4,Dimension 2,24670174
24670175,Quebec,0.16086,1.00536,-0.48712,-0.07837,0.15018,4,Dimension 2,24670175
24670176,Quebec,0.58425,2.76103,-0.48667,0.55976,0.85459,5,Dimension 2,24670176
24670177,Quebec,-0.15725,-0.29663,0.17629,0.02682,-0.06269,3,Dimension 3,24670177
24670178,Quebec,-0.00941,0.3369,0.96391,-0.32495,0.24161,4,Dimension 3,24670178
24670179,Quebec,-0.20001,0.71653,0.35606,-0.20233,0.16756,4,Dimension 2,24670179
24670180,Quebec,-0.44457,-0.1364,-0.27572,-0.95129,-0.452,1,Dimension 2,24670180
24670181,Quebec,-0.53622,-0.74623,-0.22683,0.03425,-0.36876,2,Dimension 4,24670181
24670182,Quebec,0.65062,1.56693,-0.1132,1.05469,0.78976,5,Dimension 2,24670182
24670183,Quebec,-0.15416,-0.20036,-0.28028,-0.13412,-0.19223,3,Dimension 4,24670183
24670184,Quebec,-0.09768,2.06577,0.15686,0.70828,0.70831,5,Dimension 2,24670184
24670194,Quebec,-0.50426,-0.75858,-1.03423,-0.17088,-0.61699,1,Dimension 4,24670194
24670195,Quebec,-0.71063,-1.55789,-1.1288,-1.1111,-1.1271,1,Dimension 1,24670195
24670196,Quebec,0.0672,-1.35814,-0.58689,-0.58272,-0.61514,1,Dimension 1,24670196
24670197,Quebec,-0.53228,0.14979,-0.3637,0.01817,-0.182,3,Dimension 2,24670197
24670198,Quebec,-0.7855,-1.28674,-0.48189,0.13383,-0.60507,1,Dimension 4,24670198
24670199,Quebec,-0.28717,-1.08368,-0.89065,0.8925,-0.34225,2,Dimension 4,24670199
24670200,Quebec,-0.5406,0.05858,-0.58418,-0.55462,-0.4052,2,Dimension 2,24670200
24670201,Quebec,-0.05691,-0.31553,-1.06939,0.61004,-0.20795,2,Dimension 4,24670201
24670202,Quebec,-0.80791,-0.60218,-0.69982,-0.76957,-0.71987,1,Dimension 2,24670202
24670203,Quebec,0.07891,2.31082,-1.42399,0.85374,0.45487,5,Dimension 2,24670203
24670204,Quebec,-0.75226,-0.86903,-0.7633,-0.56874,-0.73833,1,Dimension 4,24670204
24670205,Quebec,-0.49641,-0.27003,-0.77037,-0.38649,-0.48082,1,Dimension 2,24670205
24670206,Quebec,-0.79201,-0.90176,-0.46059,-0.73137,-0.72143,1,Dimension 3,24670206
24670207,Quebec,-0.55196,-0.55549,-0.50618,1.2726,-0.08526,3,Dimension 4,24670207
24670208,Quebec,-0.77689,-0.76588,-0.12798,-0.50525,-0.544,1,Dimension 3,24670208
24670209,Quebec,-0.58405,-0.33108,-0.80429,-0.33469,-0.51353,1,Dimension 2,24670209
24670210,Quebec,-0.42975,-0.8428,-0.78793,0.05622,-0.50107,1,Dimension 4,24670210
24670211,Quebec,-0.53388,-0.57253,-0.46402,-0.06687,-0.40933,2,Dimension 4,24670211
24670212,Quebec,-0.54599,-0.17779,0.43114,-0.44629,-0.18473,3,Dimension 3,24670212
24670213,Quebec,-0.73368,-0.91804,-0.52375,0.48629,-0.4223,2,Dimension 4,24670213
24670214,Quebec,-0.82154,-1.0003,-0.71672,-0.48645,-0.75625,1,Dimension 4,24670214
24670215,Quebec,-0.01032,-0.74129,-1.14786,-0.18822,-0.52192,1,Dimension 1,24670215
24670216,Quebec,-0.28612,-0.20971,-0.30325,-0.21498,-0.25352,2,Dimension 2,24670216
24670217,Quebec,-0.2485,0.23009,0.13642,0.7629,0.22023,4,Dimension 4,24670217
24670218,Quebec,-0.51721,-0.88486,0.08129,-0.05214,-0.34323,2,Dimension 3,24670218
24670219,Quebec,-0.44018,0.08709,-0.55864,-0.14532,-0.26426,2,Dimension 2,24670219
24670220,Quebec,-0.53171,-0.29145,0.33867,0.92281,0.10958,4,Dimension 4,24670220
24670221,Quebec,-0.61086,-0.51459,-0.07189,0.03085,-0.29162,2,Dimension 4,24670221
24670222,Quebec,-0.62497,-0.71207,-0.0658,-0.04275,-0.3614,2,Dimension 4,24670222
24670223,Quebec,-0.50719,-0.96302,-0.49872,-0.27633,-0.56132,1,Dimension 4,24670223
24670224,Quebec,-0.74948,-1.1034,-1.09427,-0.03154,-0.74467,1,Dimension 4,24670224
24670225,Quebec,-0.46776,-1.42658,-0.20844,-0.22402,-0.5817,1,Dimension 3,24670225
24670226,Quebec,-0.8815,-0.62844,-0.55391,-0.37451,-0.60959,1,Dimension 4,24670226
24670227,Quebec,-0.5605,-0.16022,-0.60405,-0.80441,-0.53229,1,Dimension 2,24670227
24670228,Quebec,-0.38803,-1.36494,-0.55442,-0.50655,-0.70348,1,Dimension 1,24670228
24670229,Quebec,-0.92118,-0.72161,-0.72707,-0.57705,-0.73673,1,Dimension 4,24670229
24670230,Quebec,-0.5025,-0.7524,-1.08396,-0.64521,-0.74602,1,Dimension 1,24670230
24670231,Quebec,-0.90374,-0.80101,-0.33918,-0.06117,-0.52627,1,Dimension 4,24670231
24670232,Quebec,-0.13835,-0.59095,-0.52216,-0.33964,-0.39777,2,Dimension 1,24670232
24670233,Quebec,-0.63854,-0.71833,-1.06625,0.10303,-0.58002,1,Dimension 4,24670233
24670234,Quebec,-0.39395,-0.40329,-0.19767,-0.44369,-0.35965,2,Dimension 3,24670234
24670235,Quebec,-0.60736,-0.80449,-0.67544,-0.49491,-0.64555,1,Dimension 4,24670235
24670236,Quebec,-0.71501,-1.1582,-0.7042,-0.21753,-0.69874,1,Dimension 4,24670236
24670237,Quebec,-0.1408,-1.13712,-0.89148,-0.4507,-0.65502,1,Dimension 1,24670237
24670238,Quebec,-0.50306,-0.87795,-0.28484,-0.20622,-0.46802,1,Dimension 4,24670238
24670239,Quebec,-0.71258,-1.33623,-0.74934,-0.29161,-0.77244,1,Dimension 4,24670239
24670240,Quebec,-0.4789,-1.10845,-0.54457,-0.53334,-0.66631,1,Dimension 1,24670240
24670241,Quebec,-0.45085,-0.50127,-0.26089,1.05099,-0.0405,3,Dimension 4,24670241
24670242,Quebec,-0.24038,-0.18531,-0.58377,-0.07549,-0.27124,2,Dimension 4,24670242
24670243,Quebec,-0.67593,0.10557,-0.27859,-0.52586,-0.3437,2,Dimension 2,24670243
24670244,Quebec,-0.7484,0.18713,-0.34071,-0.31291,-0.30372,2,Dimension 2,24670244
24670245,Quebec,-0.73139,-0.16719,-0.39673,0.31671,-0.24465,2,Dimension 4,24670245
24670246,Quebec,-0.72498,0.17347,0.02942,-0.94339,-0.36637,2,Dimension 2,24670246
24670247,Quebec,-0.47839,-0.09159,-0.10403,-0.3811,-0.26378,2,Dimension 2,24670247
24670248,Quebec,-0.18532,-0.3679,-0.10049,0.33266,-0.08026,3,Dimension 4,24670248
24670249,Quebec,-0.14219,0.37629,-0.39488,1.06153,0.22519,4,Dimension 4,24670249
24670250,Quebec,-0.49423,-0.45823,-0.47302,0.17309,-0.3131,2,Dimension 4,24670250
24670251,Quebec,-0.35172,0.69985,-0.91488,1.00835,0.1104,4,Dimension 4,24670251
24670252,Quebec,-0.7927,-0.27003,-0.6049,-0.26727,-0.48372,1,Dimension 4,24670252
24670253,Quebec,-0.60516,-0.89921,-0.40959,0.38971,-0.38106,2,Dimension 4,24670253
24670254,Quebec,-0.56489,-0.38888,-0.3172,-0.37221,-0.4108,2,Dimension 3,24670254
24670255,Quebec,-0.95843,-0.14891,-1.20523,-0.60403,-0.72915,1,Dimension 2,24670255
24670256,Quebec,-0.34342,-1.45553,-0.61872,-0.19729,-0.65374,1,Dimension 4,24670256
24670257,Quebec,-0.73653,-1.34258,-0.72407,-0.13419,-0.73434,1,Dimension 4,24670257
24670258,Quebec,-0.92125,-1.36297,-0.56696,-0.64372,-0.87372,1,Dimension 3,24670258
24670259,Quebec,-0.6498,-1.37996,-0.37526,-0.44845,-0.71337,1,Dimension 3,24670259
24670260,Quebec,-0.24954,-0.19579,-0.41549,-0.56066,-0.35537,2,Dimension 2,24670260
24670261,Quebec,-0.58062,-0.45057,-0.39469,-0.39106,-0.45423,1,Dimension 4,24670261
24670262,Quebec,-0.24542,-0.11384,-0.40049,0.25182,-0.12698,3,Dimension 4,24670262
24670263,Quebec,-0.12678,-0.37276,-0.2831,-0.1247,-0.22683,2,Dimension 4,24670263
24670264,Quebec,-0.55225,-0.19081,-0.66288,-0.42524,-0.45779,1,Dimension 2,24670264
24670265,Quebec,-0.93085,-0.50969,-0.53516,-0.39991,-0.5939,1,Dimension 4,24670265
24670267,Quebec,-0.64298,-1.34963,-1.07598,0.04666,-0.75548,1,Dimension 4,24670267
24670268,Quebec,-1.17409,-1.48413,-0.91916,-1.02983,-1.1518,1,Dimension 3,24670268
24670269,Quebec,-0.44784,-0.43066,0.17962,-0.14078,-0.20991,2,Dimension 3,24670269
24670270,Quebec,-0.23974,-1.69052,-0.95852,-0.02481,-0.7284,1,Dimension 4,24670270
24670271,Quebec,-0.81435,-0.55997,-0.43098,-0.60001,-0.60133,1,Dimension 3,24670271
24670272,Quebec,-0.79338,0.2897,-0.04315,0.16827,-0.09464,3,Dimension 2,24670272
24670273,Quebec,-0.95974,-1.0981,-0.67954,0.01459,-0.6807,1,Dimension 4,24670273
24670274,Quebec,-0.39776,-0.26523,-0.59776,0.72508,-0.13392,3,Dimension 4,24670274
24670275,Quebec,-0.96846,-1.01315,-0.51641,-0.18809,-0.67153,1,Dimension 4,24670275
24670276,Quebec,-0.73057,-0.69765,-0.6654,-0.11747,-0.55277,1,Dimension 4,24670276
24670277,Quebec,-0.8734,0.25479,0.27795,0.25075,-0.02248,3,Dimension 3,24670277
24670278,Quebec,-0.56262,-0.91286,-0.48652,0.38386,-0.39454,2,Dimension 4,24670278
24670279,Quebec,-0.72068,-1.46005,-0.92894,-0.11338,-0.80576,1,Dimension 4,24670279
24670281,Quebec,-0.72239,-0.87395,-0.82286,-0.01626,-0.60886,1,Dimension 4,24670281
24670282,Quebec,-1.01299,-0.86261,-0.0732,-0.45115,-0.59999,1,Dimension 3,24670282
24670283,Quebec,-0.58358,-1.29028,-0.77666,0.38342,-0.56677,1,Dimension 4,24670283
24670284,Quebec,-0.42714,-0.45879,-0.07321,0.08823,-0.21773,2,Dimension 4,24670284
24670286,Quebec,-0.66645,-0.11886,-0.92441,-0.51125,-0.55524,1,Dimension 2,24670286
24670287,Quebec,-0.36335,-0.22471,-0.23998,-1.06055,-0.47215,1,Dimension 2,24670287
24670288,Quebec,-0.90426,-1.06992,-0.6478,0.27699,-0.58625,1,Dimension 4,24670288
24670289,Quebec,-0.46425,-0.66699,-0.80687,0.38352,-0.38865,2,Dimension 4,24670289
24670290,Quebec,-0.93342,-0.88712,-0.23947,-0.79839,-0.7146,1,Dimension 3,24670290
24670291,Quebec,-0.59287,0.27974,-0.46218,-0.68069,-0.364,2,Dimension 2,24670291
24670292,Quebec,-0.46821,-0.0477,-0.21981,-0.61418,-0.33748,2,Dimension 2,24670292
24670293,Quebec,-0.56259,0.49157,0.29529,0.14645,0.09268,4,Dimension 2,24670293
24670294,Quebec,-0.59914,-0.64107,-0.13696,-0.03606,-0.35331,2,Dimension 4,24670294
24670295,Quebec,-0.63756,-0.75247,-0.8238,-0.64292,-0.71419,1,Dimension 1,24670295
24670296,Quebec,-0.95132,-1.19804,-0.65885,-0.46415,-0.81809,1,Dimension 4,24670296
24670297,Quebec,-0.55695,-0.06055,0.12881,0.29054,-0.04954,3,Dimension 4,24670297
24670298,Quebec,-0.50543,-1.30617,-0.67234,0.04254,-0.61035,1,Dimension 4,24670298
24670299,Quebec,-0.58159,0.10598,-0.90041,-0.27214,-0.41204,2,Dimension 2,24670299
24670300,Quebec,-0.51408,-0.94471,-0.70139,-0.50009,-0.66507,1,Dimension 4,24670300
24670301,Quebec,-0.40296,-0.94874,-0.55605,0.02628,-0.47037,1,Dimension 4,24670301
24670302,Quebec,-0.7745,-1.25165,0.51392,-0.33161,-0.46096,1,Dimension 3,24670302
24670303,Quebec,-0.78172,-0.40749,-0.48068,-0.09077,-0.44016,2,Dimension 4,24670303
24670304,Quebec,-0.56685,-0.57247,-0.59085,0.24613,-0.37101,2,Dimension 4,24670304
24670305,Quebec,-0.82996,-0.9692,-0.40078,0.37493,-0.45625,1,Dimension 4,24670305
24670306,Quebec,-0.63499,-0.46751,-0.88414,0.72607,-0.31514,2,Dimension 4,24670306
24670307,Quebec,-0.37328,-0.15261,-0.78965,-0.39865,-0.42855,2,Dimension 2,24670307
24670310,Quebec,-0.14492,-1.59559,-0.63325,-0.03234,-0.60152,1,Dimension 4,24670310
24670311,Quebec,-0.2721,-1.13903,-1.07084,0.20582,-0.56904,1,Dimension 4,24670311
24670312,Quebec,-0.25591,-1.03645,-0.70986,-0.84165,-0.71097,1,Dimension 1,24670312
24670313,Quebec,-0.4251,-1.68327,-1.13759,-1.3313,-1.14432,1,Dimension 1,24670313
24670314,Quebec,0.60174,-1.14719,-1.04558,-1.23307,-0.70602,1,Dimension 1,24670314
24670315,Quebec,0.22677,-0.59752,-1.04364,-0.18339,-0.39944,2,Dimension 1,24670315
24670316,Quebec,0.50519,-1.40729,-0.86018,-1.56686,-0.83228,1,Dimension 1,24670316
24670317,Quebec,0.05332,-1.11806,-0.86219,-0.0996,-0.50663,1,Dimension 1,24670317
24670318,Quebec,-0.29983,-0.95924,-0.84472,0.56208,-0.38543,2,Dimension 4,24670318
24670319,Quebec,-0.68214,-0.47721,-0.80446,-0.65697,-0.65519,1,Dimension 2,24670319
24670320,Quebec,-0.27899,-1.46607,-1.05969,-1.15582,-0.99014,1,Dimension 1,24670320
24670321,Quebec,-0.17688,-0.94543,-1.02592,0.09799,-0.51256,1,Dimension 4,24670321
24670322,Quebec,-0.61004,-1.14185,-0.84601,0.29519,-0.57568,1,Dimension 4,24670322
24670323,Quebec,-0.73427,-0.84874,-0.56176,0.05992,-0.52121,1,Dimension 4,24670323
24670325,Quebec,0.3437,-1.34953,-0.84289,-0.31975,-0.54212,1,Dimension 1,24670325
24670328,Quebec,-0.45824,-1.03648,-0.9976,-0.02629,-0.62965,1,Dimension 4,24670328
24670329,Quebec,-0.65818,-0.59651,-1.12112,-0.44646,-0.70557,1,Dimension 4,24670329
24670331,Quebec,-0.62776,-1.19387,-1.23761,-1.51351,-1.14319,1,Dimension 1,24670331
24670332,Quebec,-0.6233,-1.51251,-1.10195,-1.02043,-1.06455,1,Dimension 1,24670332
24670334,Quebec,-0.81184,-0.34112,-1.1155,-0.61466,-0.72078,1,Dimension 2,24670334
24670335,Quebec,-0.80144,-0.1319,-1.12052,-0.86389,-0.72944,1,Dimension 2,24670335
24670336,Quebec,0.09119,0.6835,-1.34481,1.0386,0.11712,4,Dimension 4,24670336
24670337,Quebec,-0.80328,0.36845,-1.01194,-1.03892,-0.62142,1,Dimension 2,24670337
24690039,Quebec,-0.68537,-1.13628,-0.2189,0.79173,-0.31221,2,Dimension 4,24690039
24690040,Quebec,-0.52094,-0.06727,0.0498,-0.23976,-0.19454,3,Dimension 3,24690040
24690041,Quebec,-0.33099,-0.788,0.10664,-0.47222,-0.37114,2,Dimension 3,24690041
24690043,Quebec,-0.60377,0.19428,0.33026,1.09957,0.25509,4,Dimension 4,24690043
24690044,Quebec,-0.57859,0.80325,0.48961,0.20131,0.22889,4,Dimension 2,24690044
24690045,Quebec,-1.03533,-0.34827,-0.20595,-0.402,-0.49789,1,Dimension 3,24690045
24690047,Quebec,-0.29691,1.04467,0.45415,0.52888,0.4327,5,Dimension 2,24690047
24690048,Quebec,-0.53585,0.63981,-0.22884,-0.58379,-0.17716,3,Dimension 2,24690048
24690049,Quebec,-0.62211,0.43546,-0.44821,-0.53524,-0.29253,2,Dimension 2,24690049
24690050,Quebec,-0.95822,0.12993,0.22575,-0.72117,-0.33093,2,Dimension 3,24690050
24690051,Quebec,-0.85089,0.8086,-0.16279,-0.03366,-0.05968,3,Dimension 2,24690051
24690052,Quebec,-0.69914,0.99336,-0.73768,0.13113,-0.07808,3,Dimension 2,24690052
24690053,Quebec,-0.60995,-0.46051,0.79714,-0.05984,-0.08329,3,Dimension 3,24690053
24690054,Quebec,-0.81343,-0.20337,-0.17731,0.41152,-0.19565,3,Dimension 4,24690054
24690055,Quebec,-0.82996,0.60544,-0.85142,0.41553,-0.1651,3,Dimension 2,24690055
24690056,Quebec,-0.12101,0.9966,-0.05482,1.18725,0.502,5,Dimension 4,24690056
24690057,Quebec,-0.58002,1.97932,-0.39929,0.06085,0.26521,4,Dimension 2,24690057
24690058,Quebec,-0.56026,0.53648,-0.06136,0.48099,0.09896,4,Dimension 2,24690058
24690059,Quebec,-0.66944,-0.27814,0.53969,-0.75586,-0.29094,2,Dimension 3,24690059
24690061,Quebec,-0.53307,0.05787,-0.84089,-0.37124,-0.42183,2,Dimension 2,24690061
24690062,Quebec,-0.14052,2.14408,0.89486,1.45038,1.0872,5,Dimension 2,24690062
24690063,Quebec,-0.28272,0.46534,0.39259,1.03348,0.40217,4,Dimension 4,24690063
24690065,Quebec,-0.09566,1.98323,1.28063,1.13579,1.076,5,Dimension 2,24690065
24690066,Quebec,-0.46839,1.76865,0.62232,1.06751,0.74752,5,Dimension 2,24690066
24690067,Quebec,-0.79345,0.4731,0.386,0.1088,0.04361,3,Dimension 2,24690067
24690068,Quebec,-0.52667,0.63181,0.3513,-0.46918,-0.00319,3,Dimension 2,24690068
24690069,Quebec,-0.54207,0.09775,0.05549,-0.24412,-0.15824,3,Dimension 2,24690069
24690070,Quebec,-0.71808,0.51432,0.05626,-0.56851,-0.179,3,Dimension 2,24690070
24690071,Quebec,-0.99846,0.63532,-0.18878,-0.4348,-0.24668,2,Dimension 2,24690071
24690072,Quebec,-0.68922,0.09567,0.55288,-0.06152,-0.02555,3,Dimension 3,24690072
24690073,Quebec,-0.62668,0.58449,0.61042,-0.08053,0.12192,4,Dimension 3,24690073
24690074,Quebec,-0.78983,1.48345,-0.51811,-0.08095,0.02364,3,Dimension 2,24690074
24690075,Quebec,-0.72094,0.67128,-0.08421,-0.52233,-0.16405,3,Dimension 2,24690075
24690076,Quebec,-0.85681,0.30683,0.25847,0.29278,0.00032,3,Dimension 2,24690076
24690077,Quebec,-0.61248,-0.90227,0.94067,0.68215,0.02702,3,Dimension 3,24690077
24690078,Quebec,-0.88908,-0.75578,-0.17722,0.2277,-0.3986,2,Dimension 4,24690078
24690079,Quebec,-0.52135,0.22563,1.06421,0.18316,0.23791,4,Dimension 3,24690079
24690107,Quebec,-0.67035,0.45001,-0.17954,0.32466,-0.0188,3,Dimension 2,24690107
24690108,Quebec,-0.38203,1.83485,1.18676,0.69594,0.83388,5,Dimension 2,24690108
24690109,Quebec,-0.68765,-0.33341,-0.06061,0.3826,-0.17477,3,Dimension 4,24690109
24690111,Quebec,-0.27424,0.5995,0.57307,1.72003,0.65459,5,Dimension 4,24690111
24690112,Quebec,-0.42918,-0.23995,0.17584,-0.01258,-0.12647,3,Dimension 3,24690112
24690114,Quebec,-0.30324,0.10541,1.1973,0.3014,0.32522,4,Dimension 3,24690114
24700003,Quebec,-0.60511,-0.53189,-0.50099,0.29718,-0.3352,2,Dimension 4,24700003
24700004,Quebec,-0.64495,-0.18678,-0.12015,-0.12552,-0.26935,2,Dimension 3,24700004
24700067,Quebec,-0.56196,0.77413,-0.29978,-0.40615,-0.12344,3,Dimension 2,24700067
24700068,Quebec,-0.17269,0.74908,1.04297,1.26719,0.72164,5,Dimension 4,24700068
24700069,Quebec,-0.43549,1.50958,0.06288,0.4157,0.38817,4,Dimension 2,24700069
24700070,Quebec,-0.6491,2.06712,-0.2155,1.00076,0.55082,5,Dimension 2,24700070
24700071,Quebec,-0.22748,0.2783,0.87599,0.72678,0.4134,5,Dimension 3,24700071
24700072,Quebec,-0.60751,0.13712,0.00918,0.27965,-0.04539,3,Dimension 4,24700072
24700073,Quebec,-0.40592,0.12985,-0.26228,0.614,0.01891,3,Dimension 4,24700073
24700074,Quebec,-0.74298,-0.79665,-0.29088,-0.81162,-0.66053,1,Dimension 3,24700074
24700075,Quebec,-0.52872,-0.90086,-0.2371,-0.09162,-0.43958,2,Dimension 4,24700075
24700076,Quebec,-1.00572,-0.65507,-0.82292,0.17566,-0.57701,1,Dimension 4,24700076
24700077,Quebec,-0.57863,0.46468,0.33114,-0.54477,-0.0819,3,Dimension 2,24700077
24700078,Quebec,-0.60956,0.54984,0.38382,-0.22964,0.02362,3,Dimension 2,24700078
24700079,Quebec,-0.82555,-0.07555,-0.63222,-0.78005,-0.57834,1,Dimension 2,24700079
24700080,Quebec,-0.89104,-0.9536,-0.61341,-0.36785,-0.70648,1,Dimension 4,24700080
24700081,Quebec,-0.75043,0.1136,-0.69662,-0.05361,-0.34677,2,Dimension 2,24700081
24700082,Quebec,-0.60435,-0.45189,0.10455,-0.15731,-0.27725,2,Dimension 3,24700082
24700083,Quebec,-0.32547,0.05775,0.01943,0.41946,0.04279,3,Dimension 4,24700083
24700084,Quebec,-0.49494,0.2916,-0.41225,0.81198,0.0491,4,Dimension 4,24700084
24700085,Quebec,-0.73244,-0.64351,-0.51749,0.20791,-0.42138,2,Dimension 4,24700085
24700086,Quebec,-0.93145,-0.80164,-0.45368,-0.27995,-0.61668,1,Dimension 4,24700086
24700087,Quebec,-0.25121,-0.38923,-0.1839,0.20447,-0.15497,3,Dimension 4,24700087
24700088,Quebec,-0.50814,0.89105,-0.31151,-0.08571,-0.00358,3,Dimension 2,24700088
24700089,Quebec,-0.66378,-0.73977,-0.81247,0.43189,-0.44603,2,Dimension 4,24700089
24700090,Quebec,-0.56657,0.24417,0.25427,-0.54584,-0.15349,3,Dimension 3,24700090
24700091,Quebec,-0.57399,-0.61623,-0.44534,-0.47081,-0.52659,1,Dimension 3,24700091
24700092,Quebec,-0.82737,-0.47935,0.20533,-0.35589,-0.36432,2,Dimension 3,24700092
24700093,Quebec,-0.88394,-1.0084,-0.66269,-0.41864,-0.74342,1,Dimension 4,24700093
24700094,Quebec,-0.81444,0.11195,-0.17966,-0.28615,-0.29207,2,Dimension 2,24700094
24700095,Quebec,-0.91334,0.29182,-0.27196,-0.7249,-0.4046,2,Dimension 2,24700095
24700096,Quebec,-0.80846,0.53885,0.11843,-0.12109,-0.06807,3,Dimension 2,24700096
24700097,Quebec,-0.73056,-0.53979,-0.66353,-0.23065,-0.54113,1,Dimension 4,24700097
24700098,Quebec,-1.12063,-0.88244,-0.20982,0.22653,-0.49659,1,Dimension 4,24700098
24700099,Quebec,-0.55398,-0.23037,-0.06852,-0.12876,-0.24541,2,Dimension 3,24700099
24700100,Quebec,-0.852,-0.41365,0.19897,-0.25728,-0.33099,2,Dimension 3,24700100
24700101,Quebec,-0.66165,0.72477,-0.73002,-0.29891,-0.24145,2,Dimension 2,24700101
24700102,Quebec,-0.8152,0.03692,-0.24373,-0.64442,-0.41661,2,Dimension 2,24700102
24700103,Quebec,-0.64603,-0.54215,-0.61659,0.16754,-0.40931,2,Dimension 4,24700103
24700104,Quebec,-0.64861,0.36192,-0.64391,-0.37566,-0.32656,2,Dimension 2,24700104
24700105,Quebec,-0.86313,-0.99552,-0.60708,-0.65289,-0.77965,1,Dimension 3,24700105
24700106,Quebec,-0.85623,-0.33827,-0.24474,-0.66774,-0.52674,1,Dimension 3,24700106
24700107,Quebec,-0.96511,0.1988,-0.7713,-0.86391,-0.60038,1,Dimension 2,24700107
24700108,Quebec,-0.46784,1.39376,0.23753,-0.32207,0.21035,4,Dimension 2,24700108
24700109,Quebec,-0.59215,0.34632,0.04355,-0.76127,-0.24089,2,Dimension 2,24700109
24700110,Quebec,0.07699,0.95586,0.37867,0.67812,0.52241,5,Dimension 2,24700110
24700111,Quebec,-0.67074,0.36097,1.02511,1.10553,0.45522,5,Dimension 4,24700111
24700112,Quebec,-0.09695,1.74515,1.19224,0.82445,0.91622,5,Dimension 2,24700112
24700113,Quebec,-0.0131,1.96678,1.02907,0.92733,0.97752,5,Dimension 2,24700113
24700114,Quebec,-0.06132,1.68834,0.39539,0.67223,0.67366,5,Dimension 2,24700114
24700115,Quebec,-0.19858,1.41155,1.08552,0.99155,0.82251,5,Dimension 2,24700115
24700116,Quebec,-0.56693,0.91203,-0.0456,-0.31738,-0.00447,3,Dimension 2,24700116
24700117,Quebec,-0.64071,0.65433,0.2799,-0.58449,-0.07274,3,Dimension 2,24700117
24700118,Quebec,-0.71151,0.51342,-0.37636,-0.5832,-0.28941,2,Dimension 2,24700118
24700119,Quebec,-0.54736,-0.10993,-0.39509,-0.32955,-0.34548,2,Dimension 2,24700119
24700120,Quebec,-0.03068,0.77465,0.76383,1.58228,0.77252,5,Dimension 4,24700120
24700121,Quebec,0.03251,0.51497,1.23352,0.76257,0.63589,5,Dimension 3,24700121
24700122,Quebec,-0.07725,0.80441,1.15319,0.93315,0.70338,5,Dimension 3,24700122
24700123,Quebec,0.16069,1.00932,1.09067,1.17915,0.85996,5,Dimension 4,24700123
24700124,Quebec,-0.1682,0.71918,1.39982,0.56055,0.62784,5,Dimension 3,24700124
24700125,Quebec,0.09465,0.78256,0.42075,0.45985,0.43945,5,Dimension 2,24700125
24700126,Quebec,-0.78979,0.05364,-0.27591,-0.25724,-0.31732,2,Dimension 2,24700126
24700127,Quebec,-0.21987,0.71701,0.76469,0.25075,0.37815,4,Dimension 3,24700127
24700128,Quebec,-0.9831,0.20783,-0.14424,-0.20879,-0.28208,2,Dimension 2,24700128
24700129,Quebec,-0.72186,-0.60843,-0.64766,-0.61671,-0.64867,1,Dimension 2,24700129
24700130,Quebec,0.10802,0.59817,0.5819,0.64054,0.48216,5,Dimension 4,24700130
24700131,Quebec,-0.45598,1.49137,0.80188,-0.10441,0.43322,5,Dimension 2,24700131
24700132,Quebec,-0.29263,2.56895,0.90906,1.57662,1.1905,5,Dimension 2,24700132
24700133,Quebec,-0.34339,0.89065,0.5493,0.69653,0.44827,5,Dimension 2,24700133
24700134,Quebec,0.30821,2.10483,0.98365,2.09813,1.37371,5,Dimension 2,24700134
24700135,Quebec,-0.36514,0.68411,0.39183,0.48221,0.29825,4,Dimension 2,24700135
24700136,Quebec,0.21328,2.78615,0.31288,0.74813,1.01511,5,Dimension 2,24700136
24700137,Quebec,-0.44128,0.9315,0.13693,-0.12795,0.1248,4,Dimension 2,24700137
24700138,Quebec,-0.04015,1.88598,0.81355,0.48613,0.78638,5,Dimension 2,24700138
24700139,Quebec,0.03749,1.83393,2.16583,1.38868,1.35648,5,Dimension 3,24700139
24700140,Quebec,-0.2605,0.76415,0.59457,0.35881,0.36426,4,Dimension 2,24700140
24700141,Quebec,-0.27138,1.37292,0.27154,0.46729,0.46009,5,Dimension 2,24700141
24700142,Quebec,-0.16331,3.01643,-0.18051,-0.01191,0.66518,5,Dimension 2,24700142
24700143,Quebec,-0.51973,1.01558,-0.10645,-0.17808,0.05283,4,Dimension 2,24700143
24700144,Quebec,-0.79892,1.16489,-0.15879,-0.08575,0.03036,3,Dimension 2,24700144
24700145,Quebec,-0.51668,0.80884,-0.15409,-0.19283,-0.01369,3,Dimension 2,24700145
24700146,Quebec,-0.63556,-0.11188,-0.2753,0.67117,-0.08789,3,Dimension 4,24700146
24700147,Quebec,-0.49022,0.23224,1.09954,0.18002,0.25539,4,Dimension 3,24700147
24700148,Quebec,-0.73546,-0.05906,-0.53845,0.29223,-0.26019,2,Dimension 4,24700148
24700149,Quebec,-0.71702,0.15253,0.41455,0.00728,-0.03567,3,Dimension 3,24700149
24700150,Quebec,-0.58075,-0.07263,-0.38039,0.16869,-0.21627,2,Dimension 4,24700150
24700151,Quebec,-0.90142,-0.55513,-0.57491,0.16517,-0.46657,1,Dimension 4,24700151
24700152,Quebec,-0.49783,-0.47359,0.30445,0.63253,-0.00861,3,Dimension 4,24700152
24700153,Quebec,-0.83305,-0.24388,-0.29789,-0.532,-0.4767,1,Dimension 2,24700153
24700154,Quebec,-0.80369,-0.82767,-0.52897,0.4085,-0.43795,2,Dimension 4,24700154
24700155,Quebec,-0.66308,-0.25705,-0.16895,-0.02186,-0.27773,2,Dimension 4,24700155
24700156,Quebec,-0.23323,1.04486,-0.00373,-0.13362,0.16857,4,Dimension 2,24700156
24700157,Quebec,-0.01903,5.74402,-0.28664,0.61607,1.5136,5,Dimension 2,24700157
24700158,Quebec,-0.4102,-0.13146,-0.5819,-0.48177,-0.40133,2,Dimension 2,24700158
24700159,Quebec,-0.40237,-0.22768,0.43262,0.15183,-0.0114,3,Dimension 3,24700159
24700160,Quebec,-0.41704,1.21078,0.11182,0.68775,0.39833,4,Dimension 2,24700160
24700161,Quebec,-0.53403,0.0032,0.55623,1.17761,0.30075,4,Dimension 4,24700161
24700162,Quebec,-1.02386,-0.35235,-0.08934,-0.61697,-0.52063,1,Dimension 3,24700162
24700163,Quebec,-0.76359,-0.75423,-0.13941,-0.64853,-0.57644,1,Dimension 3,24700163
24700165,Quebec,-0.89116,-0.84017,-0.26116,0.2411,-0.43785,2,Dimension 4,24700165
24710024,Quebec,-0.78468,-0.90102,-0.53394,-0.66158,-0.72031,1,Dimension 3,24710024
24710025,Quebec,-0.24102,-0.402,-0.71392,-0.22473,-0.39542,2,Dimension 4,24710025
24710026,Quebec,0.05547,-0.06347,-0.01965,0.17886,0.0378,3,Dimension 4,24710026
24710027,Quebec,0.42926,-0.08874,-0.11643,0.03377,0.06446,4,Dimension 1,24710027
24710028,Quebec,-0.4444,-0.80505,-0.13854,-0.15634,-0.38608,2,Dimension 3,24710028
24710029,Quebec,-0.25613,-0.09764,-0.29972,1.70952,0.26401,4,Dimension 4,24710029
24710030,Quebec,-0.20565,-0.91724,-0.52023,0.25434,-0.34719,2,Dimension 4,24710030
24710031,Quebec,-0.8825,-0.44824,-0.58962,-0.41529,-0.58391,1,Dimension 4,24710031
24710032,Quebec,0.12959,0.25761,-0.77812,0.82195,0.10776,4,Dimension 4,24710032
24710033,Quebec,-0.35266,0.00634,-0.42604,-0.53867,-0.32776,2,Dimension 2,24710033
24710035,Quebec,0.09869,0.95535,-0.43539,0.50718,0.28146,4,Dimension 2,24710035
24710036,Quebec,-0.3783,1.09106,-1.2533,-0.2377,-0.19456,3,Dimension 2,24710036
24710037,Quebec,0.65111,-0.29739,-0.77793,1.16952,0.18633,4,Dimension 4,24710037
24710038,Quebec,0.65062,1.58203,0.11916,1.00733,0.83979,5,Dimension 2,24710038
24710039,Quebec,-0.28732,-0.37651,-0.09665,0.07367,-0.1717,3,Dimension 4,24710039
24710040,Quebec,-0.44739,-0.27991,-0.75208,-0.18891,-0.41707,2,Dimension 4,24710040
24710041,Quebec,0.12143,-0.01948,-0.34376,0.11516,-0.03166,3,Dimension 1,24710041
24710043,Quebec,-0.59426,-0.08598,-0.56085,0.25534,-0.24644,2,Dimension 4,24710043
24710044,Quebec,-0.12376,-0.27824,0.56324,0.64178,0.20075,4,Dimension 4,24710044
24710045,Quebec,-0.8003,-0.28327,-0.60219,-0.42108,-0.52671,1,Dimension 2,24710045
24710046,Quebec,-0.57569,-0.06669,-1.09671,-0.48857,-0.55691,1,Dimension 2,24710046
24710047,Quebec,-0.25215,-0.91812,-0.14215,1.41236,0.02499,3,Dimension 4,24710047
24710048,Quebec,-0.39177,-0.61639,-0.43109,0.13151,-0.32693,2,Dimension 4,24710048
24710049,Quebec,0.12109,-0.96084,-0.40122,-0.25319,-0.37354,2,Dimension 1,24710049
24710050,Quebec,-0.37577,0.21599,-0.24427,-0.53209,-0.23403,2,Dimension 2,24710050
24710051,Quebec,-0.36938,0.93983,-0.78077,-0.31791,-0.13206,3,Dimension 2,24710051
24710052,Quebec,-0.75908,-0.31776,-0.60977,-0.37604,-0.51566,1,Dimension 2,24710052
24710053,Quebec,-0.62221,-0.40039,-0.84618,-0.34196,-0.55268,1,Dimension 4,24710053
24710054,Quebec,-0.6338,-0.80483,-0.34411,-0.0851,-0.46696,1,Dimension 4,24710054
24710055,Quebec,-0.58208,-0.44442,-0.37591,-0.1385,-0.38523,2,Dimension 4,24710055
24710056,Quebec,-0.19504,-0.90854,0.41085,-0.25432,-0.23676,2,Dimension 3,24710056
24710057,Quebec,-0.70213,-1.10547,-0.50176,0.18674,-0.53066,1,Dimension 4,24710057
24710058,Quebec,-0.37985,-0.95222,-0.79967,-0.14016,-0.56798,1,Dimension 4,24710058
24710059,Quebec,-0.13722,0.2857,-0.88938,-0.35951,-0.27511,2,Dimension 2,24710059
24710060,Quebec,0.09937,1.56498,0.02133,0.86238,0.63701,5,Dimension 2,24710060
24710061,Quebec,-0.48813,0.22369,-0.93106,-0.22402,-0.35488,2,Dimension 2,24710061
24710062,Quebec,-0.19146,0.10155,-0.30205,0.14195,-0.0625,3,Dimension 4,24710062
24710063,Quebec,-0.64916,-0.71397,-0.88832,0.31226,-0.4848,1,Dimension 4,24710063
24710064,Quebec,-0.52375,-0.84877,-0.40617,0.24439,-0.38358,2,Dimension 4,24710064
24710065,Quebec,-0.15464,-0.33478,-0.62401,0.74432,-0.09228,3,Dimension 4,24710065
24710066,Quebec,0.19563,-0.42829,-0.39745,0.95419,0.08102,4,Dimension 4,24710066
24710067,Quebec,-0.33021,-0.55834,-0.32404,1.23135,0.00469,3,Dimension 4,24710067
24710068,Quebec,0.3337,-0.32433,0.52532,1.11232,0.41175,5,Dimension 4,24710068
24710069,Quebec,-0.36093,-0.54945,-0.66884,-0.18051,-0.43993,2,Dimension 4,24710069
24710070,Quebec,-0.15772,0.81657,-0.76595,0.16756,0.01512,3,Dimension 2,24710070
24710072,Quebec,-0.25008,-0.07215,0.30099,-0.72116,-0.1856,3,Dimension 3,24710072
24710073,Quebec,-0.49045,-0.78592,-0.61801,-0.20406,-0.52461,1,Dimension 4,24710073
24710074,Quebec,-0.7679,-0.31212,-0.43735,-0.64411,-0.54037,1,Dimension 2,24710074
24710075,Quebec,-0.66874,-0.61505,-0.24546,-0.22188,-0.43778,2,Dimension 4,24710075
24710076,Quebec,-0.13383,0.15558,0.23391,-0.50221,-0.06164,3,Dimension 3,24710076
24710077,Quebec,-0.43368,-0.26496,-0.33753,-0.05699,-0.27329,2,Dimension 4,24710077
24710079,Quebec,-0.5348,-1.55167,-0.78583,-0.31997,-0.79807,1,Dimension 4,24710079
24710080,Quebec,-0.70823,-0.92821,-0.77262,-0.82914,-0.80955,1,Dimension 1,24710080
24710081,Quebec,-0.44868,-1.24015,-0.38886,0.39266,-0.42126,2,Dimension 4,24710081
24710082,Quebec,-0.91691,-0.61898,-0.53722,0.4024,-0.41768,2,Dimension 4,24710082
24710083,Quebec,-0.86524,-0.14209,-0.56108,-0.16125,-0.43241,2,Dimension 2,24710083
24710084,Quebec,-0.09312,-0.32564,-0.91177,0.00788,-0.33066,2,Dimension 4,24710084
24710085,Quebec,-0.10957,0.03271,0.09431,1.15038,0.29196,4,Dimension 4,24710085
24710086,Quebec,-0.31995,0.13625,-0.21499,-0.3611,-0.18995,3,Dimension 2,24710086
24710088,Quebec,-0.13691,-0.09517,0.12307,0.43607,0.08176,4,Dimension 4,24710088
24710089,Quebec,-0.4494,-0.6673,0.27744,0.7411,-0.02454,3,Dimension 4,24710089
24710095,Quebec,-0.41107,-0.84345,-0.49372,0.61613,-0.28303,2,Dimension 4,24710095
24710136,Quebec,-0.43679,0.90341,-0.95706,-0.64622,-0.28417,2,Dimension 2,24710136
24710137,Quebec,-0.47854,-0.15619,0.22265,0.19543,-0.05416,3,Dimension 3,24710137
24710138,Quebec,-0.65482,0.26421,-0.07875,0.09351,-0.09396,3,Dimension 2,24710138
24710139,Quebec,-0.76702,-0.66446,-0.39205,0.0863,-0.43431,2,Dimension 4,24710139
24710140,Quebec,-0.21887,1.62878,-0.11955,-0.15381,0.28414,4,Dimension 2,24710140
24710141,Quebec,-0.13287,0.74162,-0.34171,0.53174,0.1997,4,Dimension 2,24710141
24710142,Quebec,-0.4368,0.59028,0.09194,0.1799,0.10633,4,Dimension 2,24710142
24710143,Quebec,-0.75579,-0.63781,-0.565,-0.18292,-0.53538,1,Dimension 4,24710143
24710144,Quebec,-0.61463,-0.62329,-0.62009,-0.2303,-0.52208,1,Dimension 4,24710144
24710145,Quebec,-0.38024,-0.54041,-0.85168,0.00317,-0.44229,2,Dimension 4,24710145
24710146,Quebec,-0.2957,0.97702,-1.43262,-0.11632,-0.2169,2,Dimension 2,24710146
24710147,Quebec,-0.30375,-0.50386,-1.05399,-0.53173,-0.59833,1,Dimension 1,24710147
24710148,Quebec,-0.40856,-0.13634,-0.92467,-0.2452,-0.42869,2,Dimension 2,24710148
24710149,Quebec,-0.39038,-0.30143,-0.43301,-0.5946,-0.42986,2,Dimension 2,24710149
24710150,Quebec,-0.39182,0.43501,-0.73705,0.37603,-0.07946,3,Dimension 2,24710150
24710151,Quebec,-0.20259,1.7609,-1.08531,0.09161,0.14115,4,Dimension 2,24710151
24710152,Quebec,-0.52264,0.05954,-1.0137,-0.29203,-0.44221,2,Dimension 2,24710152
24710153,Quebec,-0.46251,-1.07639,-0.62768,-0.32523,-0.62295,1,Dimension 4,24710153
24710154,Quebec,-0.32302,-0.52571,-0.91652,0.33174,-0.35837,2,Dimension 4,24710154
24710155,Quebec,-0.41136,-0.0206,-0.78808,-0.80778,-0.50696,1,Dimension 2,24710155
24710156,Quebec,-0.09465,-1.4212,-0.95365,-0.41388,-0.72084,1,Dimension 1,24710156
24710157,Quebec,-0.27521,-0.58861,-0.75265,-0.40452,-0.50525,1,Dimension 1,24710157
24710158,Quebec,-0.16889,-0.30582,-0.8229,-0.22022,-0.37946,2,Dimension 1,24710158
24710159,Quebec,-0.45185,-0.30408,0.15035,0.0832,-0.13059,3,Dimension 3,24710159
24710160,Quebec,-0.62167,-1.40064,-0.69939,-0.25032,-0.743,1,Dimension 4,24710160
24710161,Quebec,0.17941,-1.53851,-0.74931,0.99441,-0.2785,2,Dimension 4,24710161
24710162,Quebec,-0.7115,-0.74006,-1.09407,0.51241,-0.5083,1,Dimension 4,24710162
24710163,Quebec,-0.63376,-0.55594,-1.10364,0.44202,-0.46283,1,Dimension 4,24710163
24710164,Quebec,-0.98403,-0.91641,-0.99286,-0.28311,-0.7941,1,Dimension 4,24710164
24710165,Quebec,-0.52767,-0.49066,-0.51341,-0.06186,-0.3984,2,Dimension 4,24710165
24710166,Quebec,-0.70139,-1.21469,-1.10522,-0.5601,-0.89535,1,Dimension 4,24710166
24710167,Quebec,-0.67081,-0.61853,-0.67787,-0.55242,-0.62991,1,Dimension 4,24710167
24710168,Quebec,-0.59557,-0.11739,-0.8658,-0.67886,-0.5644,1,Dimension 2,24710168
24710169,Quebec,-0.63151,-1.33321,-0.98281,-0.9724,-0.97998,1,Dimension 1,24710169
24710170,Quebec,-0.74443,-0.8524,-0.59004,-0.45428,-0.66029,1,Dimension 4,24710170
24710171,Quebec,-0.65677,-1.13355,-1.08258,-0.15179,-0.75617,1,Dimension 4,24710171
24710172,Quebec,-0.78321,-1.0735,-0.69972,-0.3161,-0.71813,1,Dimension 4,24710172
24710173,Quebec,-0.67461,-0.57866,-1.08293,-0.02187,-0.58951,1,Dimension 4,24710173
24710174,Quebec,-0.72452,-0.41861,-0.08612,-0.54804,-0.44432,2,Dimension 3,24710174
24710175,Quebec,-0.54748,-0.42042,0.01697,0.41023,-0.13517,3,Dimension 4,24710175
24710176,Quebec,-0.79452,-0.82543,-0.0778,0.11626,-0.39537,2,Dimension 4,24710176
24710177,Quebec,-0.68993,-0.50876,-0.11834,0.00308,-0.32849,2,Dimension 4,24710177
24710178,Quebec,-0.55423,0.14615,-0.28051,0.00712,-0.17037,3,Dimension 2,24710178
24710179,Quebec,-0.58062,-0.78572,-0.36246,0.70746,-0.25534,2,Dimension 4,24710179
24710180,Quebec,-0.71671,-0.28886,-0.48627,0.1682,-0.33091,2,Dimension 4,24710180
24710181,Quebec,-0.70568,0.95178,-0.59507,-0.27106,-0.15501,3,Dimension 2,24710181
24710182,Quebec,-0.54995,0.03505,-0.86043,-0.24381,-0.40479,2,Dimension 2,24710182
24710183,Quebec,-0.97315,-0.62817,-0.60468,-0.71518,-0.7303,1,Dimension 3,24710183
24710184,Quebec,-0.89044,-0.20748,-0.61432,-0.75518,-0.61686,1,Dimension 2,24710184
24710185,Quebec,-0.89614,-0.93646,-0.80622,0.01103,-0.65695,1,Dimension 4,24710185
24710186,Quebec,-0.79201,0.10172,-0.27527,0.18579,-0.19494,3,Dimension 4,24710186
24710187,Quebec,-0.41932,0.58896,-0.40633,-0.3106,-0.13682,3,Dimension 2,24710187
24710188,Quebec,-0.85228,-0.41864,-0.71441,0.05209,-0.48331,1,Dimension 4,24710188
24710189,Quebec,-0.55095,0.61837,-0.87461,0.06545,-0.18544,3,Dimension 2,24710189
24710190,Quebec,-0.72781,-0.78145,-0.65727,0.2354,-0.48279,1,Dimension 4,24710190
24710191,Quebec,-0.63045,0.10473,-0.3329,0.00283,-0.21395,2,Dimension 2,24710191
24710192,Quebec,-0.53673,-0.63747,-0.13974,0.5965,-0.17936,3,Dimension 4,24710192
24710193,Quebec,-0.88892,-0.49722,-0.30466,0.1276,-0.3908,2,Dimension 4,24710193
24710194,Quebec,-0.56398,0.12628,0.14823,-0.41087,-0.17508,3,Dimension 3,24710194
24710195,Quebec,-0.74717,-0.01228,-0.24354,-0.11202,-0.27875,2,Dimension 2,24710195
24710196,Quebec,-0.77711,-1.01589,-0.16498,0.07371,-0.47107,1,Dimension 4,24710196
24710197,Quebec,-0.80171,-0.43549,0.21456,0.22688,-0.19894,3,Dimension 4,24710197
24710198,Quebec,-0.70314,-0.17815,-0.62505,0.0403,-0.36651,2,Dimension 4,24710198
24710199,Quebec,-0.8252,-0.78757,-0.20098,0.80822,-0.25138,2,Dimension 4,24710199
24710200,Quebec,-0.64258,-0.61279,0.25979,0.20909,-0.19663,3,Dimension 3,24710200
24710201,Quebec,-0.74126,-0.30395,0.06245,1.28552,0.07569,4,Dimension 4,24710201
24710202,Quebec,-0.33899,0.1218,0.29101,0.10124,0.04377,3,Dimension 3,24710202
24710203,Quebec,-0.71413,-0.61277,-0.10639,-0.16453,-0.39945,2,Dimension 3,24710203
24710204,Quebec,-0.56354,-0.82051,-0.08669,0.24791,-0.30571,2,Dimension 4,24710204
24710205,Quebec,-0.55279,-0.86545,-0.17304,-0.13277,-0.43101,2,Dimension 4,24710205
24710206,Quebec,-0.79161,-0.62201,-0.31939,-0.20222,-0.48381,1,Dimension 4,24710206
24710207,Quebec,-0.64966,-0.74323,-0.29563,-0.20454,-0.47327,1,Dimension 4,24710207
24710210,Quebec,-0.57844,-0.85961,-0.46474,-0.01292,-0.47893,1,Dimension 4,24710210
24710211,Quebec,-0.63491,-0.63465,-0.87119,-0.35478,-0.62388,1,Dimension 4,24710211
24710212,Quebec,-0.50422,-0.90445,-0.92023,-0.58019,-0.72727,1,Dimension 1,24710212
24710213,Quebec,-0.43547,-0.56023,-0.82902,-0.51399,-0.58467,1,Dimension 1,24710213
24710214,Quebec,-0.54506,-1.38422,-0.98022,-1.09759,-1.00177,1,Dimension 1,24710214
24710215,Quebec,-0.77685,-1.23479,-1.15686,-1.29689,-1.11635,1,Dimension 1,24710215
24710216,Quebec,-0.80095,-0.9872,-0.15044,1.37066,-0.14198,3,Dimension 4,24710216
24710217,Quebec,-0.88261,-0.96214,-0.44616,0.57531,-0.4289,2,Dimension 4,24710217
24710218,Quebec,-0.85852,-1.26368,-0.84828,-0.59157,-0.89051,1,Dimension 4,24710218
24710219,Quebec,-0.88707,-1.14886,-0.84556,-0.24863,-0.78253,1,Dimension 4,24710219
24710220,Quebec,-0.61454,-1.31388,-0.47567,-0.3322,-0.68407,1,Dimension 4,24710220
24710221,Quebec,0.13512,-0.50817,0.53535,-1.32886,-0.29164,2,Dimension 3,24710221
24710222,Quebec,-0.60676,-0.40875,-0.46649,-0.51071,-0.49818,1,Dimension 2,24710222
24710223,Quebec,-0.70727,-0.62212,0.17447,0.31838,-0.20914,2,Dimension 4,24710223
24710224,Quebec,-0.65644,-0.89831,-0.76778,-0.11882,-0.61034,1,Dimension 4,24710224
24710225,Quebec,-0.9052,-0.90999,-0.14961,0.18193,-0.44572,2,Dimension 4,24710225
24710226,Quebec,-1.07487,-0.46147,-0.153,0.2856,-0.35093,2,Dimension 4,24710226
24710227,Quebec,-0.55372,-1.14425,-0.57316,-0.07308,-0.58605,1,Dimension 4,24710227
24710228,Quebec,-0.66238,0.01343,-0.59146,-0.45989,-0.42508,2,Dimension 2,24710228
24710229,Quebec,-0.76447,-1.50337,-0.75266,0.25852,-0.69049,1,Dimension 4,24710229
24710230,Quebec,-0.58925,0.20371,-0.52897,-0.29844,-0.30324,2,Dimension 2,24710230
24710231,Quebec,-0.06853,-1.01648,-0.46563,-0.56211,-0.52819,1,Dimension 1,24710231
24710232,Quebec,0.1382,-1.16278,-0.81788,-0.6189,-0.61534,1,Dimension 1,24710232
24710233,Quebec,0.17238,0.04025,-1.16561,-1.71076,-0.66594,1,Dimension 1,24710233
24710234,Quebec,-0.6401,-0.57723,-0.65508,-0.52789,-0.60007,1,Dimension 4,24710234
24710235,Quebec,-0.86606,-1.27942,-0.80147,-0.44646,-0.84835,1,Dimension 4,24710235
24710236,Quebec,-0.71651,-1.24445,-0.97779,-0.46772,-0.85162,1,Dimension 4,24710236
24710237,Quebec,-0.35354,-0.97461,-0.86758,-0.07706,-0.5682,1,Dimension 4,24710237
24710238,Quebec,-0.76749,-0.85086,-0.66494,-0.17688,-0.61504,1,Dimension 4,24710238
24710239,Quebec,-0.86984,-0.83631,-0.9214,-0.10203,-0.68239,1,Dimension 4,24710239
24710240,Quebec,-0.62947,-0.4789,-0.37835,-0.62968,-0.5291,1,Dimension 3,24710240
24710241,Quebec,-0.49687,-1.7912,-1.08409,-1.08334,-1.11387,1,Dimension 1,24710241
24710242,Quebec,-0.57531,-0.76001,-1.03116,-0.0099,-0.59409,1,Dimension 4,24710242
24710243,Quebec,-0.45204,-0.76245,-0.88993,-0.29272,-0.59929,1,Dimension 4,24710243
24710244,Quebec,-0.35955,-0.93386,-0.52094,-0.0141,-0.45711,1,Dimension 4,24710244
24710245,Quebec,-0.12231,-0.80033,-0.92555,-1.3052,-0.78835,1,Dimension 1,24710245
24710246,Quebec,-0.7984,-0.45726,-0.84814,-0.24197,-0.58644,1,Dimension 4,24710246
24710247,Quebec,-0.4121,-0.19782,-0.98263,-0.54941,-0.53549,1,Dimension 2,24710247
24710248,Quebec,0.3186,-1.17135,-0.5517,-0.5683,-0.49319,1,Dimension 1,24710248
24710249,Quebec,-0.4789,-0.93583,-0.79293,-0.51662,-0.68107,1,Dimension 1,24710249
24710250,Quebec,-0.13112,-0.11966,-1.21756,-0.25856,-0.43172,2,Dimension 2,24710250
24710251,Quebec,-0.80631,-0.57539,-0.52106,-0.50834,-0.60278,1,Dimension 4,24710251
24710252,Quebec,-0.24355,-0.91998,-0.46426,-0.37138,-0.49979,1,Dimension 1,24710252
24710253,Quebec,-0.48112,-1.15436,-1.12673,-0.60065,-0.84072,1,Dimension 1,24710253
24710254,Quebec,-0.17877,-0.6706,-0.96693,0.13446,-0.42046,2,Dimension 4,24710254
24710255,Quebec,-0.12675,-0.93293,-0.60195,-0.32895,-0.49764,1,Dimension 1,24710255
24710256,Quebec,-0.10916,-0.46851,-0.54059,1.20485,0.02165,3,Dimension 4,24710256
24710257,Quebec,0.12463,0.396,-0.77923,0.8067,0.13702,4,Dimension 4,24710257
24710258,Quebec,-0.69653,-0.24815,-1.11068,-0.09442,-0.53745,1,Dimension 4,24710258
24710260,Quebec,-0.50337,-0.45235,-0.71831,-0.06534,-0.43484,2,Dimension 4,24710260
24710261,Quebec,0.36009,2.91111,-1.24647,0.85029,0.71876,5,Dimension 2,24710261
24710262,Quebec,0.13835,-1.19988,-1.12757,0.43777,-0.43783,2,Dimension 4,24710262
24710263,Quebec,0.22075,0.35054,-1.03654,0.1946,-0.06766,3,Dimension 2,24710263
24710264,Quebec,0.64024,-1.35593,-0.41807,-0.08182,-0.3039,2,Dimension 1,24710264
24710265,Quebec,0.39504,-1.1075,-0.758,-0.37001,-0.46012,1,Dimension 1,24710265
24710266,Quebec,0.52755,-1.46241,0.0685,-0.31422,-0.29515,2,Dimension 1,24710266
24710267,Quebec,0.07261,-1.43781,-0.6704,-0.41829,-0.61347,1,Dimension 1,24710267
24710268,Quebec,-0.50282,-1.18911,-1.09036,-0.3807,-0.79075,1,Dimension 4,24710268
24710269,Quebec,0.02013,-1.32967,-0.55083,-0.77638,-0.65919,1,Dimension 1,24710269
24710270,Quebec,0.10863,-1.52587,-0.44007,-0.28011,-0.53436,1,Dimension 1,24710270
24710271,Quebec,0.57257,-1.92429,-0.27099,0.54196,-0.27019,2,Dimension 1,24710271
24710272,Quebec,0.57944,-1.87668,-0.50025,0.57983,-0.30442,2,Dimension 4,24710272
24710273,Quebec,0.71934,-1.26509,-0.34656,-0.28837,-0.29517,2,Dimension 1,24710273
24710274,Quebec,0.06322,-1.35394,-0.74339,0.31017,-0.43099,2,Dimension 4,24710274
24710275,Quebec,-0.08109,-1.7199,-0.61907,0.20604,-0.55351,1,Dimension 4,24710275
24710276,Quebec,-0.13479,-1.59039,-0.60457,0.23373,-0.52401,1,Dimension 4,24710276
24710277,Quebec,-0.48619,-0.02538,-0.25997,-0.40657,-0.29453,2,Dimension 2,24710277
