service_id,service_name,service_category,address,latitude,longitude,phone,website,language,source_name,source_url,last_checked_date
CTR_a844b4eb,Biodôme de Montréal,Library & Culture,"4777, avenue Pierre-De-Coubertin",45.559602,-73.54971,,,,Ville de Montreal Open Data,https://donnees.montreal.ca,2026-06-26
CTR_ccb3e723,Grande Bibliothèque - Bibliothèque et Archives nationales du Québec,Library & Culture,"475, boulevard De Maisonneuve Est",45.515455,-73.562313,,,,Ville de Montreal Open Data,https://donnees.montreal.ca,2026-06-26
CTR_0a899f71,Bibliothèque d'Ahuntsic,Library & Culture,"10300, rue Lajeunesse",45.553921,-73.663774,,,,Ville de Montreal Open Data,https://donnees.montreal.ca,2026-06-26
CTR_7279e6c6,Bibliothèque de Belleville,Library & Culture,"10400, avenue de Belleville",45.581949,-73.642196,,,,Ville de Montreal Open Data,https://donnees.montreal.ca,2026-06-26
CTR_2abe1d3f,Bibliothèque Benny,Library & Culture,"6400, avenue de Monkland ",45.465327,-73.627692,,,,Ville de Montreal Open Data,https://donnees.montreal.ca,2026-06-26
CTR_e28f0f32,Bibliothèque du Boisé,Library & Culture,"2727, boulevard Thimens",45.502848,-73.70572,,,,Ville de Montreal Open Data,https://donnees.montreal.ca,2026-06-26
CTR_900d5e2e,Bibliothèque de Cartierville,Library & Culture,"5900, rue De Salaberry",45.527111,-73.712992,,,,Ville de Montreal Open Data,https://donnees.montreal.ca,2026-06-26
CTR_2d73e7bc,Bibliothèque Yves-Ryan,Library & Culture,"4740, rue de Charleroi",45.596511,-73.631417,,,,Ville de Montreal Open Data,https://donnees.montreal.ca,2026-06-26
CTR_dfafaa74,Bibliothèque de Côte-des-Neiges,Library & Culture,"5290, chemin de la Côte-des-Neiges",45.496062,-73.622118,,,,Ville de Montreal Open Data,https://donnees.montreal.ca,2026-06-26
CTR_f58dabcb,Bibliothèque de la Maison culturelle et communautaire de Montréal-Nord,Library & Culture,"12002, boulevard Rolland",45.616304,-73.620673,,,,Ville de Montreal Open Data,https://donnees.montreal.ca,2026-06-26
CTR_d5ce1961,Bibliothèque Frontenac,Library & Culture,"2550, rue Ontario",45.533018,-73.552613,,,,Ville de Montreal Open Data,https://donnees.montreal.ca,2026-06-26
CTR_21b85c76,Bibliothèque Georges-Vanier,Library & Culture,"2450, rue Workman (angle Vinet)",45.483521,-73.575133,,,,Ville de Montreal Open Data,https://donnees.montreal.ca,2026-06-26
CTR_5490f02b,Bibliothèque du Haut-Anjou,Library & Culture,"7070, rue Jarry Est",45.601289,-73.575989,,,,Ville de Montreal Open Data,https://donnees.montreal.ca,2026-06-26
CTR_00895560,Bibliothèque Henri-Bourassa,Library & Culture,"5400, boulevard Henri-Bourassa Est",45.604671,-73.625197,,,,Ville de Montreal Open Data,https://donnees.montreal.ca,2026-06-26
CTR_bfaa22ea,Bibliothèque d'Hochelaga,Library & Culture,"1870, rue Davidson",45.54279,-73.545518,,,,Ville de Montreal Open Data,https://donnees.montreal.ca,2026-06-26
CTR_b0eff495,Bibliothèque de l’Île des Sœurs,Library & Culture,"260, rue Elgar",45.457141,-73.546657,,,,Ville de Montreal Open Data,https://donnees.montreal.ca,2026-06-26
CTR_0b77e8fd,Bibliothèque de L'Île-Bizard,Library & Culture,"500, montée de l'Église",45.489477,-73.882546,,,,Ville de Montreal Open Data,https://donnees.montreal.ca,2026-06-26
CTR_4e55ac66,Bibliothèque interculturelle,Library & Culture,"6767, chemin de la Côte-des-Neiges",45.503243,-73.636904,,,,Ville de Montreal Open Data,https://donnees.montreal.ca,2026-06-26
CTR_2a480768,Bibliothèque Jean-Corbeil,Library & Culture,"7500, avenue Goncourt",45.602958,-73.558404,,,,Ville de Montreal Open Data,https://donnees.montreal.ca,2026-06-26
CTR_6d184519,Bibliothèque de La Petite-Patrie,Library & Culture,"6707, avenue De Lorimier",45.547385,-73.598256,,,,Ville de Montreal Open Data,https://donnees.montreal.ca,2026-06-26
CTR_abec8a40,Bibliothèque Langelier,Library & Culture,"6473, rue Sherbrooke Est",45.581715,-73.544069,,,,Ville de Montreal Open Data,https://donnees.montreal.ca,2026-06-26
CTR_e20dcf03,Bibliothèque Le Prévost,Library & Culture,"7355, avenue Christophe-Colomb",45.543887,-73.614577,,,,Ville de Montreal Open Data,https://donnees.montreal.ca,2026-06-26
CTR_ab154440,Bibliothèque Maisonneuve,Library & Culture,"4120, rue Ontario Est",45.551056,-73.540722,,,,Ville de Montreal Open Data,https://donnees.montreal.ca,2026-06-26
CTR_be7637b4,Bibliothèque Marc-Favreau,Library & Culture,"500, boulevard Rosemont",45.531743,-73.59781,,,,Ville de Montreal Open Data,https://donnees.montreal.ca,2026-06-26
CTR_6ed5b0a0,Bibliothèque Marie-Uguay,Library & Culture,"6052, boulevard Monk",45.457717,-73.595553,,,,Ville de Montreal Open Data,https://donnees.montreal.ca,2026-06-26
CTR_902c123b,Bibliothèque de Mercier,Library & Culture,"8105, rue Hochelaga",45.595737,-73.523345,,,,Ville de Montreal Open Data,https://donnees.montreal.ca,2026-06-26
CTR_12904e15,Bibliothèque Mordecai-Richler,Library & Culture,"5434, avenue du Parc",45.521905,-73.601569,,,,Ville de Montreal Open Data,https://donnees.montreal.ca,2026-06-26
CTR_0db155a8,Bibliothèque de Notre-Dame-de-Grâce,Library & Culture,"3755, rue Botrel",45.47551,-73.614579,,,,Ville de Montreal Open Data,https://donnees.montreal.ca,2026-06-26
CTR_0605eb57,Bibliothèque L'Octogone,Library & Culture,"1080, avenue Dollard",45.42434,-73.623449,,,,Ville de Montreal Open Data,https://donnees.montreal.ca,2026-06-26
CTR_9cda8e7a,Bibliothèque de Parc-Extension,Library & Culture,"421, rue Saint-Roch",45.531174,-73.628497,,,,Ville de Montreal Open Data,https://donnees.montreal.ca,2026-06-26
CTR_08ae3b01,Bibliothèque Père-Ambroise,Library & Culture,"2093, rue de la Visitation",45.522789,-73.56267,,,,Ville de Montreal Open Data,https://donnees.montreal.ca,2026-06-26
CTR_8d56a0a5,Bibliothèque de Pierrefonds,Library & Culture,"13555, boulevard Pierrefonds",45.495191,-73.847172,,,,Ville de Montreal Open Data,https://donnees.montreal.ca,2026-06-26
CTR_ae22877b,Bibliothèque du Plateau-Mont-Royal,Library & Culture,"465, avenue du Mont-Royal Est",45.524824,-73.582369,,,,Ville de Montreal Open Data,https://donnees.montreal.ca,2026-06-26
CTR_233fc915,Bibliothèque de Pointe-aux-Trembles,Library & Culture,"14001, rue Notre-Dame Est",45.667717,-73.494405,,,,Ville de Montreal Open Data,https://donnees.montreal.ca,2026-06-26
CTR_a5c1e3a3,Bibliothèque de Rivière-des-Prairies,Library & Culture,"9001, boulevard Perras",45.649636,-73.578818,,,,Ville de Montreal Open Data,https://donnees.montreal.ca,2026-06-26
CTR_956f7232,Bibliothèque Robert-Bourassa,Library & Culture,"41, avenue Saint-Just",45.517746,-73.608501,,,,Ville de Montreal Open Data,https://donnees.montreal.ca,2026-06-26
CTR_dc72294a,Bibliothèque de Rosemont,Library & Culture,"3131, boulevard Rosemont",45.551518,-73.582018,,,,Ville de Montreal Open Data,https://donnees.montreal.ca,2026-06-26
CTR_e4e90479,Bibliothèque de Roxboro,Library & Culture,"110, rue Cartier",45.504133,-73.813309,,,,Ville de Montreal Open Data,https://donnees.montreal.ca,2026-06-26
CTR_e5d3d478,Bibliothèque de Saint-Charles,Library & Culture,"2333, rue Mullins",45.47884,-73.564398,,,,Ville de Montreal Open Data,https://donnees.montreal.ca,2026-06-26
CTR_ffbc124a,Bibliothèque de Saint-Henri,Library & Culture,"4707, rue Notre-Dame Ouest",45.472677,-73.588888,,,,Ville de Montreal Open Data,https://donnees.montreal.ca,2026-06-26
CTR_04f7484d,Bibliothèque du Vieux-Saint-Laurent,Library & Culture,"1380, rue de l'Église",45.51269,-73.676562,,,,Ville de Montreal Open Data,https://donnees.montreal.ca,2026-06-26
CTR_40c50f99,Bibliothèque de Saint-Léonard,Library & Culture,"8420, boulevard Lacordaire",45.586646,-73.597192,,,,Ville de Montreal Open Data,https://donnees.montreal.ca,2026-06-26
CTR_7f79bc80,Bibliothèque de Saint-Michel,Library & Culture,"7601, rue François-Perrault",45.562238,-73.602391,,,,Ville de Montreal Open Data,https://donnees.montreal.ca,2026-06-26
CTR_c1468497,Bibliothèque de Saint-Pierre,Library & Culture,"183, rue des Érables",45.445771,-73.651088,,,,Ville de Montreal Open Data,https://donnees.montreal.ca,2026-06-26
CTR_a7df3c32,Bibliothèque De Salaberry,Library & Culture,"4170, rue de Salaberry",45.534708,-73.703999,,,,Ville de Montreal Open Data,https://donnees.montreal.ca,2026-06-26
CTR_8c4a89e1,Bibliothèque Saul-Bellow,Library & Culture,"800, rue Sherbrooke",45.444974,-73.670962,,,,Ville de Montreal Open Data,https://donnees.montreal.ca,2026-06-26
CTR_52ec3fff,Bibliothèque Jacqueline-De Repentigny ,Library & Culture,"5955, rue Bannantyne",45.448206,-73.577027,,,,Ville de Montreal Open Data,https://donnees.montreal.ca,2026-06-26
CTR_82832aaa,Cégep Marie-Victorin – Salle Désilets ,Library & Culture,"7000, rue Marie-Victorin",45.615838,-73.60955,,,,Ville de Montreal Open Data,https://donnees.montreal.ca,2026-06-26
CTR_71aadb63,Maison de la culture Rosemont—La Petite-Patrie,Library & Culture,"6707, avenue De Lorimier",45.547388,-73.598271,,,,Ville de Montreal Open Data,https://donnees.montreal.ca,2026-06-26
CTR_56187391,Maison Nivard-De Saint-Dizier,Library & Culture,"7244, boulevard LaSalle",45.437492,-73.583064,,,,Ville de Montreal Open Data,https://donnees.montreal.ca,2026-06-26
CTR_9b063609,Maison de la culture de Côte-des-Neiges,Library & Culture,"5290, chemin de la Côte-des-Neiges",45.496087,-73.622123,,,,Ville de Montreal Open Data,https://donnees.montreal.ca,2026-06-26
CTR_472e2ed5,Église Notre-Dame-des-Sept-Douleurs,Library & Culture,"4155, rue Wellington",45.462719,-73.567044,,,,Ville de Montreal Open Data,https://donnees.montreal.ca,2026-06-26
CTR_d98db6f2,Maison de la culture Ahuntsic-Cartierville,Library & Culture,"10300, rue Lajeunesse, 1er étage",45.553747,-73.663998,,,,Ville de Montreal Open Data,https://donnees.montreal.ca,2026-06-26
CTR_0f3cc759,Centre des loisirs de Saint-Laurent,Library & Culture,"1375, rue Grenet",45.51407,-73.691354,,,,Ville de Montreal Open Data,https://donnees.montreal.ca,2026-06-26
CTR_418714a4,Maison de la culture du Plateau-Mont-Royal,Library & Culture,"465, avenue du Mont-Royal Est",45.524824,-73.582369,,,,Ville de Montreal Open Data,https://donnees.montreal.ca,2026-06-26
CTR_b5c4bc8b,Maison de la culture de Notre-Dame-de-Grâce,Library & Culture,"3755, rue Botrel",45.47551,-73.614579,,,,Ville de Montreal Open Data,https://donnees.montreal.ca,2026-06-26
CTR_2b644db4,Auditorium Le Prévost,Library & Culture,"7355, avenue Christophe-Colomb",45.543887,-73.614577,,,,Ville de Montreal Open Data,https://donnees.montreal.ca,2026-06-26
CTR_2696641e,Centre communautaire de l'Est,Library & Culture,"9665, Gouin boulevard West",45.504882,-73.785883,,,,Ville de Montreal Open Data,https://donnees.montreal.ca,2026-06-26
CTR_ee4fb756,Centre communautaire Elgar,Library & Culture,"260, rue Elgar",45.457141,-73.546657,,,,Ville de Montreal Open Data,https://donnees.montreal.ca,2026-06-26
CTR_a44fa433,Centre culturel de Pierrefonds,Library & Culture,"13850, boulevard Gouin Ouest",45.496931,-73.849793,,,,Ville de Montreal Open Data,https://donnees.montreal.ca,2026-06-26
CTR_8753afde,Centre culturel de Verdun,Library & Culture,"5955, rue Bannantyne",45.448206,-73.577027,,,,Ville de Montreal Open Data,https://donnees.montreal.ca,2026-06-26
CTR_b5989e47,Centre culturel et communautaire Henri-Lemieux ,Library & Culture,"7644, rue Édouard",45.430985,-73.594433,,,,Ville de Montreal Open Data,https://donnees.montreal.ca,2026-06-26
CTR_313c34cf,Centre d'exposition Lethbridge de la bibliothèque du Boisé,Library & Culture,"2727, boulevard Thimens",45.502848,-73.70572,,,,Ville de Montreal Open Data,https://donnees.montreal.ca,2026-06-26
CTR_87c30d6b,Centre communautaire d’Anjou,Library & Culture,"7800, boulevard Métropolitain Est",45.606488,-73.564166,,,,Ville de Montreal Open Data,https://donnees.montreal.ca,2026-06-26
CTR_f79f4e81,Chapelle historique du Bon-Pasteur,Library & Culture,"100, rue Sherbrooke Est",45.513484,-73.56851,,,,Ville de Montreal Open Data,https://donnees.montreal.ca,2026-06-26
CTR_7dc8252e,Cinéma Beaubien,Library & Culture,"2396, rue Beaubien Est",45.548052,-73.592119,,,,Ville de Montreal Open Data,https://donnees.montreal.ca,2026-06-26
CTR_266334e7,Église évangélique arménienne,Library & Culture,"11455, rue Drouart",45.536341,-73.687368,,,,Ville de Montreal Open Data,https://donnees.montreal.ca,2026-06-26
CTR_e577e8eb,Église Jean XXIII,Library & Culture,"7101, avenue de l'Alsace",45.604411,-73.582198,,,,Ville de Montreal Open Data,https://donnees.montreal.ca,2026-06-26
CTR_60103485,Église Marie-Reine-de-la-Paix,Library & Culture,"11075, boulevard Gouin Ouest",45.510959,-73.814118,,,,Ville de Montreal Open Data,https://donnees.montreal.ca,2026-06-26
CTR_96b1ad03,Église Saint-René-Goupil,Library & Culture,"4251, rue du Parc-René-Goupil",45.577958,-73.61176,,,,Ville de Montreal Open Data,https://donnees.montreal.ca,2026-06-26
CTR_26dc5882,Église Saint-Joseph,Library & Culture,"10050, boulevard Gouin Est",45.663172,-73.562097,,,,Ville de Montreal Open Data,https://donnees.montreal.ca,2026-06-26
CTR_688f27e0,Église de la Visitation-de-la-Bienheureuse-Vierge-Marie,Library & Culture,"1847, boulevard Gouin Est",45.570398,-73.660394,,,,Ville de Montreal Open Data,https://donnees.montreal.ca,2026-06-26
CTR_e5ef864a,Église Saint-James the Apostle,Library & Culture,"1439, rue Sainte-Catherine Ouest",45.496527,-73.57641,,,,Ville de Montreal Open Data,https://donnees.montreal.ca,2026-06-26
CTR_58f7a91b,Galerie d'art d'Outremont,Library & Culture,"41, avenue Saint-Just",45.517746,-73.608501,,,,Ville de Montreal Open Data,https://donnees.montreal.ca,2026-06-26
CTR_ad53b0be,Galerie Port-Maurice,Library & Culture,"8420, boulevard Lacordaire",45.586646,-73.597192,,,,Ville de Montreal Open Data,https://donnees.montreal.ca,2026-06-26
CTR_a18d27c9,Galerie d'art Goncourt,Library & Culture,"75000, avenue Goncourt",45.601994,-73.550424,,,,Ville de Montreal Open Data,https://donnees.montreal.ca,2026-06-26
CTR_4371b6dc,Maison Antoine-Beaudry,Library & Culture,"14678, rue Notre-Dame Est",45.677074,-73.492544,,,,Ville de Montreal Open Data,https://donnees.montreal.ca,2026-06-26
CTR_c1b7e796,Maison Brignon-dit-Lapierre,Library & Culture,"4251, boulevard Gouin Est",45.599478,-73.643249,,,,Ville de Montreal Open Data,https://donnees.montreal.ca,2026-06-26
CTR_cce9fcfa,Maison culturelle et communautaire de Montréal-Nord,Library & Culture,"12004, boulevard Rolland",45.616395,-73.620826,,,,Ville de Montreal Open Data,https://donnees.montreal.ca,2026-06-26
CTR_004c958c,Maison de la culture Frontenac,Library & Culture,"2550, rue Ontario",45.533018,-73.552613,,,,Ville de Montreal Open Data,https://donnees.montreal.ca,2026-06-26
CTR_969a4b0d,Maison de la culture Maisonneuve,Library & Culture,"4200, rue Ontario Est",45.551129,-73.540674,,,,Ville de Montreal Open Data,https://donnees.montreal.ca,2026-06-26
CTR_02c272cc,Maison de la culture Marie-Uguay,Library & Culture,"6052, boulevard Monk",45.457717,-73.595553,,,,Ville de Montreal Open Data,https://donnees.montreal.ca,2026-06-26
CTR_44fde3d1,Maison de la culture Mercier,Library & Culture,"8105, rue Hochelaga",45.595469,-73.523622,,,,Ville de Montreal Open Data,https://donnees.montreal.ca,2026-06-26
CTR_4e4f96b0,Maison de la culture Pointe-aux-Trembles,Library & Culture,"14001, rue Notre-Dame Est",45.668146,-73.494549,,,,Ville de Montreal Open Data,https://donnees.montreal.ca,2026-06-26
CTR_b96c3bc0,Maison Pierre-Chartrand,Library & Culture,"8000, boulevard Gouin Est",45.642421,-73.598947,,,,Ville de Montreal Open Data,https://donnees.montreal.ca,2026-06-26
CTR_ac040afb,Pavillon de l'Entrepôt - Complexe culturel Guy-Descary,Library & Culture,"2901, boulevard Saint-Joseph",45.433546,-73.68992,,,,Ville de Montreal Open Data,https://donnees.montreal.ca,2026-06-26
CTR_e21c693c,Salle Jean-Eudes,Library & Culture,"3535, boulevard Rosemont",45.555336,-73.578694,,,,Ville de Montreal Open Data,https://donnees.montreal.ca,2026-06-26
CTR_4084f2de,Maison de la culture Villeray–Saint-Michel–Parc-Extension - Salle de diffusion Parc-Extension,Library & Culture,"421, rue Saint-Roch",45.531174,-73.628497,,,,Ville de Montreal Open Data,https://donnees.montreal.ca,2026-06-26
CTR_598068e5,Salle Pauline-Julien,Library & Culture,"15615, boulevard Gouin Ouest",45.48349,-73.869385,,,,Ville de Montreal Open Data,https://donnees.montreal.ca,2026-06-26
CTR_55da01c2,Salle d’activités - Saint-Léonard,Library & Culture,"8420, boulevard Lacordaire",45.586646,-73.597192,,,,Ville de Montreal Open Data,https://donnees.montreal.ca,2026-06-26
CTR_ba3cb973,Salle Émile-Legault,Library & Culture,"613, avenue Sainte-Croix",45.511694,-73.672502,,,,Ville de Montreal Open Data,https://donnees.montreal.ca,2026-06-26
CTR_ea99a7e2,Théâtre de Verdure,Library & Culture,Parc La Fontaine,45.496053,-73.553505,,,,Ville de Montreal Open Data,https://donnees.montreal.ca,2026-06-26
CTR_5112ec7d,Théâtre Mirella et Lino Saputo,Library & Culture,"8370, boulevard Lacordaire",45.585931,-73.595684,,,,Ville de Montreal Open Data,https://donnees.montreal.ca,2026-06-26
CTR_672f67d0,Théâtre Outremont,Library & Culture,"1248, avenue Bernard Ouest",45.520107,-73.608956,,,,Ville de Montreal Open Data,https://donnees.montreal.ca,2026-06-26
CTR_8640eb73,Centre d’histoire de Montréal,Library & Culture,"335, place D'Youville",45.501031,-73.555722,,,,Ville de Montreal Open Data,https://donnees.montreal.ca,2026-06-26
CTR_30c34383,Insectarium de Montréal,Library & Culture,"4581, rue Sherbrooke Est",45.560949,-73.557967,,,,Ville de Montreal Open Data,https://donnees.montreal.ca,2026-06-26
CTR_aeb416fa,Jardin botanique de Montréal,Library & Culture,"4101, rue Sherbrooke Est",45.558295,-73.558102,,,,Ville de Montreal Open Data,https://donnees.montreal.ca,2026-06-26
CTR_943ed6ae,Musée de Lachine,Library & Culture,"1, chemin du Musée",45.430985,-73.665976,,,,Ville de Montreal Open Data,https://donnees.montreal.ca,2026-06-26
CTR_cfcb18cc,Planétarium Rio Tinto Alcan,Library & Culture,"4801, Pierre-De-Coubertin avenue",45.56084,-73.550248,,,,Ville de Montreal Open Data,https://donnees.montreal.ca,2026-06-26
CTR_3b90c0eb,"Pointe-à-Callière, cité d'archéologie et d'histoire de Montréal",Library & Culture,"350, Place Royale",45.502568,-73.554059,,,,Ville de Montreal Open Data,https://donnees.montreal.ca,2026-06-26
CTR_b5396138,Aire de jeu 18 mois à 5 ans,Recreation & Sport,,45.515934,-73.575973,,,,Ville de Montreal Open Data,https://donnees.montreal.ca,2026-06-26
CTR_48dc4c4e,Aire de jeu 18 mois à 5 ans,Recreation & Sport,,45.512651,-73.571888,,,,Ville de Montreal Open Data,https://donnees.montreal.ca,2026-06-26
CTR_87abedda,Aire de jeu 18 mois à 5 ans,Recreation & Sport,,45.51085,-73.577977,,,,Ville de Montreal Open Data,https://donnees.montreal.ca,2026-06-26
CTR_2a16110a,Soccer à 11,Recreation & Sport,,45.508326,-73.704769,,,,Ville de Montreal Open Data,https://donnees.montreal.ca,2026-06-26
CTR_513320bd,Aire de jeu 18 mois à 5 ans,Recreation & Sport,,45.519415,-73.579458,,,,Ville de Montreal Open Data,https://donnees.montreal.ca,2026-06-26
CTR_82795351,Soccer à 4-5,Recreation & Sport,,45.663145,-73.551104,,,,Ville de Montreal Open Data,https://donnees.montreal.ca,2026-06-26
CTR_8153b058,Soccer à 4-5,Recreation & Sport,,45.663396,-73.551261,,,,Ville de Montreal Open Data,https://donnees.montreal.ca,2026-06-26
CTR_3da03637,Jeux d'eau,Recreation & Sport,,45.639038,-73.596637,,,,Ville de Montreal Open Data,https://donnees.montreal.ca,2026-06-26
CTR_e42083e1,Pastille - Basketball,Recreation & Sport,,45.649934,-73.499886,,,,Ville de Montreal Open Data,https://donnees.montreal.ca,2026-06-26
CTR_439875eb,Anneau / Rond de glace,Recreation & Sport,,45.650956,-73.501023,,,,Ville de Montreal Open Data,https://donnees.montreal.ca,2026-06-26
CTR_fb204836,Patinoire 4 saisons,Recreation & Sport,,45.644894,-73.588095,,,,Ville de Montreal Open Data,https://donnees.montreal.ca,2026-06-26
CTR_8e3fb9db,Aire de jeu 18 mois à 5 ans,Recreation & Sport,,45.702094,-73.478357,,,,Ville de Montreal Open Data,https://donnees.montreal.ca,2026-06-26
CTR_e9743e33,Fer / Galet,Recreation & Sport,,45.667161,-73.492482,,,,Ville de Montreal Open Data,https://donnees.montreal.ca,2026-06-26
CTR_bbf1832e,Soccer sous-terrain à 7,Recreation & Sport,,45.56844,-73.635978,,,,Ville de Montreal Open Data,https://donnees.montreal.ca,2026-06-26
CTR_90e46bf1,Soccer sous-terrain à 7,Recreation & Sport,,45.568211,-73.635426,,,,Ville de Montreal Open Data,https://donnees.montreal.ca,2026-06-26
CTR_ff210114,Soccer sous-terrain à 7,Recreation & Sport,,45.460323,-73.644766,,,,Ville de Montreal Open Data,https://donnees.montreal.ca,2026-06-26
CTR_52c59315,Jeux d'eau,Recreation & Sport,,45.662721,-73.562521,,,,Ville de Montreal Open Data,https://donnees.montreal.ca,2026-06-26
CTR_209c4ea8,Abri soleil,Recreation & Sport,,45.662817,-73.562583,,,,Ville de Montreal Open Data,https://donnees.montreal.ca,2026-06-26
CTR_0f7675ec,Aire de jeu 18 mois à 5 ans,Recreation & Sport,,45.599091,-73.637917,,,,Ville de Montreal Open Data,https://donnees.montreal.ca,2026-06-26
CTR_feae3b81,Jeux d'eau,Recreation & Sport,,45.646736,-73.575409,,,,Ville de Montreal Open Data,https://donnees.montreal.ca,2026-06-26
CTR_933fed61,Aire de jeu 18 mois à 5 ans,Recreation & Sport,,45.673834,-73.537513,,,,Ville de Montreal Open Data,https://donnees.montreal.ca,2026-06-26
CTR_d5443538,Aire d'entraînement pour adultes,Recreation & Sport,,45.470379,-73.587698,,,,Ville de Montreal Open Data,https://donnees.montreal.ca,2026-06-26
CTR_7b998f87,Aire de jeu  5 à 12 ans,Recreation & Sport,,45.571072,-73.654788,,,,Ville de Montreal Open Data,https://donnees.montreal.ca,2026-06-26
CTR_9afcf12b,Tennis,Recreation & Sport,,45.417285,-73.622607,,,,Ville de Montreal Open Data,https://donnees.montreal.ca,2026-06-26
CTR_e66522ff,Jeux d'eau,Recreation & Sport,,45.650096,-73.584583,,,,Ville de Montreal Open Data,https://donnees.montreal.ca,2026-06-26
CTR_960c5024,Aire d'entraînement pour adultes,Recreation & Sport,,45.6361,-73.491487,,,,Ville de Montreal Open Data,https://donnees.montreal.ca,2026-06-26
CTR_88235e0c,Aire d'exercice canin,Recreation & Sport,,45.635021,-73.574869,,,,Ville de Montreal Open Data,https://donnees.montreal.ca,2026-06-26
CTR_f4729bcf,Aire d'entraînement pour adultes,Recreation & Sport,,45.624722,-73.595778,,,,Ville de Montreal Open Data,https://donnees.montreal.ca,2026-06-26
CTR_c149dad3,Aire d'entraînement pour adultes,Recreation & Sport,,45.64726,-73.592975,,,,Ville de Montreal Open Data,https://donnees.montreal.ca,2026-06-26
CTR_e6928d1c,Belvédère,Recreation & Sport,,45.64749,-73.593011,,,,Ville de Montreal Open Data,https://donnees.montreal.ca,2026-06-26
CTR_64d2aebb,Plancher de danse,Recreation & Sport,,45.627032,-73.594406,,,,Ville de Montreal Open Data,https://donnees.montreal.ca,2026-06-26
CTR_fe240943,Aire d'entraînement pour adultes,Recreation & Sport,,45.66067,-73.571676,,,,Ville de Montreal Open Data,https://donnees.montreal.ca,2026-06-26
CTR_f117fe7e,Pétanque,Recreation & Sport,,45.589467,-73.607367,,,,Ville de Montreal Open Data,https://donnees.montreal.ca,2026-06-26
CTR_2414eb1e,Pétanque,Recreation & Sport,,45.449478,-73.595969,,,,Ville de Montreal Open Data,https://donnees.montreal.ca,2026-06-26
CTR_ba0b2fa4,Pétanque,Recreation & Sport,,45.534572,-73.55357,,,,Ville de Montreal Open Data,https://donnees.montreal.ca,2026-06-26
CTR_d12b06c9,Plancher de danse,Recreation & Sport,,45.640782,-73.500021,,,,Ville de Montreal Open Data,https://donnees.montreal.ca,2026-06-26
CTR_490b7b3c,Pétanque,Recreation & Sport,,45.454397,-73.604124,,,,Ville de Montreal Open Data,https://donnees.montreal.ca,2026-06-26
CTR_fdc07812,Soccer à 7,Recreation & Sport,,45.631461,-73.584686,,,,Ville de Montreal Open Data,https://donnees.montreal.ca,2026-06-26
CTR_dc05a555,Soccer à 4-5,Recreation & Sport,,45.631895,-73.583655,,,,Ville de Montreal Open Data,https://donnees.montreal.ca,2026-06-26
CTR_58b61929,Soccer à 4-5,Recreation & Sport,,45.683198,-73.494729,,,,Ville de Montreal Open Data,https://donnees.montreal.ca,2026-06-26
CTR_2f33c8f6,Soccer à 4-5,Recreation & Sport,,45.683252,-73.49506,,,,Ville de Montreal Open Data,https://donnees.montreal.ca,2026-06-26
CTR_cb033117,Patinoire sans bandes,Recreation & Sport,,45.679598,-73.504397,,,,Ville de Montreal Open Data,https://donnees.montreal.ca,2026-06-26
CTR_ba149fb0,Jeux d'eau,Recreation & Sport,,45.659588,-73.499889,,,,Ville de Montreal Open Data,https://donnees.montreal.ca,2026-06-26
CTR_3be7c440,Jeux d'eau,Recreation & Sport,,45.640577,-73.509277,,,,Ville de Montreal Open Data,https://donnees.montreal.ca,2026-06-26
CTR_2adac36b,Abri soleil,Recreation & Sport,,45.66074,-73.57122,,,,Ville de Montreal Open Data,https://donnees.montreal.ca,2026-06-26
CTR_998aa29c,Piste cyclable,Recreation & Sport,,45.495181,-73.888363,,,,Ville de Montreal Open Data,https://donnees.montreal.ca,2026-06-26
CTR_21f58733,Soccer sous-terrain à 7,Recreation & Sport,,45.529343,-73.70734,,,,Ville de Montreal Open Data,https://donnees.montreal.ca,2026-06-26
CTR_cdbd0c49,Soccer à 7,Recreation & Sport,,45.420403,-73.637036,,,,Ville de Montreal Open Data,https://donnees.montreal.ca,2026-06-26
CTR_e409a795,Pétanque,Recreation & Sport,,45.52684,-73.568968,,,,Ville de Montreal Open Data,https://donnees.montreal.ca,2026-06-26
CTR_4a7eff1d,Aire de glissade,Recreation & Sport,,45.50231,-73.723831,,,,Ville de Montreal Open Data,https://donnees.montreal.ca,2026-06-26
CTR_879377ef,Patinoire sans bandes,Recreation & Sport,,45.640235,-73.488109,,,,Ville de Montreal Open Data,https://donnees.montreal.ca,2026-06-26
CTR_7b5f2bbd,Aire de pique-nique,Recreation & Sport,,45.568132,-73.598558,,,,Ville de Montreal Open Data,https://donnees.montreal.ca,2026-06-26
CTR_33a66e50,Jeux d'eau,Recreation & Sport,,45.568104,-73.599101,,,,Ville de Montreal Open Data,https://donnees.montreal.ca,2026-06-26
CTR_42f8daa2,Aire de jeu 18 mois à 5 ans,Recreation & Sport,,45.568015,-73.598651,,,,Ville de Montreal Open Data,https://donnees.montreal.ca,2026-06-26
CTR_2834848b,Aire de pique-nique,Recreation & Sport,,45.567803,-73.598792,,,,Ville de Montreal Open Data,https://donnees.montreal.ca,2026-06-26
CTR_48dddf5c,Aire de pique-nique,Recreation & Sport,,45.55472,-73.597158,,,,Ville de Montreal Open Data,https://donnees.montreal.ca,2026-06-26
CTR_d119f417,Fer / Galet,Recreation & Sport,,45.603326,-73.583805,,,,Ville de Montreal Open Data,https://donnees.montreal.ca,2026-06-26
CTR_cae1fbe3,Aire de jeu 18 mois à 5 ans,Recreation & Sport,,45.456416,-73.577702,,,,Ville de Montreal Open Data,https://donnees.montreal.ca,2026-06-26
CTR_4aa344b6,Patinoire sans bandes,Recreation & Sport,,45.550508,-73.676544,,,,Ville de Montreal Open Data,https://donnees.montreal.ca,2026-06-26
CTR_e667693a,Aire d'entraînement pour adultes,Recreation & Sport,,45.568405,-73.59926,,,,Ville de Montreal Open Data,https://donnees.montreal.ca,2026-06-26
CTR_76f84c45,Soccer sous-terrain à 7,Recreation & Sport,,45.618599,-73.547255,,,,Ville de Montreal Open Data,https://donnees.montreal.ca,2026-06-26
CTR_2f06664b,Soccer sous-terrain à 7,Recreation & Sport,,45.505872,-73.717368,,,,Ville de Montreal Open Data,https://donnees.montreal.ca,2026-06-26
CTR_3121e390,Soccer sous-terrain à 7,Recreation & Sport,,45.532879,-73.589,,,,Ville de Montreal Open Data,https://donnees.montreal.ca,2026-06-26
CTR_2519c346,Soccer sous-terrain à 7,Recreation & Sport,,45.529018,-73.706824,,,,Ville de Montreal Open Data,https://donnees.montreal.ca,2026-06-26
CTR_2920209e,Soccer sous-terrain à 7,Recreation & Sport,,45.574976,-73.641126,,,,Ville de Montreal Open Data,https://donnees.montreal.ca,2026-06-26
CTR_ab67669c,Soccer sous-terrain à 7,Recreation & Sport,,45.533266,-73.588637,,,,Ville de Montreal Open Data,https://donnees.montreal.ca,2026-06-26
CTR_64e63e8a,Soccer sous-terrain à 7,Recreation & Sport,,45.548441,-73.656468,,,,Ville de Montreal Open Data,https://donnees.montreal.ca,2026-06-26
CTR_0dc5c976,Soccer sous-terrain à 7,Recreation & Sport,,45.548628,-73.657089,,,,Ville de Montreal Open Data,https://donnees.montreal.ca,2026-06-26
CTR_02474adc,Soccer sous-terrain à 7,Recreation & Sport,,45.536273,-73.70947,,,,Ville de Montreal Open Data,https://donnees.montreal.ca,2026-06-26
CTR_5199b558,Aire de jeu  5 à 12 ans,Recreation & Sport,,45.557533,-73.601303,,,,Ville de Montreal Open Data,https://donnees.montreal.ca,2026-06-26
CTR_671105e9,Soccer sous-terrain à 7,Recreation & Sport,,45.536007,-73.709038,,,,Ville de Montreal Open Data,https://donnees.montreal.ca,2026-06-26
CTR_46f30370,Soccer sous-terrain à 7,Recreation & Sport,,45.539651,-73.594102,,,,Ville de Montreal Open Data,https://donnees.montreal.ca,2026-06-26
CTR_a9fd9f1c,Soccer sous-terrain à 7,Recreation & Sport,,45.534339,-73.629758,,,,Ville de Montreal Open Data,https://donnees.montreal.ca,2026-06-26
CTR_9d953092,Soccer sous-terrain à 7,Recreation & Sport,,45.56378,-73.641079,,,,Ville de Montreal Open Data,https://donnees.montreal.ca,2026-06-26
CTR_f863fc1a,Soccer sous-terrain à 7,Recreation & Sport,,45.51648,-73.609481,,,,Ville de Montreal Open Data,https://donnees.montreal.ca,2026-06-26
CTR_40c16481,Soccer sous-terrain à 7,Recreation & Sport,,45.505703,-73.57999,,,,Ville de Montreal Open Data,https://donnees.montreal.ca,2026-06-26
CTR_06a06ccc,Soccer sous-terrain à 7,Recreation & Sport,,45.505991,-73.579669,,,,Ville de Montreal Open Data,https://donnees.montreal.ca,2026-06-26
CTR_efda3c4e,Soccer sous-terrain à 7,Recreation & Sport,,45.457634,-73.882683,,,,Ville de Montreal Open Data,https://donnees.montreal.ca,2026-06-26
CTR_cb525b83,Soccer sous-terrain à 7,Recreation & Sport,,45.487085,-73.884864,,,,Ville de Montreal Open Data,https://donnees.montreal.ca,2026-06-26
CTR_36a8b6e7,Soccer sous-terrain à 7,Recreation & Sport,,45.487368,-73.884357,,,,Ville de Montreal Open Data,https://donnees.montreal.ca,2026-06-26
CTR_85206ff4,Soccer sous-terrain à 7,Recreation & Sport,,45.48694,-73.882267,,,,Ville de Montreal Open Data,https://donnees.montreal.ca,2026-06-26
CTR_90be7763,Soccer sous-terrain à 7,Recreation & Sport,,45.465869,-73.651404,,,,Ville de Montreal Open Data,https://donnees.montreal.ca,2026-06-26
CTR_05c4348f,Soccer sous-terrain à 7,Recreation & Sport,,45.45543,-73.558091,,,,Ville de Montreal Open Data,https://donnees.montreal.ca,2026-06-26
CTR_720e0a9d,Soccer sous-terrain à 7,Recreation & Sport,,45.455983,-73.55708,,,,Ville de Montreal Open Data,https://donnees.montreal.ca,2026-06-26
CTR_95ce96ab,Soccer sous-terrain à 7,Recreation & Sport,,45.44749,-73.584612,,,,Ville de Montreal Open Data,https://donnees.montreal.ca,2026-06-26
CTR_37c31393,Soccer sous-terrain à 7,Recreation & Sport,,45.665878,-73.544409,,,,Ville de Montreal Open Data,https://donnees.montreal.ca,2026-06-26
CTR_c4000802,Soccer sous-terrain à 7,Recreation & Sport,,45.690234,-73.518169,,,,Ville de Montreal Open Data,https://donnees.montreal.ca,2026-06-26
CTR_cee84ca9,Soccer sous-terrain à 7,Recreation & Sport,,45.691046,-73.518067,,,,Ville de Montreal Open Data,https://donnees.montreal.ca,2026-06-26
CTR_7a9f54f7,Soccer sous-terrain à 7,Recreation & Sport,,45.691475,-73.518365,,,,Ville de Montreal Open Data,https://donnees.montreal.ca,2026-06-26
CTR_3045d0e9,Soccer sous-terrain à 7,Recreation & Sport,,45.615664,-73.622578,,,,Ville de Montreal Open Data,https://donnees.montreal.ca,2026-06-26
CTR_9c62501c,Soccer sous-terrain à 7,Recreation & Sport,,45.61591,-73.622106,,,,Ville de Montreal Open Data,https://donnees.montreal.ca,2026-06-26
CTR_a9d364ad,Soccer sous-terrain à 7,Recreation & Sport,,45.550502,-73.529627,,,,Ville de Montreal Open Data,https://donnees.montreal.ca,2026-06-26
CTR_5ed7fce5,Soccer sous-terrain à 7,Recreation & Sport,,45.550053,-73.529922,,,,Ville de Montreal Open Data,https://donnees.montreal.ca,2026-06-26
CTR_38c98bf7,Basketball,Recreation & Sport,,45.515794,-73.609146,,,,Ville de Montreal Open Data,https://donnees.montreal.ca,2026-06-26
CTR_c66b97f2,Soccer sous-terrain à 4-5,Recreation & Sport,,45.443756,-73.666104,,,,Ville de Montreal Open Data,https://donnees.montreal.ca,2026-06-26
CTR_fb900ea4,Soccer sous-terrain à 4-5,Recreation & Sport,,45.44388,-73.666494,,,,Ville de Montreal Open Data,https://donnees.montreal.ca,2026-06-26
CTR_31e364f2,Soccer sous-terrain à 4-5,Recreation & Sport,,45.602131,-73.556726,,,,Ville de Montreal Open Data,https://donnees.montreal.ca,2026-06-26
CTR_5aadaaef,Soccer sous-terrain à 7,Recreation & Sport,,45.517218,-73.676479,,,,Ville de Montreal Open Data,https://donnees.montreal.ca,2026-06-26
CTR_c90f0235,Soccer sous-terrain à 7,Recreation & Sport,,45.538836,-73.676933,,,,Ville de Montreal Open Data,https://donnees.montreal.ca,2026-06-26
CTR_5de47155,Soccer sous-terrain à 7,Recreation & Sport,,45.568449,-73.656899,,,,Ville de Montreal Open Data,https://donnees.montreal.ca,2026-06-26
CTR_824a89ee,Soccer sous-terrain à 7,Recreation & Sport,,45.553665,-73.634644,,,,Ville de Montreal Open Data,https://donnees.montreal.ca,2026-06-26
CTR_cda8ebcf,Soccer sous-terrain à 7,Recreation & Sport,,45.546657,-73.619813,,,,Ville de Montreal Open Data,https://donnees.montreal.ca,2026-06-26
CTR_693409cc,Soccer sous-terrain à 7,Recreation & Sport,,45.547077,-73.619435,,,,Ville de Montreal Open Data,https://donnees.montreal.ca,2026-06-26
CTR_ed167ae7,Soccer sous-terrain à 7,Recreation & Sport,,45.510434,-73.609077,,,,Ville de Montreal Open Data,https://donnees.montreal.ca,2026-06-26
CTR_36e0f359,Soccer sous-terrain à 7,Recreation & Sport,,45.486295,-73.882886,,,,Ville de Montreal Open Data,https://donnees.montreal.ca,2026-06-26
CTR_535cd416,Soccer sous-terrain à 7,Recreation & Sport,,45.485941,-73.882468,,,,Ville de Montreal Open Data,https://donnees.montreal.ca,2026-06-26
CTR_fb114a8c,Soccer sous-terrain à 7,Recreation & Sport,,45.491959,-73.622536,,,,Ville de Montreal Open Data,https://donnees.montreal.ca,2026-06-26
CTR_18e0ebaa,Soccer sous-terrain à 7,Recreation & Sport,,45.684743,-73.494277,,,,Ville de Montreal Open Data,https://donnees.montreal.ca,2026-06-26
CTR_18524d1a,Soccer sous-terrain à 7,Recreation & Sport,,45.652646,-73.578804,,,,Ville de Montreal Open Data,https://donnees.montreal.ca,2026-06-26
CTR_aa6db789,Soccer sous-terrain à 7,Recreation & Sport,,45.652284,-73.578417,,,,Ville de Montreal Open Data,https://donnees.montreal.ca,2026-06-26
CTR_cd1bb13a,Soccer sous-terrain à 7,Recreation & Sport,,45.585818,-73.599666,,,,Ville de Montreal Open Data,https://donnees.montreal.ca,2026-06-26
CTR_bc19c555,Ping-pong,Recreation & Sport,,45.568191,-73.59944,,,,Ville de Montreal Open Data,https://donnees.montreal.ca,2026-06-26
CTR_05c9f7d3,Soccer sous-terrain à 4-5,Recreation & Sport,,45.460901,-73.631678,,,,Ville de Montreal Open Data,https://donnees.montreal.ca,2026-06-26
CTR_d80aea49,Soccer sous-terrain à 4-5,Recreation & Sport,,45.460776,-73.631334,,,,Ville de Montreal Open Data,https://donnees.montreal.ca,2026-06-26
CTR_3383dc55,Soccer à 7,Recreation & Sport,,45.508108,-73.706861,,,,Ville de Montreal Open Data,https://donnees.montreal.ca,2026-06-26
CTR_75084811,Basketball,Recreation & Sport,,45.521179,-73.690544,,,,Ville de Montreal Open Data,https://donnees.montreal.ca,2026-06-26
CTR_f177ee3e,Jeux d'eau,Recreation & Sport,,45.501804,-73.702943,,,,Ville de Montreal Open Data,https://donnees.montreal.ca,2026-06-26
CTR_9ed2dcc2,Jeux d'eau,Recreation & Sport,,45.586891,-73.640186,,,,Ville de Montreal Open Data,https://donnees.montreal.ca,2026-06-26
CTR_3a96292a,Jeux d'eau,Recreation & Sport,,45.493215,-73.567354,,,,Ville de Montreal Open Data,https://donnees.montreal.ca,2026-06-26
CTR_d50282a2,Jeux d'eau,Recreation & Sport,,45.484342,-73.560212,,,,Ville de Montreal Open Data,https://donnees.montreal.ca,2026-06-26
CTR_b5071e44,Soccer à 4-5,Recreation & Sport,,45.591885,-73.591537,,,,Ville de Montreal Open Data,https://donnees.montreal.ca,2026-06-26
CTR_bba7cec1,Soccer à 4-5,Recreation & Sport,,45.591473,-73.591129,,,,Ville de Montreal Open Data,https://donnees.montreal.ca,2026-06-26
CTR_4fd05848,Soccer à 4-5,Recreation & Sport,,45.591771,-73.591261,,,,Ville de Montreal Open Data,https://donnees.montreal.ca,2026-06-26
CTR_58f7cc15,Aire de jeu 18 mois à 5 ans,Recreation & Sport,,45.507173,-73.732935,,,,Ville de Montreal Open Data,https://donnees.montreal.ca,2026-06-26
CTR_d97c2599,Aire de jeu  5 à 12 ans,Recreation & Sport,,45.507258,-73.733107,,,,Ville de Montreal Open Data,https://donnees.montreal.ca,2026-06-26
CTR_6f277b7f,Aire de jeu 18 mois à 5 ans,Recreation & Sport,,45.50997,-73.72724,,,,Ville de Montreal Open Data,https://donnees.montreal.ca,2026-06-26
CTR_2690ece7,Jeux d'eau,Recreation & Sport,,45.497031,-73.597537,,,,Ville de Montreal Open Data,https://donnees.montreal.ca,2026-06-26
CTR_e218d7c9,Grève / Plage,Recreation & Sport,,45.462577,-73.560246,,,,Ville de Montreal Open Data,https://donnees.montreal.ca,2026-06-26
CTR_a8b7099a,Quai,Recreation & Sport,,45.498929,-73.596566,,,,Ville de Montreal Open Data,https://donnees.montreal.ca,2026-06-26
CTR_4f6e3b4f,Piscine extérieure,Recreation & Sport,,45.463949,-73.561285,,,,Ville de Montreal Open Data,https://donnees.montreal.ca,2026-06-26
CTR_8f56b94c,Soccer à 11,Recreation & Sport,,45.569594,-73.642472,,,,Ville de Montreal Open Data,https://donnees.montreal.ca,2026-06-26
CTR_dbb77377,Aire de jeu 18 mois à 5 ans,Recreation & Sport,,45.552345,-73.560707,,,,Ville de Montreal Open Data,https://donnees.montreal.ca,2026-06-26
CTR_d88b41c4,Pétanque,Recreation & Sport,,45.484447,-73.559914,,,,Ville de Montreal Open Data,https://donnees.montreal.ca,2026-06-26
CTR_30163ea8,Soccer sous-terrain à 4-5,Recreation & Sport,,45.54123,-73.666592,,,,Ville de Montreal Open Data,https://donnees.montreal.ca,2026-06-26
CTR_84abcae5,Jeux d'eau,Recreation & Sport,,45.43868,-73.675767,,,,Ville de Montreal Open Data,https://donnees.montreal.ca,2026-06-26
CTR_5470218f,Sentier multifonctionnel,Recreation & Sport,,45.502774,-73.59175,,,,Ville de Montreal Open Data,https://donnees.montreal.ca,2026-06-26
CTR_da4b6798,Aire de jeu  5 à 12 ans,Recreation & Sport,,45.510018,-73.726894,,,,Ville de Montreal Open Data,https://donnees.montreal.ca,2026-06-26
CTR_53b0946d,Scène,Recreation & Sport,,45.497997,-73.596725,,,,Ville de Montreal Open Data,https://donnees.montreal.ca,2026-06-26
CTR_285c8824,Aire de jeu 18 mois à 5 ans,Recreation & Sport,,45.555139,-73.581999,,,,Ville de Montreal Open Data,https://donnees.montreal.ca,2026-06-26
CTR_4b4a319e,Aire de glissade,Recreation & Sport,,45.515382,-73.588879,,,,Ville de Montreal Open Data,https://donnees.montreal.ca,2026-06-26
CTR_0eb85780,Soccer sous-terrain à 7,Recreation & Sport,,45.504308,-73.631704,,,,Ville de Montreal Open Data,https://donnees.montreal.ca,2026-06-26
CTR_729a2be7,Belvédère,Recreation & Sport,,45.50737,-73.61036,,,,Ville de Montreal Open Data,https://donnees.montreal.ca,2026-06-26
CTR_a7c7c775,Belvédère,Recreation & Sport,,45.507962,-73.607847,,,,Ville de Montreal Open Data,https://donnees.montreal.ca,2026-06-26
CTR_bad0b153,Sentier multifonctionnel,Recreation & Sport,,45.513932,-73.585522,,,,Ville de Montreal Open Data,https://donnees.montreal.ca,2026-06-26
CTR_74bf455b,Soccer sous-terrain à 7,Recreation & Sport,,45.503962,-73.632029,,,,Ville de Montreal Open Data,https://donnees.montreal.ca,2026-06-26
CTR_c3bfc151,Aire de jeu  5 à 12 ans,Recreation & Sport,,45.660532,-73.51571,,,,Ville de Montreal Open Data,https://donnees.montreal.ca,2026-06-26
CTR_b115beed,Aire de jeu 18 mois à 5 ans,Recreation & Sport,,45.54403,-73.56682,,,,Ville de Montreal Open Data,https://donnees.montreal.ca,2026-06-26
CTR_331cb2b3,Aire de jeu 18 mois à 5 ans,Recreation & Sport,,45.48371,-73.620197,,,,Ville de Montreal Open Data,https://donnees.montreal.ca,2026-06-26
CTR_28db5cfe,Sentier multifonctionnel,Recreation & Sport,,45.560402,-73.632626,,,,Ville de Montreal Open Data,https://donnees.montreal.ca,2026-06-26
CTR_5a8cdd2d,Soccer à 7,Recreation & Sport,,45.503378,-73.63262,,,,Ville de Montreal Open Data,https://donnees.montreal.ca,2026-06-26
CTR_af405443,Grève / Plage,Recreation & Sport,,45.460307,-73.942861,,,,Ville de Montreal Open Data,https://donnees.montreal.ca,2026-06-26
CTR_588781d8,Canöe / Kayak,Recreation & Sport,,45.462743,-73.945828,,,,Ville de Montreal Open Data,https://donnees.montreal.ca,2026-06-26
CTR_0c518379,Belvédère,Recreation & Sport,,45.423117,-73.5957,,,,Ville de Montreal Open Data,https://donnees.montreal.ca,2026-06-26
CTR_1e31c9a7,Arboretum,Recreation & Sport,,45.428561,-73.679645,,,,Ville de Montreal Open Data,https://donnees.montreal.ca,2026-06-26
CTR_c0b4880a,Aire de pique-nique,Recreation & Sport,,45.428067,-73.676736,,,,Ville de Montreal Open Data,https://donnees.montreal.ca,2026-06-26
CTR_2eeddea6,Tennis,Recreation & Sport,,45.609809,-73.614875,,,,Ville de Montreal Open Data,https://donnees.montreal.ca,2026-06-26
CTR_434f248d,Jeux d'eau,Recreation & Sport,,45.607974,-73.639496,,,,Ville de Montreal Open Data,https://donnees.montreal.ca,2026-06-26
CTR_c1bbec35,Pétanque,Recreation & Sport,,45.61635,-73.631525,,,,Ville de Montreal Open Data,https://donnees.montreal.ca,2026-06-26
CTR_f1ca56e2,Aire de jeu 18 mois à 5 ans,Recreation & Sport,,45.447636,-73.654512,,,,Ville de Montreal Open Data,https://donnees.montreal.ca,2026-06-26
CTR_c85b69f1,Aire de jeu  5 à 12 ans,Recreation & Sport,,45.447672,-73.654801,,,,Ville de Montreal Open Data,https://donnees.montreal.ca,2026-06-26
CTR_6696d0d7,Piste cyclable,Recreation & Sport,,45.428293,-73.675958,,,,Ville de Montreal Open Data,https://donnees.montreal.ca,2026-06-26
CTR_566fa83e,Sentier de ski de fond,Recreation & Sport,,45.42834,-73.676413,,,,Ville de Montreal Open Data,https://donnees.montreal.ca,2026-06-26
CTR_83b6f5e4,Jeux d'eau,Recreation & Sport,,45.483613,-73.636274,,,,Ville de Montreal Open Data,https://donnees.montreal.ca,2026-06-26
CTR_7e29994c,Pataugeoire,Recreation & Sport,,45.615196,-73.623453,,,,Ville de Montreal Open Data,https://donnees.montreal.ca,2026-06-26
CTR_40ad0ba6,Aire de jeu combiné,Recreation & Sport,,45.504891,-73.782036,,,,Ville de Montreal Open Data,https://donnees.montreal.ca,2026-06-26
CTR_f054496a,Aire de jeu 18 mois à 5 ans,Recreation & Sport,,45.461154,-73.644813,,,,Ville de Montreal Open Data,https://donnees.montreal.ca,2026-06-26
CTR_a6e9f1f3,Soccer à 4-5,Recreation & Sport,,45.462334,-73.644703,,,,Ville de Montreal Open Data,https://donnees.montreal.ca,2026-06-26
CTR_929654f0,Soccer à 4-5,Recreation & Sport,,45.462636,-73.645519,,,,Ville de Montreal Open Data,https://donnees.montreal.ca,2026-06-26
CTR_1bc922f6,Soccer à 11,Recreation & Sport,,45.460424,-73.645037,,,,Ville de Montreal Open Data,https://donnees.montreal.ca,2026-06-26
CTR_d33d545b,Soccer à 4-5,Recreation & Sport,,45.507577,-73.705968,,,,Ville de Montreal Open Data,https://donnees.montreal.ca,2026-06-26
CTR_7ee63aaa,Soccer sous-terrain à 9,Recreation & Sport,,45.460559,-73.645244,,,,Ville de Montreal Open Data,https://donnees.montreal.ca,2026-06-26
CTR_30e43dbc,Soccer à 4-5,Recreation & Sport,,45.458226,-73.650021,,,,Ville de Montreal Open Data,https://donnees.montreal.ca,2026-06-26
CTR_99e955ad,Soccer à 4-5,Recreation & Sport,,45.458051,-73.649575,,,,Ville de Montreal Open Data,https://donnees.montreal.ca,2026-06-26
CTR_e4ce9c9c,Abri soleil,Recreation & Sport,,45.415827,-73.61529,,,,Ville de Montreal Open Data,https://donnees.montreal.ca,2026-06-26
CTR_65fe5e84,Soccer à 4-5,Recreation & Sport,,45.458139,-73.649799,,,,Ville de Montreal Open Data,https://donnees.montreal.ca,2026-06-26
CTR_8022ea89,Rugby / Soccer à 11,Recreation & Sport,,45.560015,-73.58049,,,,Ville de Montreal Open Data,https://donnees.montreal.ca,2026-06-26
CTR_d429e58d,Tennis,Recreation & Sport,,45.4741,-73.634803,,,,Ville de Montreal Open Data,https://donnees.montreal.ca,2026-06-26
CTR_8d28460c,Pastille - Basketball,Recreation & Sport,,45.49385,-73.636877,,,,Ville de Montreal Open Data,https://donnees.montreal.ca,2026-06-26
CTR_f2f437c8,Basketball,Recreation & Sport,,45.563102,-73.61667,,,,Ville de Montreal Open Data,https://donnees.montreal.ca,2026-06-26
CTR_e9613ca2,Soccer sous-terrain à 7,Recreation & Sport,,45.486587,-73.88187,,,,Ville de Montreal Open Data,https://donnees.montreal.ca,2026-06-26
CTR_507c31bb,Jeux d'eau,Recreation & Sport,,45.508831,-73.628409,,,,Ville de Montreal Open Data,https://donnees.montreal.ca,2026-06-26
CTR_ed77789e,Aire de pique-nique,Recreation & Sport,,45.50705,-73.628164,,,,Ville de Montreal Open Data,https://donnees.montreal.ca,2026-06-26
CTR_32cd67c9,Sentier pédestre,Recreation & Sport,,45.510045,-73.620465,,,,Ville de Montreal Open Data,https://donnees.montreal.ca,2026-06-26
CTR_5f2d368b,Volleyball de plage,Recreation & Sport,,45.504836,-73.631088,,,,Ville de Montreal Open Data,https://donnees.montreal.ca,2026-06-26
CTR_d3c875be,Basketball,Recreation & Sport,,45.505692,-73.631232,,,,Ville de Montreal Open Data,https://donnees.montreal.ca,2026-06-26
CTR_2089500f,Aire de pique-nique,Recreation & Sport,,45.505187,-73.631293,,,,Ville de Montreal Open Data,https://donnees.montreal.ca,2026-06-26
CTR_f6d78d1e,Volleyball de plage,Recreation & Sport,,45.489138,-73.633844,,,,Ville de Montreal Open Data,https://donnees.montreal.ca,2026-06-26
CTR_9e89d7f4,Patinoire sans bandes,Recreation & Sport,,45.490548,-73.632913,,,,Ville de Montreal Open Data,https://donnees.montreal.ca,2026-06-26
CTR_3a808dc0,Soccer à 11,Recreation & Sport,,45.504543,-73.71927,,,,Ville de Montreal Open Data,https://donnees.montreal.ca,2026-06-26
CTR_3f4ab6ec,Soccer à 4-5,Recreation & Sport,,45.508951,-73.707469,,,,Ville de Montreal Open Data,https://donnees.montreal.ca,2026-06-26
CTR_eb89b242,Soccer à 4-5,Recreation & Sport,,45.508771,-73.707914,,,,Ville de Montreal Open Data,https://donnees.montreal.ca,2026-06-26
CTR_f725841f,Rampe de mise à l'eau / descente de bateaux,Recreation & Sport,,45.667452,-73.491562,,,,Ville de Montreal Open Data,https://donnees.montreal.ca,2026-06-26
CTR_688a4e93,Soccer à 4-5,Recreation & Sport,,45.507608,-73.706891,,,,Ville de Montreal Open Data,https://donnees.montreal.ca,2026-06-26
CTR_870f9a03,Soccer à 4-5,Recreation & Sport,,45.507741,-73.706291,,,,Ville de Montreal Open Data,https://donnees.montreal.ca,2026-06-26
CTR_78a16b4c,Soccer à 4-5,Recreation & Sport,,45.507364,-73.705295,,,,Ville de Montreal Open Data,https://donnees.montreal.ca,2026-06-26
CTR_96808127,Aire de jeu  5 à 12 ans,Recreation & Sport,,45.516952,-73.713035,,,,Ville de Montreal Open Data,https://donnees.montreal.ca,2026-06-26
CTR_02ae37eb,Scène,Recreation & Sport,,45.521324,-73.672053,,,,Ville de Montreal Open Data,https://donnees.montreal.ca,2026-06-26
CTR_b6f38cf7,Sentier pédestre,Recreation & Sport,,45.521745,-73.671236,,,,Ville de Montreal Open Data,https://donnees.montreal.ca,2026-06-26
CTR_9c17c32d,Aire de jeu combiné,Recreation & Sport,,45.521129,-73.672315,,,,Ville de Montreal Open Data,https://donnees.montreal.ca,2026-06-26
CTR_9012e74f,Abri soleil,Recreation & Sport,,45.52092,-73.672531,,,,Ville de Montreal Open Data,https://donnees.montreal.ca,2026-06-26
CTR_0f25d0ba,Fontaine,Recreation & Sport,,45.513908,-73.552906,,,,Ville de Montreal Open Data,https://donnees.montreal.ca,2026-06-26
CTR_174de6bb,Fontaine,Recreation & Sport,,45.527147,-73.55769,,,,Ville de Montreal Open Data,https://donnees.montreal.ca,2026-06-26
CTR_10f8d75d,Fontaine,Recreation & Sport,,45.520523,-73.672046,,,,Ville de Montreal Open Data,https://donnees.montreal.ca,2026-06-26
CTR_df3d7682,Aire de jeu 18 mois à 5 ans,Recreation & Sport,,45.472621,-73.614876,,,,Ville de Montreal Open Data,https://donnees.montreal.ca,2026-06-26
CTR_07ce7563,Aire de jeu 18 mois à 5 ans,Recreation & Sport,,45.544485,-73.575188,,,,Ville de Montreal Open Data,https://donnees.montreal.ca,2026-06-26
CTR_bc827c88,Aire de glissade,Recreation & Sport,,45.44134,-73.695171,,,,Ville de Montreal Open Data,https://donnees.montreal.ca,2026-06-26
CTR_9fbddc21,Étang / lac,Recreation & Sport,,45.506728,-73.733146,,,,Ville de Montreal Open Data,https://donnees.montreal.ca,2026-06-26
CTR_85289966,Étang / lac,Recreation & Sport,,45.507864,-73.729185,,,,Ville de Montreal Open Data,https://donnees.montreal.ca,2026-06-26
CTR_8104961f,Aire de pique-nique,Recreation & Sport,,45.440653,-73.598651,,,,Ville de Montreal Open Data,https://donnees.montreal.ca,2026-06-26
CTR_e999ee52,Aire de pique-nique,Recreation & Sport,,45.441544,-73.608008,,,,Ville de Montreal Open Data,https://donnees.montreal.ca,2026-06-26
CTR_73b162ad,Aire de pique-nique,Recreation & Sport,,45.443799,-73.606904,,,,Ville de Montreal Open Data,https://donnees.montreal.ca,2026-06-26
CTR_6d17485a,Aire de pique-nique,Recreation & Sport,,45.55876,-73.629418,,,,Ville de Montreal Open Data,https://donnees.montreal.ca,2026-06-26
CTR_bdac5495,Belvédère,Recreation & Sport,,45.55765,-73.626211,,,,Ville de Montreal Open Data,https://donnees.montreal.ca,2026-06-26
CTR_83e652e2,Belvédère,Recreation & Sport,,45.560339,-73.61664,,,,Ville de Montreal Open Data,https://donnees.montreal.ca,2026-06-26
CTR_c87523dc,Aire de pique-nique,Recreation & Sport,,45.564996,-73.621861,,,,Ville de Montreal Open Data,https://donnees.montreal.ca,2026-06-26
CTR_d71b07bb,Belvédère,Recreation & Sport,,45.564145,-73.623308,,,,Ville de Montreal Open Data,https://donnees.montreal.ca,2026-06-26
CTR_15883d44,Sentier de ski de fond,Recreation & Sport,,45.564797,-73.625006,,,,Ville de Montreal Open Data,https://donnees.montreal.ca,2026-06-26
CTR_57fb83bf,Aire de jeu  5 à 12 ans,Recreation & Sport,,45.489417,-73.569724,,,,Ville de Montreal Open Data,https://donnees.montreal.ca,2026-06-26
CTR_71442e91,Aire de jeu 18 mois à 5 ans,Recreation & Sport,,45.503696,-73.769174,,,,Ville de Montreal Open Data,https://donnees.montreal.ca,2026-06-26
CTR_51c237ba,Belvédère,Recreation & Sport,,45.566629,-73.638232,,,,Ville de Montreal Open Data,https://donnees.montreal.ca,2026-06-26
CTR_0f4a4a9a,Belvédère,Recreation & Sport,,45.564588,-73.641336,,,,Ville de Montreal Open Data,https://donnees.montreal.ca,2026-06-26
CTR_ce52efbd,Aire de jeu 18 mois à 5 ans,Recreation & Sport,,45.441583,-73.610691,,,,Ville de Montreal Open Data,https://donnees.montreal.ca,2026-06-26
CTR_37052c9d,Aire de pique-nique,Recreation & Sport,,45.557426,-73.601559,,,,Ville de Montreal Open Data,https://donnees.montreal.ca,2026-06-26
CTR_120ba105,Jeux d'eau,Recreation & Sport,,45.557511,-73.601485,,,,Ville de Montreal Open Data,https://donnees.montreal.ca,2026-06-26
CTR_16df3a0d,Aire de jeu 18 mois à 5 ans,Recreation & Sport,,45.557354,-73.60132,,,,Ville de Montreal Open Data,https://donnees.montreal.ca,2026-06-26
CTR_8726c20d,Piste d'athlétisme (100m) et équipements,Recreation & Sport,,45.685798,-73.494805,,,,Ville de Montreal Open Data,https://donnees.montreal.ca,2026-06-26
CTR_f3a13604,Soccer à 4-5,Recreation & Sport,,45.646458,-73.490197,,,,Ville de Montreal Open Data,https://donnees.montreal.ca,2026-06-26
CTR_fb02d9ca,Abri soleil,Recreation & Sport,,45.558301,-73.62833,,,,Ville de Montreal Open Data,https://donnees.montreal.ca,2026-06-26
CTR_84daa8ff,Soccer à 4-5,Recreation & Sport,,45.64641,-73.489875,,,,Ville de Montreal Open Data,https://donnees.montreal.ca,2026-06-26
CTR_8149f231,Aire de jeu 18 mois à 5 ans,Recreation & Sport,,45.606927,-73.559331,,,,Ville de Montreal Open Data,https://donnees.montreal.ca,2026-06-26
CTR_280a2447,Soccer à 11,Recreation & Sport,,45.48676,-73.88207,,,,Ville de Montreal Open Data,https://donnees.montreal.ca,2026-06-26
CTR_eb073c67,Patinoire sans bandes,Recreation & Sport,,45.675749,-73.497858,,,,Ville de Montreal Open Data,https://donnees.montreal.ca,2026-06-26
CTR_dfaed8ae,Sentier multifonctionnel,Recreation & Sport,,45.595581,-73.508408,,,,Ville de Montreal Open Data,https://donnees.montreal.ca,2026-06-26
CTR_2165a853,Aire de pique-nique,Recreation & Sport,,45.594971,-73.508448,,,,Ville de Montreal Open Data,https://donnees.montreal.ca,2026-06-26
CTR_df657b1a,Soccer sous-terrain à 7,Recreation & Sport,,45.437906,-73.593015,,,,Ville de Montreal Open Data,https://donnees.montreal.ca,2026-06-26
CTR_506c65ad,Scène,Recreation & Sport,,45.426645,-73.595425,,,,Ville de Montreal Open Data,https://donnees.montreal.ca,2026-06-26
CTR_6ed59795,Tennis,Recreation & Sport,,45.586537,-73.593671,,,,Ville de Montreal Open Data,https://donnees.montreal.ca,2026-06-26
CTR_e2150b29,Aire de jeu 18 mois à 5 ans,Recreation & Sport,,45.489322,-73.633536,,,,Ville de Montreal Open Data,https://donnees.montreal.ca,2026-06-26
CTR_73c8e507,Piste cyclable,Recreation & Sport,,45.429414,-73.592566,,,,Ville de Montreal Open Data,https://donnees.montreal.ca,2026-06-26
CTR_0481128b,Belvédère,Recreation & Sport,,45.428743,-73.588265,,,,Ville de Montreal Open Data,https://donnees.montreal.ca,2026-06-26
CTR_cc408b14,Quai,Recreation & Sport,,45.426444,-73.595272,,,,Ville de Montreal Open Data,https://donnees.montreal.ca,2026-06-26
CTR_265be42a,Soccer sous-terrain à 7,Recreation & Sport,,45.63542,-73.576051,,,,Ville de Montreal Open Data,https://donnees.montreal.ca,2026-06-26
CTR_c8db0103,Soccer sous-terrain à 7,Recreation & Sport,,45.635076,-73.575694,,,,Ville de Montreal Open Data,https://donnees.montreal.ca,2026-06-26
CTR_29dff6e9,Aire de jeu 18 mois à 5 ans,Recreation & Sport,,45.548259,-73.619782,,,,Ville de Montreal Open Data,https://donnees.montreal.ca,2026-06-26
CTR_e54e7ef9,Aire de pique-nique,Recreation & Sport,,45.548328,-73.619886,,,,Ville de Montreal Open Data,https://donnees.montreal.ca,2026-06-26
CTR_136fda64,Jeux d'eau,Recreation & Sport,,45.543206,-73.621105,,,,Ville de Montreal Open Data,https://donnees.montreal.ca,2026-06-26
CTR_c91fe6f1,Aire de pique-nique,Recreation & Sport,,45.543064,-73.621058,,,,Ville de Montreal Open Data,https://donnees.montreal.ca,2026-06-26
CTR_3dedde56,Soccer sous-terrain à 7,Recreation & Sport,,45.69371,-73.519858,,,,Ville de Montreal Open Data,https://donnees.montreal.ca,2026-06-26
CTR_45baf16d,Soccer sous-terrain à 7,Recreation & Sport,,45.694118,-73.520142,,,,Ville de Montreal Open Data,https://donnees.montreal.ca,2026-06-26
CTR_5b85790c,Scène,Recreation & Sport,,45.602361,-73.557943,,,,Ville de Montreal Open Data,https://donnees.montreal.ca,2026-06-26
CTR_b27d5121,Basketball,Recreation & Sport,,45.580809,-73.622874,,,,Ville de Montreal Open Data,https://donnees.montreal.ca,2026-06-26
CTR_3792fac0,Abri soleil,Recreation & Sport,,45.595229,-73.508189,,,,Ville de Montreal Open Data,https://donnees.montreal.ca,2026-06-26
CTR_25d8e45a,Patinoire sans bandes,Recreation & Sport,,45.580854,-73.622729,,,,Ville de Montreal Open Data,https://donnees.montreal.ca,2026-06-26
CTR_f47ca409,Aire de pique-nique,Recreation & Sport,,45.552372,-73.567452,,,,Ville de Montreal Open Data,https://donnees.montreal.ca,2026-06-26
CTR_55d406ec,Aire de pique-nique,Recreation & Sport,,45.551332,-73.568542,,,,Ville de Montreal Open Data,https://donnees.montreal.ca,2026-06-26
CTR_dc89a3d2,Patinoire 4 saisons,Recreation & Sport,,45.456796,-73.605618,,,,Ville de Montreal Open Data,https://donnees.montreal.ca,2026-06-26
CTR_79579369,Aire de jeu  5 à 12 ans,Recreation & Sport,,45.517881,-73.561763,,,,Ville de Montreal Open Data,https://donnees.montreal.ca,2026-06-26
CTR_ff4a0117,Aire de jeu 18 mois à 5 ans,Recreation & Sport,,45.497393,-73.559602,,,,Ville de Montreal Open Data,https://donnees.montreal.ca,2026-06-26
CTR_694d34b6,Aire de jeu  5 à 12 ans,Recreation & Sport,,45.497243,-73.559356,,,,Ville de Montreal Open Data,https://donnees.montreal.ca,2026-06-26
CTR_d6e95206,Aire d'entraînement pour adultes,Recreation & Sport,,45.497109,-73.558503,,,,Ville de Montreal Open Data,https://donnees.montreal.ca,2026-06-26
CTR_16378ce5,Ping-pong,Recreation & Sport,,45.497012,-73.558596,,,,Ville de Montreal Open Data,https://donnees.montreal.ca,2026-06-26
CTR_06bd560c,Volleyball de plage,Recreation & Sport,,45.698087,-73.480898,,,,Ville de Montreal Open Data,https://donnees.montreal.ca,2026-06-26
CTR_bb785e6f,Aire de jeu 18 mois à 5 ans,Recreation & Sport,,45.49075,-73.567426,,,,Ville de Montreal Open Data,https://donnees.montreal.ca,2026-06-26
CTR_2f95a063,Aire d'entraînement pour adultes,Recreation & Sport,,45.493174,-73.55383,,,,Ville de Montreal Open Data,https://donnees.montreal.ca,2026-06-26
CTR_aede9a67,Ping-pong,Recreation & Sport,,45.538222,-73.630811,,,,Ville de Montreal Open Data,https://donnees.montreal.ca,2026-06-26
CTR_c5acef1c,Aire de pique-nique,Recreation & Sport,,45.538298,-73.630867,,,,Ville de Montreal Open Data,https://donnees.montreal.ca,2026-06-26
CTR_82bddfe0,Patinoire sans bandes,Recreation & Sport,,45.535712,-73.625239,,,,Ville de Montreal Open Data,https://donnees.montreal.ca,2026-06-26
CTR_a40f4b1e,Jeux d'eau,Recreation & Sport,,45.524549,-73.624176,,,,Ville de Montreal Open Data,https://donnees.montreal.ca,2026-06-26
CTR_68654099,Soccer à 4-5,Recreation & Sport,,45.569364,-73.635049,,,,Ville de Montreal Open Data,https://donnees.montreal.ca,2026-06-26
CTR_7efa0173,Soccer à 7,Recreation & Sport,,45.447563,-73.585436,,,,Ville de Montreal Open Data,https://donnees.montreal.ca,2026-06-26
CTR_d1b05938,Sentier pédestre,Recreation & Sport,,45.458702,-73.906608,,,,Ville de Montreal Open Data,https://donnees.montreal.ca,2026-06-26
CTR_1d98a035,Soccer sous-terrain à 7,Recreation & Sport,,45.637115,-73.597397,,,,Ville de Montreal Open Data,https://donnees.montreal.ca,2026-06-26
CTR_52b6f6a4,Soccer sous-terrain à 7,Recreation & Sport,,45.637469,-73.597782,,,,Ville de Montreal Open Data,https://donnees.montreal.ca,2026-06-26
CTR_efffae2c,Soccer à 11,Recreation & Sport,,45.637293,-73.597591,,,,Ville de Montreal Open Data,https://donnees.montreal.ca,2026-06-26
CTR_8992b883,Patinoire 4 saisons,Recreation & Sport,,45.543491,-73.538205,,,,Ville de Montreal Open Data,https://donnees.montreal.ca,2026-06-26
CTR_6c20f57b,Jeux d'eau,Recreation & Sport,,45.542397,-73.553103,,,,Ville de Montreal Open Data,https://donnees.montreal.ca,2026-06-26
CTR_e918eb50,Jeux d'eau,Recreation & Sport,,45.54327,-73.538252,,,,Ville de Montreal Open Data,https://donnees.montreal.ca,2026-06-26
CTR_a35fd300,Aire de pique-nique,Recreation & Sport,,45.543054,-73.538221,,,,Ville de Montreal Open Data,https://donnees.montreal.ca,2026-06-26
CTR_a8cc63e2,Aire de pique-nique,Recreation & Sport,,45.539933,-73.541838,,,,Ville de Montreal Open Data,https://donnees.montreal.ca,2026-06-26
CTR_38b5c7e5,Aire de jeu 18 mois à 5 ans,Recreation & Sport,,45.564788,-73.596042,,,,Ville de Montreal Open Data,https://donnees.montreal.ca,2026-06-26
CTR_c28f1fa1,Aire d'entraînement pour adultes,Recreation & Sport,,45.655253,-73.501162,,,,Ville de Montreal Open Data,https://donnees.montreal.ca,2026-06-26
CTR_9799028c,Jeux d'eau,Recreation & Sport,,45.516021,-73.608062,,,,Ville de Montreal Open Data,https://donnees.montreal.ca,2026-06-26
CTR_cd51ee9e,Fontaine,Recreation & Sport,,45.58011,-73.549861,,,,Ville de Montreal Open Data,https://donnees.montreal.ca,2026-06-26
CTR_1fc76bc7,Pétanque,Recreation & Sport,,45.581934,-73.552123,,,,Ville de Montreal Open Data,https://donnees.montreal.ca,2026-06-26
CTR_4f41bb50,Aire de jeu  5 à 12 ans,Recreation & Sport,,45.583101,-73.535978,,,,Ville de Montreal Open Data,https://donnees.montreal.ca,2026-06-26
CTR_c338ddac,Rugby / Soccer à 11,Recreation & Sport,,45.582183,-73.535017,,,,Ville de Montreal Open Data,https://donnees.montreal.ca,2026-06-26
CTR_3265e3cb,Aire de pique-nique,Recreation & Sport,,45.589162,-73.535234,,,,Ville de Montreal Open Data,https://donnees.montreal.ca,2026-06-26
CTR_724cff20,Aire d'entraînement pour adultes,Recreation & Sport,,45.599615,-73.523753,,,,Ville de Montreal Open Data,https://donnees.montreal.ca,2026-06-26
CTR_ca5d4ed6,Abri soleil,Recreation & Sport,,45.610463,-73.555825,,,,Ville de Montreal Open Data,https://donnees.montreal.ca,2026-06-26
CTR_c476b1cb,Abri soleil,Recreation & Sport,,45.607167,-73.517073,,,,Ville de Montreal Open Data,https://donnees.montreal.ca,2026-06-26
CTR_0e4ed44f,Abri soleil,Recreation & Sport,,45.600359,-73.509643,,,,Ville de Montreal Open Data,https://donnees.montreal.ca,2026-06-26
CTR_9097d731,Abri soleil,Recreation & Sport,,45.606435,-73.629441,,,,Ville de Montreal Open Data,https://donnees.montreal.ca,2026-06-26
CTR_137bb4b8,Abri soleil,Recreation & Sport,,45.640021,-73.509413,,,,Ville de Montreal Open Data,https://donnees.montreal.ca,2026-06-26
CTR_5e3ce82f,Abri soleil,Recreation & Sport,,45.629895,-73.5952,,,,Ville de Montreal Open Data,https://donnees.montreal.ca,2026-06-26
CTR_ce59dedf,Abri soleil,Recreation & Sport,,45.501181,-73.679977,,,,Ville de Montreal Open Data,https://donnees.montreal.ca,2026-06-26
CTR_c801f4cc,Abri soleil,Recreation & Sport,,45.446947,-73.679758,,,,Ville de Montreal Open Data,https://donnees.montreal.ca,2026-06-26
CTR_78ef6467,Aire de pique-nique,Recreation & Sport,,45.601738,-73.524341,,,,Ville de Montreal Open Data,https://donnees.montreal.ca,2026-06-26
CTR_10d5f91f,Abri soleil,Recreation & Sport,,45.519358,-73.583525,,,,Ville de Montreal Open Data,https://donnees.montreal.ca,2026-06-26
CTR_3085e31c,Abri soleil,Recreation & Sport,,45.638993,-73.596698,,,,Ville de Montreal Open Data,https://donnees.montreal.ca,2026-06-26
CTR_5f98971d,Abri soleil,Recreation & Sport,,45.508595,-73.701367,,,,Ville de Montreal Open Data,https://donnees.montreal.ca,2026-06-26
CTR_13a6791a,Abri soleil,Recreation & Sport,,45.644293,-73.597777,,,,Ville de Montreal Open Data,https://donnees.montreal.ca,2026-06-26
CTR_bcf66c5a,Abri soleil,Recreation & Sport,,45.426432,-73.595536,,,,Ville de Montreal Open Data,https://donnees.montreal.ca,2026-06-26
CTR_89abcde1,Fontaine,Recreation & Sport,,45.553539,-73.539692,,,,Ville de Montreal Open Data,https://donnees.montreal.ca,2026-06-26
CTR_299055d9,Aire de pique-nique,Recreation & Sport,,45.554641,-73.53922,,,,Ville de Montreal Open Data,https://donnees.montreal.ca,2026-06-26
CTR_17e4c632,Ping-pong,Recreation & Sport,,45.553465,-73.54013,,,,Ville de Montreal Open Data,https://donnees.montreal.ca,2026-06-26
CTR_71594ee8,Aire de pique-nique,Recreation & Sport,,45.553829,-73.539884,,,,Ville de Montreal Open Data,https://donnees.montreal.ca,2026-06-26
CTR_81af02b2,Ping-pong,Recreation & Sport,,45.548337,-73.548993,,,,Ville de Montreal Open Data,https://donnees.montreal.ca,2026-06-26
CTR_ec7b684e,Aire de jeu 18 mois à 5 ans,Recreation & Sport,,45.589661,-73.534839,,,,Ville de Montreal Open Data,https://donnees.montreal.ca,2026-06-26
CTR_95873896,Aire de jeu 18 mois à 5 ans,Recreation & Sport,,45.4873,-73.873438,,,,Ville de Montreal Open Data,https://donnees.montreal.ca,2026-06-26
CTR_fd89f952,Balle,Recreation & Sport,,45.502082,-73.844687,,,,Ville de Montreal Open Data,https://donnees.montreal.ca,2026-06-26
CTR_6ce205a2,Aire d'exercice canin,Recreation & Sport,,45.548488,-73.533336,,,,Ville de Montreal Open Data,https://donnees.montreal.ca,2026-06-26
CTR_9e4c6206,Pétanque,Recreation & Sport,,45.594035,-73.523341,,,,Ville de Montreal Open Data,https://donnees.montreal.ca,2026-06-26
CTR_f9fb2423,Aire d'entraînement pour adultes,Recreation & Sport,,45.452656,-73.566803,,,,Ville de Montreal Open Data,https://donnees.montreal.ca,2026-06-26
CTR_9aceb831,Aire d'exercice canin,Recreation & Sport,,45.60309,-73.584006,,,,Ville de Montreal Open Data,https://donnees.montreal.ca,2026-06-26
CTR_8a93dd3e,Aire de jeu  5 à 12 ans,Recreation & Sport,,45.424404,-73.613966,,,,Ville de Montreal Open Data,https://donnees.montreal.ca,2026-06-26
CTR_571f9014,Soccer à 4-5,Recreation & Sport,,45.440647,-73.708293,,,,Ville de Montreal Open Data,https://donnees.montreal.ca,2026-06-26
CTR_fdd791f3,Patinoire avec bandes,Recreation & Sport,,45.444346,-73.67981,,,,Ville de Montreal Open Data,https://donnees.montreal.ca,2026-06-26
CTR_33976b93,Soccer sous-terrain à 4-5,Recreation & Sport,,45.602405,-73.556633,,,,Ville de Montreal Open Data,https://donnees.montreal.ca,2026-06-26
CTR_7d5e1162,Pétanque,Recreation & Sport,,45.419084,-73.62649,,,,Ville de Montreal Open Data,https://donnees.montreal.ca,2026-06-26
CTR_103c05bb,Aire de jeu 18 mois à 5 ans,Recreation & Sport,,45.516882,-73.872393,,,,Ville de Montreal Open Data,https://donnees.montreal.ca,2026-06-26
CTR_6c8cc29a,Soccer à 7,Recreation & Sport,,45.529028,-73.558473,,,,Ville de Montreal Open Data,https://donnees.montreal.ca,2026-06-26
CTR_8c813a61,Tennis,Recreation & Sport,,45.461961,-73.870313,,,,Ville de Montreal Open Data,https://donnees.montreal.ca,2026-06-26
CTR_402dfbe1,Aire de jeu  5 à 12 ans,Recreation & Sport,,45.513873,-73.535761,,,,Ville de Montreal Open Data,https://donnees.montreal.ca,2026-06-26
CTR_f7e423dd,Soccer à 7,Recreation & Sport,,45.64893,-73.498083,,,,Ville de Montreal Open Data,https://donnees.montreal.ca,2026-06-26
CTR_55fed363,Aire d'exercice canin,Recreation & Sport,,45.44547,-73.599493,,,,Ville de Montreal Open Data,https://donnees.montreal.ca,2026-06-26
CTR_5620b23a,Patinoire sans bandes,Recreation & Sport,,45.496916,-73.619482,,,,Ville de Montreal Open Data,https://donnees.montreal.ca,2026-06-26
CTR_fa85173d,Aire de jeu  5 à 12 ans,Recreation & Sport,,45.668136,-73.493705,,,,Ville de Montreal Open Data,https://donnees.montreal.ca,2026-06-26
CTR_b86aa9b3,Patinoire avec bandes,Recreation & Sport,,45.442751,-73.718243,,,,Ville de Montreal Open Data,https://donnees.montreal.ca,2026-06-26
CTR_729096ca,Soccer à 11,Recreation & Sport,,45.455708,-73.557089,,,,Ville de Montreal Open Data,https://donnees.montreal.ca,2026-06-26
CTR_de2b155a,Aire d'entraînement pour adultes,Recreation & Sport,,45.569094,-73.571597,,,,Ville de Montreal Open Data,https://donnees.montreal.ca,2026-06-26
CTR_c97db2a5,Tennis,Recreation & Sport,,45.448624,-73.579067,,,,Ville de Montreal Open Data,https://donnees.montreal.ca,2026-06-26
CTR_44e75036,Patinoire sans bandes,Recreation & Sport,,45.483494,-73.620012,,,,Ville de Montreal Open Data,https://donnees.montreal.ca,2026-06-26
CTR_511f654b,Pataugeoire,Recreation & Sport,,45.592474,-73.551611,,,,Ville de Montreal Open Data,https://donnees.montreal.ca,2026-06-26
CTR_92012e06,Aire de jeu  5 à 12 ans,Recreation & Sport,,45.429103,-73.66393,,,,Ville de Montreal Open Data,https://donnees.montreal.ca,2026-06-26
CTR_bc341a1a,Aire de jeu 18 mois à 5 ans,Recreation & Sport,,45.545462,-73.55865,,,,Ville de Montreal Open Data,https://donnees.montreal.ca,2026-06-26
CTR_5621e4c6,Pastille - Basketball,Recreation & Sport,,45.520024,-73.610555,,,,Ville de Montreal Open Data,https://donnees.montreal.ca,2026-06-26
CTR_6cb278d2,Soccer à 7,Recreation & Sport,,45.575769,-73.627196,,,,Ville de Montreal Open Data,https://donnees.montreal.ca,2026-06-26
CTR_b0e7db3d,Étang / lac,Recreation & Sport,,45.608422,-73.593385,,,,Ville de Montreal Open Data,https://donnees.montreal.ca,2026-06-26
CTR_47678f38,Aire de jeu  5 à 12 ans,Recreation & Sport,,45.55859,-73.642637,,,,Ville de Montreal Open Data,https://donnees.montreal.ca,2026-06-26
CTR_e4b2a45c,Pétanque,Recreation & Sport,,45.627394,-73.622601,,,,Ville de Montreal Open Data,https://donnees.montreal.ca,2026-06-26
CTR_e2ef438d,Piste cyclable,Recreation & Sport,,45.508466,-73.723626,,,,Ville de Montreal Open Data,https://donnees.montreal.ca,2026-06-26
CTR_6054358f,Piscine extérieure,Recreation & Sport,,45.60558,-73.511286,,,,Ville de Montreal Open Data,https://donnees.montreal.ca,2026-06-26
CTR_b9efd626,Basketball,Recreation & Sport,,45.510932,-73.830334,,,,Ville de Montreal Open Data,https://donnees.montreal.ca,2026-06-26
CTR_e7c5a607,Rampe de mise à l'eau / descente de bateaux,Recreation & Sport,,45.469311,-73.888293,,,,Ville de Montreal Open Data,https://donnees.montreal.ca,2026-06-26
CTR_9ec1ba68,Balle,Recreation & Sport,,45.586975,-73.570326,,,,Ville de Montreal Open Data,https://donnees.montreal.ca,2026-06-26
CTR_47b775fa,Belvédère,Recreation & Sport,,45.523222,-73.568702,,,,Ville de Montreal Open Data,https://donnees.montreal.ca,2026-06-26
CTR_5acd0755,Piscine extérieure,Recreation & Sport,,45.592374,-73.636078,,,,Ville de Montreal Open Data,https://donnees.montreal.ca,2026-06-26
CTR_47475bff,Aire de jeu  5 à 12 ans,Recreation & Sport,,45.506435,-73.802722,,,,Ville de Montreal Open Data,https://donnees.montreal.ca,2026-06-26
CTR_69cd4d2e,Boisé,Recreation & Sport,,45.454908,-73.552181,,,,Ville de Montreal Open Data,https://donnees.montreal.ca,2026-06-26
CTR_692b5dc5,Quai,Recreation & Sport,,45.676941,-73.490688,,,,Ville de Montreal Open Data,https://donnees.montreal.ca,2026-06-26
CTR_9dae9f61,Balle,Recreation & Sport,,45.466306,-73.56118,,,,Ville de Montreal Open Data,https://donnees.montreal.ca,2026-06-26
CTR_d832fcbc,Pataugeoire,Recreation & Sport,,45.54721,-73.648518,,,,Ville de Montreal Open Data,https://donnees.montreal.ca,2026-06-26
CTR_726d975c,Aire de planche à roulette,Recreation & Sport,,45.684862,-73.495608,,,,Ville de Montreal Open Data,https://donnees.montreal.ca,2026-06-26
CTR_06585cde,Aire de jeu  5 à 12 ans,Recreation & Sport,,45.50381,-73.793002,,,,Ville de Montreal Open Data,https://donnees.montreal.ca,2026-06-26
CTR_5192ee7d,Volleyball de plage,Recreation & Sport,,45.539279,-73.675653,,,,Ville de Montreal Open Data,https://donnees.montreal.ca,2026-06-26
CTR_ddfd7324,Aire de jeu 18 mois à 5 ans,Recreation & Sport,,45.582122,-73.642877,,,,Ville de Montreal Open Data,https://donnees.montreal.ca,2026-06-26
CTR_ebeea720,Aire de jeu  5 à 12 ans,Recreation & Sport,,45.569745,-73.528242,,,,Ville de Montreal Open Data,https://donnees.montreal.ca,2026-06-26
CTR_0fa19ce8,Sentier de ski de fond,Recreation & Sport,,45.500166,-73.768861,,,,Ville de Montreal Open Data,https://donnees.montreal.ca,2026-06-26
CTR_0f6c6879,Soccer à 7,Recreation & Sport,,45.490702,-73.633169,,,,Ville de Montreal Open Data,https://donnees.montreal.ca,2026-06-26
CTR_0e2ad4a3,Patinoire avec bandes,Recreation & Sport,,45.499035,-73.852681,,,,Ville de Montreal Open Data,https://donnees.montreal.ca,2026-06-26
CTR_ed9487e8,Sentier de ski de fond,Recreation & Sport,,45.461695,-73.939683,,,,Ville de Montreal Open Data,https://donnees.montreal.ca,2026-06-26
CTR_a3a06810,Pétanque,Recreation & Sport,,45.512322,-73.564636,,,,Ville de Montreal Open Data,https://donnees.montreal.ca,2026-06-26
CTR_be70fbff,Sentier de ski de fond,Recreation & Sport,,45.505012,-73.631219,,,,Ville de Montreal Open Data,https://donnees.montreal.ca,2026-06-26
CTR_6bf50d5c,Balle,Recreation & Sport,,45.600673,-73.635918,,,,Ville de Montreal Open Data,https://donnees.montreal.ca,2026-06-26
CTR_3ebd965d,Aire de jeu 18 mois à 5 ans,Recreation & Sport,,45.538521,-73.589613,,,,Ville de Montreal Open Data,https://donnees.montreal.ca,2026-06-26
CTR_67331ce6,Aire de jeu  5 à 12 ans,Recreation & Sport,,45.580397,-73.583169,,,,Ville de Montreal Open Data,https://donnees.montreal.ca,2026-06-26
CTR_c278e31b,Tennis,Recreation & Sport,,45.528569,-73.676106,,,,Ville de Montreal Open Data,https://donnees.montreal.ca,2026-06-26
CTR_8c46d297,Jeux d'eau,Recreation & Sport,,45.581488,-73.624037,,,,Ville de Montreal Open Data,https://donnees.montreal.ca,2026-06-26
CTR_7640de6a,Sentier de ski de fond,Recreation & Sport,,45.495169,-73.8882,,,,Ville de Montreal Open Data,https://donnees.montreal.ca,2026-06-26
CTR_4cb22b84,Soccer sous-terrain à 7,Recreation & Sport,,45.429492,-73.662063,,,,Ville de Montreal Open Data,https://donnees.montreal.ca,2026-06-26
CTR_4cd1cd7b,Aire de jeu 18 mois à 5 ans,Recreation & Sport,,45.626979,-73.616535,,,,Ville de Montreal Open Data,https://donnees.montreal.ca,2026-06-26
CTR_69ed38d7,Jeux d'eau,Recreation & Sport,,45.554992,-73.59781,,,,Ville de Montreal Open Data,https://donnees.montreal.ca,2026-06-26
CTR_d138cf8b,Patinoire avec bandes,Recreation & Sport,,45.615899,-73.550183,,,,Ville de Montreal Open Data,https://donnees.montreal.ca,2026-06-26
CTR_dacfe8c2,Aire de lancer athlétisme,Recreation & Sport,,45.55971,-73.578394,,,,Ville de Montreal Open Data,https://donnees.montreal.ca,2026-06-26
CTR_18f4a4d5,Aire de jeu 18 mois à 5 ans,Recreation & Sport,,45.521814,-73.556329,,,,Ville de Montreal Open Data,https://donnees.montreal.ca,2026-06-26
CTR_9d28ccda,Soccer à 4-5,Recreation & Sport,,45.443947,-73.714611,,,,Ville de Montreal Open Data,https://donnees.montreal.ca,2026-06-26
CTR_9acec372,Jeux d'eau,Recreation & Sport,,45.592585,-73.551561,,,,Ville de Montreal Open Data,https://donnees.montreal.ca,2026-06-26
CTR_790aeeb2,Étang / lac,Recreation & Sport,,45.514379,-73.619712,,,,Ville de Montreal Open Data,https://donnees.montreal.ca,2026-06-26
CTR_460eefb0,Patinoire avec bandes,Recreation & Sport,,45.512319,-73.56426,,,,Ville de Montreal Open Data,https://donnees.montreal.ca,2026-06-26
CTR_b32eeb97,Pastille - Basketball,Recreation & Sport,,45.537693,-73.687192,,,,Ville de Montreal Open Data,https://donnees.montreal.ca,2026-06-26
CTR_a6502a83,Aire de jeu 18 mois à 5 ans,Recreation & Sport,,45.514684,-73.833351,,,,Ville de Montreal Open Data,https://donnees.montreal.ca,2026-06-26
CTR_304b36c6,Fer / Galet,Recreation & Sport,,45.539927,-73.596222,,,,Ville de Montreal Open Data,https://donnees.montreal.ca,2026-06-26
CTR_112185bd,Aire de jeu  5 à 12 ans,Recreation & Sport,,45.548877,-73.541253,,,,Ville de Montreal Open Data,https://donnees.montreal.ca,2026-06-26
CTR_20905903,Pétanque,Recreation & Sport,,45.539575,-73.57383,,,,Ville de Montreal Open Data,https://donnees.montreal.ca,2026-06-26
CTR_14da80d3,Soccer sous-terrain à 7,Recreation & Sport,,45.534515,-73.630391,,,,Ville de Montreal Open Data,https://donnees.montreal.ca,2026-06-26
CTR_c787be38,Volleyball de plage,Recreation & Sport,,45.691155,-73.51881,,,,Ville de Montreal Open Data,https://donnees.montreal.ca,2026-06-26
CTR_825b7af9,Basketball,Recreation & Sport,,45.61729,-73.549037,,,,Ville de Montreal Open Data,https://donnees.montreal.ca,2026-06-26
CTR_32fd2c24,Soccer sous-terrain à 7,Recreation & Sport,,45.69044,-73.517561,,,,Ville de Montreal Open Data,https://donnees.montreal.ca,2026-06-26
CTR_10e93437,Patinoire avec bandes,Recreation & Sport,,45.420039,-73.61246,,,,Ville de Montreal Open Data,https://donnees.montreal.ca,2026-06-26
CTR_8a12b20e,Aire de jeu  5 à 12 ans,Recreation & Sport,,45.445314,-73.598202,,,,Ville de Montreal Open Data,https://donnees.montreal.ca,2026-06-26
CTR_00752d0a,Aire de jeu 18 mois à 5 ans,Recreation & Sport,,45.544591,-73.581122,,,,Ville de Montreal Open Data,https://donnees.montreal.ca,2026-06-26
CTR_f547b01e,Aire de glissade,Recreation & Sport,,45.576366,-73.64297,,,,Ville de Montreal Open Data,https://donnees.montreal.ca,2026-06-26
CTR_cda13482,Soccer à 4-5,Recreation & Sport,,45.646356,-73.489517,,,,Ville de Montreal Open Data,https://donnees.montreal.ca,2026-06-26
CTR_65bf991e,Aire de jeu 18 mois à 5 ans,Recreation & Sport,,45.500334,-73.774075,,,,Ville de Montreal Open Data,https://donnees.montreal.ca,2026-06-26
CTR_67f9dc8d,Pastille - Basketball,Recreation & Sport,,45.528582,-73.67659,,,,Ville de Montreal Open Data,https://donnees.montreal.ca,2026-06-26
CTR_691316a6,Pataugeoire,Recreation & Sport,,45.560555,-73.570466,,,,Ville de Montreal Open Data,https://donnees.montreal.ca,2026-06-26
CTR_6da52503,Aire de pique-nique,Recreation & Sport,,45.529332,-73.675274,,,,Ville de Montreal Open Data,https://donnees.montreal.ca,2026-06-26
CTR_f2ce6db6,Basketball,Recreation & Sport,,45.500347,-73.87144,,,,Ville de Montreal Open Data,https://donnees.montreal.ca,2026-06-26
CTR_9da19990,Abri soleil,Recreation & Sport,,45.606976,-73.559147,,,,Ville de Montreal Open Data,https://donnees.montreal.ca,2026-06-26
CTR_2f6cc85a,Sentier pédestre,Recreation & Sport,,45.509915,-73.706737,,,,Ville de Montreal Open Data,https://donnees.montreal.ca,2026-06-26
CTR_37b0b637,Aire de jeu 18 mois à 5 ans,Recreation & Sport,,45.517637,-73.561883,,,,Ville de Montreal Open Data,https://donnees.montreal.ca,2026-06-26
CTR_b9ff6b96,Abri soleil,Recreation & Sport,,45.59292,-73.642201,,,,Ville de Montreal Open Data,https://donnees.montreal.ca,2026-06-26
CTR_2d70f986,Aire d'entraînement pour adultes,Recreation & Sport,,45.693471,-73.481752,,,,Ville de Montreal Open Data,https://donnees.montreal.ca,2026-06-26
CTR_bcf96546,Aire d'exercice canin,Recreation & Sport,,45.534399,-73.624698,,,,Ville de Montreal Open Data,https://donnees.montreal.ca,2026-06-26
CTR_e2421081,Pataugeoire,Recreation & Sport,,45.559622,-73.533134,,,,Ville de Montreal Open Data,https://donnees.montreal.ca,2026-06-26
CTR_d135417c,Aire de jeu  5 à 12 ans,Recreation & Sport,,45.474863,-73.592705,,,,Ville de Montreal Open Data,https://donnees.montreal.ca,2026-06-26
CTR_7734d66e,Piste de BMX,Recreation & Sport,,45.45679,-73.88603,,,,Ville de Montreal Open Data,https://donnees.montreal.ca,2026-06-26
CTR_6d019c1e,Patinoire sans bandes,Recreation & Sport,,45.559531,-73.642336,,,,Ville de Montreal Open Data,https://donnees.montreal.ca,2026-06-26
CTR_28386b5b,Patinoire sans bandes,Recreation & Sport,,45.580788,-73.520249,,,,Ville de Montreal Open Data,https://donnees.montreal.ca,2026-06-26
CTR_de37f777,Aire de jeu  5 à 12 ans,Recreation & Sport,,45.554953,-73.61207,,,,Ville de Montreal Open Data,https://donnees.montreal.ca,2026-06-26
CTR_3c78c774,Aire d'entraînement pour adultes,Recreation & Sport,,45.51191,-73.714692,,,,Ville de Montreal Open Data,https://donnees.montreal.ca,2026-06-26
CTR_55495b78,Bocce,Recreation & Sport,,45.560224,-73.651386,,,,Ville de Montreal Open Data,https://donnees.montreal.ca,2026-06-26
CTR_316056b6,Soccer à 7,Recreation & Sport,,45.54314,-73.612319,,,,Ville de Montreal Open Data,https://donnees.montreal.ca,2026-06-26
CTR_b54f1280,Aire de jeu 18 mois à 5 ans,Recreation & Sport,,45.498019,-73.696509,,,,Ville de Montreal Open Data,https://donnees.montreal.ca,2026-06-26
CTR_ebadaf82,Pataugeoire,Recreation & Sport,,45.575026,-73.625516,,,,Ville de Montreal Open Data,https://donnees.montreal.ca,2026-06-26
CTR_eded3e96,Aire de jeu 18 mois à 5 ans,Recreation & Sport,,45.501714,-73.724515,,,,Ville de Montreal Open Data,https://donnees.montreal.ca,2026-06-26
CTR_e73b39aa,Rampe de mise à l'eau / descente de bateaux,Recreation & Sport,,45.658745,-73.489726,,,,Ville de Montreal Open Data,https://donnees.montreal.ca,2026-06-26
CTR_c2c1671d,Aire de jeu  5 à 12 ans,Recreation & Sport,,45.528189,-73.54984,,,,Ville de Montreal Open Data,https://donnees.montreal.ca,2026-06-26
CTR_a3844e53,Aire de pique-nique,Recreation & Sport,,45.49944,-73.768475,,,,Ville de Montreal Open Data,https://donnees.montreal.ca,2026-06-26
CTR_f69d3447,Basketball,Recreation & Sport,,45.516965,-73.727537,,,,Ville de Montreal Open Data,https://donnees.montreal.ca,2026-06-26
CTR_03e5d908,Aire de jeu  5 à 12 ans,Recreation & Sport,,45.561967,-73.600219,,,,Ville de Montreal Open Data,https://donnees.montreal.ca,2026-06-26
CTR_a315f74c,Aire de jeu  5 à 12 ans,Recreation & Sport,,45.581651,-73.624156,,,,Ville de Montreal Open Data,https://donnees.montreal.ca,2026-06-26
CTR_084f095c,Basketball,Recreation & Sport,,45.524722,-73.558097,,,,Ville de Montreal Open Data,https://donnees.montreal.ca,2026-06-26
CTR_e79ac9ab,Aire de jeu 18 mois à 5 ans,Recreation & Sport,,45.638944,-73.49242,,,,Ville de Montreal Open Data,https://donnees.montreal.ca,2026-06-26
CTR_10831fc6,Tennis,Recreation & Sport,,45.422624,-73.648902,,,,Ville de Montreal Open Data,https://donnees.montreal.ca,2026-06-26
CTR_0ac83ce5,Aire de jeu  5 à 12 ans,Recreation & Sport,,45.500752,-73.686154,,,,Ville de Montreal Open Data,https://donnees.montreal.ca,2026-06-26
CTR_9865f615,Volleyball de plage,Recreation & Sport,,45.513913,-73.581083,,,,Ville de Montreal Open Data,https://donnees.montreal.ca,2026-06-26
CTR_07e10d16,Aire de jeu  5 à 12 ans,Recreation & Sport,,45.51457,-73.83333,,,,Ville de Montreal Open Data,https://donnees.montreal.ca,2026-06-26
CTR_ed424002,Jeux d'eau,Recreation & Sport,,45.581634,-73.64237,,,,Ville de Montreal Open Data,https://donnees.montreal.ca,2026-06-26
CTR_8d3e64b5,Balle,Recreation & Sport,,45.54513,-73.614872,,,,Ville de Montreal Open Data,https://donnees.montreal.ca,2026-06-26
CTR_02847ffd,Soccer sous-terrain à 7,Recreation & Sport,,45.586075,-73.599135,,,,Ville de Montreal Open Data,https://donnees.montreal.ca,2026-06-26
CTR_194c65f3,Bocce,Recreation & Sport,,45.515542,-73.726195,,,,Ville de Montreal Open Data,https://donnees.montreal.ca,2026-06-26
CTR_3f17240c,Tennis,Recreation & Sport,,45.587262,-73.57197,,,,Ville de Montreal Open Data,https://donnees.montreal.ca,2026-06-26
CTR_44100660,Soccer à 7,Recreation & Sport,,45.434359,-73.658559,,,,Ville de Montreal Open Data,https://donnees.montreal.ca,2026-06-26
CTR_769212b4,Soccer sous-terrain à 7,Recreation & Sport,,45.445054,-73.679127,,,,Ville de Montreal Open Data,https://donnees.montreal.ca,2026-06-26
CTR_f1a673d7,Aire de jeu 18 mois à 5 ans,Recreation & Sport,,45.477407,-73.573458,,,,Ville de Montreal Open Data,https://donnees.montreal.ca,2026-06-26
CTR_e2655f2e,Basketball,Recreation & Sport,,45.512531,-73.565051,,,,Ville de Montreal Open Data,https://donnees.montreal.ca,2026-06-26
CTR_4235b0fd,Ciné-parc,Recreation & Sport,,45.592635,-73.552295,,,,Ville de Montreal Open Data,https://donnees.montreal.ca,2026-06-26
CTR_636f35b9,Soccer à 4-5,Recreation & Sport,,45.464506,-73.890648,,,,Ville de Montreal Open Data,https://donnees.montreal.ca,2026-06-26
CTR_d2ac43df,Aire de jeu  5 à 12 ans,Recreation & Sport,,45.505703,-73.697964,,,,Ville de Montreal Open Data,https://donnees.montreal.ca,2026-06-26
CTR_f346ee77,Bocce,Recreation & Sport,,45.636264,-73.575773,,,,Ville de Montreal Open Data,https://donnees.montreal.ca,2026-06-26
CTR_d94dbb7a,Soccer à 7,Recreation & Sport,,45.510098,-73.823541,,,,Ville de Montreal Open Data,https://donnees.montreal.ca,2026-06-26
CTR_f0cdb31d,Aire de jeu 18 mois à 5 ans,Recreation & Sport,,45.479151,-73.564314,,,,Ville de Montreal Open Data,https://donnees.montreal.ca,2026-06-26
CTR_3f735f2c,Basketball,Recreation & Sport,,45.561479,-73.543659,,,,Ville de Montreal Open Data,https://donnees.montreal.ca,2026-06-26
CTR_d59cdbbf,Aire d'exercice canin,Recreation & Sport,,45.507449,-73.681361,,,,Ville de Montreal Open Data,https://donnees.montreal.ca,2026-06-26
CTR_90359798,Soccer à 7,Recreation & Sport,,45.418416,-73.641887,,,,Ville de Montreal Open Data,https://donnees.montreal.ca,2026-06-26
CTR_e16692dd,Soccer sous-terrain à 7,Recreation & Sport,,45.665477,-73.544132,,,,Ville de Montreal Open Data,https://donnees.montreal.ca,2026-06-26
CTR_9c7272f4,Aire de glissade,Recreation & Sport,,45.498815,-73.595341,,,,Ville de Montreal Open Data,https://donnees.montreal.ca,2026-06-26
CTR_fb5b9a3d,Belvédère,Recreation & Sport,,45.690292,-73.520133,,,,Ville de Montreal Open Data,https://donnees.montreal.ca,2026-06-26
CTR_5d59da64,Aire de jeu  5 à 12 ans,Recreation & Sport,,45.637021,-73.59029,,,,Ville de Montreal Open Data,https://donnees.montreal.ca,2026-06-26
CTR_1d0e6fc8,Soccer à 4-5,Recreation & Sport,,45.490441,-73.855169,,,,Ville de Montreal Open Data,https://donnees.montreal.ca,2026-06-26
CTR_a8ff1e1c,Soccer à 4-5,Recreation & Sport,,45.572659,-73.634073,,,,Ville de Montreal Open Data,https://donnees.montreal.ca,2026-06-26
CTR_58725032,Étang / lac,Recreation & Sport,,45.520641,-73.607021,,,,Ville de Montreal Open Data,https://donnees.montreal.ca,2026-06-26
CTR_7da41be7,Tennis,Recreation & Sport,,45.520916,-73.606156,,,,Ville de Montreal Open Data,https://donnees.montreal.ca,2026-06-26
CTR_5821540b,Scène,Recreation & Sport,,45.497024,-73.619802,,,,Ville de Montreal Open Data,https://donnees.montreal.ca,2026-06-26
CTR_1d121eff,Patinoire 4 saisons,Recreation & Sport,,45.487086,-73.883753,,,,Ville de Montreal Open Data,https://donnees.montreal.ca,2026-06-26
CTR_e81e635d,Basketball,Recreation & Sport,,45.618995,-73.629246,,,,Ville de Montreal Open Data,https://donnees.montreal.ca,2026-06-26
CTR_0cabbff5,Pataugeoire,Recreation & Sport,,45.554526,-73.612109,,,,Ville de Montreal Open Data,https://donnees.montreal.ca,2026-06-26
CTR_46793c64,Sentier pédestre,Recreation & Sport,,45.438207,-73.67347,,,,Ville de Montreal Open Data,https://donnees.montreal.ca,2026-06-26
CTR_59f91ded,Aire de jeu 18 mois à 5 ans,Recreation & Sport,,45.583027,-73.535705,,,,Ville de Montreal Open Data,https://donnees.montreal.ca,2026-06-26
CTR_981b0965,Soccer sous-terrain à 7,Recreation & Sport,,45.618356,-73.546698,,,,Ville de Montreal Open Data,https://donnees.montreal.ca,2026-06-26
CTR_b105b2aa,Sentier pédestre,Recreation & Sport,,45.462193,-73.920228,,,,Ville de Montreal Open Data,https://donnees.montreal.ca,2026-06-26
CTR_ce21da0d,Tennis,Recreation & Sport,,45.543633,-73.56725,,,,Ville de Montreal Open Data,https://donnees.montreal.ca,2026-06-26
CTR_86e2ff51,Aire de glissade,Recreation & Sport,,45.499037,-73.767863,,,,Ville de Montreal Open Data,https://donnees.montreal.ca,2026-06-26
CTR_8ffb5773,Anneau / Rond de glace,Recreation & Sport,,45.506763,-73.732696,,,,Ville de Montreal Open Data,https://donnees.montreal.ca,2026-06-26
CTR_38e48a4c,Boisé,Recreation & Sport,,45.631188,-73.567521,,,,Ville de Montreal Open Data,https://donnees.montreal.ca,2026-06-26
CTR_98d4f1b1,Pétanque,Recreation & Sport,,45.575315,-73.571057,,,,Ville de Montreal Open Data,https://donnees.montreal.ca,2026-06-26
CTR_83eaf750,Pétanque,Recreation & Sport,,45.488992,-73.569207,,,,Ville de Montreal Open Data,https://donnees.montreal.ca,2026-06-26
CTR_63f85656,Golf,Recreation & Sport,,45.45139,-73.556576,,,,Ville de Montreal Open Data,https://donnees.montreal.ca,2026-06-26
CTR_d3e9ccf9,Rampe de mise à l'eau / descente de bateaux,Recreation & Sport,,45.453976,-73.563915,,,,Ville de Montreal Open Data,https://donnees.montreal.ca,2026-06-26
CTR_1157c641,Balle,Recreation & Sport,,45.616418,-73.54931,,,,Ville de Montreal Open Data,https://donnees.montreal.ca,2026-06-26
CTR_dc590dc9,Aire de jeu 18 mois à 5 ans,Recreation & Sport,,45.592752,-73.642038,,,,Ville de Montreal Open Data,https://donnees.montreal.ca,2026-06-26
CTR_30f5c4c8,Belvédère,Recreation & Sport,,45.474251,-73.541137,,,,Ville de Montreal Open Data,https://donnees.montreal.ca,2026-06-26
CTR_23946cd8,Aire de jeu 18 mois à 5 ans,Recreation & Sport,,45.662275,-73.562678,,,,Ville de Montreal Open Data,https://donnees.montreal.ca,2026-06-26
CTR_19511fc2,Aire de jeu 18 mois à 5 ans,Recreation & Sport,,45.691894,-73.490185,,,,Ville de Montreal Open Data,https://donnees.montreal.ca,2026-06-26
CTR_417a4a07,Soccer à 11,Recreation & Sport,,45.43389,-73.595435,,,,Ville de Montreal Open Data,https://donnees.montreal.ca,2026-06-26
CTR_65a82b65,Balle,Recreation & Sport,,45.559934,-73.569486,,,,Ville de Montreal Open Data,https://donnees.montreal.ca,2026-06-26
CTR_f961f47b,Aire de jeu  5 à 12 ans,Recreation & Sport,,45.435021,-73.612399,,,,Ville de Montreal Open Data,https://donnees.montreal.ca,2026-06-26
CTR_d1fa79e6,Aire de jeu combiné,Recreation & Sport,,45.588185,-73.602406,,,,Ville de Montreal Open Data,https://donnees.montreal.ca,2026-06-26
CTR_c9d8669c,Soccer à 9,Recreation & Sport,,45.460835,-73.631506,,,,Ville de Montreal Open Data,https://donnees.montreal.ca,2026-06-26
CTR_4e6892a1,Piste d'athlétisme (400m) et équipements,Recreation & Sport,,45.574568,-73.53349,,,,Ville de Montreal Open Data,https://donnees.montreal.ca,2026-06-26
CTR_0cd10409,Aire de jeu 18 mois à 5 ans,Recreation & Sport,,45.457854,-73.648717,,,,Ville de Montreal Open Data,https://donnees.montreal.ca,2026-06-26
CTR_e9bb166d,Aire de jeu  5 à 12 ans,Recreation & Sport,,45.560675,-73.586802,,,,Ville de Montreal Open Data,https://donnees.montreal.ca,2026-06-26
CTR_adc752d1,Aire de jeu  5 à 12 ans,Recreation & Sport,,45.520859,-73.559813,,,,Ville de Montreal Open Data,https://donnees.montreal.ca,2026-06-26
CTR_966813fc,Aire de jeu 18 mois à 5 ans,Recreation & Sport,,45.549115,-73.638609,,,,Ville de Montreal Open Data,https://donnees.montreal.ca,2026-06-26
CTR_f05b5f44,Aire de jeu  5 à 12 ans,Recreation & Sport,,45.60289,-73.557001,,,,Ville de Montreal Open Data,https://donnees.montreal.ca,2026-06-26
CTR_6b71ab71,Basketball,Recreation & Sport,,45.434122,-73.636073,,,,Ville de Montreal Open Data,https://donnees.montreal.ca,2026-06-26
CTR_1c4771cf,Football,Recreation & Sport,,45.442892,-73.579764,,,,Ville de Montreal Open Data,https://donnees.montreal.ca,2026-06-26
CTR_9597ace3,Soccer à 7,Recreation & Sport,,45.477079,-73.555095,,,,Ville de Montreal Open Data,https://donnees.montreal.ca,2026-06-26
CTR_d4760e6c,Jeux d'eau,Recreation & Sport,,45.555364,-73.665163,,,,Ville de Montreal Open Data,https://donnees.montreal.ca,2026-06-26
CTR_e080bc80,Tennis,Recreation & Sport,,45.481739,-73.85253,,,,Ville de Montreal Open Data,https://donnees.montreal.ca,2026-06-26
CTR_a9db7292,Patinoire avec bandes,Recreation & Sport,,45.607051,-73.559715,,,,Ville de Montreal Open Data,https://donnees.montreal.ca,2026-06-26
CTR_fea5221c,Aire de jeu 18 mois à 5 ans,Recreation & Sport,,45.582842,-73.561515,,,,Ville de Montreal Open Data,https://donnees.montreal.ca,2026-06-26
CTR_9e6a3793,Soccer à 7,Recreation & Sport,,45.606736,-73.561769,,,,Ville de Montreal Open Data,https://donnees.montreal.ca,2026-06-26
CTR_0a63ba82,Abri soleil,Recreation & Sport,,45.490945,-73.871588,,,,Ville de Montreal Open Data,https://donnees.montreal.ca,2026-06-26
CTR_09d22765,Pataugeoire,Recreation & Sport,,45.691309,-73.487571,,,,Ville de Montreal Open Data,https://donnees.montreal.ca,2026-06-26
CTR_a895a810,Aire de lancer athlétisme,Recreation & Sport,,45.422273,-73.610703,,,,Ville de Montreal Open Data,https://donnees.montreal.ca,2026-06-26
CTR_3f22228e,Pataugeoire,Recreation & Sport,,45.537287,-73.628914,,,,Ville de Montreal Open Data,https://donnees.montreal.ca,2026-06-26
CTR_7516fb6d,Pétanque,Recreation & Sport,,45.577458,-73.553049,,,,Ville de Montreal Open Data,https://donnees.montreal.ca,2026-06-26
CTR_23f9ef4a,Aire de jeu  5 à 12 ans,Recreation & Sport,,45.571341,-73.541496,,,,Ville de Montreal Open Data,https://donnees.montreal.ca,2026-06-26
CTR_9fc7910b,Aire d'entraînement pour adultes,Recreation & Sport,,45.592793,-73.64897,,,,Ville de Montreal Open Data,https://donnees.montreal.ca,2026-06-26
CTR_80dabec3,Étang / lac,Recreation & Sport,,45.525713,-73.571851,,,,Ville de Montreal Open Data,https://donnees.montreal.ca,2026-06-26
CTR_cd386a61,Basketball,Recreation & Sport,,45.488754,-73.574965,,,,Ville de Montreal Open Data,https://donnees.montreal.ca,2026-06-26
CTR_1949141d,Aire de jeu 18 mois à 5 ans,Recreation & Sport,,45.456119,-73.571162,,,,Ville de Montreal Open Data,https://donnees.montreal.ca,2026-06-26
CTR_dce52476,Volleyball de plage,Recreation & Sport,,45.513286,-73.57997,,,,Ville de Montreal Open Data,https://donnees.montreal.ca,2026-06-26
CTR_5037a127,Aire de jeu 18 mois à 5 ans,Recreation & Sport,,45.459628,-73.874328,,,,Ville de Montreal Open Data,https://donnees.montreal.ca,2026-06-26
CTR_2a638d2a,Aire d'exercice canin,Recreation & Sport,,45.527293,-73.565676,,,,Ville de Montreal Open Data,https://donnees.montreal.ca,2026-06-26
CTR_b33ec9a2,Pataugeoire,Recreation & Sport,,45.528671,-73.570383,,,,Ville de Montreal Open Data,https://donnees.montreal.ca,2026-06-26
CTR_4d613d01,Sentier de ski de fond,Recreation & Sport,,45.595018,-73.508912,,,,Ville de Montreal Open Data,https://donnees.montreal.ca,2026-06-26
CTR_02130db7,Aire de jeu 18 mois à 5 ans,Recreation & Sport,,45.537725,-73.58072,,,,Ville de Montreal Open Data,https://donnees.montreal.ca,2026-06-26
CTR_43422654,Soccer à 11,Recreation & Sport,,45.533063,-73.588812,,,,Ville de Montreal Open Data,https://donnees.montreal.ca,2026-06-26
CTR_36ca14ec,Aire de jeu 18 mois à 5 ans,Recreation & Sport,,45.568741,-73.634548,,,,Ville de Montreal Open Data,https://donnees.montreal.ca,2026-06-26
CTR_92ce94dd,Aire de jeu 18 mois à 5 ans,Recreation & Sport,,45.583929,-73.609612,,,,Ville de Montreal Open Data,https://donnees.montreal.ca,2026-06-26
CTR_5d5fcb18,Aire de jeu 18 mois à 5 ans,Recreation & Sport,,45.525112,-73.610305,,,,Ville de Montreal Open Data,https://donnees.montreal.ca,2026-06-26
CTR_62cae695,Aire de jeu 18 mois à 5 ans,Recreation & Sport,,45.531493,-73.58749,,,,Ville de Montreal Open Data,https://donnees.montreal.ca,2026-06-26
CTR_ba584d0a,Football,Recreation & Sport,,45.51351,-73.672305,,,,Ville de Montreal Open Data,https://donnees.montreal.ca,2026-06-26
CTR_4bab928b,Aire de jeu 18 mois à 5 ans,Recreation & Sport,,45.519671,-73.575662,,,,Ville de Montreal Open Data,https://donnees.montreal.ca,2026-06-26
CTR_96bfdb8f,Aire de jeu 18 mois à 5 ans,Recreation & Sport,,45.580526,-73.582858,,,,Ville de Montreal Open Data,https://donnees.montreal.ca,2026-06-26
CTR_46c0756b,Balle,Recreation & Sport,,45.528073,-73.568016,,,,Ville de Montreal Open Data,https://donnees.montreal.ca,2026-06-26
CTR_2267b0a2,Aire de jeu 18 mois à 5 ans,Recreation & Sport,,45.523597,-73.5807,,,,Ville de Montreal Open Data,https://donnees.montreal.ca,2026-06-26
CTR_e6ed0d1a,Pétanque,Recreation & Sport,,45.527438,-73.569107,,,,Ville de Montreal Open Data,https://donnees.montreal.ca,2026-06-26
CTR_4e7c43d4,Ping-pong,Recreation & Sport,,45.539459,-73.573732,,,,Ville de Montreal Open Data,https://donnees.montreal.ca,2026-06-26
CTR_bd0685ee,Jeux d'eau,Recreation & Sport,,45.525893,-73.592654,,,,Ville de Montreal Open Data,https://donnees.montreal.ca,2026-06-26
CTR_b19aed53,Tennis,Recreation & Sport,,45.527643,-73.566791,,,,Ville de Montreal Open Data,https://donnees.montreal.ca,2026-06-26
CTR_906b9a14,Pataugeoire,Recreation & Sport,,45.534998,-73.564359,,,,Ville de Montreal Open Data,https://donnees.montreal.ca,2026-06-26
CTR_65e74d02,Balle,Recreation & Sport,,45.531521,-73.588562,,,,Ville de Montreal Open Data,https://donnees.montreal.ca,2026-06-26
CTR_1e8eebe3,Aire de jeu  5 à 12 ans,Recreation & Sport,,45.524215,-73.585868,,,,Ville de Montreal Open Data,https://donnees.montreal.ca,2026-06-26
CTR_c7aa6c4d,Soccer à 4-5,Recreation & Sport,,45.591551,-73.591583,,,,Ville de Montreal Open Data,https://donnees.montreal.ca,2026-06-26
CTR_f2fcc182,Soccer à 4-5,Recreation & Sport,,45.505052,-73.566623,,,,Ville de Montreal Open Data,https://donnees.montreal.ca,2026-06-26
CTR_da9feaa0,Tennis,Recreation & Sport,,45.584202,-73.611286,,,,Ville de Montreal Open Data,https://donnees.montreal.ca,2026-06-26
CTR_0e492dce,Belvédère,Recreation & Sport,,45.512504,-73.755414,,,,Ville de Montreal Open Data,https://donnees.montreal.ca,2026-06-26
CTR_9db4691e,Tennis,Recreation & Sport,,45.516034,-73.6906,,,,Ville de Montreal Open Data,https://donnees.montreal.ca,2026-06-26
CTR_84eae834,Tennis,Recreation & Sport,,45.477597,-73.616829,,,,Ville de Montreal Open Data,https://donnees.montreal.ca,2026-06-26
CTR_1b026898,Aire de jeu 18 mois à 5 ans,Recreation & Sport,,45.520468,-73.69517,,,,Ville de Montreal Open Data,https://donnees.montreal.ca,2026-06-26
CTR_eb75915e,Bocce,Recreation & Sport,,45.58528,-73.599355,,,,Ville de Montreal Open Data,https://donnees.montreal.ca,2026-06-26
CTR_e54856c2,Aire de jeu 18 mois à 5 ans,Recreation & Sport,,45.675943,-73.497311,,,,Ville de Montreal Open Data,https://donnees.montreal.ca,2026-06-26
CTR_297b444b,Jeux d'eau,Recreation & Sport,,45.591902,-73.590201,,,,Ville de Montreal Open Data,https://donnees.montreal.ca,2026-06-26
CTR_e328fed1,Pataugeoire,Recreation & Sport,,45.574052,-73.57062,,,,Ville de Montreal Open Data,https://donnees.montreal.ca,2026-06-26
CTR_56621555,Basketball,Recreation & Sport,,45.635764,-73.574837,,,,Ville de Montreal Open Data,https://donnees.montreal.ca,2026-06-26
CTR_5665210f,Bocce,Recreation & Sport,,45.59185,-73.589294,,,,Ville de Montreal Open Data,https://donnees.montreal.ca,2026-06-26
CTR_a69d9ee6,Aire de jeu 18 mois à 5 ans,Recreation & Sport,,45.659688,-73.499737,,,,Ville de Montreal Open Data,https://donnees.montreal.ca,2026-06-26
CTR_d39f682a,Balle,Recreation & Sport,,45.56091,-73.652184,,,,Ville de Montreal Open Data,https://donnees.montreal.ca,2026-06-26
CTR_c6e1b1b0,Rampe de mise à l'eau / descente de bateaux,Recreation & Sport,,45.487684,-73.863253,,,,Ville de Montreal Open Data,https://donnees.montreal.ca,2026-06-26
CTR_eb4f454b,Aire de jeu 18 mois à 5 ans,Recreation & Sport,,45.437217,-73.693812,,,,Ville de Montreal Open Data,https://donnees.montreal.ca,2026-06-26
CTR_62af4f1c,Aire de pique-nique,Recreation & Sport,,45.586922,-73.639851,,,,Ville de Montreal Open Data,https://donnees.montreal.ca,2026-06-26
CTR_0b5cf684,Balle,Recreation & Sport,,45.649794,-73.50136,,,,Ville de Montreal Open Data,https://donnees.montreal.ca,2026-06-26
CTR_fc3d8af8,Aire de jeu  5 à 12 ans,Recreation & Sport,,45.443586,-73.695894,,,,Ville de Montreal Open Data,https://donnees.montreal.ca,2026-06-26
CTR_968923c9,Tennis,Recreation & Sport,,45.488525,-73.883453,,,,Ville de Montreal Open Data,https://donnees.montreal.ca,2026-06-26
CTR_647c2172,Piste cyclable,Recreation & Sport,,45.579254,-73.657731,,,,Ville de Montreal Open Data,https://donnees.montreal.ca,2026-06-26
CTR_7526e542,Tennis,Recreation & Sport,,45.532973,-73.628378,,,,Ville de Montreal Open Data,https://donnees.montreal.ca,2026-06-26
CTR_ff911938,Aire de jeu 18 mois à 5 ans,Recreation & Sport,,45.502011,-73.633673,,,,Ville de Montreal Open Data,https://donnees.montreal.ca,2026-06-26
CTR_7572f7ce,Aire d'entraînement pour adultes,Recreation & Sport,,45.587946,-73.608068,,,,Ville de Montreal Open Data,https://donnees.montreal.ca,2026-06-26
CTR_3cdbc25f,Balle,Recreation & Sport,,45.527798,-73.686393,,,,Ville de Montreal Open Data,https://donnees.montreal.ca,2026-06-26
CTR_b5250dc4,Belvédère,Recreation & Sport,,45.458681,-73.947326,,,,Ville de Montreal Open Data,https://donnees.montreal.ca,2026-06-26
CTR_e76d5b56,Aire de jeu 18 mois à 5 ans,Recreation & Sport,,45.644399,-73.590695,,,,Ville de Montreal Open Data,https://donnees.montreal.ca,2026-06-26
CTR_526ab8ff,Soccer à 7,Recreation & Sport,,45.55099,-73.583374,,,,Ville de Montreal Open Data,https://donnees.montreal.ca,2026-06-26
CTR_856dcf2d,Aire de planche à roulette,Recreation & Sport,,45.529402,-73.559454,,,,Ville de Montreal Open Data,https://donnees.montreal.ca,2026-06-26
CTR_9ca66d6a,Aire de jeu  5 à 12 ans,Recreation & Sport,,45.50669,-73.633832,,,,Ville de Montreal Open Data,https://donnees.montreal.ca,2026-06-26
CTR_467af522,Sentier de ski de fond,Recreation & Sport,,45.428668,-73.681665,,,,Ville de Montreal Open Data,https://donnees.montreal.ca,2026-06-26
CTR_78d7058e,Soccer à 7,Recreation & Sport,,45.582538,-73.536087,,,,Ville de Montreal Open Data,https://donnees.montreal.ca,2026-06-26
CTR_2e9d0000,Pastille - Basketball,Recreation & Sport,,45.59724,-73.637134,,,,Ville de Montreal Open Data,https://donnees.montreal.ca,2026-06-26
CTR_e2c5568e,Aire de jeu 18 mois à 5 ans,Recreation & Sport,,45.547419,-73.63104,,,,Ville de Montreal Open Data,https://donnees.montreal.ca,2026-06-26
CTR_6ff424a1,Aire de pique-nique,Recreation & Sport,,45.514775,-73.534853,,,,Ville de Montreal Open Data,https://donnees.montreal.ca,2026-06-26
CTR_ed600d26,Soccer à 4-5,Recreation & Sport,,45.507747,-73.70728,,,,Ville de Montreal Open Data,https://donnees.montreal.ca,2026-06-26
CTR_69350843,Jeux d'eau,Recreation & Sport,,45.438575,-73.591682,,,,Ville de Montreal Open Data,https://donnees.montreal.ca,2026-06-26
CTR_e9c70135,Soccer à 4-5,Recreation & Sport,,45.446792,-73.714865,,,,Ville de Montreal Open Data,https://donnees.montreal.ca,2026-06-26
CTR_799fa38f,Aire d'entraînement pour adultes,Recreation & Sport,,45.584327,-73.609729,,,,Ville de Montreal Open Data,https://donnees.montreal.ca,2026-06-26
CTR_a3a9c805,Aire de jeu  5 à 12 ans,Recreation & Sport,,45.461545,-73.55626,,,,Ville de Montreal Open Data,https://donnees.montreal.ca,2026-06-26
CTR_23fb62f7,Aire de jeu 18 mois à 5 ans,Recreation & Sport,,45.48576,-73.853726,,,,Ville de Montreal Open Data,https://donnees.montreal.ca,2026-06-26
CTR_bbffb831,Aire de jeu 18 mois à 5 ans,Recreation & Sport,,45.483906,-73.581475,,,,Ville de Montreal Open Data,https://donnees.montreal.ca,2026-06-26
CTR_1c5b72bc,Aire d'exercice canin,Recreation & Sport,,45.571082,-73.587866,,,,Ville de Montreal Open Data,https://donnees.montreal.ca,2026-06-26
CTR_6979549b,Aire de jeu 18 mois à 5 ans,Recreation & Sport,,45.464531,-73.875294,,,,Ville de Montreal Open Data,https://donnees.montreal.ca,2026-06-26
CTR_aeb7c6b4,Pastille - Basketball,Recreation & Sport,,45.533599,-73.59271,,,,Ville de Montreal Open Data,https://donnees.montreal.ca,2026-06-26
CTR_9942f98f,Volleyball de plage,Recreation & Sport,,45.552231,-73.63811,,,,Ville de Montreal Open Data,https://donnees.montreal.ca,2026-06-26
CTR_3a3adeec,Aire de jeu 18 mois à 5 ans,Recreation & Sport,,45.539877,-73.573781,,,,Ville de Montreal Open Data,https://donnees.montreal.ca,2026-06-26
CTR_73b874b7,Aire de jeu 18 mois à 5 ans,Recreation & Sport,,45.546018,-73.616988,,,,Ville de Montreal Open Data,https://donnees.montreal.ca,2026-06-26
CTR_20d731c6,Aire de jeu  5 à 12 ans,Recreation & Sport,,45.529498,-73.695935,,,,Ville de Montreal Open Data,https://donnees.montreal.ca,2026-06-26
CTR_2500f137,Soccer à 11,Recreation & Sport,,45.50874,-73.702394,,,,Ville de Montreal Open Data,https://donnees.montreal.ca,2026-06-26
CTR_c2ea9026,Aire de pique-nique,Recreation & Sport,,45.615664,-73.623848,,,,Ville de Montreal Open Data,https://donnees.montreal.ca,2026-06-26
CTR_c905efcc,Aire de jeu 18 mois à 5 ans,Recreation & Sport,,45.448337,-73.584118,,,,Ville de Montreal Open Data,https://donnees.montreal.ca,2026-06-26
CTR_f4b01ae1,Anneau / Rond de glace,Recreation & Sport,,45.519744,-73.677568,,,,Ville de Montreal Open Data,https://donnees.montreal.ca,2026-06-26
CTR_3b1b83ad,Aire d'entraînement pour adultes,Recreation & Sport,,45.515191,-73.726605,,,,Ville de Montreal Open Data,https://donnees.montreal.ca,2026-06-26
CTR_c4172c78,Aire de jeu 18 mois à 5 ans,Recreation & Sport,,45.531608,-73.693067,,,,Ville de Montreal Open Data,https://donnees.montreal.ca,2026-06-26
CTR_30e9a4ff,Aire de jeu  5 à 12 ans,Recreation & Sport,,45.54196,-73.543366,,,,Ville de Montreal Open Data,https://donnees.montreal.ca,2026-06-26
CTR_dd82d919,Aire de jeu  5 à 12 ans,Recreation & Sport,,45.553034,-73.617214,,,,Ville de Montreal Open Data,https://donnees.montreal.ca,2026-06-26
CTR_94ebc480,Soccer à 11,Recreation & Sport,,45.561157,-73.551516,,,,Ville de Montreal Open Data,https://donnees.montreal.ca,2026-06-26
CTR_132c1f56,Balle,Recreation & Sport,,45.593927,-73.555451,,,,Ville de Montreal Open Data,https://donnees.montreal.ca,2026-06-26
CTR_5894570b,Tennis,Recreation & Sport,,45.562359,-73.599305,,,,Ville de Montreal Open Data,https://donnees.montreal.ca,2026-06-26
CTR_a9ba526a,Aire de jeu 18 mois à 5 ans,Recreation & Sport,,45.422238,-73.627634,,,,Ville de Montreal Open Data,https://donnees.montreal.ca,2026-06-26
CTR_e115b637,Bocce,Recreation & Sport,,45.581303,-73.583952,,,,Ville de Montreal Open Data,https://donnees.montreal.ca,2026-06-26
CTR_9af98565,Balle,Recreation & Sport,,45.4401,-73.695065,,,,Ville de Montreal Open Data,https://donnees.montreal.ca,2026-06-26
CTR_57790399,Aire de jeu 18 mois à 5 ans,Recreation & Sport,,45.621411,-73.620228,,,,Ville de Montreal Open Data,https://donnees.montreal.ca,2026-06-26
CTR_9b67e510,Cricket,Recreation & Sport,,45.535685,-73.627487,,,,Ville de Montreal Open Data,https://donnees.montreal.ca,2026-06-26
CTR_f1c45ea4,Basketball,Recreation & Sport,,45.663828,-73.551405,,,,Ville de Montreal Open Data,https://donnees.montreal.ca,2026-06-26
CTR_b38adfba,Soccer à 7,Recreation & Sport,,45.639043,-73.585208,,,,Ville de Montreal Open Data,https://donnees.montreal.ca,2026-06-26
CTR_c1d47e8c,Volleyball de plage,Recreation & Sport,,45.432899,-73.693921,,,,Ville de Montreal Open Data,https://donnees.montreal.ca,2026-06-26
CTR_7d30fb32,Grève / Plage,Recreation & Sport,,45.512291,-73.848464,,,,Ville de Montreal Open Data,https://donnees.montreal.ca,2026-06-26
CTR_9c5f6a39,Aire de jeu  5 à 12 ans,Recreation & Sport,,45.44661,-73.67128,,,,Ville de Montreal Open Data,https://donnees.montreal.ca,2026-06-26
CTR_6d49ba80,Aire de jeu 18 mois à 5 ans,Recreation & Sport,,45.631506,-73.583606,,,,Ville de Montreal Open Data,https://donnees.montreal.ca,2026-06-26
CTR_6b130118,Patinoire sans bandes,Recreation & Sport,,45.472794,-73.614465,,,,Ville de Montreal Open Data,https://donnees.montreal.ca,2026-06-26
CTR_cc858c6f,Soccer sous-terrain à 7,Recreation & Sport,,45.539246,-73.594483,,,,Ville de Montreal Open Data,https://donnees.montreal.ca,2026-06-26
CTR_5096c005,Patinoire avec bandes,Recreation & Sport,,45.526804,-73.568886,,,,Ville de Montreal Open Data,https://donnees.montreal.ca,2026-06-26
CTR_a2e3520b,Soccer à 7,Recreation & Sport,,45.457964,-73.590016,,,,Ville de Montreal Open Data,https://donnees.montreal.ca,2026-06-26
CTR_bbdb4adf,Aire de jeu 18 mois à 5 ans,Recreation & Sport,,45.521897,-73.564453,,,,Ville de Montreal Open Data,https://donnees.montreal.ca,2026-06-26
CTR_19ddbc5b,Aire de jeu  5 à 12 ans,Recreation & Sport,,45.640964,-73.500477,,,,Ville de Montreal Open Data,https://donnees.montreal.ca,2026-06-26
CTR_19292cd3,Aire de pique-nique,Recreation & Sport,,45.613449,-73.533058,,,,Ville de Montreal Open Data,https://donnees.montreal.ca,2026-06-26
CTR_d6416737,Soccer à 11,Recreation & Sport,,45.49846,-73.852412,,,,Ville de Montreal Open Data,https://donnees.montreal.ca,2026-06-26
CTR_d09a8a95,Balle,Recreation & Sport,,45.519564,-73.677237,,,,Ville de Montreal Open Data,https://donnees.montreal.ca,2026-06-26
CTR_f4494007,Basketball,Recreation & Sport,,45.507676,-73.681935,,,,Ville de Montreal Open Data,https://donnees.montreal.ca,2026-06-26
CTR_a1a24816,Jeux d'eau,Recreation & Sport,,45.464833,-73.568791,,,,Ville de Montreal Open Data,https://donnees.montreal.ca,2026-06-26
CTR_fdf4d896,Jeux d'eau,Recreation & Sport,,45.538219,-73.610604,,,,Ville de Montreal Open Data,https://donnees.montreal.ca,2026-06-26
CTR_ea01d96f,Patinoire 4 saisons,Recreation & Sport,,45.480844,-73.866781,,,,Ville de Montreal Open Data,https://donnees.montreal.ca,2026-06-26
CTR_4995f4e9,Aire de jeu 18 mois à 5 ans,Recreation & Sport,,45.55244,-73.567876,,,,Ville de Montreal Open Data,https://donnees.montreal.ca,2026-06-26
CTR_6ff4c0e7,Volleyball de plage,Recreation & Sport,,45.574836,-73.571155,,,,Ville de Montreal Open Data,https://donnees.montreal.ca,2026-06-26
CTR_a56e7898,Aire de jeu 18 mois à 5 ans,Recreation & Sport,,45.663716,-73.552353,,,,Ville de Montreal Open Data,https://donnees.montreal.ca,2026-06-26
CTR_021835d9,Piscine extérieure,Recreation & Sport,,45.471872,-73.637936,,,,Ville de Montreal Open Data,https://donnees.montreal.ca,2026-06-26
CTR_4531bcab,Soccer à 4-5,Recreation & Sport,,45.440875,-73.708321,,,,Ville de Montreal Open Data,https://donnees.montreal.ca,2026-06-26
CTR_0e290280,Aire de jeu  5 à 12 ans,Recreation & Sport,,45.640735,-73.509082,,,,Ville de Montreal Open Data,https://donnees.montreal.ca,2026-06-26
CTR_699e1946,Pataugeoire,Recreation & Sport,,45.440699,-73.70257,,,,Ville de Montreal Open Data,https://donnees.montreal.ca,2026-06-26
CTR_21041ee6,Jeux d'eau,Recreation & Sport,,45.538965,-73.689024,,,,Ville de Montreal Open Data,https://donnees.montreal.ca,2026-06-26
CTR_23125caf,Aire de jeu 18 mois à 5 ans,Recreation & Sport,,45.475032,-73.86106,,,,Ville de Montreal Open Data,https://donnees.montreal.ca,2026-06-26
CTR_213495dd,Aire de jeu 18 mois à 5 ans,Recreation & Sport,,45.474645,-73.592263,,,,Ville de Montreal Open Data,https://donnees.montreal.ca,2026-06-26
CTR_d7b6d1f1,Patinoire sans bandes,Recreation & Sport,,45.577258,-73.553724,,,,Ville de Montreal Open Data,https://donnees.montreal.ca,2026-06-26
CTR_875f016a,Aire de glissade,Recreation & Sport,,45.510137,-73.533827,,,,Ville de Montreal Open Data,https://donnees.montreal.ca,2026-06-26
CTR_4546478d,Aire de pêche autorisée,Recreation & Sport,,45.578914,-73.660721,,,,Ville de Montreal Open Data,https://donnees.montreal.ca,2026-06-26
CTR_6b0157d1,Aire de jeu 18 mois à 5 ans,Recreation & Sport,,45.489635,-73.569629,,,,Ville de Montreal Open Data,https://donnees.montreal.ca,2026-06-26
CTR_88266fe3,Aire de jeu 18 mois à 5 ans,Recreation & Sport,,45.492619,-73.844601,,,,Ville de Montreal Open Data,https://donnees.montreal.ca,2026-06-26
CTR_4291408f,Soccer à 11,Recreation & Sport,,45.423911,-73.647952,,,,Ville de Montreal Open Data,https://donnees.montreal.ca,2026-06-26
CTR_75e19a80,Balle,Recreation & Sport,,45.476073,-73.572198,,,,Ville de Montreal Open Data,https://donnees.montreal.ca,2026-06-26
CTR_f36535bf,Aire de jeu  5 à 12 ans,Recreation & Sport,,45.527875,-73.668573,,,,Ville de Montreal Open Data,https://donnees.montreal.ca,2026-06-26
CTR_66690c39,Jeux d'eau,Recreation & Sport,,45.51294,-73.533995,,,,Ville de Montreal Open Data,https://donnees.montreal.ca,2026-06-26
CTR_cb62c293,Aire de jeu  5 à 12 ans,Recreation & Sport,,45.431128,-73.66057,,,,Ville de Montreal Open Data,https://donnees.montreal.ca,2026-06-26
CTR_e9e3b320,Aire de jeu  5 à 12 ans,Recreation & Sport,,45.531516,-73.692853,,,,Ville de Montreal Open Data,https://donnees.montreal.ca,2026-06-26
CTR_348a292f,Aire de jeu  5 à 12 ans,Recreation & Sport,,45.555153,-73.664808,,,,Ville de Montreal Open Data,https://donnees.montreal.ca,2026-06-26
CTR_cd853d82,Sentier pédestre,Recreation & Sport,,45.580075,-73.549752,,,,Ville de Montreal Open Data,https://donnees.montreal.ca,2026-06-26
CTR_3d1f2881,Piste d'athlétisme (400m) et équipements,Recreation & Sport,,45.45509,-73.605082,,,,Ville de Montreal Open Data,https://donnees.montreal.ca,2026-06-26
CTR_df6d6087,Piscine extérieure,Recreation & Sport,,45.443622,-73.575746,,,,Ville de Montreal Open Data,https://donnees.montreal.ca,2026-06-26
CTR_2f6d310b,Piscine extérieure,Recreation & Sport,,45.544265,-73.576387,,,,Ville de Montreal Open Data,https://donnees.montreal.ca,2026-06-26
CTR_a0e9406c,Fer / Galet,Recreation & Sport,,45.569287,-73.571467,,,,Ville de Montreal Open Data,https://donnees.montreal.ca,2026-06-26
CTR_9ba36978,Aire de jeu combiné,Recreation & Sport,,45.487797,-73.883829,,,,Ville de Montreal Open Data,https://donnees.montreal.ca,2026-06-26
CTR_98994769,Soccer à 4-5,Recreation & Sport,,45.46434,-73.891096,,,,Ville de Montreal Open Data,https://donnees.montreal.ca,2026-06-26
CTR_ca000ac3,Aire de jeu 18 mois à 5 ans,Recreation & Sport,,45.506573,-73.715677,,,,Ville de Montreal Open Data,https://donnees.montreal.ca,2026-06-26
CTR_82143f6e,Patinoire sans bandes,Recreation & Sport,,45.489505,-73.574108,,,,Ville de Montreal Open Data,https://donnees.montreal.ca,2026-06-26
CTR_ba70f054,Jeux d'eau,Recreation & Sport,,45.433964,-73.652724,,,,Ville de Montreal Open Data,https://donnees.montreal.ca,2026-06-26
CTR_394bb5af,Cricket,Recreation & Sport,,45.428148,-73.603118,,,,Ville de Montreal Open Data,https://donnees.montreal.ca,2026-06-26
CTR_87533058,Patinoire avec bandes,Recreation & Sport,,45.502536,-73.688905,,,,Ville de Montreal Open Data,https://donnees.montreal.ca,2026-06-26
CTR_53e5dbd2,Aire de jeu  5 à 12 ans,Recreation & Sport,,45.446082,-73.649286,,,,Ville de Montreal Open Data,https://donnees.montreal.ca,2026-06-26
CTR_5d896399,Aire de pique-nique,Recreation & Sport,,45.681674,-73.490555,,,,Ville de Montreal Open Data,https://donnees.montreal.ca,2026-06-26
CTR_05e83bf7,Aire d'entraînement pour adultes,Recreation & Sport,,45.489625,-73.582096,,,,Ville de Montreal Open Data,https://donnees.montreal.ca,2026-06-26
CTR_94de0d8f,Soccer à 7,Recreation & Sport,,45.484636,-73.560232,,,,Ville de Montreal Open Data,https://donnees.montreal.ca,2026-06-26
CTR_24af59cb,Abri soleil,Recreation & Sport,,45.615293,-73.623121,,,,Ville de Montreal Open Data,https://donnees.montreal.ca,2026-06-26
CTR_e840b780,Aire de pique-nique,Recreation & Sport,,45.582147,-73.648074,,,,Ville de Montreal Open Data,https://donnees.montreal.ca,2026-06-26
CTR_092c2852,Volleyball de plage,Recreation & Sport,,45.535829,-73.716969,,,,Ville de Montreal Open Data,https://donnees.montreal.ca,2026-06-26
CTR_a0405f90,Aire de jeu 18 mois à 5 ans,Recreation & Sport,,45.433755,-73.621654,,,,Ville de Montreal Open Data,https://donnees.montreal.ca,2026-06-26
CTR_3b2d38ca,Aire d'exercice canin,Recreation & Sport,,45.52978,-73.559243,,,,Ville de Montreal Open Data,https://donnees.montreal.ca,2026-06-26
CTR_a41902a9,Aire de planche à roulette,Recreation & Sport,,45.537746,-73.687628,,,,Ville de Montreal Open Data,https://donnees.montreal.ca,2026-06-26
CTR_0d35288e,Patinoire sans bandes,Recreation & Sport,,45.668237,-73.492076,,,,Ville de Montreal Open Data,https://donnees.montreal.ca,2026-06-26
CTR_be1b5836,Aire de jeu  5 à 12 ans,Recreation & Sport,,45.459521,-73.874165,,,,Ville de Montreal Open Data,https://donnees.montreal.ca,2026-06-26
CTR_d7c0f350,Aire d'entraînement pour adultes,Recreation & Sport,,45.52037,-73.618433,,,,Ville de Montreal Open Data,https://donnees.montreal.ca,2026-06-26
CTR_8421d9b2,Aire d'exercice canin,Recreation & Sport,,45.578444,-73.596888,,,,Ville de Montreal Open Data,https://donnees.montreal.ca,2026-06-26
CTR_fac47499,Aire de jeu  5 à 12 ans,Recreation & Sport,,45.522992,-73.562367,,,,Ville de Montreal Open Data,https://donnees.montreal.ca,2026-06-26
CTR_a826d2f5,Aire de jeu 18 mois à 5 ans,Recreation & Sport,,45.447314,-73.558352,,,,Ville de Montreal Open Data,https://donnees.montreal.ca,2026-06-26
CTR_09d0311b,Aire de jeu  5 à 12 ans,Recreation & Sport,,45.59303,-73.642119,,,,Ville de Montreal Open Data,https://donnees.montreal.ca,2026-06-26
CTR_362fed60,Jeux d'eau,Recreation & Sport,,45.419848,-73.613287,,,,Ville de Montreal Open Data,https://donnees.montreal.ca,2026-06-26
CTR_a72f594f,Soccer à 7,Recreation & Sport,,45.572998,-73.591193,,,,Ville de Montreal Open Data,https://donnees.montreal.ca,2026-06-26
CTR_db3455b5,Aire de jeu  5 à 12 ans,Recreation & Sport,,45.679484,-73.503721,,,,Ville de Montreal Open Data,https://donnees.montreal.ca,2026-06-26
CTR_9cf06be7,Aire de jeu 18 mois à 5 ans,Recreation & Sport,,45.63711,-73.590034,,,,Ville de Montreal Open Data,https://donnees.montreal.ca,2026-06-26
CTR_fbabc5a5,Tennis,Recreation & Sport,,45.500815,-73.624838,,,,Ville de Montreal Open Data,https://donnees.montreal.ca,2026-06-26
CTR_6f8600c3,Patinoire avec bandes,Recreation & Sport,,45.533895,-73.642611,,,,Ville de Montreal Open Data,https://donnees.montreal.ca,2026-06-26
CTR_99cf8994,Aire de jeu 18 mois à 5 ans,Recreation & Sport,,45.602713,-73.557126,,,,Ville de Montreal Open Data,https://donnees.montreal.ca,2026-06-26
CTR_955c0515,Aire de jeu combiné,Recreation & Sport,,45.470796,-73.882683,,,,Ville de Montreal Open Data,https://donnees.montreal.ca,2026-06-26
CTR_0edef959,Piscine extérieure,Recreation & Sport,,45.521302,-73.615766,,,,Ville de Montreal Open Data,https://donnees.montreal.ca,2026-06-26
CTR_4533a092,Aire de jeu  5 à 12 ans,Recreation & Sport,,45.613772,-73.53377,,,,Ville de Montreal Open Data,https://donnees.montreal.ca,2026-06-26
CTR_da5af8fd,Piscine extérieure,Recreation & Sport,,45.48723,-73.882796,,,,Ville de Montreal Open Data,https://donnees.montreal.ca,2026-06-26
CTR_d303f32f,Basketball,Recreation & Sport,,45.430844,-73.639954,,,,Ville de Montreal Open Data,https://donnees.montreal.ca,2026-06-26
CTR_c38f8a91,Patinoire avec bandes,Recreation & Sport,,45.555287,-73.612764,,,,Ville de Montreal Open Data,https://donnees.montreal.ca,2026-06-26
CTR_beba44da,Jeux d'eau,Recreation & Sport,,45.434234,-73.596453,,,,Ville de Montreal Open Data,https://donnees.montreal.ca,2026-06-26
CTR_fe88001b,Piste d'athlétisme (440m) et équipements,Recreation & Sport,,45.492752,-73.623305,,,,Ville de Montreal Open Data,https://donnees.montreal.ca,2026-06-26
CTR_7cc66da9,Balle,Recreation & Sport,,45.568202,-73.614423,,,,Ville de Montreal Open Data,https://donnees.montreal.ca,2026-06-26
CTR_1361a5f3,Aire de planche à roulette,Recreation & Sport,,45.575839,-73.539245,,,,Ville de Montreal Open Data,https://donnees.montreal.ca,2026-06-26
CTR_f7a9abbf,Patinoire sans bandes,Recreation & Sport,,45.531291,-73.611759,,,,Ville de Montreal Open Data,https://donnees.montreal.ca,2026-06-26
CTR_423a61a8,Pétanque,Recreation & Sport,,45.527075,-73.60457,,,,Ville de Montreal Open Data,https://donnees.montreal.ca,2026-06-26
CTR_2b40b30c,Patinoire avec bandes,Recreation & Sport,,45.592842,-73.555649,,,,Ville de Montreal Open Data,https://donnees.montreal.ca,2026-06-26
CTR_339f4f46,Pataugeoire,Recreation & Sport,,45.599302,-73.623156,,,,Ville de Montreal Open Data,https://donnees.montreal.ca,2026-06-26
CTR_351e6ec9,Sentier de ski de fond,Recreation & Sport,,45.46111,-73.645659,,,,Ville de Montreal Open Data,https://donnees.montreal.ca,2026-06-26
CTR_d39a77a0,Aire d'entraînement pour adultes,Recreation & Sport,,45.548247,-73.650146,,,,Ville de Montreal Open Data,https://donnees.montreal.ca,2026-06-26
CTR_e091fbff,Aire de jeu  5 à 12 ans,Recreation & Sport,,45.615069,-73.555218,,,,Ville de Montreal Open Data,https://donnees.montreal.ca,2026-06-26
CTR_313fe43a,Aire de jeu  5 à 12 ans,Recreation & Sport,,45.626721,-73.616451,,,,Ville de Montreal Open Data,https://donnees.montreal.ca,2026-06-26
CTR_b500fae3,Rampe de mise à l'eau / descente de bateaux,Recreation & Sport,,45.453797,-73.937942,,,,Ville de Montreal Open Data,https://donnees.montreal.ca,2026-06-26
CTR_f8e84337,Aire de jeu  5 à 12 ans,Recreation & Sport,,45.417197,-73.621463,,,,Ville de Montreal Open Data,https://donnees.montreal.ca,2026-06-26
CTR_c7ed1349,Jeux d'eau,Recreation & Sport,,45.447042,-73.570878,,,,Ville de Montreal Open Data,https://donnees.montreal.ca,2026-06-26
CTR_f0208487,Toit vert,Recreation & Sport,,45.466189,-73.631895,,,,Ville de Montreal Open Data,https://donnees.montreal.ca,2026-06-26
CTR_a505ac08,Patinoire avec bandes,Recreation & Sport,,45.577457,-73.609302,,,,Ville de Montreal Open Data,https://donnees.montreal.ca,2026-06-26
CTR_fc484249,Piscine extérieure,Recreation & Sport,,45.472663,-73.584678,,,,Ville de Montreal Open Data,https://donnees.montreal.ca,2026-06-26
CTR_f4871841,Aire de jeu  5 à 12 ans,Recreation & Sport,,45.476269,-73.855532,,,,Ville de Montreal Open Data,https://donnees.montreal.ca,2026-06-26
CTR_972f08b1,Soccer à 4-5,Recreation & Sport,,45.505565,-73.780865,,,,Ville de Montreal Open Data,https://donnees.montreal.ca,2026-06-26
CTR_28aac747,Basketball,Recreation & Sport,,45.509271,-73.811306,,,,Ville de Montreal Open Data,https://donnees.montreal.ca,2026-06-26
CTR_70bdef13,Palet,Recreation & Sport,,45.571553,-73.654514,,,,Ville de Montreal Open Data,https://donnees.montreal.ca,2026-06-26
CTR_0bcb8026,Balle,Recreation & Sport,,45.444005,-73.679819,,,,Ville de Montreal Open Data,https://donnees.montreal.ca,2026-06-26
CTR_c0e03997,Aire de pêche autorisée,Recreation & Sport,,45.435011,-73.704616,,,,Ville de Montreal Open Data,https://donnees.montreal.ca,2026-06-26
CTR_50d80231,Soccer à 4-5,Recreation & Sport,,45.581911,-73.556831,,,,Ville de Montreal Open Data,https://donnees.montreal.ca,2026-06-26
CTR_5435f413,Jeux d'eau,Recreation & Sport,,45.52226,-73.720484,,,,Ville de Montreal Open Data,https://donnees.montreal.ca,2026-06-26
CTR_38a7d900,Aire de planche à roulette,Recreation & Sport,,45.643997,-73.587519,,,,Ville de Montreal Open Data,https://donnees.montreal.ca,2026-06-26
CTR_46aae2f1,Aire de jeu 18 mois à 5 ans,Recreation & Sport,,45.528075,-73.732374,,,,Ville de Montreal Open Data,https://donnees.montreal.ca,2026-06-26
CTR_1e1601a7,Jeux d'eau,Recreation & Sport,,45.56866,-73.634748,,,,Ville de Montreal Open Data,https://donnees.montreal.ca,2026-06-26
CTR_626747ba,Patinoire sans bandes,Recreation & Sport,,45.433092,-73.691414,,,,Ville de Montreal Open Data,https://donnees.montreal.ca,2026-06-26
CTR_45290975,Balle,Recreation & Sport,,45.607582,-73.518269,,,,Ville de Montreal Open Data,https://donnees.montreal.ca,2026-06-26
CTR_e3e81c6c,Soccer / Football,Recreation & Sport,,45.492914,-73.623718,,,,Ville de Montreal Open Data,https://donnees.montreal.ca,2026-06-26
CTR_837f2222,Sentier pédestre,Recreation & Sport,,45.561811,-73.556516,,,,Ville de Montreal Open Data,https://donnees.montreal.ca,2026-06-26
CTR_6d72fa4b,Piste d'athlétisme (400m) et équipements,Recreation & Sport,,45.472419,-73.640797,,,,Ville de Montreal Open Data,https://donnees.montreal.ca,2026-06-26
CTR_19742a5f,Aire de pique-nique,Recreation & Sport,,45.50587,-73.763235,,,,Ville de Montreal Open Data,https://donnees.montreal.ca,2026-06-26
CTR_a19364c4,Aire d'entraînement pour adultes,Recreation & Sport,,45.525043,-73.711505,,,,Ville de Montreal Open Data,https://donnees.montreal.ca,2026-06-26
CTR_308d7d12,Fer / Galet,Recreation & Sport,,45.595767,-73.559492,,,,Ville de Montreal Open Data,https://donnees.montreal.ca,2026-06-26
CTR_7ca1d97f,Aire de jeu combiné,Recreation & Sport,,45.594417,-73.606948,,,,Ville de Montreal Open Data,https://donnees.montreal.ca,2026-06-26
CTR_8cf0038f,Soccer à 11,Recreation & Sport,,45.618672,-73.603982,,,,Ville de Montreal Open Data,https://donnees.montreal.ca,2026-06-26
CTR_3c04a991,Pétanque,Recreation & Sport,,45.595613,-73.53817,,,,Ville de Montreal Open Data,https://donnees.montreal.ca,2026-06-26
CTR_20994b9d,Sentier pédestre,Recreation & Sport,,45.489357,-73.868963,,,,Ville de Montreal Open Data,https://donnees.montreal.ca,2026-06-26
CTR_cf99f3a7,Aire de jeu 18 mois à 5 ans,Recreation & Sport,,45.560368,-73.651104,,,,Ville de Montreal Open Data,https://donnees.montreal.ca,2026-06-26
CTR_0b078e00,Aire de jeu  5 à 12 ans,Recreation & Sport,,45.52945,-73.675587,,,,Ville de Montreal Open Data,https://donnees.montreal.ca,2026-06-26
CTR_c8adc605,Aire de jeu  5 à 12 ans,Recreation & Sport,,45.443919,-73.65285,,,,Ville de Montreal Open Data,https://donnees.montreal.ca,2026-06-26
CTR_a5e45e68,Aire de jeu  5 à 12 ans,Recreation & Sport,,45.474622,-73.565926,,,,Ville de Montreal Open Data,https://donnees.montreal.ca,2026-06-26
CTR_30b87922,Tennis,Recreation & Sport,,45.537223,-73.68635,,,,Ville de Montreal Open Data,https://donnees.montreal.ca,2026-06-26
CTR_383c15c1,Jeux d'eau,Recreation & Sport,,45.592727,-73.636063,,,,Ville de Montreal Open Data,https://donnees.montreal.ca,2026-06-26
CTR_a2db9d16,Jeux d'eau,Recreation & Sport,,45.429443,-73.659181,,,,Ville de Montreal Open Data,https://donnees.montreal.ca,2026-06-26
CTR_b48be45b,Piscine extérieure,Recreation & Sport,,45.608687,-73.549636,,,,Ville de Montreal Open Data,https://donnees.montreal.ca,2026-06-26
CTR_1af7271b,Quai,Recreation & Sport,,45.509491,-73.784359,,,,Ville de Montreal Open Data,https://donnees.montreal.ca,2026-06-26
CTR_bd50bf67,Aire de planche à roulette,Recreation & Sport,,45.464945,-73.562226,,,,Ville de Montreal Open Data,https://donnees.montreal.ca,2026-06-26
CTR_9f5e19b7,Jeu d'échecs,Recreation & Sport,,45.523241,-73.559748,,,,Ville de Montreal Open Data,https://donnees.montreal.ca,2026-06-26
CTR_248b7b0e,Jeux d'eau,Recreation & Sport,,45.530148,-73.717672,,,,Ville de Montreal Open Data,https://donnees.montreal.ca,2026-06-26
CTR_81a693b9,Aire de jeu combiné,Recreation & Sport,,45.596438,-73.61078,,,,Ville de Montreal Open Data,https://donnees.montreal.ca,2026-06-26
CTR_508e77d2,Aire de jeu 18 mois à 5 ans,Recreation & Sport,,45.503372,-73.689897,,,,Ville de Montreal Open Data,https://donnees.montreal.ca,2026-06-26
CTR_5cd464a5,Aire de jeu  5 à 12 ans,Recreation & Sport,,45.663875,-73.55181,,,,Ville de Montreal Open Data,https://donnees.montreal.ca,2026-06-26
CTR_c981019e,Sentier pédestre,Recreation & Sport,,45.42877,-73.6667,,,,Ville de Montreal Open Data,https://donnees.montreal.ca,2026-06-26
CTR_8ddd661b,Aire de jeu 18 mois à 5 ans,Recreation & Sport,,45.571504,-73.562535,,,,Ville de Montreal Open Data,https://donnees.montreal.ca,2026-06-26
CTR_4e38ce50,Ping-pong,Recreation & Sport,,45.489831,-73.573926,,,,Ville de Montreal Open Data,https://donnees.montreal.ca,2026-06-26
CTR_76f12579,Piscine extérieure,Recreation & Sport,,45.45779,-73.881012,,,,Ville de Montreal Open Data,https://donnees.montreal.ca,2026-06-26
CTR_1f05910b,Palet,Recreation & Sport,,45.552056,-73.568311,,,,Ville de Montreal Open Data,https://donnees.montreal.ca,2026-06-26
CTR_b6bf1def,Pétanque,Recreation & Sport,,45.55043,-73.677857,,,,Ville de Montreal Open Data,https://donnees.montreal.ca,2026-06-26
CTR_44ed075a,Ping-pong,Recreation & Sport,,45.592893,-73.591108,,,,Ville de Montreal Open Data,https://donnees.montreal.ca,2026-06-26
CTR_8963fbd2,Pastille - Basketball,Recreation & Sport,,45.581169,-73.520499,,,,Ville de Montreal Open Data,https://donnees.montreal.ca,2026-06-26
CTR_65dd7135,Pataugeoire,Recreation & Sport,,45.604079,-73.583884,,,,Ville de Montreal Open Data,https://donnees.montreal.ca,2026-06-26
CTR_b5cce64b,Aire de jeu  5 à 12 ans,Recreation & Sport,,45.597063,-73.528519,,,,Ville de Montreal Open Data,https://donnees.montreal.ca,2026-06-26
CTR_59b39b5a,Aire d'entraînement pour adultes,Recreation & Sport,,45.445884,-73.558209,,,,Ville de Montreal Open Data,https://donnees.montreal.ca,2026-06-26
CTR_427959a7,Sentier de ski de fond,Recreation & Sport,,45.516618,-73.533901,,,,Ville de Montreal Open Data,https://donnees.montreal.ca,2026-06-26
CTR_4fb5a6f9,Aire de jeu combiné,Recreation & Sport,,45.685595,-73.492765,,,,Ville de Montreal Open Data,https://donnees.montreal.ca,2026-06-26
CTR_e9559013,Aire de jeu  5 à 12 ans,Recreation & Sport,,45.508156,-73.799774,,,,Ville de Montreal Open Data,https://donnees.montreal.ca,2026-06-26
CTR_dd497c07,Soccer sous-terrain à 7,Recreation & Sport,,45.455952,-73.55809,,,,Ville de Montreal Open Data,https://donnees.montreal.ca,2026-06-26
CTR_7c54898a,Bocce,Recreation & Sport,,45.538007,-73.629868,,,,Ville de Montreal Open Data,https://donnees.montreal.ca,2026-06-26
CTR_7a6a1588,Aire de jeu 18 mois à 5 ans,Recreation & Sport,,45.417927,-73.626421,,,,Ville de Montreal Open Data,https://donnees.montreal.ca,2026-06-26
CTR_6255c1a0,Aire de jeu combiné,Recreation & Sport,,45.614211,-73.612205,,,,Ville de Montreal Open Data,https://donnees.montreal.ca,2026-06-26
CTR_f2024515,Soccer à 11,Recreation & Sport,,45.614203,-73.53596,,,,Ville de Montreal Open Data,https://donnees.montreal.ca,2026-06-26
CTR_fea2924c,Tennis,Recreation & Sport,,45.506171,-73.817174,,,,Ville de Montreal Open Data,https://donnees.montreal.ca,2026-06-26
CTR_56363876,Aire de jeu  5 à 12 ans,Recreation & Sport,,45.496695,-73.837957,,,,Ville de Montreal Open Data,https://donnees.montreal.ca,2026-06-26
CTR_41881727,Aire de jeu 18 mois à 5 ans,Recreation & Sport,,45.569886,-73.626251,,,,Ville de Montreal Open Data,https://donnees.montreal.ca,2026-06-26
CTR_c6d07674,Soccer à 7,Recreation & Sport,,45.480556,-73.866322,,,,Ville de Montreal Open Data,https://donnees.montreal.ca,2026-06-26
CTR_23ed0239,Aire de jeu  5 à 12 ans,Recreation & Sport,,45.531253,-73.587667,,,,Ville de Montreal Open Data,https://donnees.montreal.ca,2026-06-26
CTR_475795bd,Aire de jeu  5 à 12 ans,Recreation & Sport,,45.455078,-73.639495,,,,Ville de Montreal Open Data,https://donnees.montreal.ca,2026-06-26
CTR_68fd4bb4,Pastille - Basketball,Recreation & Sport,,45.505821,-73.781622,,,,Ville de Montreal Open Data,https://donnees.montreal.ca,2026-06-26
CTR_501b68f3,Aire de jeu 18 mois à 5 ans,Recreation & Sport,,45.551112,-73.602822,,,,Ville de Montreal Open Data,https://donnees.montreal.ca,2026-06-26
CTR_903418f1,Volleyball de plage,Recreation & Sport,,45.590829,-73.563242,,,,Ville de Montreal Open Data,https://donnees.montreal.ca,2026-06-26
CTR_08ae0dce,Aire de pique-nique,Recreation & Sport,,45.497093,-73.618936,,,,Ville de Montreal Open Data,https://donnees.montreal.ca,2026-06-26
CTR_6e9b4c13,Soccer / Football,Recreation & Sport,,45.55357,-73.634317,,,,Ville de Montreal Open Data,https://donnees.montreal.ca,2026-06-26
CTR_fbc4bc55,Aire de pêche autorisée,Recreation & Sport,,45.468826,-73.92147,,,,Ville de Montreal Open Data,https://donnees.montreal.ca,2026-06-26
CTR_dcec08c2,Aire de pique-nique,Recreation & Sport,,45.483494,-73.635656,,,,Ville de Montreal Open Data,https://donnees.montreal.ca,2026-06-26
CTR_178796a8,Aire de jeu combiné,Recreation & Sport,,45.583513,-73.633192,,,,Ville de Montreal Open Data,https://donnees.montreal.ca,2026-06-26
CTR_0fd8a30d,Football,Recreation & Sport,,45.47732,-73.553543,,,,Ville de Montreal Open Data,https://donnees.montreal.ca,2026-06-26
CTR_24ba58c9,Tennis,Recreation & Sport,,45.506119,-73.802361,,,,Ville de Montreal Open Data,https://donnees.montreal.ca,2026-06-26
CTR_dab4fe9b,Aire de jeu 18 mois à 5 ans,Recreation & Sport,,45.508877,-73.62205,,,,Ville de Montreal Open Data,https://donnees.montreal.ca,2026-06-26
CTR_980d2c62,Soccer à 11,Recreation & Sport,,45.454932,-73.604636,,,,Ville de Montreal Open Data,https://donnees.montreal.ca,2026-06-26
CTR_7203735e,Patinoire 4 saisons,Recreation & Sport,,45.553283,-73.59215,,,,Ville de Montreal Open Data,https://donnees.montreal.ca,2026-06-26
CTR_7cc0bf98,Balle,Recreation & Sport,,45.536689,-73.717853,,,,Ville de Montreal Open Data,https://donnees.montreal.ca,2026-06-26
CTR_ac792c83,Patinoire avec bandes,Recreation & Sport,,45.484255,-73.636564,,,,Ville de Montreal Open Data,https://donnees.montreal.ca,2026-06-26
CTR_400002c4,Aire de jeu  5 à 12 ans,Recreation & Sport,,45.557643,-73.57717,,,,Ville de Montreal Open Data,https://donnees.montreal.ca,2026-06-26
CTR_b89e3e50,Pataugeoire,Recreation & Sport,,45.478992,-73.56454,,,,Ville de Montreal Open Data,https://donnees.montreal.ca,2026-06-26
CTR_0672a401,Patinoire sans bandes,Recreation & Sport,,45.545831,-73.540316,,,,Ville de Montreal Open Data,https://donnees.montreal.ca,2026-06-26
CTR_211d5b26,Soccer / Football,Recreation & Sport,,45.457648,-73.636156,,,,Ville de Montreal Open Data,https://donnees.montreal.ca,2026-06-26
CTR_c9710828,Aire de jeu  5 à 12 ans,Recreation & Sport,,45.693441,-73.482485,,,,Ville de Montreal Open Data,https://donnees.montreal.ca,2026-06-26
CTR_f749cf8a,Balle,Recreation & Sport,,45.547054,-73.646908,,,,Ville de Montreal Open Data,https://donnees.montreal.ca,2026-06-26
CTR_042e4ff7,Aire d'entraînement pour adultes,Recreation & Sport,,45.637,-73.58962,,,,Ville de Montreal Open Data,https://donnees.montreal.ca,2026-06-26
CTR_9fd8b7de,Aire de jeu 18 mois à 5 ans,Recreation & Sport,,45.478408,-73.58562,,,,Ville de Montreal Open Data,https://donnees.montreal.ca,2026-06-26
CTR_130fc414,Aire d'entraînement pour adultes,Recreation & Sport,,45.613898,-73.535098,,,,Ville de Montreal Open Data,https://donnees.montreal.ca,2026-06-26
CTR_ccf69444,Aire de jeu 18 mois à 5 ans,Recreation & Sport,,45.427922,-73.62429,,,,Ville de Montreal Open Data,https://donnees.montreal.ca,2026-06-26
CTR_aadf3b37,Aire de jeu  5 à 12 ans,Recreation & Sport,,45.427671,-73.600109,,,,Ville de Montreal Open Data,https://donnees.montreal.ca,2026-06-26
CTR_12dd1653,Volleyball de plage,Recreation & Sport,,45.586333,-73.598287,,,,Ville de Montreal Open Data,https://donnees.montreal.ca,2026-06-26
CTR_ccd28fcb,Soccer à 11,Recreation & Sport,,45.615787,-73.622341,,,,Ville de Montreal Open Data,https://donnees.montreal.ca,2026-06-26
CTR_3c89f18d,Pétanque,Recreation & Sport,,45.599152,-73.6377,,,,Ville de Montreal Open Data,https://donnees.montreal.ca,2026-06-26
CTR_09c21038,Aire de jeu  5 à 12 ans,Recreation & Sport,,45.51992,-73.677112,,,,Ville de Montreal Open Data,https://donnees.montreal.ca,2026-06-26
CTR_3b5c5300,Basketball,Recreation & Sport,,45.531562,-73.610711,,,,Ville de Montreal Open Data,https://donnees.montreal.ca,2026-06-26
CTR_73792071,Pétanque,Recreation & Sport,,45.594183,-73.554792,,,,Ville de Montreal Open Data,https://donnees.montreal.ca,2026-06-26
CTR_3ae63d92,Piscine extérieure,Recreation & Sport,,45.592888,-73.55621,,,,Ville de Montreal Open Data,https://donnees.montreal.ca,2026-06-26
CTR_c45d6869,Patinoire avec bandes,Recreation & Sport,,45.473212,-73.615201,,,,Ville de Montreal Open Data,https://donnees.montreal.ca,2026-06-26
CTR_ba2691a0,Golf,Recreation & Sport,,45.454118,-73.665929,,,,Ville de Montreal Open Data,https://donnees.montreal.ca,2026-06-26
CTR_5c4692fd,Piscine extérieure,Recreation & Sport,,45.691492,-73.487546,,,,Ville de Montreal Open Data,https://donnees.montreal.ca,2026-06-26
CTR_37268f00,Sentier de ski de fond,Recreation & Sport,,45.506734,-73.763053,,,,Ville de Montreal Open Data,https://donnees.montreal.ca,2026-06-26
CTR_36fc92f1,Pataugeoire,Recreation & Sport,,45.535283,-73.555967,,,,Ville de Montreal Open Data,https://donnees.montreal.ca,2026-06-26
CTR_fa0d033e,Soccer à 7,Recreation & Sport,,45.578236,-73.604947,,,,Ville de Montreal Open Data,https://donnees.montreal.ca,2026-06-26
CTR_a9da5ce1,Aire d'entraînement pour adultes,Recreation & Sport,,45.521624,-73.671383,,,,Ville de Montreal Open Data,https://donnees.montreal.ca,2026-06-26
CTR_956f7e87,Aire de jeu  5 à 12 ans,Recreation & Sport,,45.607879,-73.534129,,,,Ville de Montreal Open Data,https://donnees.montreal.ca,2026-06-26
CTR_30341e43,Soccer à 11,Recreation & Sport,,45.620358,-73.606104,,,,Ville de Montreal Open Data,https://donnees.montreal.ca,2026-06-26
CTR_7f9ecd23,Sentier de ski de fond,Recreation & Sport,,45.433901,-73.68658,,,,Ville de Montreal Open Data,https://donnees.montreal.ca,2026-06-26
CTR_9560430b,Aire de jeu combiné,Recreation & Sport,,45.503619,-73.776638,,,,Ville de Montreal Open Data,https://donnees.montreal.ca,2026-06-26
CTR_19578d3b,Aire d'exercice canin,Recreation & Sport,,45.594364,-73.520262,,,,Ville de Montreal Open Data,https://donnees.montreal.ca,2026-06-26
CTR_b3857db4,Aire de jeu  5 à 12 ans,Recreation & Sport,,45.45253,-73.578871,,,,Ville de Montreal Open Data,https://donnees.montreal.ca,2026-06-26
CTR_9e2743e2,Aire de jeu  5 à 12 ans,Recreation & Sport,,45.475397,-73.582559,,,,Ville de Montreal Open Data,https://donnees.montreal.ca,2026-06-26
CTR_6a71ee68,Aire de jeu 18 mois à 5 ans,Recreation & Sport,,45.462927,-73.544433,,,,Ville de Montreal Open Data,https://donnees.montreal.ca,2026-06-26
CTR_919de961,Pastille - Basketball,Recreation & Sport,,45.512531,-73.806023,,,,Ville de Montreal Open Data,https://donnees.montreal.ca,2026-06-26
CTR_10148291,Aire de jeu  5 à 12 ans,Recreation & Sport,,45.630098,-73.595484,,,,Ville de Montreal Open Data,https://donnees.montreal.ca,2026-06-26
CTR_fd16bf9c,Jeux d'eau,Recreation & Sport,,45.501214,-73.68053,,,,Ville de Montreal Open Data,https://donnees.montreal.ca,2026-06-26
CTR_e3d9e6d7,Aire de jeu 18 mois à 5 ans,Recreation & Sport,,45.473748,-73.634141,,,,Ville de Montreal Open Data,https://donnees.montreal.ca,2026-06-26
CTR_5db1c5cf,Piscine extérieure,Recreation & Sport,,45.445688,-73.649231,,,,Ville de Montreal Open Data,https://donnees.montreal.ca,2026-06-26
CTR_6401c36d,Balle,Recreation & Sport,,45.476226,-73.856244,,,,Ville de Montreal Open Data,https://donnees.montreal.ca,2026-06-26
CTR_756333aa,Balle,Recreation & Sport,,45.684018,-73.494446,,,,Ville de Montreal Open Data,https://donnees.montreal.ca,2026-06-26
CTR_1229080a,Soccer à 7,Recreation & Sport,,45.639796,-73.58536,,,,Ville de Montreal Open Data,https://donnees.montreal.ca,2026-06-26
CTR_854ba03d,Tennis,Recreation & Sport,,45.504736,-73.78183,,,,Ville de Montreal Open Data,https://donnees.montreal.ca,2026-06-26
CTR_39acbe02,Aire de jeu  5 à 12 ans,Recreation & Sport,,45.572025,-73.592301,,,,Ville de Montreal Open Data,https://donnees.montreal.ca,2026-06-26
CTR_0e2146eb,Aire de jeu 18 mois à 5 ans,Recreation & Sport,,45.509229,-73.672633,,,,Ville de Montreal Open Data,https://donnees.montreal.ca,2026-06-26
CTR_c56a1128,Soccer / Football,Recreation & Sport,,45.508965,-73.611494,,,,Ville de Montreal Open Data,https://donnees.montreal.ca,2026-06-26
CTR_43741112,Patinoire sans bandes,Recreation & Sport,,45.605239,-73.52583,,,,Ville de Montreal Open Data,https://donnees.montreal.ca,2026-06-26
CTR_733fe987,Soccer à 11,Recreation & Sport,,45.665673,-73.544267,,,,Ville de Montreal Open Data,https://donnees.montreal.ca,2026-06-26
CTR_3f2f6108,Piscine extérieure,Recreation & Sport,,45.595824,-73.598169,,,,Ville de Montreal Open Data,https://donnees.montreal.ca,2026-06-26
CTR_bcb67f4a,Sentier de ski de fond,Recreation & Sport,,45.438272,-73.717279,,,,Ville de Montreal Open Data,https://donnees.montreal.ca,2026-06-26
CTR_99fc3074,Jeux d'eau,Recreation & Sport,,45.580808,-73.519609,,,,Ville de Montreal Open Data,https://donnees.montreal.ca,2026-06-26
CTR_291462b5,Patinoire sans bandes,Recreation & Sport,,45.502546,-73.632606,,,,Ville de Montreal Open Data,https://donnees.montreal.ca,2026-06-26
CTR_db16034d,Aire de jeu  5 à 12 ans,Recreation & Sport,,45.514555,-73.583218,,,,Ville de Montreal Open Data,https://donnees.montreal.ca,2026-06-26
CTR_57ed4851,Balle,Recreation & Sport,,45.527932,-73.569925,,,,Ville de Montreal Open Data,https://donnees.montreal.ca,2026-06-26
CTR_7e5ba77d,Jeux d'eau,Recreation & Sport,,45.540749,-73.666334,,,,Ville de Montreal Open Data,https://donnees.montreal.ca,2026-06-26
CTR_5a5f4b4b,Aire d'exercice canin,Recreation & Sport,,45.548657,-73.549876,,,,Ville de Montreal Open Data,https://donnees.montreal.ca,2026-06-26
CTR_b52660d2,Piscine extérieure,Recreation & Sport,,45.440778,-73.702196,,,,Ville de Montreal Open Data,https://donnees.montreal.ca,2026-06-26
CTR_851c40ad,Pétanque,Recreation & Sport,,45.446964,-73.679842,,,,Ville de Montreal Open Data,https://donnees.montreal.ca,2026-06-26
CTR_cca6af13,Croquet,Recreation & Sport,,45.570223,-73.642769,,,,Ville de Montreal Open Data,https://donnees.montreal.ca,2026-06-26
CTR_ae03bbac,Aire de jeu  5 à 12 ans,Recreation & Sport,,45.655963,-73.565041,,,,Ville de Montreal Open Data,https://donnees.montreal.ca,2026-06-26
CTR_2611ee37,Soccer à 11,Recreation & Sport,,45.468745,-73.634758,,,,Ville de Montreal Open Data,https://donnees.montreal.ca,2026-06-26
CTR_d9683a86,Aire de jeu 18 mois à 5 ans,Recreation & Sport,,45.447427,-73.578868,,,,Ville de Montreal Open Data,https://donnees.montreal.ca,2026-06-26
CTR_a9be9d1b,Soccer à 7,Recreation & Sport,,45.582703,-73.536703,,,,Ville de Montreal Open Data,https://donnees.montreal.ca,2026-06-26
CTR_eab06d73,Aire de jeu  5 à 12 ans,Recreation & Sport,,45.523853,-73.592588,,,,Ville de Montreal Open Data,https://donnees.montreal.ca,2026-06-26
CTR_60a61fcb,Patinoire sans bandes,Recreation & Sport,,45.644375,-73.589636,,,,Ville de Montreal Open Data,https://donnees.montreal.ca,2026-06-26
CTR_ca2b2c52,Patinoire sans bandes,Recreation & Sport,,45.575831,-73.538944,,,,Ville de Montreal Open Data,https://donnees.montreal.ca,2026-06-26
CTR_e7e18c20,Pastille - Basketball,Recreation & Sport,,45.518347,-73.613529,,,,Ville de Montreal Open Data,https://donnees.montreal.ca,2026-06-26
CTR_6c625451,Quai,Recreation & Sport,,45.639818,-73.487431,,,,Ville de Montreal Open Data,https://donnees.montreal.ca,2026-06-26
CTR_62f18c14,Jeux d'eau,Recreation & Sport,,45.552277,-73.5684,,,,Ville de Montreal Open Data,https://donnees.montreal.ca,2026-06-26
CTR_e5457b6c,Aire de jeu 18 mois à 5 ans,Recreation & Sport,,45.422971,-73.648915,,,,Ville de Montreal Open Data,https://donnees.montreal.ca,2026-06-26
CTR_e85dc769,Soccer à 11,Recreation & Sport,,45.603796,-73.584856,,,,Ville de Montreal Open Data,https://donnees.montreal.ca,2026-06-26
CTR_c075f360,Aire de glissade,Recreation & Sport,,45.516916,-73.690653,,,,Ville de Montreal Open Data,https://donnees.montreal.ca,2026-06-26
CTR_83ba428e,Fontaine,Recreation & Sport,,45.515341,-73.607953,,,,Ville de Montreal Open Data,https://donnees.montreal.ca,2026-06-26
CTR_6ae9072d,Étang / lac,Recreation & Sport,,45.509685,-73.732487,,,,Ville de Montreal Open Data,https://donnees.montreal.ca,2026-06-26
CTR_eafdf1d4,Basketball,Recreation & Sport,,45.503072,-73.690111,,,,Ville de Montreal Open Data,https://donnees.montreal.ca,2026-06-26
CTR_7c9e770d,Basketball,Recreation & Sport,,45.536062,-73.56458,,,,Ville de Montreal Open Data,https://donnees.montreal.ca,2026-06-26
CTR_3a0e169e,Aire de glissade,Recreation & Sport,,45.527236,-73.689165,,,,Ville de Montreal Open Data,https://donnees.montreal.ca,2026-06-26
CTR_fffb7846,Aire de jeu  5 à 12 ans,Recreation & Sport,,45.464793,-73.568184,,,,Ville de Montreal Open Data,https://donnees.montreal.ca,2026-06-26
CTR_54922df2,Balle,Recreation & Sport,,45.601552,-73.513225,,,,Ville de Montreal Open Data,https://donnees.montreal.ca,2026-06-26
CTR_409b4730,Aire de jeu 18 mois à 5 ans,Recreation & Sport,,45.606214,-73.525719,,,,Ville de Montreal Open Data,https://donnees.montreal.ca,2026-06-26
CTR_11572017,Multisport,Recreation & Sport,,45.560668,-73.651162,,,,Ville de Montreal Open Data,https://donnees.montreal.ca,2026-06-26
CTR_652b758d,Balle,Recreation & Sport,,45.587599,-73.607184,,,,Ville de Montreal Open Data,https://donnees.montreal.ca,2026-06-26
CTR_837d56c1,Patinoire sans bandes,Recreation & Sport,,45.463834,-73.543354,,,,Ville de Montreal Open Data,https://donnees.montreal.ca,2026-06-26
CTR_f2a5d9de,Aire de jeu  5 à 12 ans,Recreation & Sport,,45.526237,-73.688943,,,,Ville de Montreal Open Data,https://donnees.montreal.ca,2026-06-26
CTR_1655f935,Aire de jeu  5 à 12 ans,Recreation & Sport,,45.496605,-73.690075,,,,Ville de Montreal Open Data,https://donnees.montreal.ca,2026-06-26
CTR_ce2a31aa,Aire de jeu  5 à 12 ans,Recreation & Sport,,45.509458,-73.5478,,,,Ville de Montreal Open Data,https://donnees.montreal.ca,2026-06-26
CTR_536a2dd7,Aire de jeu 18 mois à 5 ans,Recreation & Sport,,45.429882,-73.615121,,,,Ville de Montreal Open Data,https://donnees.montreal.ca,2026-06-26
CTR_988a7ab1,Jeux d'eau,Recreation & Sport,,45.449123,-73.550764,,,,Ville de Montreal Open Data,https://donnees.montreal.ca,2026-06-26
CTR_83683c36,Aire de jeu  5 à 12 ans,Recreation & Sport,,45.545067,-73.610637,,,,Ville de Montreal Open Data,https://donnees.montreal.ca,2026-06-26
CTR_43670c1e,Soccer à 7,Recreation & Sport,,45.639941,-73.507377,,,,Ville de Montreal Open Data,https://donnees.montreal.ca,2026-06-26
CTR_ad4e974d,Aire de jeu 18 mois à 5 ans,Recreation & Sport,,45.52255,-73.721201,,,,Ville de Montreal Open Data,https://donnees.montreal.ca,2026-06-26
CTR_e78f29e5,Croquet,Recreation & Sport,,45.53973,-73.648975,,,,Ville de Montreal Open Data,https://donnees.montreal.ca,2026-06-26
CTR_2222a370,Jeux d'eau,Recreation & Sport,,45.531686,-73.610254,,,,Ville de Montreal Open Data,https://donnees.montreal.ca,2026-06-26
CTR_ef05393f,Aire de jeu 18 mois à 5 ans,Recreation & Sport,,45.646868,-73.575565,,,,Ville de Montreal Open Data,https://donnees.montreal.ca,2026-06-26
CTR_8005a2aa,Tennis,Recreation & Sport,,45.505992,-73.630774,,,,Ville de Montreal Open Data,https://donnees.montreal.ca,2026-06-26
CTR_0f5487bf,Patinoire sans bandes,Recreation & Sport,,45.56901,-73.634273,,,,Ville de Montreal Open Data,https://donnees.montreal.ca,2026-06-26
CTR_a8d80601,Soccer sous-terrain à 7,Recreation & Sport,,45.563529,-73.640505,,,,Ville de Montreal Open Data,https://donnees.montreal.ca,2026-06-26
CTR_b3be0bef,Soccer sous-terrain à 7,Recreation & Sport,,45.510256,-73.609665,,,,Ville de Montreal Open Data,https://donnees.montreal.ca,2026-06-26
CTR_60826133,Pataugeoire,Recreation & Sport,,45.605868,-73.511393,,,,Ville de Montreal Open Data,https://donnees.montreal.ca,2026-06-26
CTR_c5078c79,Aire de glissade,Recreation & Sport,,45.579756,-73.657698,,,,Ville de Montreal Open Data,https://donnees.montreal.ca,2026-06-26
CTR_62cddd93,Aire de jeu  5 à 12 ans,Recreation & Sport,,45.518553,-73.614102,,,,Ville de Montreal Open Data,https://donnees.montreal.ca,2026-06-26
CTR_15f33094,Sentier pédestre,Recreation & Sport,,45.461931,-73.939949,,,,Ville de Montreal Open Data,https://donnees.montreal.ca,2026-06-26
CTR_9482ad06,Pétanque,Recreation & Sport,,45.472987,-73.58587,,,,Ville de Montreal Open Data,https://donnees.montreal.ca,2026-06-26
CTR_f5d9b944,Pétanque,Recreation & Sport,,45.521329,-73.616403,,,,Ville de Montreal Open Data,https://donnees.montreal.ca,2026-06-26
CTR_9ea64738,Basketball,Recreation & Sport,,45.50143,-73.680416,,,,Ville de Montreal Open Data,https://donnees.montreal.ca,2026-06-26
CTR_4c50a36f,Aire de jeu 18 mois à 5 ans,Recreation & Sport,,45.603695,-73.583491,,,,Ville de Montreal Open Data,https://donnees.montreal.ca,2026-06-26
CTR_dde19bc1,Aire de jeu  5 à 12 ans,Recreation & Sport,,45.506015,-73.83429,,,,Ville de Montreal Open Data,https://donnees.montreal.ca,2026-06-26
CTR_3eee2271,Jeux d'eau,Recreation & Sport,,45.524613,-73.561644,,,,Ville de Montreal Open Data,https://donnees.montreal.ca,2026-06-26
CTR_1c1fa9b3,Basketball,Recreation & Sport,,45.466821,-73.534509,,,,Ville de Montreal Open Data,https://donnees.montreal.ca,2026-06-26
CTR_d332c9d8,Aire de jeu 18 mois à 5 ans,Recreation & Sport,,45.604146,-73.577347,,,,Ville de Montreal Open Data,https://donnees.montreal.ca,2026-06-26
CTR_f098db26,Aire de jeu 18 mois à 5 ans,Recreation & Sport,,45.55521,-73.534333,,,,Ville de Montreal Open Data,https://donnees.montreal.ca,2026-06-26
CTR_de07256a,Aire de jeu  5 à 12 ans,Recreation & Sport,,45.480096,-73.555815,,,,Ville de Montreal Open Data,https://donnees.montreal.ca,2026-06-26
CTR_680ddb35,Basketball,Recreation & Sport,,45.584201,-73.610937,,,,Ville de Montreal Open Data,https://donnees.montreal.ca,2026-06-26
CTR_8e2872dc,Aire de jeu 18 mois à 5 ans,Recreation & Sport,,45.60686,-73.517844,,,,Ville de Montreal Open Data,https://donnees.montreal.ca,2026-06-26
CTR_fabee343,Aire de jeu  5 à 12 ans,Recreation & Sport,,45.539629,-73.53995,,,,Ville de Montreal Open Data,https://donnees.montreal.ca,2026-06-26
CTR_c03d717b,Aire de jeu 18 mois à 5 ans,Recreation & Sport,,45.428146,-73.632716,,,,Ville de Montreal Open Data,https://donnees.montreal.ca,2026-06-26
CTR_cdcd7a92,Aire de jeu 18 mois à 5 ans,Recreation & Sport,,45.456104,-73.885518,,,,Ville de Montreal Open Data,https://donnees.montreal.ca,2026-06-26
CTR_1bdb8752,Basketball,Recreation & Sport,,45.506298,-73.817289,,,,Ville de Montreal Open Data,https://donnees.montreal.ca,2026-06-26
CTR_4843c432,Sentier pédestre,Recreation & Sport,,45.5569,-73.672119,,,,Ville de Montreal Open Data,https://donnees.montreal.ca,2026-06-26
CTR_acf070c1,Aire de jeu  5 à 12 ans,Recreation & Sport,,45.524902,-73.674898,,,,Ville de Montreal Open Data,https://donnees.montreal.ca,2026-06-26
CTR_1f724b8c,Aire d'exercice canin,Recreation & Sport,,45.522014,-73.691508,,,,Ville de Montreal Open Data,https://donnees.montreal.ca,2026-06-26
CTR_808fbac9,Soccer à 11,Recreation & Sport,,45.574696,-73.533962,,,,Ville de Montreal Open Data,https://donnees.montreal.ca,2026-06-26
CTR_8cb22700,Aire de jeu combiné,Recreation & Sport,,45.536687,-73.618032,,,,Ville de Montreal Open Data,https://donnees.montreal.ca,2026-06-26
CTR_24db8d07,Aire de pique-nique,Recreation & Sport,,45.509755,-73.627588,,,,Ville de Montreal Open Data,https://donnees.montreal.ca,2026-06-26
CTR_017faa13,Aire de jeu 18 mois à 5 ans,Recreation & Sport,,45.616248,-73.550125,,,,Ville de Montreal Open Data,https://donnees.montreal.ca,2026-06-26
CTR_fb42f1b5,Basketball,Recreation & Sport,,45.685631,-73.495363,,,,Ville de Montreal Open Data,https://donnees.montreal.ca,2026-06-26
CTR_cc5f8c03,Bocce,Recreation & Sport,,45.590038,-73.605826,,,,Ville de Montreal Open Data,https://donnees.montreal.ca,2026-06-26
CTR_5e5c59cf,Aire de jeu 18 mois à 5 ans,Recreation & Sport,,45.590551,-73.544805,,,,Ville de Montreal Open Data,https://donnees.montreal.ca,2026-06-26
CTR_0d3667d1,Aire de jeu  5 à 12 ans,Recreation & Sport,,45.535281,-73.555636,,,,Ville de Montreal Open Data,https://donnees.montreal.ca,2026-06-26
CTR_350bae0d,Aire de jeu  5 à 12 ans,Recreation & Sport,,45.52979,-73.560401,,,,Ville de Montreal Open Data,https://donnees.montreal.ca,2026-06-26
CTR_6eee3fba,Aire de jeu 18 mois à 5 ans,Recreation & Sport,,45.607631,-73.639247,,,,Ville de Montreal Open Data,https://donnees.montreal.ca,2026-06-26
CTR_e9abcd3b,Soccer à 11,Recreation & Sport,,45.539449,-73.594291,,,,Ville de Montreal Open Data,https://donnees.montreal.ca,2026-06-26
CTR_6dc852fb,Balle,Recreation & Sport,,45.521432,-73.690971,,,,Ville de Montreal Open Data,https://donnees.montreal.ca,2026-06-26
CTR_02be7173,Jeux d'eau,Recreation & Sport,,45.418209,-73.626573,,,,Ville de Montreal Open Data,https://donnees.montreal.ca,2026-06-26
CTR_9c8a3e22,Patinoire sans bandes,Recreation & Sport,,45.498059,-73.653777,,,,Ville de Montreal Open Data,https://donnees.montreal.ca,2026-06-26
CTR_ad0981b4,Volleyball de plage,Recreation & Sport,,45.489999,-73.559218,,,,Ville de Montreal Open Data,https://donnees.montreal.ca,2026-06-26
CTR_227ae034,Basketball,Recreation & Sport,,45.48183,-73.852111,,,,Ville de Montreal Open Data,https://donnees.montreal.ca,2026-06-26
CTR_74dfa65d,Pétanque,Recreation & Sport,,45.554733,-73.539352,,,,Ville de Montreal Open Data,https://donnees.montreal.ca,2026-06-26
CTR_5710c921,Aire de jeu 18 mois à 5 ans,Recreation & Sport,,45.503104,-73.906615,,,,Ville de Montreal Open Data,https://donnees.montreal.ca,2026-06-26
CTR_3bea0c44,Pataugeoire,Recreation & Sport,,45.532434,-73.586322,,,,Ville de Montreal Open Data,https://donnees.montreal.ca,2026-06-26
CTR_bfd636f1,Soccer à 4-5,Recreation & Sport,,45.487673,-73.884134,,,,Ville de Montreal Open Data,https://donnees.montreal.ca,2026-06-26
CTR_424672aa,Aire de pique-nique,Recreation & Sport,,45.427934,-73.623842,,,,Ville de Montreal Open Data,https://donnees.montreal.ca,2026-06-26
CTR_d35f8323,Aire de jeu 18 mois à 5 ans,Recreation & Sport,,45.570728,-73.642933,,,,Ville de Montreal Open Data,https://donnees.montreal.ca,2026-06-26
CTR_3d31c897,Aire de pique-nique,Recreation & Sport,,45.512396,-73.755766,,,,Ville de Montreal Open Data,https://donnees.montreal.ca,2026-06-26
CTR_ee7621aa,Jeux d'eau,Recreation & Sport,,45.586513,-73.571795,,,,Ville de Montreal Open Data,https://donnees.montreal.ca,2026-06-26
CTR_542b9c5b,Piscine extérieure,Recreation & Sport,,45.574111,-73.570318,,,,Ville de Montreal Open Data,https://donnees.montreal.ca,2026-06-26
CTR_db4232a0,Soccer à 7,Recreation & Sport,,45.574971,-73.642037,,,,Ville de Montreal Open Data,https://donnees.montreal.ca,2026-06-26
CTR_17beeb32,Jeux d'eau,Recreation & Sport,,45.520184,-73.677482,,,,Ville de Montreal Open Data,https://donnees.montreal.ca,2026-06-26
CTR_c2254218,Basketball,Recreation & Sport,,45.604643,-73.583581,,,,Ville de Montreal Open Data,https://donnees.montreal.ca,2026-06-26
CTR_dd3f8592,Ping-pong,Recreation & Sport,,45.533548,-73.587851,,,,Ville de Montreal Open Data,https://donnees.montreal.ca,2026-06-26
CTR_9de8de83,Soccer à 11,Recreation & Sport,,45.534424,-73.630075,,,,Ville de Montreal Open Data,https://donnees.montreal.ca,2026-06-26
CTR_afed6d75,Aire de jeu  5 à 12 ans,Recreation & Sport,,45.507637,-73.828046,,,,Ville de Montreal Open Data,https://donnees.montreal.ca,2026-06-26
CTR_c25661bc,Aire de jeu  5 à 12 ans,Recreation & Sport,,45.520291,-73.694859,,,,Ville de Montreal Open Data,https://donnees.montreal.ca,2026-06-26
CTR_7cdb8ead,Patinoire sans bandes,Recreation & Sport,,45.548039,-73.548038,,,,Ville de Montreal Open Data,https://donnees.montreal.ca,2026-06-26
CTR_da1e472f,Aire de jeu 18 mois à 5 ans,Recreation & Sport,,45.593881,-73.52296,,,,Ville de Montreal Open Data,https://donnees.montreal.ca,2026-06-26
CTR_428799bd,Tennis,Recreation & Sport,,45.527606,-73.688674,,,,Ville de Montreal Open Data,https://donnees.montreal.ca,2026-06-26
CTR_b8ea2839,Aire de pique-nique,Recreation & Sport,,45.554817,-73.54235,,,,Ville de Montreal Open Data,https://donnees.montreal.ca,2026-06-26
CTR_f1da70eb,Patinoire avec bandes,Recreation & Sport,,45.546605,-73.672194,,,,Ville de Montreal Open Data,https://donnees.montreal.ca,2026-06-26
CTR_010277c1,Patinoire avec bandes,Recreation & Sport,,45.519487,-73.677753,,,,Ville de Montreal Open Data,https://donnees.montreal.ca,2026-06-26
CTR_15e324d5,Aire de jeu 18 mois à 5 ans,Recreation & Sport,,45.530081,-73.718002,,,,Ville de Montreal Open Data,https://donnees.montreal.ca,2026-06-26
CTR_464eaae6,Pétanque,Recreation & Sport,,45.558928,-73.642203,,,,Ville de Montreal Open Data,https://donnees.montreal.ca,2026-06-26
CTR_b0604fcb,Jeux d'eau,Recreation & Sport,,45.578375,-73.60433,,,,Ville de Montreal Open Data,https://donnees.montreal.ca,2026-06-26
CTR_c805a54f,Aire d'exercice canin,Recreation & Sport,,45.596193,-73.528764,,,,Ville de Montreal Open Data,https://donnees.montreal.ca,2026-06-26
CTR_cf652cf4,Aire d'entraînement pour adultes,Recreation & Sport,,45.512478,-73.564131,,,,Ville de Montreal Open Data,https://donnees.montreal.ca,2026-06-26
CTR_1b8d7672,Jeux d'eau,Recreation & Sport,,45.482549,-73.572988,,,,Ville de Montreal Open Data,https://donnees.montreal.ca,2026-06-26
CTR_73d450ff,Jeux d'eau,Recreation & Sport,,45.571401,-73.56222,,,,Ville de Montreal Open Data,https://donnees.montreal.ca,2026-06-26
CTR_a2c78239,Soccer à 11,Recreation & Sport,,45.447235,-73.714005,,,,Ville de Montreal Open Data,https://donnees.montreal.ca,2026-06-26
CTR_52bc43c7,Soccer à 11,Recreation & Sport,,45.487228,-73.884614,,,,Ville de Montreal Open Data,https://donnees.montreal.ca,2026-06-26
CTR_3d03602f,Aire de jeu 18 mois à 5 ans,Recreation & Sport,,45.471486,-73.59423,,,,Ville de Montreal Open Data,https://donnees.montreal.ca,2026-06-26
CTR_9995b1a5,Aire de jeu  5 à 12 ans,Recreation & Sport,,45.548443,-73.568131,,,,Ville de Montreal Open Data,https://donnees.montreal.ca,2026-06-26
CTR_28675a76,Soccer sous-terrain à 7,Recreation & Sport,,45.506213,-73.716938,,,,Ville de Montreal Open Data,https://donnees.montreal.ca,2026-06-26
CTR_f672c9da,Basketball,Recreation & Sport,,45.580962,-73.62274,,,,Ville de Montreal Open Data,https://donnees.montreal.ca,2026-06-26
CTR_4609d179,Patinoire réfrigérée / Basketball,Recreation & Sport,,45.423092,-73.647752,,,,Ville de Montreal Open Data,https://donnees.montreal.ca,2026-06-26
CTR_ebf7a9fc,Patinoire avec bandes,Recreation & Sport,,45.502742,-73.632931,,,,Ville de Montreal Open Data,https://donnees.montreal.ca,2026-06-26
CTR_23f87197,Soccer à 7,Recreation & Sport,,45.598555,-73.63776,,,,Ville de Montreal Open Data,https://donnees.montreal.ca,2026-06-26
CTR_0ec6c7c5,Pataugeoire,Recreation & Sport,,45.457276,-73.547521,,,,Ville de Montreal Open Data,https://donnees.montreal.ca,2026-06-26
CTR_f1f70ef4,Aire de jeu combiné,Recreation & Sport,,45.594256,-73.612641,,,,Ville de Montreal Open Data,https://donnees.montreal.ca,2026-06-26
CTR_abdea371,Tennis,Recreation & Sport,,45.457172,-73.885981,,,,Ville de Montreal Open Data,https://donnees.montreal.ca,2026-06-26
CTR_3f634d13,Aire de jeu  5 à 12 ans,Recreation & Sport,,45.585699,-73.593774,,,,Ville de Montreal Open Data,https://donnees.montreal.ca,2026-06-26
CTR_7a11a264,Soccer à 7,Recreation & Sport,,45.636704,-73.596406,,,,Ville de Montreal Open Data,https://donnees.montreal.ca,2026-06-26
CTR_b746e351,Aire de jeu  5 à 12 ans,Recreation & Sport,,45.525752,-73.592378,,,,Ville de Montreal Open Data,https://donnees.montreal.ca,2026-06-26
CTR_3c9bb7ff,Balle,Recreation & Sport,,45.469577,-73.630943,,,,Ville de Montreal Open Data,https://donnees.montreal.ca,2026-06-26
CTR_7ca0718d,Quai,Recreation & Sport,,45.432586,-73.684027,,,,Ville de Montreal Open Data,https://donnees.montreal.ca,2026-06-26
CTR_2d290f8a,Soccer à 4-5,Recreation & Sport,,45.537269,-73.684059,,,,Ville de Montreal Open Data,https://donnees.montreal.ca,2026-06-26
CTR_a900da22,Aire de planche à roulette,Recreation & Sport,,45.614992,-73.623095,,,,Ville de Montreal Open Data,https://donnees.montreal.ca,2026-06-26
CTR_7cfecd17,Aire de jeu 18 mois à 5 ans,Recreation & Sport,,45.451091,-73.551068,,,,Ville de Montreal Open Data,https://donnees.montreal.ca,2026-06-26
CTR_265831f8,Soccer à 11,Recreation & Sport,,45.47128,-73.623114,,,,Ville de Montreal Open Data,https://donnees.montreal.ca,2026-06-26
CTR_7be0804c,Jeux d'eau,Recreation & Sport,,45.487214,-73.88304,,,,Ville de Montreal Open Data,https://donnees.montreal.ca,2026-06-26
CTR_d172a0bb,Ping-pong,Recreation & Sport,,45.524008,-73.585857,,,,Ville de Montreal Open Data,https://donnees.montreal.ca,2026-06-26
CTR_c17ff677,Basketball,Recreation & Sport,,45.507079,-73.633598,,,,Ville de Montreal Open Data,https://donnees.montreal.ca,2026-06-26
CTR_62ceac8c,Sentier de ski de fond,Recreation & Sport,,45.561587,-73.555507,,,,Ville de Montreal Open Data,https://donnees.montreal.ca,2026-06-26
CTR_aba7ba72,Aire de jeu  5 à 12 ans,Recreation & Sport,,45.45075,-73.567639,,,,Ville de Montreal Open Data,https://donnees.montreal.ca,2026-06-26
CTR_c638a65e,Aire de jeu  5 à 12 ans,Recreation & Sport,,45.538224,-73.610313,,,,Ville de Montreal Open Data,https://donnees.montreal.ca,2026-06-26
CTR_5c550b7a,Aire de jeu  5 à 12 ans,Recreation & Sport,,45.6508,-73.507569,,,,Ville de Montreal Open Data,https://donnees.montreal.ca,2026-06-26
CTR_9587ae14,Bocce,Recreation & Sport,,45.433234,-73.621222,,,,Ville de Montreal Open Data,https://donnees.montreal.ca,2026-06-26
CTR_7b5563ab,Soccer à 11,Recreation & Sport,,45.429705,-73.662062,,,,Ville de Montreal Open Data,https://donnees.montreal.ca,2026-06-26
CTR_67a2eac4,Patinoire avec bandes,Recreation & Sport,,45.568076,-73.574276,,,,Ville de Montreal Open Data,https://donnees.montreal.ca,2026-06-26
CTR_611d6377,Pataugeoire,Recreation & Sport,,45.528184,-73.570858,,,,Ville de Montreal Open Data,https://donnees.montreal.ca,2026-06-26
CTR_c12e96d0,Sentier pédestre,Recreation & Sport,,45.610231,-73.594813,,,,Ville de Montreal Open Data,https://donnees.montreal.ca,2026-06-26
CTR_da5b020b,Soccer à 11,Recreation & Sport,,45.535042,-73.631549,,,,Ville de Montreal Open Data,https://donnees.montreal.ca,2026-06-26
CTR_c38b0f22,Aire d'entraînement pour adultes,Recreation & Sport,,45.548856,-73.549349,,,,Ville de Montreal Open Data,https://donnees.montreal.ca,2026-06-26
CTR_cb922d06,Soccer à 4-5,Recreation & Sport,,45.452394,-73.586165,,,,Ville de Montreal Open Data,https://donnees.montreal.ca,2026-06-26
CTR_462a99c2,Ping-pong,Recreation & Sport,,45.523318,-73.559679,,,,Ville de Montreal Open Data,https://donnees.montreal.ca,2026-06-26
CTR_559de671,Aire de jeu 18 mois à 5 ans,Recreation & Sport,,45.649097,-73.494311,,,,Ville de Montreal Open Data,https://donnees.montreal.ca,2026-06-26
CTR_1305757c,Soccer à 7,Recreation & Sport,,45.577311,-73.609276,,,,Ville de Montreal Open Data,https://donnees.montreal.ca,2026-06-26
CTR_b9da451c,Aire de planche à roulette,Recreation & Sport,,45.567557,-73.614528,,,,Ville de Montreal Open Data,https://donnees.montreal.ca,2026-06-26
CTR_1e8cb885,Aire de jeu  5 à 12 ans,Recreation & Sport,,45.517678,-73.600334,,,,Ville de Montreal Open Data,https://donnees.montreal.ca,2026-06-26
CTR_e03a4f90,Football,Recreation & Sport,,45.526834,-73.687867,,,,Ville de Montreal Open Data,https://donnees.montreal.ca,2026-06-26
CTR_dbebb32c,Jeux d'eau,Recreation & Sport,,45.51812,-73.691376,,,,Ville de Montreal Open Data,https://donnees.montreal.ca,2026-06-26
CTR_9675fca1,Basketball,Recreation & Sport,,45.60537,-73.62893,,,,Ville de Montreal Open Data,https://donnees.montreal.ca,2026-06-26
CTR_afe02974,Aire de jeu  5 à 12 ans,Recreation & Sport,,45.530428,-73.642267,,,,Ville de Montreal Open Data,https://donnees.montreal.ca,2026-06-26
CTR_d925778d,Soccer à 7,Recreation & Sport,,45.596739,-73.544309,,,,Ville de Montreal Open Data,https://donnees.montreal.ca,2026-06-26
CTR_3a1766b5,Aire de jeu  5 à 12 ans,Recreation & Sport,,45.599732,-73.623196,,,,Ville de Montreal Open Data,https://donnees.montreal.ca,2026-06-26
CTR_0a50071c,Aire de jeu 18 mois à 5 ans,Recreation & Sport,,45.553218,-73.591319,,,,Ville de Montreal Open Data,https://donnees.montreal.ca,2026-06-26
CTR_4a77255f,Tennis,Recreation & Sport,,45.61579,-73.549626,,,,Ville de Montreal Open Data,https://donnees.montreal.ca,2026-06-26
CTR_8d17dd36,Aire de jeu  5 à 12 ans,Recreation & Sport,,45.527861,-73.700189,,,,Ville de Montreal Open Data,https://donnees.montreal.ca,2026-06-26
CTR_a205e379,Tennis,Recreation & Sport,,45.596693,-73.598644,,,,Ville de Montreal Open Data,https://donnees.montreal.ca,2026-06-26
CTR_1aa1c552,Aire de tir à l'arc,Recreation & Sport,,45.578041,-73.554968,,,,Ville de Montreal Open Data,https://donnees.montreal.ca,2026-06-26
CTR_2b034baf,Aire de jeu  5 à 12 ans,Recreation & Sport,,45.471167,-73.569219,,,,Ville de Montreal Open Data,https://donnees.montreal.ca,2026-06-26
CTR_9a9b59ab,Aire de jeu 18 mois à 5 ans,Recreation & Sport,,45.480414,-73.555799,,,,Ville de Montreal Open Data,https://donnees.montreal.ca,2026-06-26
CTR_a7f684e0,Basketball,Recreation & Sport,,45.539698,-73.647818,,,,Ville de Montreal Open Data,https://donnees.montreal.ca,2026-06-26
CTR_2a457d08,Patinoire avec bandes,Recreation & Sport,,45.50284,-73.633512,,,,Ville de Montreal Open Data,https://donnees.montreal.ca,2026-06-26
CTR_c96dc493,Tennis,Recreation & Sport,,45.517491,-73.586989,,,,Ville de Montreal Open Data,https://donnees.montreal.ca,2026-06-26
CTR_1d060d8d,Basketball,Recreation & Sport,,45.433949,-73.653213,,,,Ville de Montreal Open Data,https://donnees.montreal.ca,2026-06-26
CTR_403e0268,Aire de jeu  5 à 12 ans,Recreation & Sport,,45.434211,-73.596713,,,,Ville de Montreal Open Data,https://donnees.montreal.ca,2026-06-26
CTR_b8c3dbf7,Soccer à 7,Recreation & Sport,,45.54574,-73.601537,,,,Ville de Montreal Open Data,https://donnees.montreal.ca,2026-06-26
CTR_0b8af8fe,Théâtre extérieur,Recreation & Sport,,45.525249,-73.571282,,,,Ville de Montreal Open Data,https://donnees.montreal.ca,2026-06-26
CTR_65acaa32,Pétanque,Recreation & Sport,,45.522523,-73.576864,,,,Ville de Montreal Open Data,https://donnees.montreal.ca,2026-06-26
CTR_de5a68a9,Basketball,Recreation & Sport,,45.61409,-73.535376,,,,Ville de Montreal Open Data,https://donnees.montreal.ca,2026-06-26
CTR_a5e7216a,Aire de jeu 18 mois à 5 ans,Recreation & Sport,,45.635946,-73.575545,,,,Ville de Montreal Open Data,https://donnees.montreal.ca,2026-06-26
CTR_4d7d9fd6,Pétanque,Recreation & Sport,,45.478981,-73.564027,,,,Ville de Montreal Open Data,https://donnees.montreal.ca,2026-06-26
CTR_b4b8bedd,Tennis,Recreation & Sport,,45.497504,-73.838218,,,,Ville de Montreal Open Data,https://donnees.montreal.ca,2026-06-26
CTR_0c13d201,Bassin olympique,Recreation & Sport,,45.507845,-73.523557,,,,Ville de Montreal Open Data,https://donnees.montreal.ca,2026-06-26
CTR_c2eb2ccd,Aire d'entraînement pour adultes,Recreation & Sport,,45.453152,-73.592717,,,,Ville de Montreal Open Data,https://donnees.montreal.ca,2026-06-26
CTR_dd4187f0,Basketball,Recreation & Sport,,45.610424,-73.615389,,,,Ville de Montreal Open Data,https://donnees.montreal.ca,2026-06-26
CTR_6eb219ad,Aire de jeu  5 à 12 ans,Recreation & Sport,,45.55106,-73.603003,,,,Ville de Montreal Open Data,https://donnees.montreal.ca,2026-06-26
CTR_d4a80b80,Aire de jeu 18 mois à 5 ans,Recreation & Sport,,45.524517,-73.624052,,,,Ville de Montreal Open Data,https://donnees.montreal.ca,2026-06-26
CTR_e3453969,Pataugeoire,Recreation & Sport,,45.610493,-73.61608,,,,Ville de Montreal Open Data,https://donnees.montreal.ca,2026-06-26
CTR_854d9a72,Balle,Recreation & Sport,,45.599966,-73.621258,,,,Ville de Montreal Open Data,https://donnees.montreal.ca,2026-06-26
CTR_1b1468cc,Aire de jeu  5 à 12 ans,Recreation & Sport,,45.533109,-73.609099,,,,Ville de Montreal Open Data,https://donnees.montreal.ca,2026-06-26
CTR_dfe91adb,Aire de jeu combiné,Recreation & Sport,,45.530456,-73.633545,,,,Ville de Montreal Open Data,https://donnees.montreal.ca,2026-06-26
CTR_51a90994,Jeux d'eau,Recreation & Sport,,45.472538,-73.615103,,,,Ville de Montreal Open Data,https://donnees.montreal.ca,2026-06-26
CTR_2f83cffd,Soccer à 4-5,Recreation & Sport,,45.446436,-73.714792,,,,Ville de Montreal Open Data,https://donnees.montreal.ca,2026-06-26
CTR_feb53ca1,Patinoire avec bandes,Recreation & Sport,,45.667955,-73.492109,,,,Ville de Montreal Open Data,https://donnees.montreal.ca,2026-06-26
CTR_63a38f10,Aire de jeu  5 à 12 ans,Recreation & Sport,,45.520613,-73.6897,,,,Ville de Montreal Open Data,https://donnees.montreal.ca,2026-06-26
CTR_e2268114,Sentier pédestre,Recreation & Sport,,45.501332,-73.851016,,,,Ville de Montreal Open Data,https://donnees.montreal.ca,2026-06-26
CTR_8a49b234,Jeux d'eau,Recreation & Sport,,45.526251,-73.55641,,,,Ville de Montreal Open Data,https://donnees.montreal.ca,2026-06-26
CTR_d5e22298,Piscine extérieure,Recreation & Sport,,45.51743,-73.728412,,,,Ville de Montreal Open Data,https://donnees.montreal.ca,2026-06-26
CTR_fbe87c8c,Piste cyclable,Recreation & Sport,,45.516248,-73.899347,,,,Ville de Montreal Open Data,https://donnees.montreal.ca,2026-06-26
CTR_378bbb11,Soccer à 11,Recreation & Sport,,45.419399,-73.640804,,,,Ville de Montreal Open Data,https://donnees.montreal.ca,2026-06-26
CTR_2c68ba03,Balle,Recreation & Sport,,45.533767,-73.633458,,,,Ville de Montreal Open Data,https://donnees.montreal.ca,2026-06-26
CTR_f537a15b,Patinoire avec bandes,Recreation & Sport,,45.604022,-73.582661,,,,Ville de Montreal Open Data,https://donnees.montreal.ca,2026-06-26
CTR_a7cb3665,Aire de jeu  5 à 12 ans,Recreation & Sport,,45.441587,-73.684923,,,,Ville de Montreal Open Data,https://donnees.montreal.ca,2026-06-26
CTR_a385084d,Soccer à 11,Recreation & Sport,,45.513661,-73.670315,,,,Ville de Montreal Open Data,https://donnees.montreal.ca,2026-06-26
CTR_4c5f2b32,Tennis,Recreation & Sport,,45.433737,-73.653013,,,,Ville de Montreal Open Data,https://donnees.montreal.ca,2026-06-26
CTR_c1c736a2,Aire de jeu 18 mois à 5 ans,Recreation & Sport,,45.45538,-73.56368,,,,Ville de Montreal Open Data,https://donnees.montreal.ca,2026-06-26
CTR_ba90379d,Soccer à 7,Recreation & Sport,,45.545569,-73.580756,,,,Ville de Montreal Open Data,https://donnees.montreal.ca,2026-06-26
CTR_36ca14e4,Piscine extérieure,Recreation & Sport,,45.513516,-73.677312,,,,Ville de Montreal Open Data,https://donnees.montreal.ca,2026-06-26
CTR_b69f2239,Bocce,Recreation & Sport,,45.605159,-73.583641,,,,Ville de Montreal Open Data,https://donnees.montreal.ca,2026-06-26
CTR_d37e1fa7,Piscine extérieure,Recreation & Sport,,45.432445,-73.621186,,,,Ville de Montreal Open Data,https://donnees.montreal.ca,2026-06-26
CTR_0911253f,Fer / Galet,Recreation & Sport,,45.439453,-73.67703,,,,Ville de Montreal Open Data,https://donnees.montreal.ca,2026-06-26
CTR_674b520d,Aire de pique-nique,Recreation & Sport,,45.599469,-73.629477,,,,Ville de Montreal Open Data,https://donnees.montreal.ca,2026-06-26
CTR_339d1b96,Patinoire sans bandes,Recreation & Sport,,45.571513,-73.655563,,,,Ville de Montreal Open Data,https://donnees.montreal.ca,2026-06-26
CTR_c88c6683,Plancher de danse,Recreation & Sport,,45.551578,-73.568527,,,,Ville de Montreal Open Data,https://donnees.montreal.ca,2026-06-26
CTR_291ae0ca,Aire de jeu  5 à 12 ans,Recreation & Sport,,45.661966,-73.555787,,,,Ville de Montreal Open Data,https://donnees.montreal.ca,2026-06-26
CTR_1834dd0e,Basketball,Recreation & Sport,,45.449948,-73.590396,,,,Ville de Montreal Open Data,https://donnees.montreal.ca,2026-06-26
CTR_83ac9c27,Aire de jeu  5 à 12 ans,Recreation & Sport,,45.592327,-73.61431,,,,Ville de Montreal Open Data,https://donnees.montreal.ca,2026-06-26
CTR_d440450e,Soccer à 4-5,Recreation & Sport,,45.646513,-73.490518,,,,Ville de Montreal Open Data,https://donnees.montreal.ca,2026-06-26
CTR_d6c943ca,Aire de jeu  5 à 12 ans,Recreation & Sport,,45.548238,-73.619893,,,,Ville de Montreal Open Data,https://donnees.montreal.ca,2026-06-26
CTR_bf57f328,Aire de jeu  5 à 12 ans,Recreation & Sport,,45.606889,-73.518194,,,,Ville de Montreal Open Data,https://donnees.montreal.ca,2026-06-26
CTR_9faab7a6,Patinoire avec bandes,Recreation & Sport,,45.553454,-73.590219,,,,Ville de Montreal Open Data,https://donnees.montreal.ca,2026-06-26
CTR_72177cc0,Volleyball de plage,Recreation & Sport,,45.489901,-73.559404,,,,Ville de Montreal Open Data,https://donnees.montreal.ca,2026-06-26
CTR_4883db72,Aire de jeu  5 à 12 ans,Recreation & Sport,,45.538717,-73.606541,,,,Ville de Montreal Open Data,https://donnees.montreal.ca,2026-06-26
CTR_68e9ced8,Piste cyclable,Recreation & Sport,,45.512968,-73.531676,,,,Ville de Montreal Open Data,https://donnees.montreal.ca,2026-06-26
CTR_34f958ba,Jeux d'eau,Recreation & Sport,,45.543601,-73.566359,,,,Ville de Montreal Open Data,https://donnees.montreal.ca,2026-06-26
CTR_fbaa7d68,Aire de planche à roulette,Recreation & Sport,,45.486906,-73.883589,,,,Ville de Montreal Open Data,https://donnees.montreal.ca,2026-06-26
CTR_5199c39e,Aire de jeu  5 à 12 ans,Recreation & Sport,,45.538916,-73.689231,,,,Ville de Montreal Open Data,https://donnees.montreal.ca,2026-06-26
CTR_829c44f1,Aire de jeu  5 à 12 ans,Recreation & Sport,,45.433544,-73.621713,,,,Ville de Montreal Open Data,https://donnees.montreal.ca,2026-06-26
CTR_38c65588,Aire de jeu 18 mois à 5 ans,Recreation & Sport,,45.512693,-73.806816,,,,Ville de Montreal Open Data,https://donnees.montreal.ca,2026-06-26
CTR_21bd3833,Pétanque,Recreation & Sport,,45.556806,-73.662769,,,,Ville de Montreal Open Data,https://donnees.montreal.ca,2026-06-26
CTR_7f89f4ed,Pétanque,Recreation & Sport,,45.520146,-73.695035,,,,Ville de Montreal Open Data,https://donnees.montreal.ca,2026-06-26
CTR_4173a26e,Aire de jeu 18 mois à 5 ans,Recreation & Sport,,45.498275,-73.866084,,,,Ville de Montreal Open Data,https://donnees.montreal.ca,2026-06-26
CTR_b4489687,Aire d'entraînement pour adultes,Recreation & Sport,,45.590127,-73.564025,,,,Ville de Montreal Open Data,https://donnees.montreal.ca,2026-06-26
CTR_907aad38,Aire d'entraînement pour adultes,Recreation & Sport,,45.49658,-73.619245,,,,Ville de Montreal Open Data,https://donnees.montreal.ca,2026-06-26
CTR_abfb8bb2,Aire de jeu  5 à 12 ans,Recreation & Sport,,45.570981,-73.527537,,,,Ville de Montreal Open Data,https://donnees.montreal.ca,2026-06-26
CTR_f555168d,Anneau / Rond de glace,Recreation & Sport,,45.498792,-73.853041,,,,Ville de Montreal Open Data,https://donnees.montreal.ca,2026-06-26
CTR_66983ff5,Soccer à 11,Recreation & Sport,,45.505847,-73.579825,,,,Ville de Montreal Open Data,https://donnees.montreal.ca,2026-06-26
CTR_08246c56,Patinoire sans bandes,Recreation & Sport,,45.541651,-73.699393,,,,Ville de Montreal Open Data,https://donnees.montreal.ca,2026-06-26
CTR_7189250e,Étang / lac,Recreation & Sport,,45.442843,-73.601653,,,,Ville de Montreal Open Data,https://donnees.montreal.ca,2026-06-26
CTR_fac23808,Soccer à 11,Recreation & Sport,,45.534355,-73.632427,,,,Ville de Montreal Open Data,https://donnees.montreal.ca,2026-06-26
CTR_bf13058e,Aire de pique-nique,Recreation & Sport,,45.521335,-73.69002,,,,Ville de Montreal Open Data,https://donnees.montreal.ca,2026-06-26
CTR_e553048f,Abri soleil,Recreation & Sport,,45.650253,-73.584733,,,,Ville de Montreal Open Data,https://donnees.montreal.ca,2026-06-26
CTR_dab4df25,Balle,Recreation & Sport,,45.552457,-73.634787,,,,Ville de Montreal Open Data,https://donnees.montreal.ca,2026-06-26
CTR_7d1d32e7,Soccer à 4-5,Recreation & Sport,,45.442188,-73.701464,,,,Ville de Montreal Open Data,https://donnees.montreal.ca,2026-06-26
CTR_4bad33f7,Balle,Recreation & Sport,,45.575989,-73.538576,,,,Ville de Montreal Open Data,https://donnees.montreal.ca,2026-06-26
CTR_426902ba,Piste d'athlétisme (400m) et équipements,Recreation & Sport,,45.419055,-73.640997,,,,Ville de Montreal Open Data,https://donnees.montreal.ca,2026-06-26
CTR_43e36f5b,Tennis,Recreation & Sport,,45.419366,-73.626568,,,,Ville de Montreal Open Data,https://donnees.montreal.ca,2026-06-26
CTR_ae80d14f,Piscine extérieure,Recreation & Sport,,45.443296,-73.576143,,,,Ville de Montreal Open Data,https://donnees.montreal.ca,2026-06-26
CTR_0a92a426,Aire de jeu  5 à 12 ans,Recreation & Sport,,45.605914,-73.526542,,,,Ville de Montreal Open Data,https://donnees.montreal.ca,2026-06-26
CTR_ca122dd3,Bocce,Recreation & Sport,,45.638871,-73.584295,,,,Ville de Montreal Open Data,https://donnees.montreal.ca,2026-06-26
CTR_c566bd4d,Aire de jeu 18 mois à 5 ans,Recreation & Sport,,45.458135,-73.592123,,,,Ville de Montreal Open Data,https://donnees.montreal.ca,2026-06-26
CTR_f708c683,Aire de jeu 18 mois à 5 ans,Recreation & Sport,,45.529517,-73.551368,,,,Ville de Montreal Open Data,https://donnees.montreal.ca,2026-06-26
CTR_307a3203,Aire de jeu  5 à 12 ans,Recreation & Sport,,45.516019,-73.59402,,,,Ville de Montreal Open Data,https://donnees.montreal.ca,2026-06-26
CTR_636e299b,Aire d'exercice canin,Recreation & Sport,,45.540733,-73.66461,,,,Ville de Montreal Open Data,https://donnees.montreal.ca,2026-06-26
CTR_b9bde907,Aire de jeu combiné,Recreation & Sport,,45.588068,-73.596763,,,,Ville de Montreal Open Data,https://donnees.montreal.ca,2026-06-26
CTR_fafe5b1d,Bocce,Recreation & Sport,,45.628389,-73.604562,,,,Ville de Montreal Open Data,https://donnees.montreal.ca,2026-06-26
CTR_974d811f,Pétanque,Recreation & Sport,,45.596112,-73.528329,,,,Ville de Montreal Open Data,https://donnees.montreal.ca,2026-06-26
CTR_f5802677,Soccer à 4-5,Recreation & Sport,,45.486623,-73.88338,,,,Ville de Montreal Open Data,https://donnees.montreal.ca,2026-06-26
CTR_8f4108ad,Aire de jeu 18 mois à 5 ans,Recreation & Sport,,45.465671,-73.574663,,,,Ville de Montreal Open Data,https://donnees.montreal.ca,2026-06-26
CTR_0aaf4de9,Aire de planche à roulette,Recreation & Sport,,45.446014,-73.650065,,,,Ville de Montreal Open Data,https://donnees.montreal.ca,2026-06-26
CTR_9a4f108e,Aire de jeu  5 à 12 ans,Recreation & Sport,,45.537017,-73.629612,,,,Ville de Montreal Open Data,https://donnees.montreal.ca,2026-06-26
CTR_d641b7e5,Aire de jeu 18 mois à 5 ans,Recreation & Sport,,45.424543,-73.613726,,,,Ville de Montreal Open Data,https://donnees.montreal.ca,2026-06-26
CTR_100fa841,Volleyball de plage,Recreation & Sport,,45.527173,-73.568538,,,,Ville de Montreal Open Data,https://donnees.montreal.ca,2026-06-26
CTR_3c9d9c63,Soccer à 7,Recreation & Sport,,45.43059,-73.656581,,,,Ville de Montreal Open Data,https://donnees.montreal.ca,2026-06-26
CTR_187ca84c,Aire de glissade,Recreation & Sport,,45.580715,-73.56298,,,,Ville de Montreal Open Data,https://donnees.montreal.ca,2026-06-26
CTR_0878a118,Patinoire sans bandes,Recreation & Sport,,45.649271,-73.567514,,,,Ville de Montreal Open Data,https://donnees.montreal.ca,2026-06-26
CTR_6eb55bf9,Aire de jeu 18 mois à 5 ans,Recreation & Sport,,45.667213,-73.501452,,,,Ville de Montreal Open Data,https://donnees.montreal.ca,2026-06-26
CTR_e80b16f0,Soccer / Football,Recreation & Sport,,45.421244,-73.610386,,,,Ville de Montreal Open Data,https://donnees.montreal.ca,2026-06-26
CTR_447432c3,Pataugeoire,Recreation & Sport,,45.483821,-73.575402,,,,Ville de Montreal Open Data,https://donnees.montreal.ca,2026-06-26
CTR_8340cd3d,Aire de jeu 18 mois à 5 ans,Recreation & Sport,,45.649633,-73.568578,,,,Ville de Montreal Open Data,https://donnees.montreal.ca,2026-06-26
CTR_b74fc8bf,Pataugeoire,Recreation & Sport,,45.517318,-73.691179,,,,Ville de Montreal Open Data,https://donnees.montreal.ca,2026-06-26
CTR_3f0f6913,Aire de jeu  5 à 12 ans,Recreation & Sport,,45.619569,-73.629451,,,,Ville de Montreal Open Data,https://donnees.montreal.ca,2026-06-26
CTR_1ddbc491,Pétanque,Recreation & Sport,,45.540078,-73.596094,,,,Ville de Montreal Open Data,https://donnees.montreal.ca,2026-06-26
CTR_e617fe4a,Aire de jeu 18 mois à 5 ans,Recreation & Sport,,45.510038,-73.627295,,,,Ville de Montreal Open Data,https://donnees.montreal.ca,2026-06-26
CTR_291636b7,Pataugeoire,Recreation & Sport,,45.641129,-73.49968,,,,Ville de Montreal Open Data,https://donnees.montreal.ca,2026-06-26
CTR_0c63dfcc,Aire de jeu  5 à 12 ans,Recreation & Sport,,45.537393,-73.576113,,,,Ville de Montreal Open Data,https://donnees.montreal.ca,2026-06-26
CTR_5283854e,Basketball,Recreation & Sport,,45.43862,-73.629346,,,,Ville de Montreal Open Data,https://donnees.montreal.ca,2026-06-26
CTR_723b01f5,Balle,Recreation & Sport,,45.53284,-73.556515,,,,Ville de Montreal Open Data,https://donnees.montreal.ca,2026-06-26
CTR_6b5e827a,Ciné-parc,Recreation & Sport,,45.607048,-73.559677,,,,Ville de Montreal Open Data,https://donnees.montreal.ca,2026-06-26
CTR_26b280c9,Patinoire avec bandes,Recreation & Sport,,45.428156,-73.602707,,,,Ville de Montreal Open Data,https://donnees.montreal.ca,2026-06-26
CTR_485e7d41,Aire de jeu  5 à 12 ans,Recreation & Sport,,45.55478,-73.597546,,,,Ville de Montreal Open Data,https://donnees.montreal.ca,2026-06-26
CTR_4de6cba4,Patinoire avec bandes,Recreation & Sport,,45.586411,-73.598362,,,,Ville de Montreal Open Data,https://donnees.montreal.ca,2026-06-26
CTR_ba7f1d21,Jeux d'eau,Recreation & Sport,,45.627637,-73.592957,,,,Ville de Montreal Open Data,https://donnees.montreal.ca,2026-06-26
CTR_8ea145ab,Volleyball de plage,Recreation & Sport,,45.490078,-73.559318,,,,Ville de Montreal Open Data,https://donnees.montreal.ca,2026-06-26
CTR_69731d6b,Aire de jeu 18 mois à 5 ans,Recreation & Sport,,45.44867,-73.580176,,,,Ville de Montreal Open Data,https://donnees.montreal.ca,2026-06-26
CTR_6f1f7ff3,Bocce,Recreation & Sport,,45.575354,-73.625555,,,,Ville de Montreal Open Data,https://donnees.montreal.ca,2026-06-26
CTR_0a31d88e,Soccer à 7,Recreation & Sport,,45.498717,-73.80895,,,,Ville de Montreal Open Data,https://donnees.montreal.ca,2026-06-26
CTR_52d90a76,Soccer à 4-5,Recreation & Sport,,45.464708,-73.890799,,,,Ville de Montreal Open Data,https://donnees.montreal.ca,2026-06-26
CTR_0352df05,Aire de jeu  5 à 12 ans,Recreation & Sport,,45.449799,-73.65253,,,,Ville de Montreal Open Data,https://donnees.montreal.ca,2026-06-26
CTR_3919e6e9,Balle,Recreation & Sport,,45.461027,-73.646044,,,,Ville de Montreal Open Data,https://donnees.montreal.ca,2026-06-26
CTR_0b71368c,Balle,Recreation & Sport,,45.561245,-73.589303,,,,Ville de Montreal Open Data,https://donnees.montreal.ca,2026-06-26
CTR_4a843cb0,Soccer à 4-5,Recreation & Sport,,45.540812,-73.66562,,,,Ville de Montreal Open Data,https://donnees.montreal.ca,2026-06-26
CTR_3be4ade9,Cricket,Recreation & Sport,,45.491513,-73.638872,,,,Ville de Montreal Open Data,https://donnees.montreal.ca,2026-06-26
CTR_7bc1cbc5,Aire de jeu 18 mois à 5 ans,Recreation & Sport,,45.500542,-73.845259,,,,Ville de Montreal Open Data,https://donnees.montreal.ca,2026-06-26
CTR_95eb407b,Scène,Recreation & Sport,,45.575685,-73.641155,,,,Ville de Montreal Open Data,https://donnees.montreal.ca,2026-06-26
CTR_688dbed1,Aire de jeu  5 à 12 ans,Recreation & Sport,,45.527688,-73.722637,,,,Ville de Montreal Open Data,https://donnees.montreal.ca,2026-06-26
CTR_ea82a032,Volleyball de plage,Recreation & Sport,,45.443615,-73.5746,,,,Ville de Montreal Open Data,https://donnees.montreal.ca,2026-06-26
CTR_19108eb8,Aire de jeu  5 à 12 ans,Recreation & Sport,,45.605805,-73.510758,,,,Ville de Montreal Open Data,https://donnees.montreal.ca,2026-06-26
CTR_5f6273bf,Aire de jeu  5 à 12 ans,Recreation & Sport,,45.462929,-73.54913,,,,Ville de Montreal Open Data,https://donnees.montreal.ca,2026-06-26
CTR_638a241d,Aire de jeu  5 à 12 ans,Recreation & Sport,,45.456303,-73.577696,,,,Ville de Montreal Open Data,https://donnees.montreal.ca,2026-06-26
CTR_18fd3a82,Piscine extérieure,Recreation & Sport,,45.513389,-73.835673,,,,Ville de Montreal Open Data,https://donnees.montreal.ca,2026-06-26
CTR_4bf5db8d,Jeux d'eau,Recreation & Sport,,45.66358,-73.552706,,,,Ville de Montreal Open Data,https://donnees.montreal.ca,2026-06-26
CTR_a153a11b,Aire d'exercice canin,Recreation & Sport,,45.463427,-73.543489,,,,Ville de Montreal Open Data,https://donnees.montreal.ca,2026-06-26
CTR_746f5d92,Soccer à 11,Recreation & Sport,,45.618474,-73.546975,,,,Ville de Montreal Open Data,https://donnees.montreal.ca,2026-06-26
CTR_68a22189,Soccer à 7,Recreation & Sport,,45.675969,-73.498242,,,,Ville de Montreal Open Data,https://donnees.montreal.ca,2026-06-26
CTR_483310f7,Soccer à 11,Recreation & Sport,,45.597955,-73.537271,,,,Ville de Montreal Open Data,https://donnees.montreal.ca,2026-06-26
CTR_e8ffe552,Sentier pédestre,Recreation & Sport,,45.432985,-73.693546,,,,Ville de Montreal Open Data,https://donnees.montreal.ca,2026-06-26
CTR_16422605,Soccer à 7,Recreation & Sport,,45.444165,-73.678697,,,,Ville de Montreal Open Data,https://donnees.montreal.ca,2026-06-26
CTR_85c6c03a,Aire de jeu 18 mois à 5 ans,Recreation & Sport,,45.510714,-73.800258,,,,Ville de Montreal Open Data,https://donnees.montreal.ca,2026-06-26
CTR_57872ac1,Pataugeoire,Recreation & Sport,,45.51749,-73.728848,,,,Ville de Montreal Open Data,https://donnees.montreal.ca,2026-06-26
CTR_e8330591,Quai,Recreation & Sport,,45.47883,-73.574068,,,,Ville de Montreal Open Data,https://donnees.montreal.ca,2026-06-26
CTR_69a99824,Aire de jeu  5 à 12 ans,Recreation & Sport,,45.460569,-73.593576,,,,Ville de Montreal Open Data,https://donnees.montreal.ca,2026-06-26
CTR_1a443780,Basketball,Recreation & Sport,,45.534254,-73.643382,,,,Ville de Montreal Open Data,https://donnees.montreal.ca,2026-06-26
CTR_a7f1ec26,Soccer à 7,Recreation & Sport,,45.595818,-73.596473,,,,Ville de Montreal Open Data,https://donnees.montreal.ca,2026-06-26
CTR_5339346a,Piscine extérieure,Recreation & Sport,,45.623203,-73.612891,,,,Ville de Montreal Open Data,https://donnees.montreal.ca,2026-06-26
CTR_c17fffea,Patinoire avec bandes,Recreation & Sport,,45.499404,-73.871758,,,,Ville de Montreal Open Data,https://donnees.montreal.ca,2026-06-26
CTR_e5d94ba1,Soccer sous-terrain à 7,Recreation & Sport,,45.539249,-73.676673,,,,Ville de Montreal Open Data,https://donnees.montreal.ca,2026-06-26
CTR_81554bf1,Soccer à 4-5,Recreation & Sport,,45.591361,-73.590857,,,,Ville de Montreal Open Data,https://donnees.montreal.ca,2026-06-26
CTR_3f62d721,Aire de jeu 18 mois à 5 ans,Recreation & Sport,,45.604761,-73.570443,,,,Ville de Montreal Open Data,https://donnees.montreal.ca,2026-06-26
CTR_fdc76596,Aire de jeu 18 mois à 5 ans,Recreation & Sport,,45.538785,-73.689062,,,,Ville de Montreal Open Data,https://donnees.montreal.ca,2026-06-26
CTR_b8c23358,Scène,Recreation & Sport,,45.562004,-73.599656,,,,Ville de Montreal Open Data,https://donnees.montreal.ca,2026-06-26
CTR_964981cb,Bocce,Recreation & Sport,,45.596282,-73.59917,,,,Ville de Montreal Open Data,https://donnees.montreal.ca,2026-06-26
CTR_78da98db,Pataugeoire,Recreation & Sport,,45.577331,-73.554293,,,,Ville de Montreal Open Data,https://donnees.montreal.ca,2026-06-26
CTR_87442aa8,Aire de jeu combiné,Recreation & Sport,,45.510228,-73.834044,,,,Ville de Montreal Open Data,https://donnees.montreal.ca,2026-06-26
CTR_655fdaec,Aire de jeu 18 mois à 5 ans,Recreation & Sport,,45.539708,-73.596307,,,,Ville de Montreal Open Data,https://donnees.montreal.ca,2026-06-26
CTR_2ba6a713,Pastille - Basketball,Recreation & Sport,,45.604395,-73.633743,,,,Ville de Montreal Open Data,https://donnees.montreal.ca,2026-06-26
CTR_b962510c,Soccer à 7,Recreation & Sport,,45.620196,-73.607096,,,,Ville de Montreal Open Data,https://donnees.montreal.ca,2026-06-26
CTR_d9cf55d5,Aire de jeu  5 à 12 ans,Recreation & Sport,,45.570066,-73.626135,,,,Ville de Montreal Open Data,https://donnees.montreal.ca,2026-06-26
CTR_e582ba30,Balle,Recreation & Sport,,45.433524,-73.594012,,,,Ville de Montreal Open Data,https://donnees.montreal.ca,2026-06-26
CTR_f4a89c92,Tennis,Recreation & Sport,,45.592423,-73.589345,,,,Ville de Montreal Open Data,https://donnees.montreal.ca,2026-06-26
CTR_a930efa7,Soccer à 11,Recreation & Sport,,45.604782,-73.628374,,,,Ville de Montreal Open Data,https://donnees.montreal.ca,2026-06-26
CTR_7ad9c218,Aire d'exercice canin,Recreation & Sport,,45.47306,-73.614228,,,,Ville de Montreal Open Data,https://donnees.montreal.ca,2026-06-26
CTR_108e66fc,Scène,Recreation & Sport,,45.515383,-73.536373,,,,Ville de Montreal Open Data,https://donnees.montreal.ca,2026-06-26
CTR_16887cf6,Basketball,Recreation & Sport,,45.479813,-73.562335,,,,Ville de Montreal Open Data,https://donnees.montreal.ca,2026-06-26
CTR_4a6e85e7,Jeux d'eau,Recreation & Sport,,45.462835,-73.571651,,,,Ville de Montreal Open Data,https://donnees.montreal.ca,2026-06-26
CTR_a697aa65,Piscine extérieure,Recreation & Sport,,45.532431,-73.586625,,,,Ville de Montreal Open Data,https://donnees.montreal.ca,2026-06-26
CTR_9817bb81,Basketball,Recreation & Sport,,45.574725,-73.570792,,,,Ville de Montreal Open Data,https://donnees.montreal.ca,2026-06-26
CTR_18e87155,Soccer / Football,Recreation & Sport,,45.471702,-73.624066,,,,Ville de Montreal Open Data,https://donnees.montreal.ca,2026-06-26
CTR_3771e0be,Patinoire sans bandes,Recreation & Sport,,45.5542,-73.551838,,,,Ville de Montreal Open Data,https://donnees.montreal.ca,2026-06-26
CTR_81141426,Ping-pong,Recreation & Sport,,45.496824,-73.837496,,,,Ville de Montreal Open Data,https://donnees.montreal.ca,2026-06-26
CTR_b0ac5ac2,Aire de jeu  5 à 12 ans,Recreation & Sport,,45.425989,-73.654526,,,,Ville de Montreal Open Data,https://donnees.montreal.ca,2026-06-26
CTR_e64638b0,Aire d'entraînement pour adultes,Recreation & Sport,,45.52755,-73.668442,,,,Ville de Montreal Open Data,https://donnees.montreal.ca,2026-06-26
CTR_7be924a9,Soccer sous-terrain à 7,Recreation & Sport,,45.590805,-73.56453,,,,Ville de Montreal Open Data,https://donnees.montreal.ca,2026-06-26
CTR_987a1a88,Aire de jeu  5 à 12 ans,Recreation & Sport,,45.470147,-73.631578,,,,Ville de Montreal Open Data,https://donnees.montreal.ca,2026-06-26
CTR_98d183f2,Piscine extérieure,Recreation & Sport,,45.581606,-73.641955,,,,Ville de Montreal Open Data,https://donnees.montreal.ca,2026-06-26
CTR_f55494a6,Patinoire avec bandes,Recreation & Sport,,45.640742,-73.498601,,,,Ville de Montreal Open Data,https://donnees.montreal.ca,2026-06-26
CTR_ecfd65ab,Aire de jeu  5 à 12 ans,Recreation & Sport,,45.651874,-73.492292,,,,Ville de Montreal Open Data,https://donnees.montreal.ca,2026-06-26
CTR_39e97735,Patinoire 4 saisons,Recreation & Sport,,45.477491,-73.555102,,,,Ville de Montreal Open Data,https://donnees.montreal.ca,2026-06-26
CTR_b615a79f,Aire de jeu 18 mois à 5 ans,Recreation & Sport,,45.529915,-73.560274,,,,Ville de Montreal Open Data,https://donnees.montreal.ca,2026-06-26
CTR_4d7b56af,Aire de jeu 18 mois à 5 ans,Recreation & Sport,,45.523211,-73.611135,,,,Ville de Montreal Open Data,https://donnees.montreal.ca,2026-06-26
CTR_a5848b35,Aire de jeu  5 à 12 ans,Recreation & Sport,,45.550028,-73.592779,,,,Ville de Montreal Open Data,https://donnees.montreal.ca,2026-06-26
CTR_3ed50f83,Balle,Recreation & Sport,,45.603781,-73.569767,,,,Ville de Montreal Open Data,https://donnees.montreal.ca,2026-06-26
CTR_95a8dd99,Aire d'entraînement pour adultes,Recreation & Sport,,45.471771,-73.638541,,,,Ville de Montreal Open Data,https://donnees.montreal.ca,2026-06-26
CTR_a719dcc1,Soccer à 7,Recreation & Sport,,45.604696,-73.569857,,,,Ville de Montreal Open Data,https://donnees.montreal.ca,2026-06-26
CTR_65ce69af,Sentier pédestre,Recreation & Sport,,45.505733,-73.842807,,,,Ville de Montreal Open Data,https://donnees.montreal.ca,2026-06-26
CTR_7ba31e14,Aire de jeu combiné,Recreation & Sport,,45.433093,-73.636633,,,,Ville de Montreal Open Data,https://donnees.montreal.ca,2026-06-26
CTR_9c8f7bf6,Aire d'exercice canin,Recreation & Sport,,45.458236,-73.650335,,,,Ville de Montreal Open Data,https://donnees.montreal.ca,2026-06-26
CTR_63af03b3,Aire de jeu 18 mois à 5 ans,Recreation & Sport,,45.613982,-73.620525,,,,Ville de Montreal Open Data,https://donnees.montreal.ca,2026-06-26
CTR_46f6f364,Piste cyclable,Recreation & Sport,,45.547167,-73.694816,,,,Ville de Montreal Open Data,https://donnees.montreal.ca,2026-06-26
CTR_529fcdd5,Soccer à 11,Recreation & Sport,,45.69126,-73.518216,,,,Ville de Montreal Open Data,https://donnees.montreal.ca,2026-06-26
CTR_a5062d57,Anneau / Rond de glace,Recreation & Sport,,45.599687,-73.636178,,,,Ville de Montreal Open Data,https://donnees.montreal.ca,2026-06-26
CTR_7717fcd5,Aire de jeu  5 à 12 ans,Recreation & Sport,,45.509848,-73.6274,,,,Ville de Montreal Open Data,https://donnees.montreal.ca,2026-06-26
CTR_d21ee8f0,Aire d'exercice canin,Recreation & Sport,,45.554045,-73.589825,,,,Ville de Montreal Open Data,https://donnees.montreal.ca,2026-06-26
CTR_b57ef5db,Volleyball de plage,Recreation & Sport,,45.690968,-73.518681,,,,Ville de Montreal Open Data,https://donnees.montreal.ca,2026-06-26
CTR_5033863d,Aire de jeu  5 à 12 ans,Recreation & Sport,,45.522112,-73.701663,,,,Ville de Montreal Open Data,https://donnees.montreal.ca,2026-06-26
CTR_70dbbe0e,Patinoire avec bandes,Recreation & Sport,,45.666849,-73.501723,,,,Ville de Montreal Open Data,https://donnees.montreal.ca,2026-06-26
CTR_f5f96cf2,Soccer à 7,Recreation & Sport,,45.642194,-73.581044,,,,Ville de Montreal Open Data,https://donnees.montreal.ca,2026-06-26
CTR_b7fae76d,Aire de pique-nique,Recreation & Sport,,45.458754,-73.581536,,,,Ville de Montreal Open Data,https://donnees.montreal.ca,2026-06-26
CTR_9176c3e5,Aire de jeu  5 à 12 ans,Recreation & Sport,,45.431922,-73.639525,,,,Ville de Montreal Open Data,https://donnees.montreal.ca,2026-06-26
CTR_1b0e6fd8,Patinoire avec bandes,Recreation & Sport,,45.505888,-73.802879,,,,Ville de Montreal Open Data,https://donnees.montreal.ca,2026-06-26
CTR_3f2cc542,Anneau / Rond de glace,Recreation & Sport,,45.419834,-73.612349,,,,Ville de Montreal Open Data,https://donnees.montreal.ca,2026-06-26
CTR_12881276,Aire d'entraînement pour adultes,Recreation & Sport,,45.586543,-73.571425,,,,Ville de Montreal Open Data,https://donnees.montreal.ca,2026-06-26
CTR_288687ab,Aire d'exercice canin,Recreation & Sport,,45.509163,-73.72873,,,,Ville de Montreal Open Data,https://donnees.montreal.ca,2026-06-26
CTR_c4cd3a2c,Sentier de ski de fond,Recreation & Sport,,45.43302,-73.693412,,,,Ville de Montreal Open Data,https://donnees.montreal.ca,2026-06-26
CTR_95999bf5,Soccer à 7,Recreation & Sport,,45.480854,-73.852558,,,,Ville de Montreal Open Data,https://donnees.montreal.ca,2026-06-26
CTR_bc354c21,Piscine extérieure,Recreation & Sport,,45.604224,-73.583726,,,,Ville de Montreal Open Data,https://donnees.montreal.ca,2026-06-26
CTR_26cc6d1f,Jeux d'eau,Recreation & Sport,,45.427602,-73.624155,,,,Ville de Montreal Open Data,https://donnees.montreal.ca,2026-06-26
CTR_caaa704e,Aire d'exercice canin,Recreation & Sport,,45.473736,-73.641713,,,,Ville de Montreal Open Data,https://donnees.montreal.ca,2026-06-26
CTR_39f964df,Marina,Recreation & Sport,,45.432927,-73.685106,,,,Ville de Montreal Open Data,https://donnees.montreal.ca,2026-06-26
CTR_e5f4ade8,Pataugeoire,Recreation & Sport,,45.560829,-73.651662,,,,Ville de Montreal Open Data,https://donnees.montreal.ca,2026-06-26
CTR_9b7af6a8,Soccer à 7,Recreation & Sport,,45.505477,-73.71787,,,,Ville de Montreal Open Data,https://donnees.montreal.ca,2026-06-26
CTR_d9e98e8d,Aire de jeu combiné,Recreation & Sport,,45.603694,-73.596713,,,,Ville de Montreal Open Data,https://donnees.montreal.ca,2026-06-26
CTR_50a918f1,Anneau / Rond de glace,Recreation & Sport,,45.529031,-73.676859,,,,Ville de Montreal Open Data,https://donnees.montreal.ca,2026-06-26
CTR_1dd0d82f,Aire de jeu  5 à 12 ans,Recreation & Sport,,45.522425,-73.721401,,,,Ville de Montreal Open Data,https://donnees.montreal.ca,2026-06-26
CTR_38053ddd,Soccer à 11,Recreation & Sport,,45.421607,-73.612591,,,,Ville de Montreal Open Data,https://donnees.montreal.ca,2026-06-26
CTR_9e8fd901,Patinoire avec bandes,Recreation & Sport,,45.439646,-73.671312,,,,Ville de Montreal Open Data,https://donnees.montreal.ca,2026-06-26
CTR_855cbbce,Soccer à 4-5,Recreation & Sport,,45.44715,-73.714949,,,,Ville de Montreal Open Data,https://donnees.montreal.ca,2026-06-26
CTR_59020056,Patinoire sans bandes,Recreation & Sport,,45.561963,-73.599603,,,,Ville de Montreal Open Data,https://donnees.montreal.ca,2026-06-26
CTR_241d843a,Aire de jeu 18 mois à 5 ans,Recreation & Sport,,45.418815,-73.641899,,,,Ville de Montreal Open Data,https://donnees.montreal.ca,2026-06-26
CTR_da3c3d9b,Belvédère,Recreation & Sport,,45.503486,-73.587018,,,,Ville de Montreal Open Data,https://donnees.montreal.ca,2026-06-26
CTR_6336b593,Aire de jeu 18 mois à 5 ans,Recreation & Sport,,45.543038,-73.620808,,,,Ville de Montreal Open Data,https://donnees.montreal.ca,2026-06-26
CTR_102658d5,Aire de jeu  5 à 12 ans,Recreation & Sport,,45.571579,-73.562788,,,,Ville de Montreal Open Data,https://donnees.montreal.ca,2026-06-26
CTR_9e1b3a67,Soccer à 4-5,Recreation & Sport,,45.529804,-73.696411,,,,Ville de Montreal Open Data,https://donnees.montreal.ca,2026-06-26
CTR_966cf2c1,Pétanque,Recreation & Sport,,45.497188,-73.6191,,,,Ville de Montreal Open Data,https://donnees.montreal.ca,2026-06-26
CTR_b3d30aab,Aire de jeu 18 mois à 5 ans,Recreation & Sport,,45.556795,-73.631018,,,,Ville de Montreal Open Data,https://donnees.montreal.ca,2026-06-26
CTR_6c952350,Étang / lac,Recreation & Sport,,45.587095,-73.594974,,,,Ville de Montreal Open Data,https://donnees.montreal.ca,2026-06-26
CTR_4eacac0c,Aire de jeu 18 mois à 5 ans,Recreation & Sport,,45.524021,-73.585611,,,,Ville de Montreal Open Data,https://donnees.montreal.ca,2026-06-26
CTR_8fb8cd24,Tennis,Recreation & Sport,,45.451441,-73.567453,,,,Ville de Montreal Open Data,https://donnees.montreal.ca,2026-06-26
CTR_3863e978,Aire d'exercice canin,Recreation & Sport,,45.435733,-73.688277,,,,Ville de Montreal Open Data,https://donnees.montreal.ca,2026-06-26
CTR_c23e603b,Tennis,Recreation & Sport,,45.47253,-73.584187,,,,Ville de Montreal Open Data,https://donnees.montreal.ca,2026-06-26
CTR_13058544,Quai,Recreation & Sport,,45.442709,-73.574342,,,,Ville de Montreal Open Data,https://donnees.montreal.ca,2026-06-26
CTR_72834d41,Aire de glissade,Recreation & Sport,,45.565683,-73.560353,,,,Ville de Montreal Open Data,https://donnees.montreal.ca,2026-06-26
CTR_f0e8c6f2,Aire de jeu  5 à 12 ans,Recreation & Sport,,45.649013,-73.493982,,,,Ville de Montreal Open Data,https://donnees.montreal.ca,2026-06-26
CTR_73911b3f,Aire de jeu 18 mois à 5 ans,Recreation & Sport,,45.549372,-73.657218,,,,Ville de Montreal Open Data,https://donnees.montreal.ca,2026-06-26
CTR_b1b298cd,Soccer / Football,Recreation & Sport,,45.505014,-73.699365,,,,Ville de Montreal Open Data,https://donnees.montreal.ca,2026-06-26
CTR_a3124c11,Aire de jeu  5 à 12 ans,Recreation & Sport,,45.582277,-73.552291,,,,Ville de Montreal Open Data,https://donnees.montreal.ca,2026-06-26
CTR_64f50b11,Patinoire avec bandes,Recreation & Sport,,45.531989,-73.588537,,,,Ville de Montreal Open Data,https://donnees.montreal.ca,2026-06-26
CTR_3144d0e4,Soccer à 11,Recreation & Sport,,45.573074,-73.591855,,,,Ville de Montreal Open Data,https://donnees.montreal.ca,2026-06-26
CTR_391dd294,Soccer à 11,Recreation & Sport,,45.640556,-73.498691,,,,Ville de Montreal Open Data,https://donnees.montreal.ca,2026-06-26
CTR_12300903,Soccer à 7,Recreation & Sport,,45.469318,-73.634746,,,,Ville de Montreal Open Data,https://donnees.montreal.ca,2026-06-26
CTR_74b5e798,Soccer à 4-5,Recreation & Sport,,45.46454,-73.891256,,,,Ville de Montreal Open Data,https://donnees.montreal.ca,2026-06-26
CTR_334dca4f,Aire de jeu 18 mois à 5 ans,Recreation & Sport,,45.503222,-73.832967,,,,Ville de Montreal Open Data,https://donnees.montreal.ca,2026-06-26
CTR_c07fac44,Soccer à 7,Recreation & Sport,,45.480451,-73.852316,,,,Ville de Montreal Open Data,https://donnees.montreal.ca,2026-06-26
CTR_d7f65f66,Soccer à 4-5,Recreation & Sport,,45.441805,-73.713204,,,,Ville de Montreal Open Data,https://donnees.montreal.ca,2026-06-26
CTR_0df0dec4,Soccer à 7,Recreation & Sport,,45.628069,-73.603691,,,,Ville de Montreal Open Data,https://donnees.montreal.ca,2026-06-26
CTR_896c8274,Soccer à 4-5,Recreation & Sport,,45.569554,-73.635466,,,,Ville de Montreal Open Data,https://donnees.montreal.ca,2026-06-26
CTR_e8e0fcb2,Aire de jeu 18 mois à 5 ans,Recreation & Sport,,45.483592,-73.635139,,,,Ville de Montreal Open Data,https://donnees.montreal.ca,2026-06-26
CTR_d7f4d56f,Pataugeoire,Recreation & Sport,,45.502905,-73.689858,,,,Ville de Montreal Open Data,https://donnees.montreal.ca,2026-06-26
CTR_821cad1c,Belvédère,Recreation & Sport,,45.490157,-73.577491,,,,Ville de Montreal Open Data,https://donnees.montreal.ca,2026-06-26
CTR_7437bdcc,Soccer / Football,Recreation & Sport,,45.445049,-73.678748,,,,Ville de Montreal Open Data,https://donnees.montreal.ca,2026-06-26
CTR_dc9da6b2,Aire de jeu 18 mois à 5 ans,Recreation & Sport,,45.504427,-73.852238,,,,Ville de Montreal Open Data,https://donnees.montreal.ca,2026-06-26
CTR_9b7dbd74,Volleyball de plage,Recreation & Sport,,45.582323,-73.643068,,,,Ville de Montreal Open Data,https://donnees.montreal.ca,2026-06-26
CTR_f6f70450,Patinoire sans bandes,Recreation & Sport,,45.667057,-73.501645,,,,Ville de Montreal Open Data,https://donnees.montreal.ca,2026-06-26
CTR_83793c39,Aire de jeu  5 à 12 ans,Recreation & Sport,,45.556437,-73.63395,,,,Ville de Montreal Open Data,https://donnees.montreal.ca,2026-06-26
CTR_510e8b79,Aire de jeu 18 mois à 5 ans,Recreation & Sport,,45.48969,-73.880551,,,,Ville de Montreal Open Data,https://donnees.montreal.ca,2026-06-26
CTR_ae2ded3a,Soccer à 7,Recreation & Sport,,45.510806,-73.824023,,,,Ville de Montreal Open Data,https://donnees.montreal.ca,2026-06-26
CTR_9897c14b,Patinoire sans bandes,Recreation & Sport,,45.457801,-73.590017,,,,Ville de Montreal Open Data,https://donnees.montreal.ca,2026-06-26
CTR_8ae1289a,Aire d'exercice canin,Recreation & Sport,,45.477525,-73.551745,,,,Ville de Montreal Open Data,https://donnees.montreal.ca,2026-06-26
CTR_19dcc575,Patinoire sans bandes,Recreation & Sport,,45.504861,-73.782795,,,,Ville de Montreal Open Data,https://donnees.montreal.ca,2026-06-26
CTR_61f2c660,Piscine extérieure,Recreation & Sport,,45.437769,-73.674389,,,,Ville de Montreal Open Data,https://donnees.montreal.ca,2026-06-26
CTR_798c831e,Jeux d'eau,Recreation & Sport,,45.524049,-73.592442,,,,Ville de Montreal Open Data,https://donnees.montreal.ca,2026-06-26
CTR_92f57521,Soccer à 11,Recreation & Sport,,45.444445,-73.702204,,,,Ville de Montreal Open Data,https://donnees.montreal.ca,2026-06-26
CTR_49145bbd,Aire de jeu 18 mois à 5 ans,Recreation & Sport,,45.445895,-73.689648,,,,Ville de Montreal Open Data,https://donnees.montreal.ca,2026-06-26
CTR_14e08dbc,Basketball,Recreation & Sport,,45.468983,-73.60786,,,,Ville de Montreal Open Data,https://donnees.montreal.ca,2026-06-26
CTR_f351cb3b,Patinoire sans bandes,Recreation & Sport,,45.513817,-73.550439,,,,Ville de Montreal Open Data,https://donnees.montreal.ca,2026-06-26
CTR_7aa32df5,Soccer à 11,Recreation & Sport,,45.44388,-73.666494,,,,Ville de Montreal Open Data,https://donnees.montreal.ca,2026-06-26
CTR_c21dbcd4,Soccer à 7,Recreation & Sport,,45.440267,-73.708244,,,,Ville de Montreal Open Data,https://donnees.montreal.ca,2026-06-26
CTR_85c391f5,Aire de jeu 18 mois à 5 ans,Recreation & Sport,,45.618059,-73.616828,,,,Ville de Montreal Open Data,https://donnees.montreal.ca,2026-06-26
CTR_345b6808,Jeux d'eau,Recreation & Sport,,45.481126,-73.866412,,,,Ville de Montreal Open Data,https://donnees.montreal.ca,2026-06-26
CTR_1ba2dbaa,Piste d'athlétisme (400m) et équipements,Recreation & Sport,,45.502751,-73.622318,,,,Ville de Montreal Open Data,https://donnees.montreal.ca,2026-06-26
CTR_de3b64ed,Anneau / Rond de glace,Recreation & Sport,,45.520036,-73.695446,,,,Ville de Montreal Open Data,https://donnees.montreal.ca,2026-06-26
CTR_7a684037,Pataugeoire,Recreation & Sport,,45.594474,-73.518966,,,,Ville de Montreal Open Data,https://donnees.montreal.ca,2026-06-26
CTR_36aa4cfd,Balle,Recreation & Sport,,45.455767,-73.605295,,,,Ville de Montreal Open Data,https://donnees.montreal.ca,2026-06-26
CTR_1d45aabb,Aire de jeu 18 mois à 5 ans,Recreation & Sport,,45.459236,-73.575504,,,,Ville de Montreal Open Data,https://donnees.montreal.ca,2026-06-26
CTR_afde040f,Palet,Recreation & Sport,,45.605809,-73.524822,,,,Ville de Montreal Open Data,https://donnees.montreal.ca,2026-06-26
CTR_8096aaa4,Soccer à 4-5,Recreation & Sport,,45.464884,-73.890341,,,,Ville de Montreal Open Data,https://donnees.montreal.ca,2026-06-26
CTR_44a9c48f,Aire de jeu 18 mois à 5 ans,Recreation & Sport,,45.533495,-73.593437,,,,Ville de Montreal Open Data,https://donnees.montreal.ca,2026-06-26
CTR_824c5c44,Patinoire sans bandes,Recreation & Sport,,45.533053,-73.556703,,,,Ville de Montreal Open Data,https://donnees.montreal.ca,2026-06-26
CTR_ce37bc7e,Traversier,Recreation & Sport,,45.519302,-73.869345,,,,Ville de Montreal Open Data,https://donnees.montreal.ca,2026-06-26
CTR_765e69a1,Soccer à 7,Recreation & Sport,,45.560953,-73.544048,,,,Ville de Montreal Open Data,https://donnees.montreal.ca,2026-06-26
CTR_da33694d,Bocce,Recreation & Sport,,45.590623,-73.56271,,,,Ville de Montreal Open Data,https://donnees.montreal.ca,2026-06-26
CTR_521ef862,Balle,Recreation & Sport,,45.439534,-73.671301,,,,Ville de Montreal Open Data,https://donnees.montreal.ca,2026-06-26
CTR_69a82018,Aire de jeu 18 mois à 5 ans,Recreation & Sport,,45.563969,-73.663956,,,,Ville de Montreal Open Data,https://donnees.montreal.ca,2026-06-26
CTR_7850efa0,Aire de jeu  5 à 12 ans,Recreation & Sport,,45.545939,-73.601288,,,,Ville de Montreal Open Data,https://donnees.montreal.ca,2026-06-26
CTR_82a0b1ff,Aire de jeu 18 mois à 5 ans,Recreation & Sport,,45.527553,-73.722877,,,,Ville de Montreal Open Data,https://donnees.montreal.ca,2026-06-26
CTR_8f784fb9,Tyrolienne,Recreation & Sport,,45.509155,-73.550139,,,,Ville de Montreal Open Data,https://donnees.montreal.ca,2026-06-26
CTR_108fa4f5,Aire de jeu  5 à 12 ans,Recreation & Sport,,45.659739,-73.499952,,,,Ville de Montreal Open Data,https://donnees.montreal.ca,2026-06-26
CTR_cde2bb3e,Boisé,Recreation & Sport,,45.588652,-73.60836,,,,Ville de Montreal Open Data,https://donnees.montreal.ca,2026-06-26
CTR_e4270386,Pétanque,Recreation & Sport,,45.551562,-73.532593,,,,Ville de Montreal Open Data,https://donnees.montreal.ca,2026-06-26
CTR_ce3f016c,Aire de jeu 18 mois à 5 ans,Recreation & Sport,,45.496624,-73.837705,,,,Ville de Montreal Open Data,https://donnees.montreal.ca,2026-06-26
CTR_afa14d8d,Aire de jeu 18 mois à 5 ans,Recreation & Sport,,45.670396,-73.542232,,,,Ville de Montreal Open Data,https://donnees.montreal.ca,2026-06-26
CTR_9ab82146,Patinoire avec bandes,Recreation & Sport,,45.545681,-73.540418,,,,Ville de Montreal Open Data,https://donnees.montreal.ca,2026-06-26
CTR_be1c61e3,Patinoire sans bandes,Recreation & Sport,,45.63919,-73.596351,,,,Ville de Montreal Open Data,https://donnees.montreal.ca,2026-06-26
CTR_43dab770,Balle,Recreation & Sport,,45.639494,-73.59579,,,,Ville de Montreal Open Data,https://donnees.montreal.ca,2026-06-26
CTR_28d382ed,Quai,Recreation & Sport,,45.595275,-73.508046,,,,Ville de Montreal Open Data,https://donnees.montreal.ca,2026-06-26
CTR_4fa8aca2,Fer / Galet,Recreation & Sport,,45.560571,-73.544319,,,,Ville de Montreal Open Data,https://donnees.montreal.ca,2026-06-26
CTR_eea76a3c,Patinoire avec bandes,Recreation & Sport,,45.461122,-73.632795,,,,Ville de Montreal Open Data,https://donnees.montreal.ca,2026-06-26
CTR_202d1b92,Patinoire avec bandes,Recreation & Sport,,45.55284,-73.568971,,,,Ville de Montreal Open Data,https://donnees.montreal.ca,2026-06-26
CTR_9e37f28b,Balle,Recreation & Sport,,45.501009,-73.681012,,,,Ville de Montreal Open Data,https://donnees.montreal.ca,2026-06-26
CTR_974c240e,Jeux d'eau,Recreation & Sport,,45.649035,-73.50733,,,,Ville de Montreal Open Data,https://donnees.montreal.ca,2026-06-26
CTR_1ab2469d,Aire de jeu 18 mois à 5 ans,Recreation & Sport,,45.443849,-73.652917,,,,Ville de Montreal Open Data,https://donnees.montreal.ca,2026-06-26
CTR_61ed8b2c,Bocce,Recreation & Sport,,45.575078,-73.642703,,,,Ville de Montreal Open Data,https://donnees.montreal.ca,2026-06-26
CTR_18e5d1b4,Pétanque,Recreation & Sport,,45.641029,-73.498427,,,,Ville de Montreal Open Data,https://donnees.montreal.ca,2026-06-26
CTR_ea7c0082,Aire de jeu 18 mois à 5 ans,Recreation & Sport,,45.66552,-73.520981,,,,Ville de Montreal Open Data,https://donnees.montreal.ca,2026-06-26
CTR_e576e45f,Sentier de raquette,Recreation & Sport,,45.516243,-73.899469,,,,Ville de Montreal Open Data,https://donnees.montreal.ca,2026-06-26
CTR_b7cc3d95,Aire de jeu 18 mois à 5 ans,Recreation & Sport,,45.650854,-73.507953,,,,Ville de Montreal Open Data,https://donnees.montreal.ca,2026-06-26
CTR_2629f2a7,Piscine extérieure,Recreation & Sport,,45.517605,-73.691486,,,,Ville de Montreal Open Data,https://donnees.montreal.ca,2026-06-26
CTR_88a6094e,Aire de jeu 18 mois à 5 ans,Recreation & Sport,,45.527829,-73.708512,,,,Ville de Montreal Open Data,https://donnees.montreal.ca,2026-06-26
CTR_7601fcb3,Aire de pique-nique,Recreation & Sport,,45.471013,-73.937812,,,,Ville de Montreal Open Data,https://donnees.montreal.ca,2026-06-26
CTR_c6826640,Patinoire d'improvisation,Recreation & Sport,,45.531696,-73.596775,,,,Ville de Montreal Open Data,https://donnees.montreal.ca,2026-06-26
CTR_ef169808,Soccer à 11,Recreation & Sport,,45.456799,-73.634251,,,,Ville de Montreal Open Data,https://donnees.montreal.ca,2026-06-26
CTR_6fc75047,Patinoire avec bandes,Recreation & Sport,,45.513512,-73.712115,,,,Ville de Montreal Open Data,https://donnees.montreal.ca,2026-06-26
CTR_a733d95e,Aire de jeu  5 à 12 ans,Recreation & Sport,,45.595987,-73.599412,,,,Ville de Montreal Open Data,https://donnees.montreal.ca,2026-06-26
CTR_df65ccf7,Aire de jeu  5 à 12 ans,Recreation & Sport,,45.524488,-73.555309,,,,Ville de Montreal Open Data,https://donnees.montreal.ca,2026-06-26
CTR_84b8198a,Aire de jeu 18 mois à 5 ans,Recreation & Sport,,45.464328,-73.891632,,,,Ville de Montreal Open Data,https://donnees.montreal.ca,2026-06-26
CTR_c470b16c,Basketball,Recreation & Sport,,45.524489,-73.555917,,,,Ville de Montreal Open Data,https://donnees.montreal.ca,2026-06-26
CTR_2121fa04,Abri soleil,Recreation & Sport,,45.614915,-73.55516,,,,Ville de Montreal Open Data,https://donnees.montreal.ca,2026-06-26
CTR_ca3a9750,Soccer à 7,Recreation & Sport,,45.508447,-73.7074,,,,Ville de Montreal Open Data,https://donnees.montreal.ca,2026-06-26
CTR_54bff82d,Aire de jeu  5 à 12 ans,Recreation & Sport,,45.551822,-73.568291,,,,Ville de Montreal Open Data,https://donnees.montreal.ca,2026-06-26
CTR_0dfb1c93,Aire de jeu 18 mois à 5 ans,Recreation & Sport,,45.640664,-73.595999,,,,Ville de Montreal Open Data,https://donnees.montreal.ca,2026-06-26
CTR_2f9d8143,Balle,Recreation & Sport,,45.483304,-73.576134,,,,Ville de Montreal Open Data,https://donnees.montreal.ca,2026-06-26
CTR_1ca3f3cd,Fer / Galet,Recreation & Sport,,45.478878,-73.564225,,,,Ville de Montreal Open Data,https://donnees.montreal.ca,2026-06-26
CTR_d76e4ddd,Basketball,Recreation & Sport,,45.512639,-73.565298,,,,Ville de Montreal Open Data,https://donnees.montreal.ca,2026-06-26
CTR_89763592,Aire d'exercice canin,Recreation & Sport,,45.490494,-73.559625,,,,Ville de Montreal Open Data,https://donnees.montreal.ca,2026-06-26
CTR_cb794457,Soccer à 4-5,Recreation & Sport,,45.452378,-73.585687,,,,Ville de Montreal Open Data,https://donnees.montreal.ca,2026-06-26
CTR_ca41a01b,Aire d'entraînement pour adultes,Recreation & Sport,,45.472768,-73.613224,,,,Ville de Montreal Open Data,https://donnees.montreal.ca,2026-06-26
CTR_8856c3c4,Patinoire avec bandes,Recreation & Sport,,45.53584,-73.631252,,,,Ville de Montreal Open Data,https://donnees.montreal.ca,2026-06-26
CTR_12e3a942,Balle,Recreation & Sport,,45.568117,-73.572159,,,,Ville de Montreal Open Data,https://donnees.montreal.ca,2026-06-26
CTR_4accec66,Aire de jeu  5 à 12 ans,Recreation & Sport,,45.627411,-73.592706,,,,Ville de Montreal Open Data,https://donnees.montreal.ca,2026-06-26
CTR_651c2598,Jeux d'eau,Recreation & Sport,,45.471384,-73.569223,,,,Ville de Montreal Open Data,https://donnees.montreal.ca,2026-06-26
CTR_5dc27608,Croquet,Recreation & Sport,,45.52838,-73.70697,,,,Ville de Montreal Open Data,https://donnees.montreal.ca,2026-06-26
CTR_4e0e5ea0,Palet,Recreation & Sport,,45.419104,-73.626376,,,,Ville de Montreal Open Data,https://donnees.montreal.ca,2026-06-26
CTR_b0ee35a0,Pataugeoire,Recreation & Sport,,45.552553,-73.568424,,,,Ville de Montreal Open Data,https://donnees.montreal.ca,2026-06-26
CTR_0907edf1,Anneau / Rond de glace,Recreation & Sport,,45.459369,-73.574973,,,,Ville de Montreal Open Data,https://donnees.montreal.ca,2026-06-26
CTR_cfdcf112,Aire de jeu 18 mois à 5 ans,Recreation & Sport,,45.51456,-73.662617,,,,Ville de Montreal Open Data,https://donnees.montreal.ca,2026-06-26
CTR_a74277eb,Palet,Recreation & Sport,,45.432363,-73.639542,,,,Ville de Montreal Open Data,https://donnees.montreal.ca,2026-06-26
CTR_54f5f02a,Basketball,Recreation & Sport,,45.464432,-73.561939,,,,Ville de Montreal Open Data,https://donnees.montreal.ca,2026-06-26
CTR_7a5cfd3f,Balle,Recreation & Sport,,45.484096,-73.637044,,,,Ville de Montreal Open Data,https://donnees.montreal.ca,2026-06-26
CTR_9db4d064,Patinoire avec bandes,Recreation & Sport,,45.596276,-73.597914,,,,Ville de Montreal Open Data,https://donnees.montreal.ca,2026-06-26
CTR_1c497293,Aire de jeu 18 mois à 5 ans,Recreation & Sport,,45.580791,-73.621823,,,,Ville de Montreal Open Data,https://donnees.montreal.ca,2026-06-26
CTR_a9420432,Quai,Recreation & Sport,,45.429804,-73.671686,,,,Ville de Montreal Open Data,https://donnees.montreal.ca,2026-06-26
CTR_6e8bf3c4,Balle,Recreation & Sport,,45.611249,-73.555574,,,,Ville de Montreal Open Data,https://donnees.montreal.ca,2026-06-26
CTR_c2921a32,Aire de jeu  5 à 12 ans,Recreation & Sport,,45.54381,-73.665324,,,,Ville de Montreal Open Data,https://donnees.montreal.ca,2026-06-26
CTR_5a7fed3c,Aire de jeu 18 mois à 5 ans,Recreation & Sport,,45.497218,-73.620257,,,,Ville de Montreal Open Data,https://donnees.montreal.ca,2026-06-26
CTR_fdbaef5e,Aire de jeu 18 mois à 5 ans,Recreation & Sport,,45.491717,-73.637842,,,,Ville de Montreal Open Data,https://donnees.montreal.ca,2026-06-26
CTR_2ae9a13b,Sentier pédestre,Recreation & Sport,,45.507629,-73.609213,,,,Ville de Montreal Open Data,https://donnees.montreal.ca,2026-06-26
CTR_44408ed9,Aire de jeu  5 à 12 ans,Recreation & Sport,,45.500314,-73.774303,,,,Ville de Montreal Open Data,https://donnees.montreal.ca,2026-06-26
CTR_c468e2b1,Patinoire avec bandes,Recreation & Sport,,45.483567,-73.576259,,,,Ville de Montreal Open Data,https://donnees.montreal.ca,2026-06-26
CTR_23dae2f2,Aire de jeu  5 à 12 ans,Recreation & Sport,,45.473834,-73.634267,,,,Ville de Montreal Open Data,https://donnees.montreal.ca,2026-06-26
CTR_bbf0212d,Soccer à 11,Recreation & Sport,,45.567556,-73.572798,,,,Ville de Montreal Open Data,https://donnees.montreal.ca,2026-06-26
CTR_6a0100f8,Anneau / Rond de glace,Recreation & Sport,,45.510087,-73.844134,,,,Ville de Montreal Open Data,https://donnees.montreal.ca,2026-06-26
CTR_3ff96a7d,Jeux d'eau,Recreation & Sport,,45.545977,-73.616385,,,,Ville de Montreal Open Data,https://donnees.montreal.ca,2026-06-26
CTR_d41b3020,Rampe de mise à l'eau / descente de bateaux,Recreation & Sport,,45.432679,-73.693002,,,,Ville de Montreal Open Data,https://donnees.montreal.ca,2026-06-26
CTR_175343a2,Aire de jeu 18 mois à 5 ans,Recreation & Sport,,45.461497,-73.565497,,,,Ville de Montreal Open Data,https://donnees.montreal.ca,2026-06-26
CTR_a77a1ff7,Aire de jeu  5 à 12 ans,Recreation & Sport,,45.4919,-73.637662,,,,Ville de Montreal Open Data,https://donnees.montreal.ca,2026-06-26
CTR_a6c79d5e,Soccer à 7,Recreation & Sport,,45.573301,-73.594129,,,,Ville de Montreal Open Data,https://donnees.montreal.ca,2026-06-26
CTR_d1aa538e,Aire de jeu 18 mois à 5 ans,Recreation & Sport,,45.539866,-73.649668,,,,Ville de Montreal Open Data,https://donnees.montreal.ca,2026-06-26
CTR_5648ce63,Balle,Recreation & Sport,,45.640072,-73.595657,,,,Ville de Montreal Open Data,https://donnees.montreal.ca,2026-06-26
CTR_df3ead1f,Hébertisme urbain,Recreation & Sport,,45.508814,-73.550428,,,,Ville de Montreal Open Data,https://donnees.montreal.ca,2026-06-26
CTR_facf4496,Aire de jeu  5 à 12 ans,Recreation & Sport,,45.604856,-73.633652,,,,Ville de Montreal Open Data,https://donnees.montreal.ca,2026-06-26
CTR_8c264b6d,Patinoire avec bandes,Recreation & Sport,,45.603719,-73.550784,,,,Ville de Montreal Open Data,https://donnees.montreal.ca,2026-06-26
CTR_18e04877,Aire de jeu 18 mois à 5 ans,Recreation & Sport,,45.49718,-73.597505,,,,Ville de Montreal Open Data,https://donnees.montreal.ca,2026-06-26
CTR_a93f31ea,Basketball,Recreation & Sport,,45.52974,-73.716859,,,,Ville de Montreal Open Data,https://donnees.montreal.ca,2026-06-26
CTR_3e966d6a,Aire de jeu 18 mois à 5 ans,Recreation & Sport,,45.428472,-73.626141,,,,Ville de Montreal Open Data,https://donnees.montreal.ca,2026-06-26
CTR_c89fa388,Soccer à 7,Recreation & Sport,,45.417888,-73.642142,,,,Ville de Montreal Open Data,https://donnees.montreal.ca,2026-06-26
CTR_d609183a,Basketball,Recreation & Sport,,45.433763,-73.653514,,,,Ville de Montreal Open Data,https://donnees.montreal.ca,2026-06-26
CTR_c4891362,Sentier multifonctionnel,Recreation & Sport,,45.442257,-73.599389,,,,Ville de Montreal Open Data,https://donnees.montreal.ca,2026-06-26
CTR_4b2cc762,Aire d'entraînement pour adultes,Recreation & Sport,,45.499311,-73.852582,,,,Ville de Montreal Open Data,https://donnees.montreal.ca,2026-06-26
CTR_194f537c,Belvédère,Recreation & Sport,,45.634428,-73.491963,,,,Ville de Montreal Open Data,https://donnees.montreal.ca,2026-06-26
CTR_18c35121,Aire de jeu 18 mois à 5 ans,Recreation & Sport,,45.433966,-73.596608,,,,Ville de Montreal Open Data,https://donnees.montreal.ca,2026-06-26
CTR_0c8e088d,Aire de pique-nique,Recreation & Sport,,45.460834,-73.646816,,,,Ville de Montreal Open Data,https://donnees.montreal.ca,2026-06-26
CTR_2f9364f7,Aire de jeu  5 à 12 ans,Recreation & Sport,,45.59441,-73.632507,,,,Ville de Montreal Open Data,https://donnees.montreal.ca,2026-06-26
CTR_535bc3c5,Aire de jeu 18 mois à 5 ans,Recreation & Sport,,45.456018,-73.603896,,,,Ville de Montreal Open Data,https://donnees.montreal.ca,2026-06-26
CTR_6f22fcbc,Aire de jeu 18 mois à 5 ans,Recreation & Sport,,45.582625,-73.626231,,,,Ville de Montreal Open Data,https://donnees.montreal.ca,2026-06-26
CTR_06f0031c,Aire de jeu 18 mois à 5 ans,Recreation & Sport,,45.446576,-73.670966,,,,Ville de Montreal Open Data,https://donnees.montreal.ca,2026-06-26
CTR_0ad8b2c3,Belvédère,Recreation & Sport,,45.445765,-73.555479,,,,Ville de Montreal Open Data,https://donnees.montreal.ca,2026-06-26
CTR_ed14a2ae,Aire de jeu  5 à 12 ans,Recreation & Sport,,45.479674,-73.578397,,,,Ville de Montreal Open Data,https://donnees.montreal.ca,2026-06-26
CTR_01b24514,Pataugeoire,Recreation & Sport,,45.511861,-73.848512,,,,Ville de Montreal Open Data,https://donnees.montreal.ca,2026-06-26
CTR_03c93412,Bocce,Recreation & Sport,,45.575465,-73.571468,,,,Ville de Montreal Open Data,https://donnees.montreal.ca,2026-06-26
CTR_37966f02,Bocce,Recreation & Sport,,45.454848,-73.603948,,,,Ville de Montreal Open Data,https://donnees.montreal.ca,2026-06-26
CTR_1cc70fc7,Patinoire avec bandes,Recreation & Sport,,45.567989,-73.573932,,,,Ville de Montreal Open Data,https://donnees.montreal.ca,2026-06-26
CTR_8874d987,Piscine extérieure,Recreation & Sport,,45.427632,-73.601784,,,,Ville de Montreal Open Data,https://donnees.montreal.ca,2026-06-26
CTR_19466f90,Aire de jeu 18 mois à 5 ans,Recreation & Sport,,45.549005,-73.548415,,,,Ville de Montreal Open Data,https://donnees.montreal.ca,2026-06-26
CTR_18144217,Jeux d'eau,Recreation & Sport,,45.489381,-73.633021,,,,Ville de Montreal Open Data,https://donnees.montreal.ca,2026-06-26
CTR_a38533a7,Pétanque,Recreation & Sport,,45.602796,-73.55656,,,,Ville de Montreal Open Data,https://donnees.montreal.ca,2026-06-26
CTR_4a8a7b62,Palet,Recreation & Sport,,45.548084,-73.649579,,,,Ville de Montreal Open Data,https://donnees.montreal.ca,2026-06-26
CTR_12345a48,Aire de jeu 18 mois à 5 ans,Recreation & Sport,,45.510466,-73.820309,,,,Ville de Montreal Open Data,https://donnees.montreal.ca,2026-06-26
CTR_bf2b0bbe,Patinoire sans bandes,Recreation & Sport,,45.498735,-73.597448,,,,Ville de Montreal Open Data,https://donnees.montreal.ca,2026-06-26
CTR_47726857,Balle,Recreation & Sport,,45.478582,-73.56514,,,,Ville de Montreal Open Data,https://donnees.montreal.ca,2026-06-26
CTR_a47fa0f9,Aire de jeu  5 à 12 ans,Recreation & Sport,,45.510483,-73.820059,,,,Ville de Montreal Open Data,https://donnees.montreal.ca,2026-06-26
CTR_ba56e7e0,Aire de jeu 18 mois à 5 ans,Recreation & Sport,,45.595499,-73.638962,,,,Ville de Montreal Open Data,https://donnees.montreal.ca,2026-06-26
CTR_40ddfb10,Aire de jeu  5 à 12 ans,Recreation & Sport,,45.464143,-73.891797,,,,Ville de Montreal Open Data,https://donnees.montreal.ca,2026-06-26
CTR_3e01b81c,Aire d'exercice canin,Recreation & Sport,,45.456544,-73.607243,,,,Ville de Montreal Open Data,https://donnees.montreal.ca,2026-06-26
CTR_8c0b64fc,Patinoire sans bandes,Recreation & Sport,,45.473359,-73.537391,,,,Ville de Montreal Open Data,https://donnees.montreal.ca,2026-06-26
CTR_5859c495,Aire de pique-nique,Recreation & Sport,,45.506231,-73.543219,,,,Ville de Montreal Open Data,https://donnees.montreal.ca,2026-06-26
CTR_9717efa5,Aire de jeu  5 à 12 ans,Recreation & Sport,,45.480053,-73.562013,,,,Ville de Montreal Open Data,https://donnees.montreal.ca,2026-06-26
CTR_fc85e830,Pastille - Basketball,Recreation & Sport,,45.431047,-73.660519,,,,Ville de Montreal Open Data,https://donnees.montreal.ca,2026-06-26
CTR_3b82ce9c,Piscine extérieure,Recreation & Sport,,45.512558,-73.533979,,,,Ville de Montreal Open Data,https://donnees.montreal.ca,2026-06-26
CTR_dab9c01c,Balle au mur,Recreation & Sport,,45.478293,-73.553092,,,,Ville de Montreal Open Data,https://donnees.montreal.ca,2026-06-26
CTR_c26d1aaa,Piscine extérieure,Recreation & Sport,,45.457301,-73.547856,,,,Ville de Montreal Open Data,https://donnees.montreal.ca,2026-06-26
CTR_a4d97bce,Croquet,Recreation & Sport,,45.560641,-73.544528,,,,Ville de Montreal Open Data,https://donnees.montreal.ca,2026-06-26
CTR_f84a98ef,Étang / lac,Recreation & Sport,,45.508716,-73.534533,,,,Ville de Montreal Open Data,https://donnees.montreal.ca,2026-06-26
CTR_8b80ba6f,Tennis,Recreation & Sport,,45.622915,-73.613147,,,,Ville de Montreal Open Data,https://donnees.montreal.ca,2026-06-26
CTR_bee60740,Aire de jeu  5 à 12 ans,Recreation & Sport,,45.422753,-73.648278,,,,Ville de Montreal Open Data,https://donnees.montreal.ca,2026-06-26
CTR_e300e888,Tennis,Recreation & Sport,,45.474504,-73.635696,,,,Ville de Montreal Open Data,https://donnees.montreal.ca,2026-06-26
CTR_5c824828,Aire de jeu 18 mois à 5 ans,Recreation & Sport,,45.554956,-73.597596,,,,Ville de Montreal Open Data,https://donnees.montreal.ca,2026-06-26
CTR_bb09da9a,Aire de jeu 18 mois à 5 ans,Recreation & Sport,,45.571056,-73.654496,,,,Ville de Montreal Open Data,https://donnees.montreal.ca,2026-06-26
CTR_0d85ea79,Bocce,Recreation & Sport,,45.490306,-73.648976,,,,Ville de Montreal Open Data,https://donnees.montreal.ca,2026-06-26
CTR_e07d6307,Aire de jeu  5 à 12 ans,Recreation & Sport,,45.446962,-73.679192,,,,Ville de Montreal Open Data,https://donnees.montreal.ca,2026-06-26
CTR_a54733e4,Sentier pédestre,Recreation & Sport,,45.423673,-73.624681,,,,Ville de Montreal Open Data,https://donnees.montreal.ca,2026-06-26
CTR_159a930a,Pataugeoire,Recreation & Sport,,45.582705,-73.625758,,,,Ville de Montreal Open Data,https://donnees.montreal.ca,2026-06-26
CTR_10f6d854,Sentier pédestre,Recreation & Sport,,45.58005,-73.658098,,,,Ville de Montreal Open Data,https://donnees.montreal.ca,2026-06-26
CTR_f2422756,Jeux d'eau,Recreation & Sport,,45.583644,-73.609407,,,,Ville de Montreal Open Data,https://donnees.montreal.ca,2026-06-26
CTR_34d5b23f,Aire de planche à roulette,Recreation & Sport,,45.640489,-73.491862,,,,Ville de Montreal Open Data,https://donnees.montreal.ca,2026-06-26
CTR_5e5b1685,Aire de planche à roulette,Recreation & Sport,,45.509536,-73.700926,,,,Ville de Montreal Open Data,https://donnees.montreal.ca,2026-06-26
CTR_b3738412,Multisport,Recreation & Sport,,45.580887,-73.622805,,,,Ville de Montreal Open Data,https://donnees.montreal.ca,2026-06-26
CTR_5a350702,Aire de pique-nique,Recreation & Sport,,45.682602,-73.496259,,,,Ville de Montreal Open Data,https://donnees.montreal.ca,2026-06-26
CTR_d5ac6fca,Aire de jeu 18 mois à 5 ans,Recreation & Sport,,45.577527,-73.553488,,,,Ville de Montreal Open Data,https://donnees.montreal.ca,2026-06-26
CTR_e956e312,Aire de jeu 18 mois à 5 ans,Recreation & Sport,,45.644768,-73.57861,,,,Ville de Montreal Open Data,https://donnees.montreal.ca,2026-06-26
CTR_84f8dbaa,Basketball,Recreation & Sport,,45.513719,-73.712367,,,,Ville de Montreal Open Data,https://donnees.montreal.ca,2026-06-26
CTR_4e054434,Aire de jeu 18 mois à 5 ans,Recreation & Sport,,45.474017,-73.873041,,,,Ville de Montreal Open Data,https://donnees.montreal.ca,2026-06-26
CTR_1f7a8461,Aire de jeu  5 à 12 ans,Recreation & Sport,,45.501816,-73.633304,,,,Ville de Montreal Open Data,https://donnees.montreal.ca,2026-06-26
CTR_de0eea3b,Aire de jeu  5 à 12 ans,Recreation & Sport,,45.574987,-73.624803,,,,Ville de Montreal Open Data,https://donnees.montreal.ca,2026-06-26
CTR_9a158ca4,Aire de jeu  5 à 12 ans,Recreation & Sport,,45.429361,-73.659136,,,,Ville de Montreal Open Data,https://donnees.montreal.ca,2026-06-26
CTR_22d9c0c4,Pétanque,Recreation & Sport,,45.544639,-73.575492,,,,Ville de Montreal Open Data,https://donnees.montreal.ca,2026-06-26
CTR_9f190a96,Jeux d'eau,Recreation & Sport,,45.518989,-73.684976,,,,Ville de Montreal Open Data,https://donnees.montreal.ca,2026-06-26
CTR_e6d54769,Aire de jeu 18 mois à 5 ans,Recreation & Sport,,45.471711,-73.589412,,,,Ville de Montreal Open Data,https://donnees.montreal.ca,2026-06-26
CTR_fb7f175c,Aire de jeu 18 mois à 5 ans,Recreation & Sport,,45.455106,-73.891547,,,,Ville de Montreal Open Data,https://donnees.montreal.ca,2026-06-26
CTR_0558a418,Jeux d'eau,Recreation & Sport,,45.569313,-73.527834,,,,Ville de Montreal Open Data,https://donnees.montreal.ca,2026-06-26
CTR_a06d0563,Sentier de ski de fond,Recreation & Sport,,45.679609,-73.507345,,,,Ville de Montreal Open Data,https://donnees.montreal.ca,2026-06-26
CTR_4aac0a76,Cricket,Recreation & Sport,,45.440163,-73.582751,,,,Ville de Montreal Open Data,https://donnees.montreal.ca,2026-06-26
CTR_e38209ed,Soccer à 4-5,Recreation & Sport,,45.505316,-73.781187,,,,Ville de Montreal Open Data,https://donnees.montreal.ca,2026-06-26
CTR_23bb5709,Aire de jeu 18 mois à 5 ans,Recreation & Sport,,45.489643,-73.647127,,,,Ville de Montreal Open Data,https://donnees.montreal.ca,2026-06-26
CTR_bf55ca46,Balle,Recreation & Sport,,45.533205,-73.632308,,,,Ville de Montreal Open Data,https://donnees.montreal.ca,2026-06-26
CTR_6c39cfb3,Pastille - Basketball,Recreation & Sport,,45.540451,-73.665127,,,,Ville de Montreal Open Data,https://donnees.montreal.ca,2026-06-26
CTR_95622feb,Aire d'entraînement pour adultes,Recreation & Sport,,45.510321,-73.716727,,,,Ville de Montreal Open Data,https://donnees.montreal.ca,2026-06-26
CTR_b55512b8,Aire de jeu 18 mois à 5 ans,Recreation & Sport,,45.585701,-73.594003,,,,Ville de Montreal Open Data,https://donnees.montreal.ca,2026-06-26
CTR_dba33f89,Patinoire réfrigérée / Basketball,Recreation & Sport,,45.529034,-73.717182,,,,Ville de Montreal Open Data,https://donnees.montreal.ca,2026-06-26
CTR_72dacdf3,Marina,Recreation & Sport,,45.429855,-73.677597,,,,Ville de Montreal Open Data,https://donnees.montreal.ca,2026-06-26
CTR_2436e871,Basketball,Recreation & Sport,,45.567776,-73.614327,,,,Ville de Montreal Open Data,https://donnees.montreal.ca,2026-06-26
CTR_2121ca8d,Pétanque,Recreation & Sport,,45.545773,-73.55936,,,,Ville de Montreal Open Data,https://donnees.montreal.ca,2026-06-26
CTR_dfc79b97,Aire de jeu  5 à 12 ans,Recreation & Sport,,45.551556,-73.55909,,,,Ville de Montreal Open Data,https://donnees.montreal.ca,2026-06-26
CTR_d50baaa7,Soccer à 11,Recreation & Sport,,45.650602,-73.501136,,,,Ville de Montreal Open Data,https://donnees.montreal.ca,2026-06-26
CTR_b568c343,Pétanque,Recreation & Sport,,45.541879,-73.544166,,,,Ville de Montreal Open Data,https://donnees.montreal.ca,2026-06-26
CTR_45597ef9,Piscine extérieure,Recreation & Sport,,45.499393,-73.853258,,,,Ville de Montreal Open Data,https://donnees.montreal.ca,2026-06-26
CTR_c85a50c7,Aire de pêche autorisée,Recreation & Sport,,45.517102,-73.900065,,,,Ville de Montreal Open Data,https://donnees.montreal.ca,2026-06-26
CTR_866b5f8b,Aire de jeu 18 mois à 5 ans,Recreation & Sport,,45.522052,-73.701554,,,,Ville de Montreal Open Data,https://donnees.montreal.ca,2026-06-26
CTR_38285ca3,Soccer à 7,Recreation & Sport,,45.616105,-73.632841,,,,Ville de Montreal Open Data,https://donnees.montreal.ca,2026-06-26
CTR_e42ebb20,Balle,Recreation & Sport,,45.560729,-73.587674,,,,Ville de Montreal Open Data,https://donnees.montreal.ca,2026-06-26
CTR_e64fb149,Basketball,Recreation & Sport,,45.532187,-73.570031,,,,Ville de Montreal Open Data,https://donnees.montreal.ca,2026-06-26
CTR_7dedd050,Soccer à 7,Recreation & Sport,,45.541366,-73.666509,,,,Ville de Montreal Open Data,https://donnees.montreal.ca,2026-06-26
CTR_645d09c9,Aire de jeu 18 mois à 5 ans,Recreation & Sport,,45.627712,-73.602771,,,,Ville de Montreal Open Data,https://donnees.montreal.ca,2026-06-26
CTR_dc212599,Patinoire avec bandes,Recreation & Sport,,45.589536,-73.607308,,,,Ville de Montreal Open Data,https://donnees.montreal.ca,2026-06-26
CTR_15c7df80,Jeux d'eau,Recreation & Sport,,45.560559,-73.543389,,,,Ville de Montreal Open Data,https://donnees.montreal.ca,2026-06-26
CTR_feb4659a,Jeux d'eau,Recreation & Sport,,45.666498,-73.516663,,,,Ville de Montreal Open Data,https://donnees.montreal.ca,2026-06-26
CTR_d367aefb,Tennis,Recreation & Sport,,45.51522,-73.614674,,,,Ville de Montreal Open Data,https://donnees.montreal.ca,2026-06-26
CTR_c3511ed6,Tennis,Recreation & Sport,,45.649565,-73.56723,,,,Ville de Montreal Open Data,https://donnees.montreal.ca,2026-06-26
CTR_952e7ca0,Anneau / Rond de glace,Recreation & Sport,,45.531003,-73.587287,,,,Ville de Montreal Open Data,https://donnees.montreal.ca,2026-06-26
CTR_c976d5c2,Patinoire avec bandes,Recreation & Sport,,45.458778,-73.581153,,,,Ville de Montreal Open Data,https://donnees.montreal.ca,2026-06-26
CTR_5aa35af3,Piste d'athlétisme (440m) et équipements,Recreation & Sport,,45.504332,-73.632328,,,,Ville de Montreal Open Data,https://donnees.montreal.ca,2026-06-26
CTR_86b76233,Pataugeoire,Recreation & Sport,,45.522362,-73.720283,,,,Ville de Montreal Open Data,https://donnees.montreal.ca,2026-06-26
CTR_c042ee73,Aire de jeu  5 à 12 ans,Recreation & Sport,,45.438754,-73.67423,,,,Ville de Montreal Open Data,https://donnees.montreal.ca,2026-06-26
CTR_d047d547,Football,Recreation & Sport,,45.517571,-73.671352,,,,Ville de Montreal Open Data,https://donnees.montreal.ca,2026-06-26
CTR_72ae4a48,Aire de jeu  5 à 12 ans,Recreation & Sport,,45.560362,-73.543624,,,,Ville de Montreal Open Data,https://donnees.montreal.ca,2026-06-26
CTR_afe8125f,Pataugeoire,Recreation & Sport,,45.521483,-73.616143,,,,Ville de Montreal Open Data,https://donnees.montreal.ca,2026-06-26
CTR_cf92793e,Soccer à 11,Recreation & Sport,,45.535277,-73.632355,,,,Ville de Montreal Open Data,https://donnees.montreal.ca,2026-06-26
CTR_a9f79b17,Sentier de ski de fond,Recreation & Sport,,45.433156,-73.689132,,,,Ville de Montreal Open Data,https://donnees.montreal.ca,2026-06-26
CTR_f729c1fe,Aire de jeu  5 à 12 ans,Recreation & Sport,,45.425692,-73.653293,,,,Ville de Montreal Open Data,https://donnees.montreal.ca,2026-06-26
CTR_82f795e6,Aire de jeu  5 à 12 ans,Recreation & Sport,,45.595499,-73.526995,,,,Ville de Montreal Open Data,https://donnees.montreal.ca,2026-06-26
CTR_a9655b92,Aire de jeu  5 à 12 ans,Recreation & Sport,,45.432582,-73.60889,,,,Ville de Montreal Open Data,https://donnees.montreal.ca,2026-06-26
CTR_79aa9c45,Sentier de ski de fond,Recreation & Sport,,45.43583,-73.706822,,,,Ville de Montreal Open Data,https://donnees.montreal.ca,2026-06-26
CTR_01aac807,Patinoire sans bandes,Recreation & Sport,,45.442594,-73.7182,,,,Ville de Montreal Open Data,https://donnees.montreal.ca,2026-06-26
CTR_783d8de1,Pétanque,Recreation & Sport,,45.441012,-73.691185,,,,Ville de Montreal Open Data,https://donnees.montreal.ca,2026-06-26
CTR_5dfa1844,Tennis,Recreation & Sport,,45.559255,-73.585184,,,,Ville de Montreal Open Data,https://donnees.montreal.ca,2026-06-26
CTR_b4f4dcc4,Patinoire avec bandes,Recreation & Sport,,45.599591,-73.635743,,,,Ville de Montreal Open Data,https://donnees.montreal.ca,2026-06-26
CTR_3fe8591a,Aire de jeu  5 à 12 ans,Recreation & Sport,,45.553138,-73.590961,,,,Ville de Montreal Open Data,https://donnees.montreal.ca,2026-06-26
CTR_ce059d13,Aire de jeu 18 mois à 5 ans,Recreation & Sport,,45.427642,-73.59978,,,,Ville de Montreal Open Data,https://donnees.montreal.ca,2026-06-26
CTR_2f930acb,Tennis,Recreation & Sport,,45.467478,-73.562274,,,,Ville de Montreal Open Data,https://donnees.montreal.ca,2026-06-26
CTR_a9db4a67,Aire de jeu 18 mois à 5 ans,Recreation & Sport,,45.511805,-73.848159,,,,Ville de Montreal Open Data,https://donnees.montreal.ca,2026-06-26
CTR_440a9cc0,Aire de pique-nique,Recreation & Sport,,45.421677,-73.628017,,,,Ville de Montreal Open Data,https://donnees.montreal.ca,2026-06-26
CTR_547d0fdb,Volleyball de plage,Recreation & Sport,,45.538764,-73.676046,,,,Ville de Montreal Open Data,https://donnees.montreal.ca,2026-06-26
CTR_2e0edd51,Aire de jeu  5 à 12 ans,Recreation & Sport,,45.578777,-73.603405,,,,Ville de Montreal Open Data,https://donnees.montreal.ca,2026-06-26
CTR_ee96524b,Croquet,Recreation & Sport,,45.583507,-73.537197,,,,Ville de Montreal Open Data,https://donnees.montreal.ca,2026-06-26
CTR_359ae0be,Balle,Recreation & Sport,,45.592841,-73.509392,,,,Ville de Montreal Open Data,https://donnees.montreal.ca,2026-06-26
CTR_421d21f9,Aire d'exercice canin,Recreation & Sport,,45.551368,-73.569798,,,,Ville de Montreal Open Data,https://donnees.montreal.ca,2026-06-26
CTR_021d34e0,Aire de jeu 18 mois à 5 ans,Recreation & Sport,,45.536503,-73.612226,,,,Ville de Montreal Open Data,https://donnees.montreal.ca,2026-06-26
CTR_c46eaf3c,Soccer sous-terrain à 7,Recreation & Sport,,45.492177,-73.623032,,,,Ville de Montreal Open Data,https://donnees.montreal.ca,2026-06-26
CTR_d0b03562,Pataugeoire,Recreation & Sport,,45.501848,-73.702997,,,,Ville de Montreal Open Data,https://donnees.montreal.ca,2026-06-26
CTR_0dd895ae,Jeux d'eau,Recreation & Sport,,45.555012,-73.581968,,,,Ville de Montreal Open Data,https://donnees.montreal.ca,2026-06-26
CTR_ca3d6be7,Aire de jeu 18 mois à 5 ans,Recreation & Sport,,45.479214,-73.580619,,,,Ville de Montreal Open Data,https://donnees.montreal.ca,2026-06-26
CTR_695eb679,Soccer à 7,Recreation & Sport,,45.465954,-73.868914,,,,Ville de Montreal Open Data,https://donnees.montreal.ca,2026-06-26
CTR_9fc8b063,Patinoire avec bandes,Recreation & Sport,,45.600204,-73.537915,,,,Ville de Montreal Open Data,https://donnees.montreal.ca,2026-06-26
CTR_1818c83a,Pétanque,Recreation & Sport,,45.608712,-73.536315,,,,Ville de Montreal Open Data,https://donnees.montreal.ca,2026-06-26
CTR_d361a9ca,Aire de jeu 18 mois à 5 ans,Recreation & Sport,,45.64265,-73.491428,,,,Ville de Montreal Open Data,https://donnees.montreal.ca,2026-06-26
CTR_71e6a271,Aire de jeu 18 mois à 5 ans,Recreation & Sport,,45.497282,-73.619291,,,,Ville de Montreal Open Data,https://donnees.montreal.ca,2026-06-26
CTR_2381cf96,Aire d'entraînement pour adultes,Recreation & Sport,,45.582578,-73.581052,,,,Ville de Montreal Open Data,https://donnees.montreal.ca,2026-06-26
CTR_cb4be812,Jeux d'eau,Recreation & Sport,,45.465778,-73.547112,,,,Ville de Montreal Open Data,https://donnees.montreal.ca,2026-06-26
CTR_16bed7ef,Aire de jeu  5 à 12 ans,Recreation & Sport,,45.46536,-73.56192,,,,Ville de Montreal Open Data,https://donnees.montreal.ca,2026-06-26
CTR_4001f792,Soccer à 4-5,Recreation & Sport,,45.61581,-73.632504,,,,Ville de Montreal Open Data,https://donnees.montreal.ca,2026-06-26
CTR_5c979841,Aire de pique-nique,Recreation & Sport,,45.694244,-73.516006,,,,Ville de Montreal Open Data,https://donnees.montreal.ca,2026-06-26
CTR_2d086bed,Bocce,Recreation & Sport,,45.595875,-73.559334,,,,Ville de Montreal Open Data,https://donnees.montreal.ca,2026-06-26
CTR_aef0e55c,Patinoire avec bandes,Recreation & Sport,,45.469041,-73.608352,,,,Ville de Montreal Open Data,https://donnees.montreal.ca,2026-06-26
CTR_337cb021,Jeux d'eau,Recreation & Sport,,45.514118,-73.71282,,,,Ville de Montreal Open Data,https://donnees.montreal.ca,2026-06-26
CTR_8979b1bb,Pataugeoire,Recreation & Sport,,45.457955,-73.591635,,,,Ville de Montreal Open Data,https://donnees.montreal.ca,2026-06-26
CTR_2a5d6226,Pastille - Basketball,Recreation & Sport,,45.42788,-73.632611,,,,Ville de Montreal Open Data,https://donnees.montreal.ca,2026-06-26
CTR_3d1f4e0b,Aire de jeu  5 à 12 ans,Recreation & Sport,,45.491643,-73.572898,,,,Ville de Montreal Open Data,https://donnees.montreal.ca,2026-06-26
CTR_448ad1fd,Soccer à 7,Recreation & Sport,,45.607103,-73.560281,,,,Ville de Montreal Open Data,https://donnees.montreal.ca,2026-06-26
CTR_86f2d7ac,Aire de jeu 18 mois à 5 ans,Recreation & Sport,,45.592716,-73.610078,,,,Ville de Montreal Open Data,https://donnees.montreal.ca,2026-06-26
CTR_e9d779d0,Piste d'athlétisme (400m) et équipements,Recreation & Sport,,45.499081,-73.852881,,,,Ville de Montreal Open Data,https://donnees.montreal.ca,2026-06-26
CTR_45a77558,Plancher de danse,Recreation & Sport,,45.593985,-73.50875,,,,Ville de Montreal Open Data,https://donnees.montreal.ca,2026-06-26
CTR_373b9081,Soccer à 7,Recreation & Sport,,45.459896,-73.894142,,,,Ville de Montreal Open Data,https://donnees.montreal.ca,2026-06-26
CTR_d2b5866d,Pataugeoire,Recreation & Sport,,45.555113,-73.665336,,,,Ville de Montreal Open Data,https://donnees.montreal.ca,2026-06-26
CTR_5c202fdc,Soccer à 11,Recreation & Sport,,45.582108,-73.553466,,,,Ville de Montreal Open Data,https://donnees.montreal.ca,2026-06-26
CTR_98874c26,Football,Recreation & Sport,,45.421037,-73.61223,,,,Ville de Montreal Open Data,https://donnees.montreal.ca,2026-06-26
CTR_0889bdb0,Piscine extérieure,Recreation & Sport,,45.434478,-73.596203,,,,Ville de Montreal Open Data,https://donnees.montreal.ca,2026-06-26
CTR_ecc3bd53,Aire de jeu combiné,Recreation & Sport,,45.527058,-73.623581,,,,Ville de Montreal Open Data,https://donnees.montreal.ca,2026-06-26
CTR_c195d041,Pétanque,Recreation & Sport,,45.627267,-73.622387,,,,Ville de Montreal Open Data,https://donnees.montreal.ca,2026-06-26
CTR_2a16ecd9,Pataugeoire,Recreation & Sport,,45.663776,-73.504704,,,,Ville de Montreal Open Data,https://donnees.montreal.ca,2026-06-26
CTR_046fcbf7,Basketball,Recreation & Sport,,45.52106,-73.690698,,,,Ville de Montreal Open Data,https://donnees.montreal.ca,2026-06-26
CTR_28f54bb9,Aire de jeu  5 à 12 ans,Recreation & Sport,,45.496938,-73.620678,,,,Ville de Montreal Open Data,https://donnees.montreal.ca,2026-06-26
CTR_2913fa7d,Pastille - Basketball,Recreation & Sport,,45.449697,-73.590299,,,,Ville de Montreal Open Data,https://donnees.montreal.ca,2026-06-26
CTR_0b62b217,Aire de pique-nique,Recreation & Sport,,45.483593,-73.620459,,,,Ville de Montreal Open Data,https://donnees.montreal.ca,2026-06-26
CTR_b7fc36c8,Soccer à 11,Recreation & Sport,,45.46608,-73.651238,,,,Ville de Montreal Open Data,https://donnees.montreal.ca,2026-06-26
CTR_fe7174f9,Aire de jeu 18 mois à 5 ans,Recreation & Sport,,45.5458,-73.541273,,,,Ville de Montreal Open Data,https://donnees.montreal.ca,2026-06-26
CTR_3b0df6d6,Aire de jeu 18 mois à 5 ans,Recreation & Sport,,45.528475,-73.549675,,,,Ville de Montreal Open Data,https://donnees.montreal.ca,2026-06-26
CTR_bccf65a6,Soccer à 7,Recreation & Sport,,45.476088,-73.58206,,,,Ville de Montreal Open Data,https://donnees.montreal.ca,2026-06-26
CTR_a5c879e5,Balle,Recreation & Sport,,45.561824,-73.587996,,,,Ville de Montreal Open Data,https://donnees.montreal.ca,2026-06-26
CTR_d57662ea,Patinoire sans bandes,Recreation & Sport,,45.691644,-73.487247,,,,Ville de Montreal Open Data,https://donnees.montreal.ca,2026-06-26
CTR_795d61c2,Soccer à 7,Recreation & Sport,,45.627338,-73.59359,,,,Ville de Montreal Open Data,https://donnees.montreal.ca,2026-06-26
CTR_963a6135,Aire de pique-nique,Recreation & Sport,,45.468205,-73.607338,,,,Ville de Montreal Open Data,https://donnees.montreal.ca,2026-06-26
CTR_ea214ffd,Basketball,Recreation & Sport,,45.51431,-73.662843,,,,Ville de Montreal Open Data,https://donnees.montreal.ca,2026-06-26
CTR_d7716920,Aire de jeu  5 à 12 ans,Recreation & Sport,,45.583177,-73.561746,,,,Ville de Montreal Open Data,https://donnees.montreal.ca,2026-06-26
CTR_de13eaa3,Aire d'entraînement pour adultes,Recreation & Sport,,45.595918,-73.59764,,,,Ville de Montreal Open Data,https://donnees.montreal.ca,2026-06-26
CTR_e4ce2056,Pataugeoire,Recreation & Sport,,45.576243,-73.53935,,,,Ville de Montreal Open Data,https://donnees.montreal.ca,2026-06-26
CTR_e4a0c62e,Aire de jeu 18 mois à 5 ans,Recreation & Sport,,45.524474,-73.562198,,,,Ville de Montreal Open Data,https://donnees.montreal.ca,2026-06-26
CTR_5e4f5b73,Aire de jeu 18 mois à 5 ans,Recreation & Sport,,45.513124,-73.717781,,,,Ville de Montreal Open Data,https://donnees.montreal.ca,2026-06-26
CTR_4d82c85d,Soccer sous-terrain à 7,Recreation & Sport,,45.457843,-73.882117,,,,Ville de Montreal Open Data,https://donnees.montreal.ca,2026-06-26
CTR_51dde075,Aire de jeu  5 à 12 ans,Recreation & Sport,,45.590069,-73.56282,,,,Ville de Montreal Open Data,https://donnees.montreal.ca,2026-06-26
CTR_d7291cbc,Balle,Recreation & Sport,,45.502525,-73.632674,,,,Ville de Montreal Open Data,https://donnees.montreal.ca,2026-06-26
CTR_483328b5,Aire de jeu 18 mois à 5 ans,Recreation & Sport,,45.530824,-73.546401,,,,Ville de Montreal Open Data,https://donnees.montreal.ca,2026-06-26
CTR_19ad96b2,Patinoire réfrigérée,Recreation & Sport,,45.459035,-73.575031,,,,Ville de Montreal Open Data,https://donnees.montreal.ca,2026-06-26
CTR_a4a7fff6,Aire de jeu  5 à 12 ans,Recreation & Sport,,45.502471,-73.845373,,,,Ville de Montreal Open Data,https://donnees.montreal.ca,2026-06-26
CTR_b4a2a974,Soccer à 7,Recreation & Sport,,45.441372,-73.69414,,,,Ville de Montreal Open Data,https://donnees.montreal.ca,2026-06-26
CTR_ae56ef75,Soccer à 11,Recreation & Sport,,45.457734,-73.882395,,,,Ville de Montreal Open Data,https://donnees.montreal.ca,2026-06-26
CTR_bbfeb012,Soccer à 7,Recreation & Sport,,45.607189,-73.56079,,,,Ville de Montreal Open Data,https://donnees.montreal.ca,2026-06-26
CTR_d7526448,Bocce,Recreation & Sport,,45.439658,-73.677025,,,,Ville de Montreal Open Data,https://donnees.montreal.ca,2026-06-26
CTR_80be4c8b,Balle,Recreation & Sport,,45.528992,-73.708494,,,,Ville de Montreal Open Data,https://donnees.montreal.ca,2026-06-26
CTR_0c551c05,Aire de jeu  5 à 12 ans,Recreation & Sport,,45.451181,-73.550889,,,,Ville de Montreal Open Data,https://donnees.montreal.ca,2026-06-26
CTR_c6349855,Bocce,Recreation & Sport,,45.605033,-73.570944,,,,Ville de Montreal Open Data,https://donnees.montreal.ca,2026-06-26
CTR_6a36f124,Aire de jeu  5 à 12 ans,Recreation & Sport,,45.550333,-73.670269,,,,Ville de Montreal Open Data,https://donnees.montreal.ca,2026-06-26
CTR_0f141d3c,Soccer à 4-5,Recreation & Sport,,45.61593,-73.632271,,,,Ville de Montreal Open Data,https://donnees.montreal.ca,2026-06-26
CTR_c50a823c,Balle,Recreation & Sport,,45.555759,-73.666606,,,,Ville de Montreal Open Data,https://donnees.montreal.ca,2026-06-26
CTR_33954c24,Aire de jeu  5 à 12 ans,Recreation & Sport,,45.498611,-73.654137,,,,Ville de Montreal Open Data,https://donnees.montreal.ca,2026-06-26
CTR_49c0d44d,Tennis,Recreation & Sport,,45.578598,-73.604454,,,,Ville de Montreal Open Data,https://donnees.montreal.ca,2026-06-26
CTR_d09d9ccc,Tennis,Recreation & Sport,,45.508312,-73.701931,,,,Ville de Montreal Open Data,https://donnees.montreal.ca,2026-06-26
CTR_fe60b9fc,Aire de jeu 18 mois à 5 ans,Recreation & Sport,,45.62399,-73.610885,,,,Ville de Montreal Open Data,https://donnees.montreal.ca,2026-06-26
CTR_3f295688,Jeux d'eau,Recreation & Sport,,45.605149,-73.570732,,,,Ville de Montreal Open Data,https://donnees.montreal.ca,2026-06-26
CTR_038a1d0f,Patinoire avec bandes,Recreation & Sport,,45.608307,-73.533876,,,,Ville de Montreal Open Data,https://donnees.montreal.ca,2026-06-26
CTR_9f054b04,Aire de jeu 18 mois à 5 ans,Recreation & Sport,,45.438794,-73.591568,,,,Ville de Montreal Open Data,https://donnees.montreal.ca,2026-06-26
CTR_32456a68,Aire de jeu 18 mois à 5 ans,Recreation & Sport,,45.501436,-73.779706,,,,Ville de Montreal Open Data,https://donnees.montreal.ca,2026-06-26
CTR_75d10ecc,Piste d'athlétisme (400m) et équipements,Recreation & Sport,,45.650252,-73.501238,,,,Ville de Montreal Open Data,https://donnees.montreal.ca,2026-06-26
CTR_4e329ed6,Sentier pédestre,Recreation & Sport,,45.696176,-73.515286,,,,Ville de Montreal Open Data,https://donnees.montreal.ca,2026-06-26
CTR_a0321f1c,Soccer / Football,Recreation & Sport,,45.495489,-73.584799,,,,Ville de Montreal Open Data,https://donnees.montreal.ca,2026-06-26
CTR_50d30624,Piste cyclable,Recreation & Sport,,45.499708,-73.767034,,,,Ville de Montreal Open Data,https://donnees.montreal.ca,2026-06-26
CTR_79ccf47f,Jeux d'eau,Recreation & Sport,,45.6398,-73.48914,,,,Ville de Montreal Open Data,https://donnees.montreal.ca,2026-06-26
CTR_98fa055a,Tennis,Recreation & Sport,,45.567877,-73.614785,,,,Ville de Montreal Open Data,https://donnees.montreal.ca,2026-06-26
CTR_505bcdb0,Soccer à 7,Recreation & Sport,,45.478712,-73.587479,,,,Ville de Montreal Open Data,https://donnees.montreal.ca,2026-06-26
CTR_f96db0c9,Anneau / Rond de glace,Recreation & Sport,,45.517778,-73.691035,,,,Ville de Montreal Open Data,https://donnees.montreal.ca,2026-06-26
CTR_4e4ff6c9,Pétanque,Recreation & Sport,,45.445748,-73.650249,,,,Ville de Montreal Open Data,https://donnees.montreal.ca,2026-06-26
CTR_4d8c7c14,Sentier pédestre,Recreation & Sport,,45.528574,-73.732412,,,,Ville de Montreal Open Data,https://donnees.montreal.ca,2026-06-26
CTR_c8ef8826,Plancher de danse,Recreation & Sport,,45.440829,-73.578155,,,,Ville de Montreal Open Data,https://donnees.montreal.ca,2026-06-26
CTR_b09f7665,Basketball,Recreation & Sport,,45.457415,-73.885312,,,,Ville de Montreal Open Data,https://donnees.montreal.ca,2026-06-26
CTR_faa7a3a8,Quai,Recreation & Sport,,45.473563,-73.536936,,,,Ville de Montreal Open Data,https://donnees.montreal.ca,2026-06-26
CTR_1e13c96e,Soccer à 4-5,Recreation & Sport,,45.443871,-73.715111,,,,Ville de Montreal Open Data,https://donnees.montreal.ca,2026-06-26
CTR_85c88e88,Aire de jeu  5 à 12 ans,Recreation & Sport,,45.450087,-73.589988,,,,Ville de Montreal Open Data,https://donnees.montreal.ca,2026-06-26
CTR_5a948830,Soccer à 11,Recreation & Sport,,45.511023,-73.582525,,,,Ville de Montreal Open Data,https://donnees.montreal.ca,2026-06-26
CTR_8556c9f6,Jeux d'eau,Recreation & Sport,,45.542004,-73.631247,,,,Ville de Montreal Open Data,https://donnees.montreal.ca,2026-06-26
CTR_663cb523,Soccer à 7,Recreation & Sport,,45.42768,-73.601065,,,,Ville de Montreal Open Data,https://donnees.montreal.ca,2026-06-26
CTR_48202d59,Aire de jeu 18 mois à 5 ans,Recreation & Sport,,45.555062,-73.539415,,,,Ville de Montreal Open Data,https://donnees.montreal.ca,2026-06-26
CTR_46b83f72,Aire de jeu 18 mois à 5 ans,Recreation & Sport,,45.468559,-73.608378,,,,Ville de Montreal Open Data,https://donnees.montreal.ca,2026-06-26
CTR_77d942c8,Balle,Recreation & Sport,,45.644243,-73.58963,,,,Ville de Montreal Open Data,https://donnees.montreal.ca,2026-06-26
CTR_8fff14cc,Soccer à 4-5,Recreation & Sport,,45.582204,-73.556635,,,,Ville de Montreal Open Data,https://donnees.montreal.ca,2026-06-26
CTR_ee7fe2c0,Aire de pique-nique,Recreation & Sport,,45.616547,-73.632449,,,,Ville de Montreal Open Data,https://donnees.montreal.ca,2026-06-26
CTR_ff7ce50c,Aire de jeu  5 à 12 ans,Recreation & Sport,,45.582777,-73.626075,,,,Ville de Montreal Open Data,https://donnees.montreal.ca,2026-06-26
CTR_842e68a5,Piscine extérieure,Recreation & Sport,,45.554555,-73.541913,,,,Ville de Montreal Open Data,https://donnees.montreal.ca,2026-06-26
CTR_7077ceda,Soccer / Football,Recreation & Sport,,45.437932,-73.593174,,,,Ville de Montreal Open Data,https://donnees.montreal.ca,2026-06-26
CTR_6777b11b,Belvédère,Recreation & Sport,,45.609522,-73.507074,,,,Ville de Montreal Open Data,https://donnees.montreal.ca,2026-06-26
CTR_ffb78033,Pétanque,Recreation & Sport,,45.691281,-73.487183,,,,Ville de Montreal Open Data,https://donnees.montreal.ca,2026-06-26
CTR_bd07b762,Aire de glissade,Recreation & Sport,,45.57507,-73.572415,,,,Ville de Montreal Open Data,https://donnees.montreal.ca,2026-06-26
CTR_cd0a7523,Multisport,Recreation & Sport,,45.610897,-73.554933,,,,Ville de Montreal Open Data,https://donnees.montreal.ca,2026-06-26
CTR_f1daf891,Aire de jeu  5 à 12 ans,Recreation & Sport,,45.475214,-73.861374,,,,Ville de Montreal Open Data,https://donnees.montreal.ca,2026-06-26
CTR_89b4d0a2,Aire de jeu 18 mois à 5 ans,Recreation & Sport,,45.482024,-73.851388,,,,Ville de Montreal Open Data,https://donnees.montreal.ca,2026-06-26
CTR_fa5cf032,Aire de jeu  5 à 12 ans,Recreation & Sport,,45.468879,-73.865342,,,,Ville de Montreal Open Data,https://donnees.montreal.ca,2026-06-26
CTR_2ca4e84f,Soccer à 7,Recreation & Sport,,45.530564,-73.545901,,,,Ville de Montreal Open Data,https://donnees.montreal.ca,2026-06-26
CTR_7d859bae,Piscine extérieure,Recreation & Sport,,45.616407,-73.55076,,,,Ville de Montreal Open Data,https://donnees.montreal.ca,2026-06-26
CTR_392a1ed1,Bocce,Recreation & Sport,,45.546242,-73.601851,,,,Ville de Montreal Open Data,https://donnees.montreal.ca,2026-06-26
CTR_65e93c44,Volleyball de plage,Recreation & Sport,,45.538439,-73.67624,,,,Ville de Montreal Open Data,https://donnees.montreal.ca,2026-06-26
CTR_dc42da44,Aire de planche à roulette,Recreation & Sport,,45.594045,-73.641442,,,,Ville de Montreal Open Data,https://donnees.montreal.ca,2026-06-26
CTR_3321d323,Pataugeoire,Recreation & Sport,,45.616661,-73.631535,,,,Ville de Montreal Open Data,https://donnees.montreal.ca,2026-06-26
CTR_c0e8d64b,Grève / Plage,Recreation & Sport,,45.498683,-73.854597,,,,Ville de Montreal Open Data,https://donnees.montreal.ca,2026-06-26
CTR_32d77603,Aire de jeu 18 mois à 5 ans,Recreation & Sport,,45.549954,-73.592614,,,,Ville de Montreal Open Data,https://donnees.montreal.ca,2026-06-26
CTR_0fa74fd7,Sentier de ski de fond,Recreation & Sport,,45.433816,-73.685266,,,,Ville de Montreal Open Data,https://donnees.montreal.ca,2026-06-26
CTR_4b161af2,Croquet,Recreation & Sport,,45.437785,-73.67711,,,,Ville de Montreal Open Data,https://donnees.montreal.ca,2026-06-26
CTR_0f51838e,Pétanque,Recreation & Sport,,45.608576,-73.535762,,,,Ville de Montreal Open Data,https://donnees.montreal.ca,2026-06-26
CTR_a544deb1,Aire de jeu 18 mois à 5 ans,Recreation & Sport,,45.55557,-73.665081,,,,Ville de Montreal Open Data,https://donnees.montreal.ca,2026-06-26
CTR_54e5d44a,Aire de jeu 18 mois à 5 ans,Recreation & Sport,,45.459216,-73.552856,,,,Ville de Montreal Open Data,https://donnees.montreal.ca,2026-06-26
CTR_049437e7,Patinoire sans bandes,Recreation & Sport,,45.549622,-73.592146,,,,Ville de Montreal Open Data,https://donnees.montreal.ca,2026-06-26
CTR_a988057e,Football,Recreation & Sport,,45.581028,-73.582562,,,,Ville de Montreal Open Data,https://donnees.montreal.ca,2026-06-26
CTR_775908ee,Aire de jeu 18 mois à 5 ans,Recreation & Sport,,45.434115,-73.652539,,,,Ville de Montreal Open Data,https://donnees.montreal.ca,2026-06-26
CTR_a9235a86,Volleyball de plage,Recreation & Sport,,45.539306,-73.675813,,,,Ville de Montreal Open Data,https://donnees.montreal.ca,2026-06-26
CTR_8ec7eb98,Aire de jeu  5 à 12 ans,Recreation & Sport,,45.484386,-73.56041,,,,Ville de Montreal Open Data,https://donnees.montreal.ca,2026-06-26
CTR_52441d61,Aire de planche à roulette,Recreation & Sport,,45.59272,-73.591265,,,,Ville de Montreal Open Data,https://donnees.montreal.ca,2026-06-26
CTR_c5cc9ae5,Aire de jeu 18 mois à 5 ans,Recreation & Sport,,45.647509,-73.500624,,,,Ville de Montreal Open Data,https://donnees.montreal.ca,2026-06-26
CTR_5f27394f,Aire de jeu  5 à 12 ans,Recreation & Sport,,45.591649,-73.590329,,,,Ville de Montreal Open Data,https://donnees.montreal.ca,2026-06-26
CTR_25c7b01a,Aire de jeu 18 mois à 5 ans,Recreation & Sport,,45.613761,-73.533109,,,,Ville de Montreal Open Data,https://donnees.montreal.ca,2026-06-26
CTR_6492dc5f,Aire de planche à roulette,Recreation & Sport,,45.440827,-73.694454,,,,Ville de Montreal Open Data,https://donnees.montreal.ca,2026-06-26
CTR_73cc5216,Jeux d'eau,Recreation & Sport,,45.448805,-73.580008,,,,Ville de Montreal Open Data,https://donnees.montreal.ca,2026-06-26
CTR_082dd485,Patinoire réfrigérée,Recreation & Sport,,45.508492,-73.548097,,,,Ville de Montreal Open Data,https://donnees.montreal.ca,2026-06-26
CTR_9278da89,Aire de jeu  5 à 12 ans,Recreation & Sport,,45.638117,-73.5844,,,,Ville de Montreal Open Data,https://donnees.montreal.ca,2026-06-26
CTR_5a157e63,Football,Recreation & Sport,,45.581393,-73.584839,,,,Ville de Montreal Open Data,https://donnees.montreal.ca,2026-06-26
CTR_6d8d7691,Aire de jeu  5 à 12 ans,Recreation & Sport,,45.500252,-73.871862,,,,Ville de Montreal Open Data,https://donnees.montreal.ca,2026-06-26
CTR_5712bc13,Soccer à 7,Recreation & Sport,,45.442345,-73.712873,,,,Ville de Montreal Open Data,https://donnees.montreal.ca,2026-06-26
CTR_da2aa206,Jeux d'eau,Recreation & Sport,,45.575916,-73.640719,,,,Ville de Montreal Open Data,https://donnees.montreal.ca,2026-06-26
CTR_bc78e1df,Aire de jeu 18 mois à 5 ans,Recreation & Sport,,45.525759,-73.592775,,,,Ville de Montreal Open Data,https://donnees.montreal.ca,2026-06-26
CTR_d1957a2a,Aire de jeu  5 à 12 ans,Recreation & Sport,,45.438742,-73.591779,,,,Ville de Montreal Open Data,https://donnees.montreal.ca,2026-06-26
CTR_19734ba2,Aire de jeu 18 mois à 5 ans,Recreation & Sport,,45.528354,-73.570477,,,,Ville de Montreal Open Data,https://donnees.montreal.ca,2026-06-26
CTR_5695bef8,Aire de jeu 18 mois à 5 ans,Recreation & Sport,,45.446272,-73.649803,,,,Ville de Montreal Open Data,https://donnees.montreal.ca,2026-06-26
CTR_38649c24,Aire de jeu  5 à 12 ans,Recreation & Sport,,45.616517,-73.632052,,,,Ville de Montreal Open Data,https://donnees.montreal.ca,2026-06-26
CTR_810e98b5,Sentier pédestre,Recreation & Sport,,45.465958,-73.550608,,,,Ville de Montreal Open Data,https://donnees.montreal.ca,2026-06-26
CTR_f7f831cd,Basketball,Recreation & Sport,,45.418335,-73.627121,,,,Ville de Montreal Open Data,https://donnees.montreal.ca,2026-06-26
CTR_5b65ea3e,Aire de jeu 18 mois à 5 ans,Recreation & Sport,,45.446614,-73.571014,,,,Ville de Montreal Open Data,https://donnees.montreal.ca,2026-06-26
CTR_2fadedf8,Aire de jeu  5 à 12 ans,Recreation & Sport,,45.471784,-73.639447,,,,Ville de Montreal Open Data,https://donnees.montreal.ca,2026-06-26
CTR_2bc25987,Aire de jeu  5 à 12 ans,Recreation & Sport,,45.499312,-73.584329,,,,Ville de Montreal Open Data,https://donnees.montreal.ca,2026-06-26
CTR_0d3f7a10,Sentier pédestre,Recreation & Sport,,45.506667,-73.762941,,,,Ville de Montreal Open Data,https://donnees.montreal.ca,2026-06-26
CTR_8cafb189,Pétanque,Recreation & Sport,,45.521497,-73.558964,,,,Ville de Montreal Open Data,https://donnees.montreal.ca,2026-06-26
CTR_95b2a238,Jeux d'eau,Recreation & Sport,,45.502423,-73.633415,,,,Ville de Montreal Open Data,https://donnees.montreal.ca,2026-06-26
CTR_51a02e40,Aire de jeu 18 mois à 5 ans,Recreation & Sport,,45.479597,-73.56253,,,,Ville de Montreal Open Data,https://donnees.montreal.ca,2026-06-26
CTR_772916ea,Basketball,Recreation & Sport,,45.492993,-73.622593,,,,Ville de Montreal Open Data,https://donnees.montreal.ca,2026-06-26
CTR_c7ed799b,Aire de jeu  5 à 12 ans,Recreation & Sport,,45.512391,-73.634039,,,,Ville de Montreal Open Data,https://donnees.montreal.ca,2026-06-26
CTR_7ce6c588,Patinoire sans bandes,Recreation & Sport,,45.568398,-73.574003,,,,Ville de Montreal Open Data,https://donnees.montreal.ca,2026-06-26
CTR_1e7f31b1,Basketball,Recreation & Sport,,45.590508,-73.563293,,,,Ville de Montreal Open Data,https://donnees.montreal.ca,2026-06-26
CTR_52d4eff7,Jeux d'eau,Recreation & Sport,,45.498467,-73.654551,,,,Ville de Montreal Open Data,https://donnees.montreal.ca,2026-06-26
CTR_dcadf2cf,Soccer à 11,Recreation & Sport,,45.666183,-73.541473,,,,Ville de Montreal Open Data,https://donnees.montreal.ca,2026-06-26
CTR_df4b1910,Balle,Recreation & Sport,,45.547799,-73.620634,,,,Ville de Montreal Open Data,https://donnees.montreal.ca,2026-06-26
CTR_6bd9985b,Balle,Recreation & Sport,,45.581876,-73.552675,,,,Ville de Montreal Open Data,https://donnees.montreal.ca,2026-06-26
CTR_44b8e2c4,Aire de jeu 18 mois à 5 ans,Recreation & Sport,,45.513284,-73.685141,,,,Ville de Montreal Open Data,https://donnees.montreal.ca,2026-06-26
CTR_39ddc13c,Balle,Recreation & Sport,,45.604319,-73.523478,,,,Ville de Montreal Open Data,https://donnees.montreal.ca,2026-06-26
CTR_797b1dfe,Tennis,Recreation & Sport,,45.626473,-73.594379,,,,Ville de Montreal Open Data,https://donnees.montreal.ca,2026-06-26
CTR_5feca8d9,Aire de jeu 18 mois à 5 ans,Recreation & Sport,,45.437,-73.705009,,,,Ville de Montreal Open Data,https://donnees.montreal.ca,2026-06-26
CTR_0c985cca,Pétanque,Recreation & Sport,,45.515409,-73.607662,,,,Ville de Montreal Open Data,https://donnees.montreal.ca,2026-06-26
CTR_20e5ad33,Balle,Recreation & Sport,,45.594802,-73.510773,,,,Ville de Montreal Open Data,https://donnees.montreal.ca,2026-06-26
CTR_1512e731,Soccer à 4-5,Recreation & Sport,,45.615689,-73.632738,,,,Ville de Montreal Open Data,https://donnees.montreal.ca,2026-06-26
CTR_61015957,Balle,Recreation & Sport,,45.605411,-73.58464,,,,Ville de Montreal Open Data,https://donnees.montreal.ca,2026-06-26
CTR_e7fc3269,Soccer à 7,Recreation & Sport,,45.533566,-73.593064,,,,Ville de Montreal Open Data,https://donnees.montreal.ca,2026-06-26
CTR_4c18693d,Aire de jeu  5 à 12 ans,Recreation & Sport,,45.446593,-73.571207,,,,Ville de Montreal Open Data,https://donnees.montreal.ca,2026-06-26
CTR_679f831f,Soccer à 4-5,Recreation & Sport,,45.570896,-73.561428,,,,Ville de Montreal Open Data,https://donnees.montreal.ca,2026-06-26
CTR_31f12c23,Aire de jeu  5 à 12 ans,Recreation & Sport,,45.490699,-73.855572,,,,Ville de Montreal Open Data,https://donnees.montreal.ca,2026-06-26
CTR_8467d5a1,Soccer / Football,Recreation & Sport,,45.486117,-73.882672,,,,Ville de Montreal Open Data,https://donnees.montreal.ca,2026-06-26
CTR_d672b339,Basketball,Recreation & Sport,,45.420093,-73.612314,,,,Ville de Montreal Open Data,https://donnees.montreal.ca,2026-06-26
CTR_e103b65a,Tennis,Recreation & Sport,,45.589126,-73.606135,,,,Ville de Montreal Open Data,https://donnees.montreal.ca,2026-06-26
CTR_7d6d362a,Aire de glissade,Recreation & Sport,,45.534851,-73.626265,,,,Ville de Montreal Open Data,https://donnees.montreal.ca,2026-06-26
CTR_87c83014,Patinoire sans bandes,Recreation & Sport,,45.44348,-73.701621,,,,Ville de Montreal Open Data,https://donnees.montreal.ca,2026-06-26
CTR_d197c8a0,Aire d'entraînement pour adultes,Recreation & Sport,,45.53324,-73.587847,,,,Ville de Montreal Open Data,https://donnees.montreal.ca,2026-06-26
CTR_430e3563,Soccer à 7,Recreation & Sport,,45.484345,-73.637631,,,,Ville de Montreal Open Data,https://donnees.montreal.ca,2026-06-26
CTR_5f294595,Soccer à 7,Recreation & Sport,,45.602267,-73.55668,,,,Ville de Montreal Open Data,https://donnees.montreal.ca,2026-06-26
CTR_abba2d4e,Balle,Recreation & Sport,,45.544332,-73.575817,,,,Ville de Montreal Open Data,https://donnees.montreal.ca,2026-06-26
CTR_635b44f4,Patinoire avec bandes,Recreation & Sport,,45.548394,-73.547855,,,,Ville de Montreal Open Data,https://donnees.montreal.ca,2026-06-26
CTR_7efcceec,Soccer à 7,Recreation & Sport,,45.478484,-73.870929,,,,Ville de Montreal Open Data,https://donnees.montreal.ca,2026-06-26
CTR_f88f7baa,Aire d'exercice canin,Recreation & Sport,,45.556336,-73.666227,,,,Ville de Montreal Open Data,https://donnees.montreal.ca,2026-06-26
CTR_c7e1de22,Aire de jeu 18 mois à 5 ans,Recreation & Sport,,45.50534,-73.673337,,,,Ville de Montreal Open Data,https://donnees.montreal.ca,2026-06-26
CTR_abbc7cc8,Belvédère,Recreation & Sport,,45.582064,-73.657347,,,,Ville de Montreal Open Data,https://donnees.montreal.ca,2026-06-26
CTR_1c41fbe6,Aire de jeu 18 mois à 5 ans,Recreation & Sport,,45.424218,-73.656433,,,,Ville de Montreal Open Data,https://donnees.montreal.ca,2026-06-26
CTR_b6cd136e,Aire de jeu  5 à 12 ans,Recreation & Sport,,45.549092,-73.548671,,,,Ville de Montreal Open Data,https://donnees.montreal.ca,2026-06-26
CTR_1dbf3da7,Aire de jeu  5 à 12 ans,Recreation & Sport,,45.563431,-73.616767,,,,Ville de Montreal Open Data,https://donnees.montreal.ca,2026-06-26
CTR_601423fa,Pataugeoire,Recreation & Sport,,45.475193,-73.856028,,,,Ville de Montreal Open Data,https://donnees.montreal.ca,2026-06-26
CTR_80d61c75,Soccer à 11,Recreation & Sport,,45.581552,-73.555895,,,,Ville de Montreal Open Data,https://donnees.montreal.ca,2026-06-26
CTR_c309f9a3,Basketball,Recreation & Sport,,45.47609,-73.85534,,,,Ville de Montreal Open Data,https://donnees.montreal.ca,2026-06-26
CTR_6f368a2c,Patinoire avec bandes,Recreation & Sport,,45.561169,-73.588558,,,,Ville de Montreal Open Data,https://donnees.montreal.ca,2026-06-26
CTR_cd4a987a,Aire de jeu  5 à 12 ans,Recreation & Sport,,45.546317,-73.616673,,,,Ville de Montreal Open Data,https://donnees.montreal.ca,2026-06-26
CTR_9c81f337,Ferme,Recreation & Sport,,45.471148,-73.935682,,,,Ville de Montreal Open Data,https://donnees.montreal.ca,2026-06-26
CTR_42ac0430,Patinoire avec bandes,Recreation & Sport,,45.510286,-73.843024,,,,Ville de Montreal Open Data,https://donnees.montreal.ca,2026-06-26
CTR_4436a6ce,Balle,Recreation & Sport,,45.551642,-73.569226,,,,Ville de Montreal Open Data,https://donnees.montreal.ca,2026-06-26
CTR_061ba361,Aire de jeu  5 à 12 ans,Recreation & Sport,,45.554775,-73.539639,,,,Ville de Montreal Open Data,https://donnees.montreal.ca,2026-06-26
CTR_853c3010,Aire de jeu 18 mois à 5 ans,Recreation & Sport,,45.693107,-73.482344,,,,Ville de Montreal Open Data,https://donnees.montreal.ca,2026-06-26
CTR_6f42cdc1,Aire de jeu  5 à 12 ans,Recreation & Sport,,45.460411,-73.894401,,,,Ville de Montreal Open Data,https://donnees.montreal.ca,2026-06-26
CTR_7d567f09,Basketball,Recreation & Sport,,45.447007,-73.681056,,,,Ville de Montreal Open Data,https://donnees.montreal.ca,2026-06-26
CTR_c671894a,Patinoire sans bandes,Recreation & Sport,,45.528313,-73.707454,,,,Ville de Montreal Open Data,https://donnees.montreal.ca,2026-06-26
CTR_c46ac14f,Aire de jeu 18 mois à 5 ans,Recreation & Sport,,45.629941,-73.595644,,,,Ville de Montreal Open Data,https://donnees.montreal.ca,2026-06-26
CTR_ab4d7f77,Aire de jeu 18 mois à 5 ans,Recreation & Sport,,45.419659,-73.61315,,,,Ville de Montreal Open Data,https://donnees.montreal.ca,2026-06-26
CTR_abb3e01f,Balle,Recreation & Sport,,45.41597,-73.623127,,,,Ville de Montreal Open Data,https://donnees.montreal.ca,2026-06-26
CTR_0fb5a4fa,Pastille - Basketball,Recreation & Sport,,45.430323,-73.596952,,,,Ville de Montreal Open Data,https://donnees.montreal.ca,2026-06-26
CTR_7e049818,Aire de pique-nique,Recreation & Sport,,45.46925,-73.923338,,,,Ville de Montreal Open Data,https://donnees.montreal.ca,2026-06-26
CTR_e016038d,Bocce,Recreation & Sport,,45.568014,-73.613932,,,,Ville de Montreal Open Data,https://donnees.montreal.ca,2026-06-26
CTR_3186e6e0,Circuit de course automobile,Recreation & Sport,,45.500184,-73.522293,,,,Ville de Montreal Open Data,https://donnees.montreal.ca,2026-06-26
CTR_37cd6169,Jeux d'eau,Recreation & Sport,,45.489166,-73.57439,,,,Ville de Montreal Open Data,https://donnees.montreal.ca,2026-06-26
CTR_7cc040be,Aire de glissade,Recreation & Sport,,45.500337,-73.770749,,,,Ville de Montreal Open Data,https://donnees.montreal.ca,2026-06-26
CTR_1854f85e,Scène,Recreation & Sport,,45.593179,-73.649406,,,,Ville de Montreal Open Data,https://donnees.montreal.ca,2026-06-26
CTR_d5167078,Soccer à 11,Recreation & Sport,,45.444074,-73.677967,,,,Ville de Montreal Open Data,https://donnees.montreal.ca,2026-06-26
CTR_e0d09e4b,Soccer à 7,Recreation & Sport,,45.584493,-73.608551,,,,Ville de Montreal Open Data,https://donnees.montreal.ca,2026-06-26
CTR_bf6cf722,Aire de jeu 18 mois à 5 ans,Recreation & Sport,,45.627136,-73.592692,,,,Ville de Montreal Open Data,https://donnees.montreal.ca,2026-06-26
CTR_07532869,Aire de jeu 18 mois à 5 ans,Recreation & Sport,,45.532131,-73.596514,,,,Ville de Montreal Open Data,https://donnees.montreal.ca,2026-06-26
CTR_6843d51c,Aire de pique-nique,Recreation & Sport,,45.51703,-73.901369,,,,Ville de Montreal Open Data,https://donnees.montreal.ca,2026-06-26
CTR_c3646a3f,Aire de jeu 18 mois à 5 ans,Recreation & Sport,,45.654426,-73.492151,,,,Ville de Montreal Open Data,https://donnees.montreal.ca,2026-06-26
CTR_33531169,Mini-tennis,Recreation & Sport,,45.555287,-73.553589,,,,Ville de Montreal Open Data,https://donnees.montreal.ca,2026-06-26
CTR_1132dac1,Soccer sous-terrain à 4-5,Recreation & Sport,,45.444011,-73.666881,,,,Ville de Montreal Open Data,https://donnees.montreal.ca,2026-06-26
CTR_e98ded33,Patinoire avec bandes,Recreation & Sport,,45.469773,-73.630738,,,,Ville de Montreal Open Data,https://donnees.montreal.ca,2026-06-26
CTR_5e21076f,Aire de jeu  5 à 12 ans,Recreation & Sport,,45.506876,-73.798279,,,,Ville de Montreal Open Data,https://donnees.montreal.ca,2026-06-26
CTR_60fa9956,Soccer à 11,Recreation & Sport,,45.587285,-73.608144,,,,Ville de Montreal Open Data,https://donnees.montreal.ca,2026-06-26
CTR_15ccafdc,Basketball,Recreation & Sport,,45.639491,-73.59646,,,,Ville de Montreal Open Data,https://donnees.montreal.ca,2026-06-26
CTR_aa3923e7,Jeux d'eau,Recreation & Sport,,45.538717,-73.606763,,,,Ville de Montreal Open Data,https://donnees.montreal.ca,2026-06-26
CTR_2359cd73,Piscine extérieure,Recreation & Sport,,45.420113,-73.613145,,,,Ville de Montreal Open Data,https://donnees.montreal.ca,2026-06-26
CTR_88b64886,Aire d'exercice canin,Recreation & Sport,,45.590059,-73.563458,,,,Ville de Montreal Open Data,https://donnees.montreal.ca,2026-06-26
CTR_5b60b353,Aire de jeu 18 mois à 5 ans,Recreation & Sport,,45.547735,-73.648247,,,,Ville de Montreal Open Data,https://donnees.montreal.ca,2026-06-26
CTR_9644f933,Mur d'escalade,Recreation & Sport,,45.61428,-73.535233,,,,Ville de Montreal Open Data,https://donnees.montreal.ca,2026-06-26
CTR_909d1f42,Jeux d'eau,Recreation & Sport,,45.475624,-73.582942,,,,Ville de Montreal Open Data,https://donnees.montreal.ca,2026-06-26
CTR_37960827,Aire de jeu 18 mois à 5 ans,Recreation & Sport,,45.563391,-73.596333,,,,Ville de Montreal Open Data,https://donnees.montreal.ca,2026-06-26
CTR_68bc6940,Aire de jeu 18 mois à 5 ans,Recreation & Sport,,45.662059,-73.555558,,,,Ville de Montreal Open Data,https://donnees.montreal.ca,2026-06-26
CTR_6b4bfcc4,Aire de jeu  5 à 12 ans,Recreation & Sport,,45.599304,-73.63664,,,,Ville de Montreal Open Data,https://donnees.montreal.ca,2026-06-26
CTR_d9e49723,Basketball,Recreation & Sport,,45.497148,-73.882607,,,,Ville de Montreal Open Data,https://donnees.montreal.ca,2026-06-26
CTR_981f7243,Aire de jeu 18 mois à 5 ans,Recreation & Sport,,45.491512,-73.572986,,,,Ville de Montreal Open Data,https://donnees.montreal.ca,2026-06-26
CTR_8da23513,Aire de jeu  5 à 12 ans,Recreation & Sport,,45.526141,-73.607259,,,,Ville de Montreal Open Data,https://donnees.montreal.ca,2026-06-26
CTR_0c29edf4,Aire de jeu  5 à 12 ans,Recreation & Sport,,45.418739,-73.641618,,,,Ville de Montreal Open Data,https://donnees.montreal.ca,2026-06-26
CTR_859a7dc6,Jeux d'eau,Recreation & Sport,,45.419025,-73.633446,,,,Ville de Montreal Open Data,https://donnees.montreal.ca,2026-06-26
CTR_34a9e5b2,Bocce,Recreation & Sport,,45.547938,-73.650242,,,,Ville de Montreal Open Data,https://donnees.montreal.ca,2026-06-26
CTR_db793627,Aire de jeu  5 à 12 ans,Recreation & Sport,,45.505558,-73.673426,,,,Ville de Montreal Open Data,https://donnees.montreal.ca,2026-06-26
CTR_a55d3c7f,Aire de jeu 18 mois à 5 ans,Recreation & Sport,,45.437717,-73.617379,,,,Ville de Montreal Open Data,https://donnees.montreal.ca,2026-06-26
CTR_514c5f5c,Sentier pédestre,Recreation & Sport,,45.431494,-73.677478,,,,Ville de Montreal Open Data,https://donnees.montreal.ca,2026-06-26
CTR_31612c38,Fontaine,Recreation & Sport,,45.507555,-73.567489,,,,Ville de Montreal Open Data,https://donnees.montreal.ca,2026-06-26
CTR_3dc6988e,Aire de jeu  5 à 12 ans,Recreation & Sport,,45.45494,-73.892405,,,,Ville de Montreal Open Data,https://donnees.montreal.ca,2026-06-26
CTR_dc832eb5,Aire de jeu  5 à 12 ans,Recreation & Sport,,45.529182,-73.551119,,,,Ville de Montreal Open Data,https://donnees.montreal.ca,2026-06-26
CTR_3245febc,Patinoire avec bandes,Recreation & Sport,,45.537327,-73.568219,,,,Ville de Montreal Open Data,https://donnees.montreal.ca,2026-06-26
CTR_e10ccf6d,Patinoire avec bandes,Recreation & Sport,,45.517405,-73.730135,,,,Ville de Montreal Open Data,https://donnees.montreal.ca,2026-06-26
CTR_42922fe0,Volleyball de plage,Recreation & Sport,,45.60623,-73.510478,,,,Ville de Montreal Open Data,https://donnees.montreal.ca,2026-06-26
CTR_2e835eb9,Aire de jeu  5 à 12 ans,Recreation & Sport,,45.560005,-73.533015,,,,Ville de Montreal Open Data,https://donnees.montreal.ca,2026-06-26
CTR_b14ea3c3,Aire de jeu  5 à 12 ans,Recreation & Sport,,45.465143,-73.883894,,,,Ville de Montreal Open Data,https://donnees.montreal.ca,2026-06-26
CTR_f5127c6d,Pétanque,Recreation & Sport,,45.59932,-73.635605,,,,Ville de Montreal Open Data,https://donnees.montreal.ca,2026-06-26
CTR_fa35733d,Tennis,Recreation & Sport,,45.581275,-73.641781,,,,Ville de Montreal Open Data,https://donnees.montreal.ca,2026-06-26
CTR_2137ceba,Aire de jeu 18 mois à 5 ans,Recreation & Sport,,45.457051,-73.568302,,,,Ville de Montreal Open Data,https://donnees.montreal.ca,2026-06-26
CTR_d621368c,Aire d'exercice canin,Recreation & Sport,,45.49546,-73.554086,,,,Ville de Montreal Open Data,https://donnees.montreal.ca,2026-06-26
CTR_a47b78e7,Aire de jeu  5 à 12 ans,Recreation & Sport,,45.594712,-73.519934,,,,Ville de Montreal Open Data,https://donnees.montreal.ca,2026-06-26
CTR_b7b70fe6,Tennis,Recreation & Sport,,45.650336,-73.499423,,,,Ville de Montreal Open Data,https://donnees.montreal.ca,2026-06-26
CTR_c7aa7008,Aire de jeu 18 mois à 5 ans,Recreation & Sport,,45.430093,-73.627296,,,,Ville de Montreal Open Data,https://donnees.montreal.ca,2026-06-26
CTR_e5752823,Tennis,Recreation & Sport,,45.59839,-73.538807,,,,Ville de Montreal Open Data,https://donnees.montreal.ca,2026-06-26
CTR_2bbf4beb,Patinoire 4 saisons,Recreation & Sport,,45.446933,-73.678448,,,,Ville de Montreal Open Data,https://donnees.montreal.ca,2026-06-26
CTR_0f391cd4,Jeux d'eau,Recreation & Sport,,45.520789,-73.56001,,,,Ville de Montreal Open Data,https://donnees.montreal.ca,2026-06-26
CTR_0aa916a8,Aire de jeu  5 à 12 ans,Recreation & Sport,,45.466903,-73.63212,,,,Ville de Montreal Open Data,https://donnees.montreal.ca,2026-06-26
CTR_50491570,Patinoire sans bandes,Recreation & Sport,,45.537271,-73.579507,,,,Ville de Montreal Open Data,https://donnees.montreal.ca,2026-06-26
CTR_9e8261ea,Jeux d'eau,Recreation & Sport,,45.52208,-73.701825,,,,Ville de Montreal Open Data,https://donnees.montreal.ca,2026-06-26
CTR_1701bb3c,Balle,Recreation & Sport,,45.445795,-73.600915,,,,Ville de Montreal Open Data,https://donnees.montreal.ca,2026-06-26
CTR_66e4c816,Aire de jeu 18 mois à 5 ans,Recreation & Sport,,45.663456,-73.504762,,,,Ville de Montreal Open Data,https://donnees.montreal.ca,2026-06-26
CTR_f2da87e2,Soccer à 4-5,Recreation & Sport,,45.490108,-73.879851,,,,Ville de Montreal Open Data,https://donnees.montreal.ca,2026-06-26
CTR_19c2ac50,Volleyball de plage,Recreation & Sport,,45.48852,-73.885133,,,,Ville de Montreal Open Data,https://donnees.montreal.ca,2026-06-26
CTR_a7551927,Bocce,Recreation & Sport,,45.53375,-73.670213,,,,Ville de Montreal Open Data,https://donnees.montreal.ca,2026-06-26
CTR_d5d13c77,Patinoire avec bandes,Recreation & Sport,,45.515954,-73.608997,,,,Ville de Montreal Open Data,https://donnees.montreal.ca,2026-06-26
CTR_4088fed9,Aire de jeu 18 mois à 5 ans,Recreation & Sport,,45.581673,-73.623841,,,,Ville de Montreal Open Data,https://donnees.montreal.ca,2026-06-26
CTR_e05d5470,Soccer à 7,Recreation & Sport,,45.43466,-73.657876,,,,Ville de Montreal Open Data,https://donnees.montreal.ca,2026-06-26
CTR_285a43c8,Aire de jeu 18 mois à 5 ans,Recreation & Sport,,45.507635,-73.864785,,,,Ville de Montreal Open Data,https://donnees.montreal.ca,2026-06-26
CTR_97f3ff8d,Aire de jeu 18 mois à 5 ans,Recreation & Sport,,45.563645,-73.617243,,,,Ville de Montreal Open Data,https://donnees.montreal.ca,2026-06-26
CTR_7cabaa9b,Patinoire sans bandes,Recreation & Sport,,45.545559,-73.615723,,,,Ville de Montreal Open Data,https://donnees.montreal.ca,2026-06-26
CTR_92f83e0d,Aire de jeu  5 à 12 ans,Recreation & Sport,,45.458808,-73.904402,,,,Ville de Montreal Open Data,https://donnees.montreal.ca,2026-06-26
CTR_3fa29314,Pétanque,Recreation & Sport,,45.549732,-73.563608,,,,Ville de Montreal Open Data,https://donnees.montreal.ca,2026-06-26
CTR_b3244bc3,Aire d'entraînement pour adultes,Recreation & Sport,,45.514413,-73.535413,,,,Ville de Montreal Open Data,https://donnees.montreal.ca,2026-06-26
CTR_64abe04f,Aire de jeu  5 à 12 ans,Recreation & Sport,,45.530566,-73.564155,,,,Ville de Montreal Open Data,https://donnees.montreal.ca,2026-06-26
CTR_33eff60f,Aire de jeu 18 mois à 5 ans,Recreation & Sport,,45.432567,-73.609014,,,,Ville de Montreal Open Data,https://donnees.montreal.ca,2026-06-26
CTR_d979f6fc,Palet,Recreation & Sport,,45.595584,-73.559111,,,,Ville de Montreal Open Data,https://donnees.montreal.ca,2026-06-26
CTR_b6edf486,Aire de jeu  5 à 12 ans,Recreation & Sport,,45.471079,-73.585875,,,,Ville de Montreal Open Data,https://donnees.montreal.ca,2026-06-26
CTR_a07bd500,Sentier pédestre,Recreation & Sport,,45.575362,-73.55653,,,,Ville de Montreal Open Data,https://donnees.montreal.ca,2026-06-26
CTR_89208080,Aire de jeu 18 mois à 5 ans,Recreation & Sport,,45.531287,-73.616987,,,,Ville de Montreal Open Data,https://donnees.montreal.ca,2026-06-26
CTR_2e1f8336,Aire de jeu  5 à 12 ans,Recreation & Sport,,45.568417,-73.61638,,,,Ville de Montreal Open Data,https://donnees.montreal.ca,2026-06-26
CTR_a11fa524,Piscine extérieure,Recreation & Sport,,45.509045,-73.809915,,,,Ville de Montreal Open Data,https://donnees.montreal.ca,2026-06-26
CTR_4730c9b0,Aire de jeu  5 à 12 ans,Recreation & Sport,,45.460145,-73.631503,,,,Ville de Montreal Open Data,https://donnees.montreal.ca,2026-06-26
CTR_54462765,Football,Recreation & Sport,,45.519933,-73.604672,,,,Ville de Montreal Open Data,https://donnees.montreal.ca,2026-06-26
CTR_ef7a580e,Volleyball de plage,Recreation & Sport,,45.5137,-73.580627,,,,Ville de Montreal Open Data,https://donnees.montreal.ca,2026-06-26
CTR_2aad90b3,Aire de jeu  5 à 12 ans,Recreation & Sport,,45.545548,-73.558496,,,,Ville de Montreal Open Data,https://donnees.montreal.ca,2026-06-26
CTR_10f3dbc7,Soccer à 7,Recreation & Sport,,45.420559,-73.613407,,,,Ville de Montreal Open Data,https://donnees.montreal.ca,2026-06-26
CTR_3049354c,Soccer à 7,Recreation & Sport,,45.429099,-73.625301,,,,Ville de Montreal Open Data,https://donnees.montreal.ca,2026-06-26
CTR_cb665d5d,Soccer à 7,Recreation & Sport,,45.551401,-73.631874,,,,Ville de Montreal Open Data,https://donnees.montreal.ca,2026-06-26
CTR_c9d73d19,Soccer à 7,Recreation & Sport,,45.588537,-73.57116,,,,Ville de Montreal Open Data,https://donnees.montreal.ca,2026-06-26
CTR_41b7127e,Balle,Recreation & Sport,,45.443467,-73.702067,,,,Ville de Montreal Open Data,https://donnees.montreal.ca,2026-06-26
CTR_be710ade,Tennis,Recreation & Sport,,45.553814,-73.588952,,,,Ville de Montreal Open Data,https://donnees.montreal.ca,2026-06-26
CTR_c32fd662,Aire de jeu  5 à 12 ans,Recreation & Sport,,45.536024,-73.716703,,,,Ville de Montreal Open Data,https://donnees.montreal.ca,2026-06-26
CTR_240afd3a,Aire d'entraînement pour adultes,Recreation & Sport,,45.551144,-73.531795,,,,Ville de Montreal Open Data,https://donnees.montreal.ca,2026-06-26
CTR_174b7932,Aire de jeu 18 mois à 5 ans,Recreation & Sport,,45.545266,-73.609904,,,,Ville de Montreal Open Data,https://donnees.montreal.ca,2026-06-26
CTR_84045c20,Aire de jeu  5 à 12 ans,Recreation & Sport,,45.672974,-73.49384,,,,Ville de Montreal Open Data,https://donnees.montreal.ca,2026-06-26
CTR_db6b594e,Aire de jeu  5 à 12 ans,Recreation & Sport,,45.642404,-73.491122,,,,Ville de Montreal Open Data,https://donnees.montreal.ca,2026-06-26
CTR_93b6f227,Aire de planche à roulette,Recreation & Sport,,45.536771,-73.631505,,,,Ville de Montreal Open Data,https://donnees.montreal.ca,2026-06-26
CTR_069f7630,Aire de jeu  5 à 12 ans,Recreation & Sport,,45.512968,-73.713665,,,,Ville de Montreal Open Data,https://donnees.montreal.ca,2026-06-26
CTR_eeb89c72,Aire de jeu 18 mois à 5 ans,Recreation & Sport,,45.431941,-73.626166,,,,Ville de Montreal Open Data,https://donnees.montreal.ca,2026-06-26
CTR_6ea76de0,Aire de jeu  5 à 12 ans,Recreation & Sport,,45.437455,-73.617318,,,,Ville de Montreal Open Data,https://donnees.montreal.ca,2026-06-26
CTR_596ac9cf,Aire de jeu 18 mois à 5 ans,Recreation & Sport,,45.496745,-73.690213,,,,Ville de Montreal Open Data,https://donnees.montreal.ca,2026-06-26
CTR_4b83a42c,Aire de jeu combiné,Recreation & Sport,,45.578923,-73.618954,,,,Ville de Montreal Open Data,https://donnees.montreal.ca,2026-06-26
CTR_1ed95842,Piscine extérieure,Recreation & Sport,,45.432664,-73.621185,,,,Ville de Montreal Open Data,https://donnees.montreal.ca,2026-06-26
CTR_66d75e6a,Aire de jeu  5 à 12 ans,Recreation & Sport,,45.507498,-73.847943,,,,Ville de Montreal Open Data,https://donnees.montreal.ca,2026-06-26
CTR_98848ec6,Bocce,Recreation & Sport,,45.649954,-73.568987,,,,Ville de Montreal Open Data,https://donnees.montreal.ca,2026-06-26
CTR_2c538778,Soccer à 4-5,Recreation & Sport,,45.605338,-73.571332,,,,Ville de Montreal Open Data,https://donnees.montreal.ca,2026-06-26
CTR_c9f11560,Aire de jeu 18 mois à 5 ans,Recreation & Sport,,45.49558,-73.64269,,,,Ville de Montreal Open Data,https://donnees.montreal.ca,2026-06-26
CTR_3d31c006,Pataugeoire,Recreation & Sport,,45.524211,-73.554759,,,,Ville de Montreal Open Data,https://donnees.montreal.ca,2026-06-26
CTR_766b0e5a,Ping-pong,Recreation & Sport,,45.545888,-73.615841,,,,Ville de Montreal Open Data,https://donnees.montreal.ca,2026-06-26
CTR_e6c19852,Basketball,Recreation & Sport,,45.594542,-73.632208,,,,Ville de Montreal Open Data,https://donnees.montreal.ca,2026-06-26
CTR_951252a4,Aire de jeu  5 à 12 ans,Recreation & Sport,,45.511077,-73.553876,,,,Ville de Montreal Open Data,https://donnees.montreal.ca,2026-06-26
CTR_fb00f6ea,Piste d'athlétisme (440m) et équipements,Recreation & Sport,,45.58568,-73.59914,,,,Ville de Montreal Open Data,https://donnees.montreal.ca,2026-06-26
CTR_d1a29317,Sentier pédestre,Recreation & Sport,,45.498572,-73.866481,,,,Ville de Montreal Open Data,https://donnees.montreal.ca,2026-06-26
CTR_5f6663eb,Aire de jeu 18 mois à 5 ans,Recreation & Sport,,45.525008,-73.67515,,,,Ville de Montreal Open Data,https://donnees.montreal.ca,2026-06-26
CTR_69bfcba0,Aire de jeu  5 à 12 ans,Recreation & Sport,,45.53842,-73.58902,,,,Ville de Montreal Open Data,https://donnees.montreal.ca,2026-06-26
CTR_d7d8dde3,Jeux d'eau,Recreation & Sport,,45.532034,-73.596487,,,,Ville de Montreal Open Data,https://donnees.montreal.ca,2026-06-26
CTR_95eae58d,Patinoire avec bandes,Recreation & Sport,,45.544077,-73.575528,,,,Ville de Montreal Open Data,https://donnees.montreal.ca,2026-06-26
CTR_e8dc475b,Soccer à 7,Recreation & Sport,,45.500938,-73.872194,,,,Ville de Montreal Open Data,https://donnees.montreal.ca,2026-06-26
CTR_18f7d661,Pataugeoire,Recreation & Sport,,45.571092,-73.642695,,,,Ville de Montreal Open Data,https://donnees.montreal.ca,2026-06-26
CTR_304a87dc,Aire de jeu 18 mois à 5 ans,Recreation & Sport,,45.489212,-73.564034,,,,Ville de Montreal Open Data,https://donnees.montreal.ca,2026-06-26
CTR_2ef9529e,Bocce,Recreation & Sport,,45.522092,-73.720759,,,,Ville de Montreal Open Data,https://donnees.montreal.ca,2026-06-26
CTR_ac53c6e1,Rampe de mise à l'eau / descente de bateaux,Recreation & Sport,,45.639512,-73.487434,,,,Ville de Montreal Open Data,https://donnees.montreal.ca,2026-06-26
CTR_1dd99190,Basketball,Recreation & Sport,,45.548029,-73.5696,,,,Ville de Montreal Open Data,https://donnees.montreal.ca,2026-06-26
CTR_42170a68,Soccer à 4-5,Recreation & Sport,,45.486887,-73.88526,,,,Ville de Montreal Open Data,https://donnees.montreal.ca,2026-06-26
CTR_9bb3e457,Jeux d'eau,Recreation & Sport,,45.492271,-73.638402,,,,Ville de Montreal Open Data,https://donnees.montreal.ca,2026-06-26
CTR_063a0ac9,Aire d'exercice canin,Recreation & Sport,,45.538298,-73.590986,,,,Ville de Montreal Open Data,https://donnees.montreal.ca,2026-06-26
CTR_70b037d6,Aire de jeu 18 mois à 5 ans,Recreation & Sport,,45.527569,-73.6686,,,,Ville de Montreal Open Data,https://donnees.montreal.ca,2026-06-26
CTR_d8f45aec,Pétanque,Recreation & Sport,,45.602765,-73.552263,,,,Ville de Montreal Open Data,https://donnees.montreal.ca,2026-06-26
CTR_e3308533,Balle,Recreation & Sport,,45.419561,-73.612377,,,,Ville de Montreal Open Data,https://donnees.montreal.ca,2026-06-26
CTR_766eb5a9,Basketball,Recreation & Sport,,45.440338,-73.578755,,,,Ville de Montreal Open Data,https://donnees.montreal.ca,2026-06-26
CTR_637de058,Aire de jeu  5 à 12 ans,Recreation & Sport,,45.540283,-73.601004,,,,Ville de Montreal Open Data,https://donnees.montreal.ca,2026-06-26
CTR_f8ca869b,Soccer à 7,Recreation & Sport,,45.509297,-73.701717,,,,Ville de Montreal Open Data,https://donnees.montreal.ca,2026-06-26
CTR_7d5840de,Patinoire sans bandes,Recreation & Sport,,45.560209,-73.651811,,,,Ville de Montreal Open Data,https://donnees.montreal.ca,2026-06-26
CTR_dc193e06,Aire de glissade,Recreation & Sport,,45.456542,-73.885924,,,,Ville de Montreal Open Data,https://donnees.montreal.ca,2026-06-26
CTR_afec3e3a,Pétanque,Recreation & Sport,,45.452547,-73.567066,,,,Ville de Montreal Open Data,https://donnees.montreal.ca,2026-06-26
CTR_eb0aadbc,Aire de jeu  5 à 12 ans,Recreation & Sport,,45.601967,-73.515526,,,,Ville de Montreal Open Data,https://donnees.montreal.ca,2026-06-26
CTR_da7dffcb,Aire de jeu  5 à 12 ans,Recreation & Sport,,45.466095,-73.547325,,,,Ville de Montreal Open Data,https://donnees.montreal.ca,2026-06-26
CTR_15445ae4,Aire de jeu  5 à 12 ans,Recreation & Sport,,45.534854,-73.677487,,,,Ville de Montreal Open Data,https://donnees.montreal.ca,2026-06-26
CTR_5bdf7579,Aire de jeu combiné,Recreation & Sport,,45.526205,-73.622899,,,,Ville de Montreal Open Data,https://donnees.montreal.ca,2026-06-26
CTR_f2435162,Patinoire sans bandes,Recreation & Sport,,45.465556,-73.650683,,,,Ville de Montreal Open Data,https://donnees.montreal.ca,2026-06-26
CTR_ea61f0e5,Basketball,Recreation & Sport,,45.522524,-73.589533,,,,Ville de Montreal Open Data,https://donnees.montreal.ca,2026-06-26
CTR_6c076427,Piste de BMX,Recreation & Sport,,45.683476,-73.496887,,,,Ville de Montreal Open Data,https://donnees.montreal.ca,2026-06-26
CTR_fdffb950,Balle,Recreation & Sport,,45.569103,-73.615846,,,,Ville de Montreal Open Data,https://donnees.montreal.ca,2026-06-26
CTR_dea59683,Grève / Plage,Recreation & Sport,,45.508531,-73.77853,,,,Ville de Montreal Open Data,https://donnees.montreal.ca,2026-06-26
CTR_d63c9571,Aire de jeu 18 mois à 5 ans,Recreation & Sport,,45.511865,-73.702602,,,,Ville de Montreal Open Data,https://donnees.montreal.ca,2026-06-26
CTR_49e03c87,Aire de jeu 18 mois à 5 ans,Recreation & Sport,,45.498784,-73.869052,,,,Ville de Montreal Open Data,https://donnees.montreal.ca,2026-06-26
CTR_22d08615,Aire de jeu 18 mois à 5 ans,Recreation & Sport,,45.518161,-73.605013,,,,Ville de Montreal Open Data,https://donnees.montreal.ca,2026-06-26
CTR_fd189938,Aire de jeu 18 mois à 5 ans,Recreation & Sport,,45.481495,-73.885441,,,,Ville de Montreal Open Data,https://donnees.montreal.ca,2026-06-26
CTR_ee404c03,Patinoire avec bandes,Recreation & Sport,,45.533321,-73.608986,,,,Ville de Montreal Open Data,https://donnees.montreal.ca,2026-06-26
CTR_7eb53bfd,Aire de jeu 18 mois à 5 ans,Recreation & Sport,,45.520007,-73.677266,,,,Ville de Montreal Open Data,https://donnees.montreal.ca,2026-06-26
CTR_5dbd81ae,Sentier de ski de fond,Recreation & Sport,,45.608298,-73.535292,,,,Ville de Montreal Open Data,https://donnees.montreal.ca,2026-06-26
CTR_124bfb9e,Soccer à 7,Recreation & Sport,,45.498014,-73.808273,,,,Ville de Montreal Open Data,https://donnees.montreal.ca,2026-06-26
CTR_35ca7345,Jeu d'échecs,Recreation & Sport,,45.512784,-73.550922,,,,Ville de Montreal Open Data,https://donnees.montreal.ca,2026-06-26
CTR_2a4f4a47,Aire d'entraînement pour adultes,Recreation & Sport,,45.599059,-73.636211,,,,Ville de Montreal Open Data,https://donnees.montreal.ca,2026-06-26
CTR_cef0d5aa,Basketball,Recreation & Sport,,45.477965,-73.871758,,,,Ville de Montreal Open Data,https://donnees.montreal.ca,2026-06-26
CTR_e1b488b9,Jeux d'eau,Recreation & Sport,,45.590204,-73.561972,,,,Ville de Montreal Open Data,https://donnees.montreal.ca,2026-06-26
CTR_b36d5fb2,Soccer à 7,Recreation & Sport,,45.636503,-73.596807,,,,Ville de Montreal Open Data,https://donnees.montreal.ca,2026-06-26
CTR_9d466eb1,Balle,Recreation & Sport,,45.439151,-73.672005,,,,Ville de Montreal Open Data,https://donnees.montreal.ca,2026-06-26
CTR_2d215938,Patinoire avec bandes,Recreation & Sport,,45.51428,-73.677639,,,,Ville de Montreal Open Data,https://donnees.montreal.ca,2026-06-26
CTR_044c9229,Rampe de mise à l'eau / descente de bateaux,Recreation & Sport,,45.689254,-73.485621,,,,Ville de Montreal Open Data,https://donnees.montreal.ca,2026-06-26
CTR_05921bd3,Pastille - Basketball,Recreation & Sport,,45.545839,-73.558846,,,,Ville de Montreal Open Data,https://donnees.montreal.ca,2026-06-26
CTR_68b8b1b9,Aire de pêche autorisée,Recreation & Sport,,45.437969,-73.717331,,,,Ville de Montreal Open Data,https://donnees.montreal.ca,2026-06-26
CTR_cb9780b1,Volleyball de plage,Recreation & Sport,,45.542876,-73.564955,,,,Ville de Montreal Open Data,https://donnees.montreal.ca,2026-06-26
CTR_14d66029,Aire de jeu 18 mois à 5 ans,Recreation & Sport,,45.529955,-73.696071,,,,Ville de Montreal Open Data,https://donnees.montreal.ca,2026-06-26
CTR_3965ffa0,Pétanque,Recreation & Sport,,45.426221,-73.656967,,,,Ville de Montreal Open Data,https://donnees.montreal.ca,2026-06-26
CTR_35080ee7,Bocce,Recreation & Sport,,45.540136,-73.648708,,,,Ville de Montreal Open Data,https://donnees.montreal.ca,2026-06-26
CTR_258c75fb,Basketball,Recreation & Sport,,45.52785,-73.68722,,,,Ville de Montreal Open Data,https://donnees.montreal.ca,2026-06-26
CTR_08b8d626,Balle,Recreation & Sport,,45.548828,-73.547932,,,,Ville de Montreal Open Data,https://donnees.montreal.ca,2026-06-26
CTR_b0280151,Aire d'entraînement pour adultes,Recreation & Sport,,45.666819,-73.516476,,,,Ville de Montreal Open Data,https://donnees.montreal.ca,2026-06-26
CTR_94878394,Balle,Recreation & Sport,,45.475568,-73.855779,,,,Ville de Montreal Open Data,https://donnees.montreal.ca,2026-06-26
CTR_c58dad61,Patinoire avec bandes,Recreation & Sport,,45.540449,-73.648778,,,,Ville de Montreal Open Data,https://donnees.montreal.ca,2026-06-26
CTR_281a70e3,Jeux d'eau,Recreation & Sport,,45.53969,-73.573931,,,,Ville de Montreal Open Data,https://donnees.montreal.ca,2026-06-26
CTR_504e1cea,Soccer / Football,Recreation & Sport,,45.585946,-73.599401,,,,Ville de Montreal Open Data,https://donnees.montreal.ca,2026-06-26
CTR_32063d12,Volleyball de plage,Recreation & Sport,,45.538552,-73.676169,,,,Ville de Montreal Open Data,https://donnees.montreal.ca,2026-06-26
CTR_c6b8a88a,Ping-pong,Recreation & Sport,,45.559943,-73.652022,,,,Ville de Montreal Open Data,https://donnees.montreal.ca,2026-06-26
CTR_844d7dd8,Aire de jeu  5 à 12 ans,Recreation & Sport,,45.457329,-73.547103,,,,Ville de Montreal Open Data,https://donnees.montreal.ca,2026-06-26
CTR_c4404518,Aire de jeu 18 mois à 5 ans,Recreation & Sport,,45.49681,-73.882407,,,,Ville de Montreal Open Data,https://donnees.montreal.ca,2026-06-26
CTR_038cb319,Piscine extérieure,Recreation & Sport,,45.535053,-73.563888,,,,Ville de Montreal Open Data,https://donnees.montreal.ca,2026-06-26
CTR_dfbc3cfa,Aire de jeu 18 mois à 5 ans,Recreation & Sport,,45.555491,-73.642087,,,,Ville de Montreal Open Data,https://donnees.montreal.ca,2026-06-26
CTR_0a206b22,Aire de jeu 18 mois à 5 ans,Recreation & Sport,,45.543228,-73.538107,,,,Ville de Montreal Open Data,https://donnees.montreal.ca,2026-06-26
CTR_53d3ec81,Aire de jeu combiné,Recreation & Sport,,45.508306,-73.868597,,,,Ville de Montreal Open Data,https://donnees.montreal.ca,2026-06-26
CTR_8505fb3e,Jeux d'eau,Recreation & Sport,,45.447169,-73.55825,,,,Ville de Montreal Open Data,https://donnees.montreal.ca,2026-06-26
CTR_142ea0ef,Aire de jeu  5 à 12 ans,Recreation & Sport,,45.41897,-73.633742,,,,Ville de Montreal Open Data,https://donnees.montreal.ca,2026-06-26
CTR_1cf1fdbd,Abri soleil,Recreation & Sport,,45.511821,-73.712795,,,,Ville de Montreal Open Data,https://donnees.montreal.ca,2026-06-26
CTR_8bc03e11,Soccer à 4-5,Recreation & Sport,,45.487453,-73.883881,,,,Ville de Montreal Open Data,https://donnees.montreal.ca,2026-06-26
CTR_a8bab791,Tennis,Recreation & Sport,,45.604632,-73.583122,,,,Ville de Montreal Open Data,https://donnees.montreal.ca,2026-06-26
CTR_b82653de,Pétanque,Recreation & Sport,,45.53921,-73.540201,,,,Ville de Montreal Open Data,https://donnees.montreal.ca,2026-06-26
CTR_f7cdbf9a,Aire de jeu 18 mois à 5 ans,Recreation & Sport,,45.506286,-73.833547,,,,Ville de Montreal Open Data,https://donnees.montreal.ca,2026-06-26
CTR_88b3f547,Étang / lac,Recreation & Sport,,45.525294,-73.568797,,,,Ville de Montreal Open Data,https://donnees.montreal.ca,2026-06-26
CTR_82e28bd3,Grève / Plage,Recreation & Sport,,45.512502,-73.546055,,,,Ville de Montreal Open Data,https://donnees.montreal.ca,2026-06-26
CTR_a4bf3c6a,Bocce,Recreation & Sport,,45.534411,-73.611645,,,,Ville de Montreal Open Data,https://donnees.montreal.ca,2026-06-26
CTR_b63c1f6c,Jeux d'eau,Recreation & Sport,,45.495623,-73.643068,,,,Ville de Montreal Open Data,https://donnees.montreal.ca,2026-06-26
CTR_b2e5a0db,Aire de glissade,Recreation & Sport,,45.640358,-73.500172,,,,Ville de Montreal Open Data,https://donnees.montreal.ca,2026-06-26
CTR_bbf7d536,Tennis,Recreation & Sport,,45.571656,-73.591009,,,,Ville de Montreal Open Data,https://donnees.montreal.ca,2026-06-26
CTR_eeb0f30c,Aire de jeu 18 mois à 5 ans,Recreation & Sport,,45.514881,-73.726677,,,,Ville de Montreal Open Data,https://donnees.montreal.ca,2026-06-26
CTR_aeaa4dd7,Aire de jeu  5 à 12 ans,Recreation & Sport,,45.581752,-73.647966,,,,Ville de Montreal Open Data,https://donnees.montreal.ca,2026-06-26
CTR_789ed758,Étang / lac,Recreation & Sport,,45.510069,-73.705736,,,,Ville de Montreal Open Data,https://donnees.montreal.ca,2026-06-26
CTR_c59f4eb8,Basketball,Recreation & Sport,,45.475961,-73.855259,,,,Ville de Montreal Open Data,https://donnees.montreal.ca,2026-06-26
CTR_b53eb982,Aire de jeu  5 à 12 ans,Recreation & Sport,,45.692,-73.487444,,,,Ville de Montreal Open Data,https://donnees.montreal.ca,2026-06-26
CTR_fb087d92,Balle,Recreation & Sport,,45.493785,-73.644807,,,,Ville de Montreal Open Data,https://donnees.montreal.ca,2026-06-26
CTR_35db0009,Étang / lac,Recreation & Sport,,45.508263,-73.549858,,,,Ville de Montreal Open Data,https://donnees.montreal.ca,2026-06-26
CTR_2e59cf1d,Aire de jeu  5 à 12 ans,Recreation & Sport,,45.647002,-73.575843,,,,Ville de Montreal Open Data,https://donnees.montreal.ca,2026-06-26
CTR_636568bc,Aire de jeu  5 à 12 ans,Recreation & Sport,,45.41794,-73.627043,,,,Ville de Montreal Open Data,https://donnees.montreal.ca,2026-06-26
CTR_43c1c5ae,Balle,Recreation & Sport,,45.549004,-73.656052,,,,Ville de Montreal Open Data,https://donnees.montreal.ca,2026-06-26
CTR_2b59c3bf,Balle,Recreation & Sport,,45.605764,-73.525816,,,,Ville de Montreal Open Data,https://donnees.montreal.ca,2026-06-26
CTR_48160615,Soccer à 7,Recreation & Sport,,45.573541,-73.533431,,,,Ville de Montreal Open Data,https://donnees.montreal.ca,2026-06-26
CTR_6777af2b,Piste d'athlétisme (200m) et équipements,Recreation & Sport,,45.582445,-73.554239,,,,Ville de Montreal Open Data,https://donnees.montreal.ca,2026-06-26
CTR_a752f81c,Fer / Galet,Recreation & Sport,,45.575718,-73.540342,,,,Ville de Montreal Open Data,https://donnees.montreal.ca,2026-06-26
CTR_1a7cfee9,Patinoire avec bandes,Recreation & Sport,,45.569175,-73.527016,,,,Ville de Montreal Open Data,https://donnees.montreal.ca,2026-06-26
CTR_89d6409d,Basketball,Recreation & Sport,,45.663601,-73.505159,,,,Ville de Montreal Open Data,https://donnees.montreal.ca,2026-06-26
CTR_7174e0d9,Aire de jeu  5 à 12 ans,Recreation & Sport,,45.478576,-73.871307,,,,Ville de Montreal Open Data,https://donnees.montreal.ca,2026-06-26
CTR_a86ab02f,Patinoire avec bandes,Recreation & Sport,,45.527462,-73.569083,,,,Ville de Montreal Open Data,https://donnees.montreal.ca,2026-06-26
CTR_4b96f635,Anneau / Rond de glace,Recreation & Sport,,45.513901,-73.677829,,,,Ville de Montreal Open Data,https://donnees.montreal.ca,2026-06-26
CTR_0927d671,Jeux d'eau,Recreation & Sport,,45.571332,-73.655068,,,,Ville de Montreal Open Data,https://donnees.montreal.ca,2026-06-26
CTR_303a9344,Piscine extérieure,Recreation & Sport,,45.574849,-73.625282,,,,Ville de Montreal Open Data,https://donnees.montreal.ca,2026-06-26
CTR_0ddaddad,Aire de jeu 18 mois à 5 ans,Recreation & Sport,,45.515791,-73.571948,,,,Ville de Montreal Open Data,https://donnees.montreal.ca,2026-06-26
CTR_0fee4775,Sentier pédestre,Recreation & Sport,,45.5475,-73.697707,,,,Ville de Montreal Open Data,https://donnees.montreal.ca,2026-06-26
CTR_75de3e40,Sentier pédestre,Recreation & Sport,,45.51216,-73.714835,,,,Ville de Montreal Open Data,https://donnees.montreal.ca,2026-06-26
CTR_5e49dff8,Patinoire sans bandes,Recreation & Sport,,45.554853,-73.612912,,,,Ville de Montreal Open Data,https://donnees.montreal.ca,2026-06-26
CTR_48332f60,Soccer à 4-5,Recreation & Sport,,45.441838,-73.712886,,,,Ville de Montreal Open Data,https://donnees.montreal.ca,2026-06-26
CTR_fbee3650,Aire de jeu 18 mois à 5 ans,Recreation & Sport,,45.503411,-73.866788,,,,Ville de Montreal Open Data,https://donnees.montreal.ca,2026-06-26
CTR_743ba543,Volleyball de plage,Recreation & Sport,,45.513762,-73.580753,,,,Ville de Montreal Open Data,https://donnees.montreal.ca,2026-06-26
CTR_c63c5123,Aire de jeu  5 à 12 ans,Recreation & Sport,,45.485677,-73.853373,,,,Ville de Montreal Open Data,https://donnees.montreal.ca,2026-06-26
CTR_e7c462d6,Soccer à 7,Recreation & Sport,,45.442286,-73.713434,,,,Ville de Montreal Open Data,https://donnees.montreal.ca,2026-06-26
CTR_63522e5e,Balle,Recreation & Sport,,45.555712,-73.636041,,,,Ville de Montreal Open Data,https://donnees.montreal.ca,2026-06-26
CTR_08336e17,Aire de jeu  5 à 12 ans,Recreation & Sport,,45.46695,-73.869346,,,,Ville de Montreal Open Data,https://donnees.montreal.ca,2026-06-26
CTR_e27d9e0f,Pétanque,Recreation & Sport,,45.53355,-73.593628,,,,Ville de Montreal Open Data,https://donnees.montreal.ca,2026-06-26
CTR_ee730be2,Tennis,Recreation & Sport,,45.516347,-73.60448,,,,Ville de Montreal Open Data,https://donnees.montreal.ca,2026-06-26
CTR_c06cde4c,Aire de jeu  5 à 12 ans,Recreation & Sport,,45.517706,-73.729752,,,,Ville de Montreal Open Data,https://donnees.montreal.ca,2026-06-26
CTR_d6da032c,Aire de jeu 18 mois à 5 ans,Recreation & Sport,,45.517585,-73.729514,,,,Ville de Montreal Open Data,https://donnees.montreal.ca,2026-06-26
CTR_618c6d2d,Aire de planche à roulette,Recreation & Sport,,45.525109,-73.551658,,,,Ville de Montreal Open Data,https://donnees.montreal.ca,2026-06-26
CTR_2103bae5,Jeux d'eau,Recreation & Sport,,45.533935,-73.641964,,,,Ville de Montreal Open Data,https://donnees.montreal.ca,2026-06-26
CTR_7798ed17,Aire de jeu 18 mois à 5 ans,Recreation & Sport,,45.602701,-73.543559,,,,Ville de Montreal Open Data,https://donnees.montreal.ca,2026-06-26
CTR_bed2b02d,Aire de jeu 18 mois à 5 ans,Recreation & Sport,,45.699258,-73.491219,,,,Ville de Montreal Open Data,https://donnees.montreal.ca,2026-06-26
CTR_e13e78ef,Balle,Recreation & Sport,,45.434699,-73.594653,,,,Ville de Montreal Open Data,https://donnees.montreal.ca,2026-06-26
CTR_0f643f7a,Aire de jeu  5 à 12 ans,Recreation & Sport,,45.466317,-73.891567,,,,Ville de Montreal Open Data,https://donnees.montreal.ca,2026-06-26
CTR_d71581d1,Volleyball de plage,Recreation & Sport,,45.488593,-73.885327,,,,Ville de Montreal Open Data,https://donnees.montreal.ca,2026-06-26
CTR_7fb7082f,Patinoire avec bandes,Recreation & Sport,,45.507921,-73.681549,,,,Ville de Montreal Open Data,https://donnees.montreal.ca,2026-06-26
CTR_45c72e60,Pastille - Basketball,Recreation & Sport,,45.559955,-73.587384,,,,Ville de Montreal Open Data,https://donnees.montreal.ca,2026-06-26
CTR_0a9e977f,Aire de pique-nique,Recreation & Sport,,45.614451,-73.537076,,,,Ville de Montreal Open Data,https://donnees.montreal.ca,2026-06-26
CTR_1d9f0371,Aire de planche à roulette,Recreation & Sport,,45.427939,-73.602037,,,,Ville de Montreal Open Data,https://donnees.montreal.ca,2026-06-26
CTR_cae64bc8,Bocce,Recreation & Sport,,45.465844,-73.649861,,,,Ville de Montreal Open Data,https://donnees.montreal.ca,2026-06-26
CTR_93b30acd,Aire de jeu 18 mois à 5 ans,Recreation & Sport,,45.429202,-73.6588,,,,Ville de Montreal Open Data,https://donnees.montreal.ca,2026-06-26
CTR_8abc3a8b,Aire de jeu 18 mois à 5 ans,Recreation & Sport,,45.537381,-73.56735,,,,Ville de Montreal Open Data,https://donnees.montreal.ca,2026-06-26
CTR_4a3c5f2a,Aire de jeu  5 à 12 ans,Recreation & Sport,,45.621617,-73.62045,,,,Ville de Montreal Open Data,https://donnees.montreal.ca,2026-06-26
CTR_abd97697,Pétanque,Recreation & Sport,,45.539825,-73.689718,,,,Ville de Montreal Open Data,https://donnees.montreal.ca,2026-06-26
CTR_789c8208,Aire de pique-nique,Recreation & Sport,,45.518748,-73.864647,,,,Ville de Montreal Open Data,https://donnees.montreal.ca,2026-06-26
CTR_4fe3d8e7,Patinoire avec bandes,Recreation & Sport,,45.560641,-73.652551,,,,Ville de Montreal Open Data,https://donnees.montreal.ca,2026-06-26
CTR_81f6b0c8,Aire de jeu 18 mois à 5 ans,Recreation & Sport,,45.520618,-73.606109,,,,Ville de Montreal Open Data,https://donnees.montreal.ca,2026-06-26
CTR_efb01c7a,Patinoire sans bandes,Recreation & Sport,,45.448129,-73.584636,,,,Ville de Montreal Open Data,https://donnees.montreal.ca,2026-06-26
CTR_ed86923e,Soccer à 7,Recreation & Sport,,45.605159,-73.569781,,,,Ville de Montreal Open Data,https://donnees.montreal.ca,2026-06-26
CTR_bf5dca43,Basketball,Recreation & Sport,,45.598665,-73.538755,,,,Ville de Montreal Open Data,https://donnees.montreal.ca,2026-06-26
CTR_65b588ac,Aire de jeu 18 mois à 5 ans,Recreation & Sport,,45.474744,-73.566288,,,,Ville de Montreal Open Data,https://donnees.montreal.ca,2026-06-26
CTR_f0a612e8,Pétanque,Recreation & Sport,,45.593767,-73.642745,,,,Ville de Montreal Open Data,https://donnees.montreal.ca,2026-06-26
CTR_d567da72,Piscine extérieure,Recreation & Sport,,45.586584,-73.572097,,,,Ville de Montreal Open Data,https://donnees.montreal.ca,2026-06-26
CTR_c3fef62a,Soccer à 11,Recreation & Sport,,45.61915,-73.604498,,,,Ville de Montreal Open Data,https://donnees.montreal.ca,2026-06-26
CTR_4673db33,Patinoire sans bandes,Recreation & Sport,,45.630495,-73.60265,,,,Ville de Montreal Open Data,https://donnees.montreal.ca,2026-06-26
CTR_09604215,Canöe / Kayak,Recreation & Sport,,45.425759,-73.593859,,,,Ville de Montreal Open Data,https://donnees.montreal.ca,2026-06-26
CTR_49ff2740,Soccer à 4-5,Recreation & Sport,,45.459798,-73.894704,,,,Ville de Montreal Open Data,https://donnees.montreal.ca,2026-06-26
CTR_9c89591c,Pétanque,Recreation & Sport,,45.545716,-73.616451,,,,Ville de Montreal Open Data,https://donnees.montreal.ca,2026-06-26
CTR_518feb85,Balle,Recreation & Sport,,45.534846,-73.629095,,,,Ville de Montreal Open Data,https://donnees.montreal.ca,2026-06-26
CTR_3c26a246,Tennis,Recreation & Sport,,45.550788,-73.636382,,,,Ville de Montreal Open Data,https://donnees.montreal.ca,2026-06-26
CTR_26fbcf32,Soccer à 11,Recreation & Sport,,45.504135,-73.631862,,,,Ville de Montreal Open Data,https://donnees.montreal.ca,2026-06-26
CTR_6040ff61,Aire de glissade,Recreation & Sport,,45.681166,-73.506991,,,,Ville de Montreal Open Data,https://donnees.montreal.ca,2026-06-26
CTR_c1dba673,Pataugeoire,Recreation & Sport,,45.463577,-73.544443,,,,Ville de Montreal Open Data,https://donnees.montreal.ca,2026-06-26
CTR_ee196689,Balle,Recreation & Sport,,45.581364,-73.554715,,,,Ville de Montreal Open Data,https://donnees.montreal.ca,2026-06-26
CTR_03aecced,Aire d'entraînement pour adultes,Recreation & Sport,,45.489056,-73.633363,,,,Ville de Montreal Open Data,https://donnees.montreal.ca,2026-06-26
CTR_3d9338ef,Aire de jeu  5 à 12 ans,Recreation & Sport,,45.48102,-73.853667,,,,Ville de Montreal Open Data,https://donnees.montreal.ca,2026-06-26
CTR_479fdf7b,Scène,Recreation & Sport,,45.543224,-73.56509,,,,Ville de Montreal Open Data,https://donnees.montreal.ca,2026-06-26
CTR_1b12504c,Soccer à 11,Recreation & Sport,,45.596095,-73.543168,,,,Ville de Montreal Open Data,https://donnees.montreal.ca,2026-06-26
CTR_13107763,Tennis,Recreation & Sport,,45.457636,-73.581624,,,,Ville de Montreal Open Data,https://donnees.montreal.ca,2026-06-26
CTR_7d6c0aaf,Patinoire avec bandes,Recreation & Sport,,45.528543,-73.708061,,,,Ville de Montreal Open Data,https://donnees.montreal.ca,2026-06-26
CTR_4a7e84b1,Tennis,Recreation & Sport,,45.500857,-73.871577,,,,Ville de Montreal Open Data,https://donnees.montreal.ca,2026-06-26
CTR_7177560d,Volleyball de plage,Recreation & Sport,,45.569417,-73.528132,,,,Ville de Montreal Open Data,https://donnees.montreal.ca,2026-06-26
CTR_57467cae,Soccer à 11,Recreation & Sport,,45.468643,-73.607056,,,,Ville de Montreal Open Data,https://donnees.montreal.ca,2026-06-26
CTR_ec73f0f8,Aire de jeu 18 mois à 5 ans,Recreation & Sport,,45.572091,-73.592734,,,,Ville de Montreal Open Data,https://donnees.montreal.ca,2026-06-26
CTR_af444788,Aire de jeu 18 mois à 5 ans,Recreation & Sport,,45.564558,-73.583971,,,,Ville de Montreal Open Data,https://donnees.montreal.ca,2026-06-26
CTR_9a0d3220,Aire de pique-nique,Recreation & Sport,,45.618084,-73.61662,,,,Ville de Montreal Open Data,https://donnees.montreal.ca,2026-06-26
CTR_162caeea,Jeux d'eau,Recreation & Sport,,45.621245,-73.619971,,,,Ville de Montreal Open Data,https://donnees.montreal.ca,2026-06-26
CTR_6061f0dc,Aire de pique-nique,Recreation & Sport,,45.678559,-73.507263,,,,Ville de Montreal Open Data,https://donnees.montreal.ca,2026-06-26
CTR_aff3500a,Aire de jeu 18 mois à 5 ans,Recreation & Sport,,45.466202,-73.891672,,,,Ville de Montreal Open Data,https://donnees.montreal.ca,2026-06-26
CTR_78c55b53,Soccer à 4-5,Recreation & Sport,,45.4863,-73.881641,,,,Ville de Montreal Open Data,https://donnees.montreal.ca,2026-06-26
CTR_52ac2112,Aire de jeu 18 mois à 5 ans,Recreation & Sport,,45.50839,-73.725003,,,,Ville de Montreal Open Data,https://donnees.montreal.ca,2026-06-26
CTR_871284a4,Tennis,Recreation & Sport,,45.522949,-73.719845,,,,Ville de Montreal Open Data,https://donnees.montreal.ca,2026-06-26
CTR_d969a473,Soccer à 11,Recreation & Sport,,45.607998,-73.517432,,,,Ville de Montreal Open Data,https://donnees.montreal.ca,2026-06-26
CTR_ae44061f,Piste cyclable,Recreation & Sport,,45.613886,-73.532714,,,,Ville de Montreal Open Data,https://donnees.montreal.ca,2026-06-26
CTR_b7e00f3b,Aire d'exercice canin,Recreation & Sport,,45.508317,-73.699424,,,,Ville de Montreal Open Data,https://donnees.montreal.ca,2026-06-26
CTR_cf512537,Aire de jeu 18 mois à 5 ans,Recreation & Sport,,45.513937,-73.570343,,,,Ville de Montreal Open Data,https://donnees.montreal.ca,2026-06-26
CTR_a897cefd,Aire de jeu  5 à 12 ans,Recreation & Sport,,45.655935,-73.500531,,,,Ville de Montreal Open Data,https://donnees.montreal.ca,2026-06-26
CTR_63b04f52,Basketball,Recreation & Sport,,45.489953,-73.632971,,,,Ville de Montreal Open Data,https://donnees.montreal.ca,2026-06-26
CTR_8b3e84da,Aire de jeu 18 mois à 5 ans,Recreation & Sport,,45.479436,-73.88171,,,,Ville de Montreal Open Data,https://donnees.montreal.ca,2026-06-26
CTR_cfaed599,Soccer à 11,Recreation & Sport,,45.511466,-73.830853,,,,Ville de Montreal Open Data,https://donnees.montreal.ca,2026-06-26
CTR_c7a23739,Balle,Recreation & Sport,,45.515781,-73.726746,,,,Ville de Montreal Open Data,https://donnees.montreal.ca,2026-06-26
CTR_403e1970,Bocce,Recreation & Sport,,45.575606,-73.539989,,,,Ville de Montreal Open Data,https://donnees.montreal.ca,2026-06-26
CTR_2d0fc417,Volleyball de plage,Recreation & Sport,,45.480993,-73.866283,,,,Ville de Montreal Open Data,https://donnees.montreal.ca,2026-06-26
CTR_064fbff2,Aire de jeu 18 mois à 5 ans,Recreation & Sport,,45.502084,-73.773385,,,,Ville de Montreal Open Data,https://donnees.montreal.ca,2026-06-26
CTR_2a8a74cf,Soccer à 7,Recreation & Sport,,45.691653,-73.487018,,,,Ville de Montreal Open Data,https://donnees.montreal.ca,2026-06-26
CTR_10df2285,Aire de jeu  5 à 12 ans,Recreation & Sport,,45.484441,-73.5762,,,,Ville de Montreal Open Data,https://donnees.montreal.ca,2026-06-26
CTR_d72c9647,Aire de jeu 18 mois à 5 ans,Recreation & Sport,,45.540787,-73.666747,,,,Ville de Montreal Open Data,https://donnees.montreal.ca,2026-06-26
CTR_e6124e98,Basketball,Recreation & Sport,,45.536605,-73.630258,,,,Ville de Montreal Open Data,https://donnees.montreal.ca,2026-06-26
CTR_69ad542f,Patinoire 4 saisons,Recreation & Sport,,45.502135,-73.622301,,,,Ville de Montreal Open Data,https://donnees.montreal.ca,2026-06-26
CTR_b0f0395a,Soccer sous-terrain à 7,Recreation & Sport,,45.574587,-73.641452,,,,Ville de Montreal Open Data,https://donnees.montreal.ca,2026-06-26
CTR_41245349,Soccer sous-terrain à 7,Recreation & Sport,,45.471438,-73.622875,,,,Ville de Montreal Open Data,https://donnees.montreal.ca,2026-06-26
CTR_a07f365d,Soccer sous-terrain à 7,Recreation & Sport,,45.516879,-73.676908,,,,Ville de Montreal Open Data,https://donnees.montreal.ca,2026-06-26
CTR_cdf9953d,Aire de jeu 18 mois à 5 ans,Recreation & Sport,,45.548751,-73.540931,,,,Ville de Montreal Open Data,https://donnees.montreal.ca,2026-06-26
CTR_68cf0123,Balle,Recreation & Sport,,45.499639,-73.871754,,,,Ville de Montreal Open Data,https://donnees.montreal.ca,2026-06-26
CTR_66444408,Soccer à 4-5,Recreation & Sport,,45.434099,-73.591779,,,,Ville de Montreal Open Data,https://donnees.montreal.ca,2026-06-26
CTR_73a8a13e,Volleyball de plage,Recreation & Sport,,45.539095,-73.675807,,,,Ville de Montreal Open Data,https://donnees.montreal.ca,2026-06-26
CTR_872e31bb,Soccer à 11,Recreation & Sport,,45.508857,-73.699991,,,,Ville de Montreal Open Data,https://donnees.montreal.ca,2026-06-26
CTR_5f6d0242,Aire d'entraînement pour adultes,Recreation & Sport,,45.546123,-73.54088,,,,Ville de Montreal Open Data,https://donnees.montreal.ca,2026-06-26
CTR_5af6baf2,Aire de jeu  5 à 12 ans,Recreation & Sport,,45.511849,-73.848033,,,,Ville de Montreal Open Data,https://donnees.montreal.ca,2026-06-26
CTR_5d38334f,Anneau / Rond de glace,Recreation & Sport,,45.517199,-73.729365,,,,Ville de Montreal Open Data,https://donnees.montreal.ca,2026-06-26
CTR_75b4cebc,Palet,Recreation & Sport,,45.528138,-73.707174,,,,Ville de Montreal Open Data,https://donnees.montreal.ca,2026-06-26
CTR_21e12498,Basketball,Recreation & Sport,,45.554114,-73.590343,,,,Ville de Montreal Open Data,https://donnees.montreal.ca,2026-06-26
CTR_a7dccef2,Basketball,Recreation & Sport,,45.592721,-73.590739,,,,Ville de Montreal Open Data,https://donnees.montreal.ca,2026-06-26
CTR_611fa661,Aire de jeu 18 mois à 5 ans,Recreation & Sport,,45.588006,-73.63162,,,,Ville de Montreal Open Data,https://donnees.montreal.ca,2026-06-26
CTR_b970807b,Aire de planche à roulette,Recreation & Sport,,45.456745,-73.606695,,,,Ville de Montreal Open Data,https://donnees.montreal.ca,2026-06-26
CTR_ac5ee54e,Aire de jeu 18 mois à 5 ans,Recreation & Sport,,45.463619,-73.552405,,,,Ville de Montreal Open Data,https://donnees.montreal.ca,2026-06-26
CTR_a9a8e200,Soccer / Football,Recreation & Sport,,45.517048,-73.676695,,,,Ville de Montreal Open Data,https://donnees.montreal.ca,2026-06-26
CTR_2229f6c5,Pétanque,Recreation & Sport,,45.549259,-73.592744,,,,Ville de Montreal Open Data,https://donnees.montreal.ca,2026-06-26
CTR_d410ed22,Golf,Recreation & Sport,,45.494854,-73.905268,,,,Ville de Montreal Open Data,https://donnees.montreal.ca,2026-06-26
CTR_6f8c420e,Aire de jeu  5 à 12 ans,Recreation & Sport,,45.662062,-73.562505,,,,Ville de Montreal Open Data,https://donnees.montreal.ca,2026-06-26
CTR_d0ffe742,Aire de jeu 18 mois à 5 ans,Recreation & Sport,,45.454587,-73.580173,,,,Ville de Montreal Open Data,https://donnees.montreal.ca,2026-06-26
CTR_14bfd72e,Piste d'athlétisme (400m) et équipements,Recreation & Sport,,45.582367,-73.535552,,,,Ville de Montreal Open Data,https://donnees.montreal.ca,2026-06-26
CTR_aa1aca4f,Pataugeoire,Recreation & Sport,,45.617869,-73.616655,,,,Ville de Montreal Open Data,https://donnees.montreal.ca,2026-06-26
CTR_f28b58f8,Basketball,Recreation & Sport,,45.596898,-73.599092,,,,Ville de Montreal Open Data,https://donnees.montreal.ca,2026-06-26
CTR_557960d0,Tennis,Recreation & Sport,,45.420245,-73.612748,,,,Ville de Montreal Open Data,https://donnees.montreal.ca,2026-06-26
CTR_a2dd9e44,Aire de jeu 18 mois à 5 ans,Recreation & Sport,,45.426084,-73.654672,,,,Ville de Montreal Open Data,https://donnees.montreal.ca,2026-06-26
CTR_80b0ff5c,Pataugeoire,Recreation & Sport,,45.438379,-73.675627,,,,Ville de Montreal Open Data,https://donnees.montreal.ca,2026-06-26
CTR_2770aeb8,Aire de jeu 18 mois à 5 ans,Recreation & Sport,,45.455231,-73.639591,,,,Ville de Montreal Open Data,https://donnees.montreal.ca,2026-06-26
CTR_86d11f41,Basketball,Recreation & Sport,,45.475168,-73.583772,,,,Ville de Montreal Open Data,https://donnees.montreal.ca,2026-06-26
CTR_35254478,Patinoire avec bandes,Recreation & Sport,,45.559407,-73.642099,,,,Ville de Montreal Open Data,https://donnees.montreal.ca,2026-06-26
CTR_7726614b,Aire de jeu  5 à 12 ans,Recreation & Sport,,45.509324,-73.672456,,,,Ville de Montreal Open Data,https://donnees.montreal.ca,2026-06-26
CTR_2e2471bb,Ping-pong,Recreation & Sport,,45.527411,-73.605125,,,,Ville de Montreal Open Data,https://donnees.montreal.ca,2026-06-26
CTR_cf7b774b,Aire d'exercice canin,Recreation & Sport,,45.570178,-73.653041,,,,Ville de Montreal Open Data,https://donnees.montreal.ca,2026-06-26
CTR_85122a10,Pataugeoire,Recreation & Sport,,45.599123,-73.635169,,,,Ville de Montreal Open Data,https://donnees.montreal.ca,2026-06-26
CTR_9b558a7a,Aire de jeu 18 mois à 5 ans,Recreation & Sport,,45.447269,-73.558199,,,,Ville de Montreal Open Data,https://donnees.montreal.ca,2026-06-26
CTR_5b59e179,Tennis,Recreation & Sport,,45.507486,-73.827183,,,,Ville de Montreal Open Data,https://donnees.montreal.ca,2026-06-26
CTR_511c52bd,Aire de jeu 18 mois à 5 ans,Recreation & Sport,,45.458598,-73.904256,,,,Ville de Montreal Open Data,https://donnees.montreal.ca,2026-06-26
CTR_258e3be6,Grève / Plage,Recreation & Sport,,45.469685,-73.884535,,,,Ville de Montreal Open Data,https://donnees.montreal.ca,2026-06-26
CTR_39ad469b,Aire de jeu  5 à 12 ans,Recreation & Sport,,45.492808,-73.844528,,,,Ville de Montreal Open Data,https://donnees.montreal.ca,2026-06-26
CTR_5fe56210,Aire de jeu 18 mois à 5 ans,Recreation & Sport,,45.519311,-73.685172,,,,Ville de Montreal Open Data,https://donnees.montreal.ca,2026-06-26
CTR_48c7c1e4,Patinoire avec bandes,Recreation & Sport,,45.448234,-73.585149,,,,Ville de Montreal Open Data,https://donnees.montreal.ca,2026-06-26
CTR_5f0fdc48,Aire de jeu 18 mois à 5 ans,Recreation & Sport,,45.471732,-73.566185,,,,Ville de Montreal Open Data,https://donnees.montreal.ca,2026-06-26
CTR_d07f421b,Aire de pique-nique,Recreation & Sport,,45.524747,-73.561908,,,,Ville de Montreal Open Data,https://donnees.montreal.ca,2026-06-26
CTR_404f0fef,Aire de pique-nique,Recreation & Sport,,45.551006,-73.532956,,,,Ville de Montreal Open Data,https://donnees.montreal.ca,2026-06-26
CTR_078455e0,Soccer / Football,Recreation & Sport,,45.684952,-73.494374,,,,Ville de Montreal Open Data,https://donnees.montreal.ca,2026-06-26
CTR_40ca503d,Jeux d'eau,Recreation & Sport,,45.551214,-73.532437,,,,Ville de Montreal Open Data,https://donnees.montreal.ca,2026-06-26
CTR_24474e40,Aire de jeu  5 à 12 ans,Recreation & Sport,,45.530376,-73.71776,,,,Ville de Montreal Open Data,https://donnees.montreal.ca,2026-06-26
CTR_6b53b637,Aire de jeu  5 à 12 ans,Recreation & Sport,,45.544351,-73.574731,,,,Ville de Montreal Open Data,https://donnees.montreal.ca,2026-06-26
CTR_b8251506,Patinoire avec bandes,Recreation & Sport,,45.528789,-73.676842,,,,Ville de Montreal Open Data,https://donnees.montreal.ca,2026-06-26
CTR_43686aed,Soccer sous-terrain à 7,Recreation & Sport,,45.568083,-73.657175,,,,Ville de Montreal Open Data,https://donnees.montreal.ca,2026-06-26
CTR_fa240b80,Rampe de mise à l'eau / descente de bateaux,Recreation & Sport,,45.517188,-73.898293,,,,Ville de Montreal Open Data,https://donnees.montreal.ca,2026-06-26
CTR_ae6cc5b3,Aire de jeu 18 mois à 5 ans,Recreation & Sport,,45.660306,-73.51573,,,,Ville de Montreal Open Data,https://donnees.montreal.ca,2026-06-26
CTR_e5767cb7,Soccer / Football,Recreation & Sport,,45.568267,-73.657039,,,,Ville de Montreal Open Data,https://donnees.montreal.ca,2026-06-26
CTR_3147feb7,Aire de jeu 18 mois à 5 ans,Recreation & Sport,,45.500987,-73.68027,,,,Ville de Montreal Open Data,https://donnees.montreal.ca,2026-06-26
CTR_4c278499,Aire de jeu 18 mois à 5 ans,Recreation & Sport,,45.578249,-73.604031,,,,Ville de Montreal Open Data,https://donnees.montreal.ca,2026-06-26
CTR_b17cecd4,Aire de jeu  5 à 12 ans,Recreation & Sport,,45.519284,-73.57932,,,,Ville de Montreal Open Data,https://donnees.montreal.ca,2026-06-26
CTR_3b8cf67c,Jeux d'eau,Recreation & Sport,,45.54212,-73.544442,,,,Ville de Montreal Open Data,https://donnees.montreal.ca,2026-06-26
CTR_b009c3d8,Aire de jeu  5 à 12 ans,Recreation & Sport,,45.489665,-73.647478,,,,Ville de Montreal Open Data,https://donnees.montreal.ca,2026-06-26
CTR_15fa46a4,Croquet,Recreation & Sport,,45.548448,-73.638485,,,,Ville de Montreal Open Data,https://donnees.montreal.ca,2026-06-26
CTR_58b75a39,Pétanque,Recreation & Sport,,45.432366,-73.639321,,,,Ville de Montreal Open Data,https://donnees.montreal.ca,2026-06-26
CTR_6e377a2d,Patinoire sans bandes,Recreation & Sport,,45.577005,-73.645749,,,,Ville de Montreal Open Data,https://donnees.montreal.ca,2026-06-26
CTR_179e99cb,Boisé,Recreation & Sport,,45.607852,-73.537116,,,,Ville de Montreal Open Data,https://donnees.montreal.ca,2026-06-26
CTR_0c206594,Aire de jeu 18 mois à 5 ans,Recreation & Sport,,45.635613,-73.605711,,,,Ville de Montreal Open Data,https://donnees.montreal.ca,2026-06-26
CTR_680286eb,Soccer à 11,Recreation & Sport,,45.503207,-73.79302,,,,Ville de Montreal Open Data,https://donnees.montreal.ca,2026-06-26
CTR_19bf2c33,Soccer / Football,Recreation & Sport,,45.577444,-73.587912,,,,Ville de Montreal Open Data,https://donnees.montreal.ca,2026-06-26
CTR_e7303a15,Basketball,Recreation & Sport,,45.644282,-73.587641,,,,Ville de Montreal Open Data,https://donnees.montreal.ca,2026-06-26
CTR_1e9a6379,Aire de jeu 18 mois à 5 ans,Recreation & Sport,,45.513168,-73.600851,,,,Ville de Montreal Open Data,https://donnees.montreal.ca,2026-06-26
CTR_4d2d8477,Jeux d'eau,Recreation & Sport,,45.589359,-73.535196,,,,Ville de Montreal Open Data,https://donnees.montreal.ca,2026-06-26
CTR_56991625,Aire de jeu  5 à 12 ans,Recreation & Sport,,45.647394,-73.500888,,,,Ville de Montreal Open Data,https://donnees.montreal.ca,2026-06-26
CTR_c553f84e,Aire de jeu  5 à 12 ans,Recreation & Sport,,45.427956,-73.624064,,,,Ville de Montreal Open Data,https://donnees.montreal.ca,2026-06-26
CTR_cc735e0c,Scène,Recreation & Sport,,45.514098,-73.712287,,,,Ville de Montreal Open Data,https://donnees.montreal.ca,2026-06-26
CTR_d0470b33,Palet,Recreation & Sport,,45.560271,-73.532918,,,,Ville de Montreal Open Data,https://donnees.montreal.ca,2026-06-26
CTR_3924d346,Ping-pong,Recreation & Sport,,45.54557,-73.55912,,,,Ville de Montreal Open Data,https://donnees.montreal.ca,2026-06-26
CTR_1631a039,Soccer à 7,Recreation & Sport,,45.433131,-73.653586,,,,Ville de Montreal Open Data,https://donnees.montreal.ca,2026-06-26
CTR_699bbf00,Soccer à 11,Recreation & Sport,,45.635244,-73.57587,,,,Ville de Montreal Open Data,https://donnees.montreal.ca,2026-06-26
CTR_29398c39,Aire de jeu 18 mois à 5 ans,Recreation & Sport,,45.449532,-73.890319,,,,Ville de Montreal Open Data,https://donnees.montreal.ca,2026-06-26
CTR_c856e14e,Aire de jeu  5 à 12 ans,Recreation & Sport,,45.456875,-73.568373,,,,Ville de Montreal Open Data,https://donnees.montreal.ca,2026-06-26
CTR_56ff57a9,Soccer / Football,Recreation & Sport,,45.458096,-73.637377,,,,Ville de Montreal Open Data,https://donnees.montreal.ca,2026-06-26
CTR_4b7568cb,Aire de jeu  5 à 12 ans,Recreation & Sport,,45.603486,-73.583685,,,,Ville de Montreal Open Data,https://donnees.montreal.ca,2026-06-26
CTR_a245d720,Piscine extérieure,Recreation & Sport,,45.474993,-73.85628,,,,Ville de Montreal Open Data,https://donnees.montreal.ca,2026-06-26
CTR_7f5815ea,Jeux d'eau,Recreation & Sport,,45.5371,-73.567616,,,,Ville de Montreal Open Data,https://donnees.montreal.ca,2026-06-26
CTR_8e40f6f9,Piste cyclable,Recreation & Sport,,45.461964,-73.920823,,,,Ville de Montreal Open Data,https://donnees.montreal.ca,2026-06-26
CTR_26056a20,Aire de jeu  5 à 12 ans,Recreation & Sport,,45.477895,-73.554955,,,,Ville de Montreal Open Data,https://donnees.montreal.ca,2026-06-26
CTR_81f96920,Soccer à 7,Recreation & Sport,,45.619641,-73.606506,,,,Ville de Montreal Open Data,https://donnees.montreal.ca,2026-06-26
CTR_6f21c022,Piste d'athlétisme (400m) et équipements,Recreation & Sport,,45.577737,-73.58764,,,,Ville de Montreal Open Data,https://donnees.montreal.ca,2026-06-26
CTR_587902ac,Aire de jeu 18 mois à 5 ans,Recreation & Sport,,45.458665,-73.881717,,,,Ville de Montreal Open Data,https://donnees.montreal.ca,2026-06-26
CTR_2f061acd,Fer / Galet,Recreation & Sport,,45.571452,-73.654331,,,,Ville de Montreal Open Data,https://donnees.montreal.ca,2026-06-26
CTR_70b34584,Aire de jeu 18 mois à 5 ans,Recreation & Sport,,45.507493,-73.848225,,,,Ville de Montreal Open Data,https://donnees.montreal.ca,2026-06-26
CTR_3e052de0,Balle,Recreation & Sport,,45.449239,-73.596841,,,,Ville de Montreal Open Data,https://donnees.montreal.ca,2026-06-26
CTR_71e6754e,Soccer à 11,Recreation & Sport,,45.50481,-73.783181,,,,Ville de Montreal Open Data,https://donnees.montreal.ca,2026-06-26
CTR_097c59ac,Aire de jeu  5 à 12 ans,Recreation & Sport,,45.575597,-73.539606,,,,Ville de Montreal Open Data,https://donnees.montreal.ca,2026-06-26
CTR_1fddb6b7,Patinoire avec bandes,Recreation & Sport,,45.582177,-73.648661,,,,Ville de Montreal Open Data,https://donnees.montreal.ca,2026-06-26
CTR_38be4081,Volleyball de plage,Recreation & Sport,,45.490148,-73.5594,,,,Ville de Montreal Open Data,https://donnees.montreal.ca,2026-06-26
CTR_45cf10a6,Volleyball de plage,Recreation & Sport,,45.513637,-73.580502,,,,Ville de Montreal Open Data,https://donnees.montreal.ca,2026-06-26
CTR_5aea8612,Balle,Recreation & Sport,,45.474832,-73.861803,,,,Ville de Montreal Open Data,https://donnees.montreal.ca,2026-06-26
CTR_4745ba39,Balle,Recreation & Sport,,45.491612,-73.844815,,,,Ville de Montreal Open Data,https://donnees.montreal.ca,2026-06-26
CTR_78626356,Abri soleil,Recreation & Sport,,45.542002,-73.544086,,,,Ville de Montreal Open Data,https://donnees.montreal.ca,2026-06-26
CTR_a63d4b15,Abri soleil,Recreation & Sport,,45.509933,-73.732597,,,,Ville de Montreal Open Data,https://donnees.montreal.ca,2026-06-26
CTR_50c37c29,Aire de jeu 18 mois à 5 ans,Recreation & Sport,,45.550775,-73.532516,,,,Ville de Montreal Open Data,https://donnees.montreal.ca,2026-06-26
CTR_8a283e6c,Aire de jeu  5 à 12 ans,Recreation & Sport,,45.526688,-73.608746,,,,Ville de Montreal Open Data,https://donnees.montreal.ca,2026-06-26
CTR_81beb163,Soccer à 7,Recreation & Sport,,45.495773,-73.584497,,,,Ville de Montreal Open Data,https://donnees.montreal.ca,2026-06-26
CTR_6c3f2aee,Aire de jeu 18 mois à 5 ans,Recreation & Sport,,45.438311,-73.674313,,,,Ville de Montreal Open Data,https://donnees.montreal.ca,2026-06-26
CTR_36629584,Ping-pong,Recreation & Sport,,45.549316,-73.592859,,,,Ville de Montreal Open Data,https://donnees.montreal.ca,2026-06-26
CTR_e2754c87,Balle au mur,Recreation & Sport,,45.683492,-73.49621,,,,Ville de Montreal Open Data,https://donnees.montreal.ca,2026-06-26
CTR_42dc2ce0,Aire de pique-nique,Recreation & Sport,,45.500822,-73.685975,,,,Ville de Montreal Open Data,https://donnees.montreal.ca,2026-06-26
CTR_4a8fc89d,Aire de jeu  5 à 12 ans,Recreation & Sport,,45.50326,-73.69004,,,,Ville de Montreal Open Data,https://donnees.montreal.ca,2026-06-26
CTR_2c483391,Aire de jeu  5 à 12 ans,Recreation & Sport,,45.456585,-73.604103,,,,Ville de Montreal Open Data,https://donnees.montreal.ca,2026-06-26
CTR_062bec0d,Patinoire sans bandes,Recreation & Sport,,45.515618,-73.583351,,,,Ville de Montreal Open Data,https://donnees.montreal.ca,2026-06-26
CTR_9c3685a9,Aire de jeu  5 à 12 ans,Recreation & Sport,,45.548352,-73.569679,,,,Ville de Montreal Open Data,https://donnees.montreal.ca,2026-06-26
CTR_079fbc5c,Sentier pédestre,Recreation & Sport,,45.436284,-73.70674,,,,Ville de Montreal Open Data,https://donnees.montreal.ca,2026-06-26
CTR_74e72a82,Soccer à 11,Recreation & Sport,,45.452476,-73.588551,,,,Ville de Montreal Open Data,https://donnees.montreal.ca,2026-06-26
CTR_53063373,Aire d'entraînement pour adultes,Recreation & Sport,,45.551014,-73.602706,,,,Ville de Montreal Open Data,https://donnees.montreal.ca,2026-06-26
CTR_7d74650a,Aire de jeu  5 à 12 ans,Recreation & Sport,,45.506785,-73.715556,,,,Ville de Montreal Open Data,https://donnees.montreal.ca,2026-06-26
CTR_7abbb9d7,Soccer à 4-5,Recreation & Sport,,45.61843,-73.628628,,,,Ville de Montreal Open Data,https://donnees.montreal.ca,2026-06-26
CTR_bb98b0f8,Aire de glissade,Recreation & Sport,,45.465659,-73.560758,,,,Ville de Montreal Open Data,https://donnees.montreal.ca,2026-06-26
CTR_b1c8c3c9,Belvédère,Recreation & Sport,,45.514544,-73.85743,,,,Ville de Montreal Open Data,https://donnees.montreal.ca,2026-06-26
CTR_479aff72,Anneau / Rond de glace,Recreation & Sport,,45.527974,-73.688038,,,,Ville de Montreal Open Data,https://donnees.montreal.ca,2026-06-26
CTR_405c8013,Aire de jeu  5 à 12 ans,Recreation & Sport,,45.696109,-73.499922,,,,Ville de Montreal Open Data,https://donnees.montreal.ca,2026-06-26
CTR_f9a0e2ac,Pétanque,Recreation & Sport,,45.549131,-73.592469,,,,Ville de Montreal Open Data,https://donnees.montreal.ca,2026-06-26
CTR_af4b5654,Piscine extérieure,Recreation & Sport,,45.438007,-73.674472,,,,Ville de Montreal Open Data,https://donnees.montreal.ca,2026-06-26
CTR_5a4a6df3,Abri soleil,Recreation & Sport,,45.511746,-73.706203,,,,Ville de Montreal Open Data,https://donnees.montreal.ca,2026-06-26
CTR_82ff3b58,Pataugeoire,Recreation & Sport,,45.583648,-73.633355,,,,Ville de Montreal Open Data,https://donnees.montreal.ca,2026-06-26
CTR_964e32ec,Aire de jeu 18 mois à 5 ans,Recreation & Sport,,45.488841,-73.574024,,,,Ville de Montreal Open Data,https://donnees.montreal.ca,2026-06-26
CTR_0932f78b,Aire de jeu  5 à 12 ans,Recreation & Sport,,45.422328,-73.626994,,,,Ville de Montreal Open Data,https://donnees.montreal.ca,2026-06-26
CTR_6f00a6d5,Sentier de ski de fond,Recreation & Sport,,45.535913,-73.626384,,,,Ville de Montreal Open Data,https://donnees.montreal.ca,2026-06-26
CTR_ece41234,Piste d'athlétisme (400m) et équipements,Recreation & Sport,,45.61258,-73.618723,,,,Ville de Montreal Open Data,https://donnees.montreal.ca,2026-06-26
CTR_d669695f,Patinoire 4 saisons,Recreation & Sport,,45.502251,-73.622563,,,,Ville de Montreal Open Data,https://donnees.montreal.ca,2026-06-26
CTR_1b38d9f2,Volleyball de plage,Recreation & Sport,,45.518834,-73.691211,,,,Ville de Montreal Open Data,https://donnees.montreal.ca,2026-06-26
CTR_b5f703ac,Aire de jeu 18 mois à 5 ans,Recreation & Sport,,45.484234,-73.576585,,,,Ville de Montreal Open Data,https://donnees.montreal.ca,2026-06-26
CTR_aaea5a1d,Aire de jeu 18 mois à 5 ans,Recreation & Sport,,45.556385,-73.634186,,,,Ville de Montreal Open Data,https://donnees.montreal.ca,2026-06-26
CTR_9c6f3474,Aire de jeu  5 à 12 ans,Recreation & Sport,,45.429087,-73.6264,,,,Ville de Montreal Open Data,https://donnees.montreal.ca,2026-06-26
CTR_5dbb0aa2,Aire de jeu  5 à 12 ans,Recreation & Sport,,45.457948,-73.592431,,,,Ville de Montreal Open Data,https://donnees.montreal.ca,2026-06-26
CTR_167a8806,Anneau / Rond de glace,Recreation & Sport,,45.500793,-73.681242,,,,Ville de Montreal Open Data,https://donnees.montreal.ca,2026-06-26
CTR_988a4404,Sentier pédestre,Recreation & Sport,,45.561719,-73.668953,,,,Ville de Montreal Open Data,https://donnees.montreal.ca,2026-06-26
CTR_4ea2aaad,Aire de jeu combiné,Recreation & Sport,,45.590553,-73.617362,,,,Ville de Montreal Open Data,https://donnees.montreal.ca,2026-06-26
CTR_3259004f,Aire d'entraînement pour adultes,Recreation & Sport,,45.626888,-73.623163,,,,Ville de Montreal Open Data,https://donnees.montreal.ca,2026-06-26
CTR_3707d38d,Pétanque,Recreation & Sport,,45.605072,-73.583557,,,,Ville de Montreal Open Data,https://donnees.montreal.ca,2026-06-26
CTR_f0c830ab,Pétanque,Recreation & Sport,,45.560135,-73.570852,,,,Ville de Montreal Open Data,https://donnees.montreal.ca,2026-06-26
CTR_1bb29541,Fort,Recreation & Sport,,45.444506,-73.601744,,,,Ville de Montreal Open Data,https://donnees.montreal.ca,2026-06-26
CTR_b461e745,Aire de jeu  5 à 12 ans,Recreation & Sport,,45.501303,-73.68018,,,,Ville de Montreal Open Data,https://donnees.montreal.ca,2026-06-26
CTR_63bd58b2,Sentier pédestre,Recreation & Sport,,45.593477,-73.568181,,,,Ville de Montreal Open Data,https://donnees.montreal.ca,2026-06-26
CTR_79cbe350,Jeux d'eau,Recreation & Sport,,45.465823,-73.574788,,,,Ville de Montreal Open Data,https://donnees.montreal.ca,2026-06-26
CTR_b01f74a8,Aire de jeu 18 mois à 5 ans,Recreation & Sport,,45.500194,-73.872349,,,,Ville de Montreal Open Data,https://donnees.montreal.ca,2026-06-26
CTR_729838ec,Aire de jeu 18 mois à 5 ans,Recreation & Sport,,45.521742,-73.612503,,,,Ville de Montreal Open Data,https://donnees.montreal.ca,2026-06-26
CTR_2b5bc7c0,Aire d'entraînement pour adultes,Recreation & Sport,,45.553171,-73.635322,,,,Ville de Montreal Open Data,https://donnees.montreal.ca,2026-06-26
CTR_d839e503,Patinoire avec bandes,Recreation & Sport,,45.532929,-73.556434,,,,Ville de Montreal Open Data,https://donnees.montreal.ca,2026-06-26
CTR_eb9cacb8,Basketball,Recreation & Sport,,45.540411,-73.601536,,,,Ville de Montreal Open Data,https://donnees.montreal.ca,2026-06-26
CTR_8f411bd1,Aire de jeu  5 à 12 ans,Recreation & Sport,,45.559911,-73.651209,,,,Ville de Montreal Open Data,https://donnees.montreal.ca,2026-06-26
CTR_d087740f,Bocce,Recreation & Sport,,45.610399,-73.616335,,,,Ville de Montreal Open Data,https://donnees.montreal.ca,2026-06-26
CTR_729828ed,Aire de jeu 18 mois à 5 ans,Recreation & Sport,,45.476428,-73.85581,,,,Ville de Montreal Open Data,https://donnees.montreal.ca,2026-06-26
CTR_d08966b9,Aire de glissade,Recreation & Sport,,45.555631,-73.66205,,,,Ville de Montreal Open Data,https://donnees.montreal.ca,2026-06-26
CTR_751ec885,Aire de planche à roulette,Recreation & Sport,,45.554616,-73.664206,,,,Ville de Montreal Open Data,https://donnees.montreal.ca,2026-06-26
CTR_f695a128,Aire de jeu 18 mois à 5 ans,Recreation & Sport,,45.460565,-73.593846,,,,Ville de Montreal Open Data,https://donnees.montreal.ca,2026-06-26
CTR_2704f2a1,Aire de jeu 18 mois à 5 ans,Recreation & Sport,,45.512202,-73.634332,,,,Ville de Montreal Open Data,https://donnees.montreal.ca,2026-06-26
CTR_04b8d9a4,Soccer à 7,Recreation & Sport,,45.593803,-73.519636,,,,Ville de Montreal Open Data,https://donnees.montreal.ca,2026-06-26
CTR_23a1b0f9,Aire de jeu 18 mois à 5 ans,Recreation & Sport,,45.493296,-73.567219,,,,Ville de Montreal Open Data,https://donnees.montreal.ca,2026-06-26
CTR_ce7f9631,Basketball,Recreation & Sport,,45.5324,-73.630863,,,,Ville de Montreal Open Data,https://donnees.montreal.ca,2026-06-26
CTR_a0116447,Sentier pédestre,Recreation & Sport,,45.500328,-73.769115,,,,Ville de Montreal Open Data,https://donnees.montreal.ca,2026-06-26
CTR_23a28db1,Basketball,Recreation & Sport,,45.587072,-73.572232,,,,Ville de Montreal Open Data,https://donnees.montreal.ca,2026-06-26
CTR_84e1c91b,Aire de jeu  5 à 12 ans,Recreation & Sport,,45.514914,-73.727059,,,,Ville de Montreal Open Data,https://donnees.montreal.ca,2026-06-26
CTR_1fe90874,Pastille - Basketball,Recreation & Sport,,45.463715,-73.544308,,,,Ville de Montreal Open Data,https://donnees.montreal.ca,2026-06-26
CTR_60263226,Pétanque,Recreation & Sport,,45.503701,-73.76849,,,,Ville de Montreal Open Data,https://donnees.montreal.ca,2026-06-26
CTR_7f73da1e,Patinoire sans bandes,Recreation & Sport,,45.434204,-73.636385,,,,Ville de Montreal Open Data,https://donnees.montreal.ca,2026-06-26
CTR_c7fa36f2,Balle,Recreation & Sport,,45.538833,-73.595111,,,,Ville de Montreal Open Data,https://donnees.montreal.ca,2026-06-26
CTR_d6ddd051,Soccer sous-terrain à 7,Recreation & Sport,,45.553479,-73.633992,,,,Ville de Montreal Open Data,https://donnees.montreal.ca,2026-06-26
CTR_78dd1c3b,Soccer à 4-5,Recreation & Sport,,45.461552,-73.644514,,,,Ville de Montreal Open Data,https://donnees.montreal.ca,2026-06-26
CTR_32a4aac1,Sentier pédestre,Recreation & Sport,,45.595388,-73.508174,,,,Ville de Montreal Open Data,https://donnees.montreal.ca,2026-06-26
CTR_9afba6c5,Patinoire sans bandes,Recreation & Sport,,45.552603,-73.56913,,,,Ville de Montreal Open Data,https://donnees.montreal.ca,2026-06-26
CTR_55d25853,Tennis,Recreation & Sport,,45.683758,-73.4958,,,,Ville de Montreal Open Data,https://donnees.montreal.ca,2026-06-26
CTR_fc27fb3b,Aire de jeu 18 mois à 5 ans,Recreation & Sport,,45.471629,-73.639266,,,,Ville de Montreal Open Data,https://donnees.montreal.ca,2026-06-26
CTR_dea9ece5,Tennis,Recreation & Sport,,45.534857,-73.554811,,,,Ville de Montreal Open Data,https://donnees.montreal.ca,2026-06-26
CTR_b3831f5a,Aire de jeu 18 mois à 5 ans,Recreation & Sport,,45.443179,-73.702697,,,,Ville de Montreal Open Data,https://donnees.montreal.ca,2026-06-26
CTR_cbd4941b,Jeux d'eau,Recreation & Sport,,45.560382,-73.579864,,,,Ville de Montreal Open Data,https://donnees.montreal.ca,2026-06-26
CTR_1fcfcb48,Rampe de mise à l'eau / descente de bateaux,Recreation & Sport,,45.509343,-73.784471,,,,Ville de Montreal Open Data,https://donnees.montreal.ca,2026-06-26
CTR_1ef264a3,Fer / Galet,Recreation & Sport,,45.548315,-73.63844,,,,Ville de Montreal Open Data,https://donnees.montreal.ca,2026-06-26
CTR_7139f51f,Balle,Recreation & Sport,,45.640296,-73.508562,,,,Ville de Montreal Open Data,https://donnees.montreal.ca,2026-06-26
CTR_846ac5d8,Aire de jeu  5 à 12 ans,Recreation & Sport,,45.635347,-73.503129,,,,Ville de Montreal Open Data,https://donnees.montreal.ca,2026-06-26
CTR_4728400b,Patinoire avec bandes,Recreation & Sport,,45.537877,-73.590076,,,,Ville de Montreal Open Data,https://donnees.montreal.ca,2026-06-26
CTR_48a8bac6,Aire de jeu 18 mois à 5 ans,Recreation & Sport,,45.52564,-73.583138,,,,Ville de Montreal Open Data,https://donnees.montreal.ca,2026-06-26
CTR_de3fab6f,Aire de jeu  5 à 12 ans,Recreation & Sport,,45.570781,-73.642713,,,,Ville de Montreal Open Data,https://donnees.montreal.ca,2026-06-26
CTR_98ce4fc9,Aire de jeu 18 mois à 5 ans,Recreation & Sport,,45.69197,-73.487679,,,,Ville de Montreal Open Data,https://donnees.montreal.ca,2026-06-26
CTR_2b22da63,Sentier pédestre,Recreation & Sport,,45.533767,-73.591953,,,,Ville de Montreal Open Data,https://donnees.montreal.ca,2026-06-26
CTR_c64f955a,Aire de pêche autorisée,Recreation & Sport,,45.432226,-73.694942,,,,Ville de Montreal Open Data,https://donnees.montreal.ca,2026-06-26
CTR_f37c7947,Aire de jeu  5 à 12 ans,Recreation & Sport,,45.448736,-73.579864,,,,Ville de Montreal Open Data,https://donnees.montreal.ca,2026-06-26
CTR_12c809c8,Piscine extérieure,Recreation & Sport,,45.644124,-73.588793,,,,Ville de Montreal Open Data,https://donnees.montreal.ca,2026-06-26
CTR_b4ba6fb6,Volleyball de plage,Recreation & Sport,,45.516766,-73.675915,,,,Ville de Montreal Open Data,https://donnees.montreal.ca,2026-06-26
CTR_538cd157,Patinoire avec bandes,Recreation & Sport,,45.519862,-73.695718,,,,Ville de Montreal Open Data,https://donnees.montreal.ca,2026-06-26
CTR_e379e233,Tennis,Recreation & Sport,,45.582019,-73.583116,,,,Ville de Montreal Open Data,https://donnees.montreal.ca,2026-06-26
CTR_33a15174,Golf,Recreation & Sport,,45.625807,-73.562657,,,,Ville de Montreal Open Data,https://donnees.montreal.ca,2026-06-26
CTR_256bb3c1,Soccer sous-terrain à 4-5,Recreation & Sport,,45.541506,-73.666435,,,,Ville de Montreal Open Data,https://donnees.montreal.ca,2026-06-26
CTR_cab748b6,Basketball,Recreation & Sport,,45.594449,-73.632112,,,,Ville de Montreal Open Data,https://donnees.montreal.ca,2026-06-26
CTR_2cdea476,Piste d'athlétisme (400m) et équipements,Recreation & Sport,,45.508087,-73.704348,,,,Ville de Montreal Open Data,https://donnees.montreal.ca,2026-06-26
CTR_58fcb6ce,Piscine extérieure,Recreation & Sport,,45.527701,-73.687655,,,,Ville de Montreal Open Data,https://donnees.montreal.ca,2026-06-26
CTR_be7874bb,Aire de jeu  5 à 12 ans,Recreation & Sport,,45.502117,-73.724549,,,,Ville de Montreal Open Data,https://donnees.montreal.ca,2026-06-26
CTR_09c2a858,Aire de jeu  5 à 12 ans,Recreation & Sport,,45.588909,-73.535474,,,,Ville de Montreal Open Data,https://donnees.montreal.ca,2026-06-26
CTR_abe4709f,Sentier de ski de fond,Recreation & Sport,,45.546677,-73.69773,,,,Ville de Montreal Open Data,https://donnees.montreal.ca,2026-06-26
CTR_b09b5286,Pastille - Basketball,Recreation & Sport,,45.516169,-73.727662,,,,Ville de Montreal Open Data,https://donnees.montreal.ca,2026-06-26
CTR_f2cde94e,Patinoire sans bandes,Recreation & Sport,,45.514549,-73.619569,,,,Ville de Montreal Open Data,https://donnees.montreal.ca,2026-06-26
CTR_49e7dbd8,Bocce,Recreation & Sport,,45.572641,-73.593121,,,,Ville de Montreal Open Data,https://donnees.montreal.ca,2026-06-26
CTR_301a1037,Aire de jeu  5 à 12 ans,Recreation & Sport,,45.640374,-73.595989,,,,Ville de Montreal Open Data,https://donnees.montreal.ca,2026-06-26
CTR_96f12367,Multisport,Recreation & Sport,,45.580901,-73.584036,,,,Ville de Montreal Open Data,https://donnees.montreal.ca,2026-06-26
CTR_7cc38c28,Pataugeoire,Recreation & Sport,,45.533246,-73.609447,,,,Ville de Montreal Open Data,https://donnees.montreal.ca,2026-06-26
CTR_83e45879,Patinoire sans bandes,Recreation & Sport,,45.607439,-73.517823,,,,Ville de Montreal Open Data,https://donnees.montreal.ca,2026-06-26
CTR_8d2596dd,Aire de jeu  5 à 12 ans,Recreation & Sport,,45.510789,-73.612912,,,,Ville de Montreal Open Data,https://donnees.montreal.ca,2026-06-26
CTR_336a670f,Aire de pêche autorisée,Recreation & Sport,,45.430746,-73.671184,,,,Ville de Montreal Open Data,https://donnees.montreal.ca,2026-06-26
CTR_50e7aeb4,Soccer à 4-5,Recreation & Sport,,45.480532,-73.85173,,,,Ville de Montreal Open Data,https://donnees.montreal.ca,2026-06-26
CTR_b45bb3a1,Aire de jeu 18 mois à 5 ans,Recreation & Sport,,45.535102,-73.704906,,,,Ville de Montreal Open Data,https://donnees.montreal.ca,2026-06-26
CTR_2b0109b1,Aire de jeu  5 à 12 ans,Recreation & Sport,,45.443846,-73.702727,,,,Ville de Montreal Open Data,https://donnees.montreal.ca,2026-06-26
CTR_6ddc52a3,Balle,Recreation & Sport,,45.439914,-73.6722,,,,Ville de Montreal Open Data,https://donnees.montreal.ca,2026-06-26
CTR_55095faa,Aire de jeu  5 à 12 ans,Recreation & Sport,,45.510891,-73.838779,,,,Ville de Montreal Open Data,https://donnees.montreal.ca,2026-06-26
CTR_cb8ac2c7,Pataugeoire,Recreation & Sport,,45.582471,-73.64282,,,,Ville de Montreal Open Data,https://donnees.montreal.ca,2026-06-26
CTR_ee8a91e8,Volleyball de plage,Recreation & Sport,,45.513392,-73.580156,,,,Ville de Montreal Open Data,https://donnees.montreal.ca,2026-06-26
CTR_45de2d7c,Aire de jeu combiné,Recreation & Sport,,45.607149,-73.588597,,,,Ville de Montreal Open Data,https://donnees.montreal.ca,2026-06-26
CTR_9df72796,Aire de jeu  5 à 12 ans,Recreation & Sport,,45.512527,-73.564452,,,,Ville de Montreal Open Data,https://donnees.montreal.ca,2026-06-26
CTR_406fbddb,Tennis,Recreation & Sport,,45.443659,-73.717542,,,,Ville de Montreal Open Data,https://donnees.montreal.ca,2026-06-26
CTR_75c99765,Bocce,Recreation & Sport,,45.577629,-73.586443,,,,Ville de Montreal Open Data,https://donnees.montreal.ca,2026-06-26
CTR_f0858558,Pataugeoire,Recreation & Sport,,45.581799,-73.58245,,,,Ville de Montreal Open Data,https://donnees.montreal.ca,2026-06-26
CTR_db3405c9,Soccer à 4-5,Recreation & Sport,,45.502245,-73.845394,,,,Ville de Montreal Open Data,https://donnees.montreal.ca,2026-06-26
CTR_9ce0c12c,Patinoire avec bandes,Recreation & Sport,,45.6496,-73.500921,,,,Ville de Montreal Open Data,https://donnees.montreal.ca,2026-06-26
CTR_99f31ead,Soccer à 11,Recreation & Sport,,45.45712,-73.633624,,,,Ville de Montreal Open Data,https://donnees.montreal.ca,2026-06-26
CTR_cf36c1c7,Sentier de raquette,Recreation & Sport,,45.442333,-73.599617,,,,Ville de Montreal Open Data,https://donnees.montreal.ca,2026-06-26
CTR_34bf6f47,Pétanque,Recreation & Sport,,45.508193,-73.68045,,,,Ville de Montreal Open Data,https://donnees.montreal.ca,2026-06-26
CTR_d2f78ce3,Aire d'exercice canin,Recreation & Sport,,45.50092,-73.724982,,,,Ville de Montreal Open Data,https://donnees.montreal.ca,2026-06-26
CTR_4c4dd294,Aire de jeu  5 à 12 ans,Recreation & Sport,,45.544028,-73.567178,,,,Ville de Montreal Open Data,https://donnees.montreal.ca,2026-06-26
CTR_093ecb2b,Basketball,Recreation & Sport,,45.577625,-73.610427,,,,Ville de Montreal Open Data,https://donnees.montreal.ca,2026-06-26
CTR_2b74c3dd,Aire de jeu combiné,Recreation & Sport,,45.537636,-73.618825,,,,Ville de Montreal Open Data,https://donnees.montreal.ca,2026-06-26
CTR_a8f738bb,Aire d'entraînement pour adultes,Recreation & Sport,,45.586306,-73.598693,,,,Ville de Montreal Open Data,https://donnees.montreal.ca,2026-06-26
CTR_8d70e4c3,Balle,Recreation & Sport,,45.596326,-73.527861,,,,Ville de Montreal Open Data,https://donnees.montreal.ca,2026-06-26
CTR_184c165f,Pataugeoire,Recreation & Sport,,45.653661,-73.492295,,,,Ville de Montreal Open Data,https://donnees.montreal.ca,2026-06-26
CTR_faece975,Aire de jeu  5 à 12 ans,Recreation & Sport,,45.560547,-73.580119,,,,Ville de Montreal Open Data,https://donnees.montreal.ca,2026-06-26
CTR_7664f556,Patinoire avec bandes,Recreation & Sport,,45.514125,-73.662972,,,,Ville de Montreal Open Data,https://donnees.montreal.ca,2026-06-26
CTR_0e79b78f,Aire de jeu 18 mois à 5 ans,Recreation & Sport,,45.586305,-73.571582,,,,Ville de Montreal Open Data,https://donnees.montreal.ca,2026-06-26
CTR_8277694e,Patinoire avec bandes,Recreation & Sport,,45.568663,-73.615494,,,,Ville de Montreal Open Data,https://donnees.montreal.ca,2026-06-26
CTR_56d3c162,Patinoire 4 saisons,Recreation & Sport,,45.535709,-73.630894,,,,Ville de Montreal Open Data,https://donnees.montreal.ca,2026-06-26
CTR_39bf032c,Aire de jeu  5 à 12 ans,Recreation & Sport,,45.595561,-73.63874,,,,Ville de Montreal Open Data,https://donnees.montreal.ca,2026-06-26
CTR_e8eb8661,Pataugeoire,Recreation & Sport,,45.56964,-73.625643,,,,Ville de Montreal Open Data,https://donnees.montreal.ca,2026-06-26
CTR_d6fa1425,Balle,Recreation & Sport,,45.502684,-73.689144,,,,Ville de Montreal Open Data,https://donnees.montreal.ca,2026-06-26
CTR_c30376ec,Aire de jeu  5 à 12 ans,Recreation & Sport,,45.593507,-73.554715,,,,Ville de Montreal Open Data,https://donnees.montreal.ca,2026-06-26
CTR_a9acf387,Soccer sous-terrain à 7,Recreation & Sport,,45.429915,-73.662064,,,,Ville de Montreal Open Data,https://donnees.montreal.ca,2026-06-26
CTR_90e3b747,Soccer à 9,Recreation & Sport,,45.509287,-73.699449,,,,Ville de Montreal Open Data,https://donnees.montreal.ca,2026-06-26
CTR_cdd933b0,Aire de jeu  5 à 12 ans,Recreation & Sport,,45.519725,-73.575787,,,,Ville de Montreal Open Data,https://donnees.montreal.ca,2026-06-26
CTR_82921696,Pétanque,Recreation & Sport,,45.607035,-73.517134,,,,Ville de Montreal Open Data,https://donnees.montreal.ca,2026-06-26
CTR_852afdda,Aire de pique-nique,Recreation & Sport,,45.498791,-73.654417,,,,Ville de Montreal Open Data,https://donnees.montreal.ca,2026-06-26
CTR_08000fce,Anneau / Rond de glace,Recreation & Sport,,45.585746,-73.599017,,,,Ville de Montreal Open Data,https://donnees.montreal.ca,2026-06-26
CTR_1c6d1590,Piste cyclable,Recreation & Sport,,45.506578,-73.762799,,,,Ville de Montreal Open Data,https://donnees.montreal.ca,2026-06-26
CTR_13c07603,Sentier de ski de fond,Recreation & Sport,,45.498698,-73.599156,,,,Ville de Montreal Open Data,https://donnees.montreal.ca,2026-06-26
CTR_88beaca9,Balle,Recreation & Sport,,45.467209,-73.595015,,,,Ville de Montreal Open Data,https://donnees.montreal.ca,2026-06-26
CTR_66d33694,Pataugeoire,Recreation & Sport,,45.464146,-73.561082,,,,Ville de Montreal Open Data,https://donnees.montreal.ca,2026-06-26
CTR_6af8a19c,Piscine extérieure,Recreation & Sport,,45.429546,-73.676724,,,,Ville de Montreal Open Data,https://donnees.montreal.ca,2026-06-26
CTR_42020857,Aire de jeu  5 à 12 ans,Recreation & Sport,,45.537854,-73.580618,,,,Ville de Montreal Open Data,https://donnees.montreal.ca,2026-06-26
CTR_7cbf4d07,Balle,Recreation & Sport,,45.547058,-73.65022,,,,Ville de Montreal Open Data,https://donnees.montreal.ca,2026-06-26
CTR_4bcd4414,Piscine extérieure,Recreation & Sport,,45.57252,-73.592776,,,,Ville de Montreal Open Data,https://donnees.montreal.ca,2026-06-26
CTR_45241802,Tennis,Recreation & Sport,,45.464054,-73.544461,,,,Ville de Montreal Open Data,https://donnees.montreal.ca,2026-06-26
CTR_92486b02,Piscine extérieure,Recreation & Sport,,45.512137,-73.534753,,,,Ville de Montreal Open Data,https://donnees.montreal.ca,2026-06-26
CTR_37577108,Belvédère,Recreation & Sport,,45.660917,-73.56935,,,,Ville de Montreal Open Data,https://donnees.montreal.ca,2026-06-26
CTR_43268c99,Aire de jeu  5 à 12 ans,Recreation & Sport,,45.441085,-73.708598,,,,Ville de Montreal Open Data,https://donnees.montreal.ca,2026-06-26
CTR_6fa412e2,Aire de pique-nique,Recreation & Sport,,45.518955,-73.691844,,,,Ville de Montreal Open Data,https://donnees.montreal.ca,2026-06-26
CTR_849fc3b3,Aire de jeu  5 à 12 ans,Recreation & Sport,,45.607758,-73.639351,,,,Ville de Montreal Open Data,https://donnees.montreal.ca,2026-06-26
CTR_f713c7de,Aire de jeu 18 mois à 5 ans,Recreation & Sport,,45.606012,-73.510906,,,,Ville de Montreal Open Data,https://donnees.montreal.ca,2026-06-26
CTR_2807f627,Aire de jeu 18 mois à 5 ans,Recreation & Sport,,45.465525,-73.561836,,,,Ville de Montreal Open Data,https://donnees.montreal.ca,2026-06-26
CTR_f8613ca0,Aire de jeu  5 à 12 ans,Recreation & Sport,,45.501664,-73.780049,,,,Ville de Montreal Open Data,https://donnees.montreal.ca,2026-06-26
CTR_6eb81b80,Aire de jeu  5 à 12 ans,Recreation & Sport,,45.58208,-73.635812,,,,Ville de Montreal Open Data,https://donnees.montreal.ca,2026-06-26
CTR_e0301531,Balle,Recreation & Sport,,45.549473,-73.640414,,,,Ville de Montreal Open Data,https://donnees.montreal.ca,2026-06-26
CTR_fe1e54aa,Soccer à 11,Recreation & Sport,,45.447743,-73.584523,,,,Ville de Montreal Open Data,https://donnees.montreal.ca,2026-06-26
CTR_adf4e55c,Soccer sous-terrain à 7,Recreation & Sport,,45.590741,-73.56389,,,,Ville de Montreal Open Data,https://donnees.montreal.ca,2026-06-26
CTR_a16b5e0c,Aire de jeu 18 mois à 5 ans,Recreation & Sport,,45.5606,-73.580355,,,,Ville de Montreal Open Data,https://donnees.montreal.ca,2026-06-26
CTR_266549e5,Aire de jeu  5 à 12 ans,Recreation & Sport,,45.54012,-73.649494,,,,Ville de Montreal Open Data,https://donnees.montreal.ca,2026-06-26
CTR_e98a0f7c,Basketball,Recreation & Sport,,45.599955,-73.537578,,,,Ville de Montreal Open Data,https://donnees.montreal.ca,2026-06-26
CTR_9a9fcfd6,Aire de jeu  5 à 12 ans,Recreation & Sport,,45.610228,-73.616163,,,,Ville de Montreal Open Data,https://donnees.montreal.ca,2026-06-26
CTR_3053fa1d,Soccer à 7,Recreation & Sport,,45.546613,-73.671842,,,,Ville de Montreal Open Data,https://donnees.montreal.ca,2026-06-26
CTR_7f45c44f,Aire de jeu 18 mois à 5 ans,Recreation & Sport,,45.638061,-73.59896,,,,Ville de Montreal Open Data,https://donnees.montreal.ca,2026-06-26
CTR_74c50e20,Balle,Recreation & Sport,,45.532504,-73.587713,,,,Ville de Montreal Open Data,https://donnees.montreal.ca,2026-06-26
CTR_d0648ccf,Patinoire avec bandes,Recreation & Sport,,45.500611,-73.680939,,,,Ville de Montreal Open Data,https://donnees.montreal.ca,2026-06-26
CTR_1f80da89,Aire de jeu  5 à 12 ans,Recreation & Sport,,45.52006,-73.572162,,,,Ville de Montreal Open Data,https://donnees.montreal.ca,2026-06-26
CTR_c051d4b5,Piste cyclable,Recreation & Sport,,45.562257,-73.555111,,,,Ville de Montreal Open Data,https://donnees.montreal.ca,2026-06-26
CTR_de1921b4,Soccer à 7,Recreation & Sport,,45.56795,-73.574182,,,,Ville de Montreal Open Data,https://donnees.montreal.ca,2026-06-26
CTR_a3508b8b,Aire de jeu 18 mois à 5 ans,Recreation & Sport,,45.666401,-73.516963,,,,Ville de Montreal Open Data,https://donnees.montreal.ca,2026-06-26
CTR_d7f9acb6,Pétanque,Recreation & Sport,,45.548158,-73.649819,,,,Ville de Montreal Open Data,https://donnees.montreal.ca,2026-06-26
CTR_1def3910,Jeux d'eau,Recreation & Sport,,45.455213,-73.564318,,,,Ville de Montreal Open Data,https://donnees.montreal.ca,2026-06-26
CTR_c7d7cd51,Soccer à 11,Recreation & Sport,,45.509059,-73.823397,,,,Ville de Montreal Open Data,https://donnees.montreal.ca,2026-06-26
CTR_53dc79ca,Aire de jeu  5 à 12 ans,Recreation & Sport,,45.533343,-73.555808,,,,Ville de Montreal Open Data,https://donnees.montreal.ca,2026-06-26
CTR_f6ed8f2b,Soccer à 7,Recreation & Sport,,45.649149,-73.49988,,,,Ville de Montreal Open Data,https://donnees.montreal.ca,2026-06-26
CTR_cc4c0704,Aire de jeu 18 mois à 5 ans,Recreation & Sport,,45.655801,-73.565124,,,,Ville de Montreal Open Data,https://donnees.montreal.ca,2026-06-26
CTR_c9862ecd,Soccer à 11,Recreation & Sport,,45.45571,-73.558091,,,,Ville de Montreal Open Data,https://donnees.montreal.ca,2026-06-26
CTR_d77a880a,Jeux d'eau,Recreation & Sport,,45.530407,-73.633394,,,,Ville de Montreal Open Data,https://donnees.montreal.ca,2026-06-26
CTR_4dba7e39,Aire de jeu  5 à 12 ans,Recreation & Sport,,45.638706,-73.49235,,,,Ville de Montreal Open Data,https://donnees.montreal.ca,2026-06-26
CTR_a51964d0,Bocce,Recreation & Sport,,45.616477,-73.632404,,,,Ville de Montreal Open Data,https://donnees.montreal.ca,2026-06-26
CTR_c74e7e58,Pataugeoire,Recreation & Sport,,45.606293,-73.526126,,,,Ville de Montreal Open Data,https://donnees.montreal.ca,2026-06-26
CTR_a17f0b6b,Pétanque,Recreation & Sport,,45.439721,-73.677228,,,,Ville de Montreal Open Data,https://donnees.montreal.ca,2026-06-26
CTR_4678f973,Aire de jeu 18 mois à 5 ans,Recreation & Sport,,45.478045,-73.555346,,,,Ville de Montreal Open Data,https://donnees.montreal.ca,2026-06-26
CTR_a07b943c,Aire de jeu 18 mois à 5 ans,Recreation & Sport,,45.638268,-73.584298,,,,Ville de Montreal Open Data,https://donnees.montreal.ca,2026-06-26
CTR_c1a2bfdf,Aire d'exercice canin,Recreation & Sport,,45.519899,-73.62137,,,,Ville de Montreal Open Data,https://donnees.montreal.ca,2026-06-26
CTR_ba882044,Aire de jeu  5 à 12 ans,Recreation & Sport,,45.488441,-73.574424,,,,Ville de Montreal Open Data,https://donnees.montreal.ca,2026-06-26
CTR_76c1ba3f,Aire de pique-nique,Recreation & Sport,,45.433277,-73.685817,,,,Ville de Montreal Open Data,https://donnees.montreal.ca,2026-06-26
CTR_98eeff13,Soccer à 11,Recreation & Sport,,45.442964,-73.718307,,,,Ville de Montreal Open Data,https://donnees.montreal.ca,2026-06-26
CTR_7d929932,Aire de jeu 18 mois à 5 ans,Recreation & Sport,,45.524367,-73.555304,,,,Ville de Montreal Open Data,https://donnees.montreal.ca,2026-06-26
CTR_daee5a88,Soccer / Football,Recreation & Sport,,45.492068,-73.622786,,,,Ville de Montreal Open Data,https://donnees.montreal.ca,2026-06-26
CTR_123cc43d,Aire de jeu  5 à 12 ans,Recreation & Sport,,45.654272,-73.492759,,,,Ville de Montreal Open Data,https://donnees.montreal.ca,2026-06-26
CTR_454eb445,Aire d'exercice canin,Recreation & Sport,,45.593622,-73.641808,,,,Ville de Montreal Open Data,https://donnees.montreal.ca,2026-06-26
CTR_7e44ba3c,Patinoire avec bandes,Recreation & Sport,,45.571152,-73.561459,,,,Ville de Montreal Open Data,https://donnees.montreal.ca,2026-06-26
CTR_26f3c4fe,Aire de pique-nique,Recreation & Sport,,45.474362,-73.635113,,,,Ville de Montreal Open Data,https://donnees.montreal.ca,2026-06-26
CTR_b8eb8ef3,Anneau / Rond de glace,Recreation & Sport,,45.514305,-73.662847,,,,Ville de Montreal Open Data,https://donnees.montreal.ca,2026-06-26
CTR_dcbac52d,Volleyball de plage,Recreation & Sport,,45.589313,-73.534814,,,,Ville de Montreal Open Data,https://donnees.montreal.ca,2026-06-26
CTR_9dd50530,Patinoire sans bandes,Recreation & Sport,,45.594238,-73.519739,,,,Ville de Montreal Open Data,https://donnees.montreal.ca,2026-06-26
CTR_24c20ab5,Aire de jeu 18 mois à 5 ans,Recreation & Sport,,45.510279,-73.752178,,,,Ville de Montreal Open Data,https://donnees.montreal.ca,2026-06-26
CTR_8cf44f98,Aire de jeu 18 mois à 5 ans,Recreation & Sport,,45.554286,-73.611847,,,,Ville de Montreal Open Data,https://donnees.montreal.ca,2026-06-26
CTR_c007f33f,Aire de jeu  5 à 12 ans,Recreation & Sport,,45.636025,-73.57508,,,,Ville de Montreal Open Data,https://donnees.montreal.ca,2026-06-26
CTR_972b6c28,Anneau / Rond de glace,Recreation & Sport,,45.427811,-73.603247,,,,Ville de Montreal Open Data,https://donnees.montreal.ca,2026-06-26
CTR_c309218e,Anneau / Rond de glace,Recreation & Sport,,45.562791,-73.557944,,,,Ville de Montreal Open Data,https://donnees.montreal.ca,2026-06-26
CTR_cc661fa5,Aire d'entraînement pour adultes,Recreation & Sport,,45.523817,-73.585522,,,,Ville de Montreal Open Data,https://donnees.montreal.ca,2026-06-26
CTR_299054e7,Quai,Recreation & Sport,,45.430937,-73.669777,,,,Ville de Montreal Open Data,https://donnees.montreal.ca,2026-06-26
CTR_c213036e,Aire de jeu  5 à 12 ans,Recreation & Sport,,45.4301,-73.627109,,,,Ville de Montreal Open Data,https://donnees.montreal.ca,2026-06-26
CTR_cfd5d5ff,Pétanque,Recreation & Sport,,45.60613,-73.525388,,,,Ville de Montreal Open Data,https://donnees.montreal.ca,2026-06-26
CTR_e93fbcc6,Aire d'entraînement pour adultes,Recreation & Sport,,45.455454,-73.604241,,,,Ville de Montreal Open Data,https://donnees.montreal.ca,2026-06-26
CTR_1f40bc98,Pataugeoire,Recreation & Sport,,45.588995,-73.606692,,,,Ville de Montreal Open Data,https://donnees.montreal.ca,2026-06-26
CTR_9e1d62c6,Tennis,Recreation & Sport,,45.432499,-73.62264,,,,Ville de Montreal Open Data,https://donnees.montreal.ca,2026-06-26
CTR_b9186677,Patinoire avec bandes,Recreation & Sport,,45.457664,-73.54885,,,,Ville de Montreal Open Data,https://donnees.montreal.ca,2026-06-26
CTR_9241cdc8,Aire de jeu  5 à 12 ans,Recreation & Sport,,45.50339,-73.833086,,,,Ville de Montreal Open Data,https://donnees.montreal.ca,2026-06-26
CTR_fa3d26fb,Aire de jeu  5 à 12 ans,Recreation & Sport,,45.502062,-73.773611,,,,Ville de Montreal Open Data,https://donnees.montreal.ca,2026-06-26
CTR_fc3b73ff,Balle,Recreation & Sport,,45.560409,-73.653584,,,,Ville de Montreal Open Data,https://donnees.montreal.ca,2026-06-26
CTR_a7b94052,Aire d'entraînement pour adultes,Recreation & Sport,,45.462642,-73.877286,,,,Ville de Montreal Open Data,https://donnees.montreal.ca,2026-06-26
CTR_6f21e2ab,Soccer à 7,Recreation & Sport,,45.639256,-73.584794,,,,Ville de Montreal Open Data,https://donnees.montreal.ca,2026-06-26
CTR_a1a91744,Basketball,Recreation & Sport,,45.505532,-73.630863,,,,Ville de Montreal Open Data,https://donnees.montreal.ca,2026-06-26
CTR_7183fb3f,Aire de jeu 18 mois à 5 ans,Recreation & Sport,,45.505951,-73.867682,,,,Ville de Montreal Open Data,https://donnees.montreal.ca,2026-06-26
CTR_ec6acd6f,Aire de jeu 18 mois à 5 ans,Recreation & Sport,,45.506343,-73.641528,,,,Ville de Montreal Open Data,https://donnees.montreal.ca,2026-06-26
CTR_15d8c085,Aire de planche à roulette,Recreation & Sport,,45.420846,-73.629583,,,,Ville de Montreal Open Data,https://donnees.montreal.ca,2026-06-26
CTR_99b3ae50,Aire de jeu 18 mois à 5 ans,Recreation & Sport,,45.442195,-73.718294,,,,Ville de Montreal Open Data,https://donnees.montreal.ca,2026-06-26
CTR_cde08565,Aire de jeu 18 mois à 5 ans,Recreation & Sport,,45.418852,-73.633358,,,,Ville de Montreal Open Data,https://donnees.montreal.ca,2026-06-26
CTR_19e359bc,Ping-pong,Recreation & Sport,,45.457816,-73.590519,,,,Ville de Montreal Open Data,https://donnees.montreal.ca,2026-06-26
CTR_26d55497,Basketball,Recreation & Sport,,45.530136,-73.559633,,,,Ville de Montreal Open Data,https://donnees.montreal.ca,2026-06-26
CTR_8696b745,Pétanque,Recreation & Sport,,45.638263,-73.59909,,,,Ville de Montreal Open Data,https://donnees.montreal.ca,2026-06-26
CTR_5eb30475,Bocce,Recreation & Sport,,45.554805,-73.612073,,,,Ville de Montreal Open Data,https://donnees.montreal.ca,2026-06-26
CTR_76fa1088,Aire de jeu 18 mois à 5 ans,Recreation & Sport,,45.511619,-73.713052,,,,Ville de Montreal Open Data,https://donnees.montreal.ca,2026-06-26
CTR_5831a2ae,Tennis,Recreation & Sport,,45.596982,-73.636934,,,,Ville de Montreal Open Data,https://donnees.montreal.ca,2026-06-26
CTR_93e6f9f1,Pétanque,Recreation & Sport,,45.444219,-73.574854,,,,Ville de Montreal Open Data,https://donnees.montreal.ca,2026-06-26
CTR_c302ad20,Rugby / Soccer à 11,Recreation & Sport,,45.473002,-73.641133,,,,Ville de Montreal Open Data,https://donnees.montreal.ca,2026-06-26
CTR_69b4c514,Belvédère,Recreation & Sport,,45.513001,-73.548762,,,,Ville de Montreal Open Data,https://donnees.montreal.ca,2026-06-26
CTR_d4be1dbe,Aire de jeu 18 mois à 5 ans,Recreation & Sport,,45.635769,-73.502963,,,,Ville de Montreal Open Data,https://donnees.montreal.ca,2026-06-26
CTR_dd150065,Aire de jeu  5 à 12 ans,Recreation & Sport,,45.503618,-73.769762,,,,Ville de Montreal Open Data,https://donnees.montreal.ca,2026-06-26
CTR_26dc6e7f,Soccer à 11,Recreation & Sport,,45.560085,-73.585659,,,,Ville de Montreal Open Data,https://donnees.montreal.ca,2026-06-26
CTR_d18f9a0a,Jeux d'eau,Recreation & Sport,,45.513758,-73.677175,,,,Ville de Montreal Open Data,https://donnees.montreal.ca,2026-06-26
CTR_13f7fba3,Volleyball de plage,Recreation & Sport,,45.537577,-73.629969,,,,Ville de Montreal Open Data,https://donnees.montreal.ca,2026-06-26
CTR_6db693b2,Volleyball de plage,Recreation & Sport,,45.497391,-73.690582,,,,Ville de Montreal Open Data,https://donnees.montreal.ca,2026-06-26
CTR_0d300eb5,Piscine extérieure,Recreation & Sport,,45.447039,-73.680446,,,,Ville de Montreal Open Data,https://donnees.montreal.ca,2026-06-26
CTR_ebd97d9d,Aire de jeu 18 mois à 5 ans,Recreation & Sport,,45.513255,-73.677095,,,,Ville de Montreal Open Data,https://donnees.montreal.ca,2026-06-26
CTR_1648b4ce,Aire de planche à roulette,Recreation & Sport,,45.561662,-73.636567,,,,Ville de Montreal Open Data,https://donnees.montreal.ca,2026-06-26
CTR_490da324,Basketball,Recreation & Sport,,45.446068,-73.650487,,,,Ville de Montreal Open Data,https://donnees.montreal.ca,2026-06-26
CTR_fec00518,Aire d'exercice canin,Recreation & Sport,,45.487372,-73.578933,,,,Ville de Montreal Open Data,https://donnees.montreal.ca,2026-06-26
CTR_cd9c2cb4,Aire de glissade,Recreation & Sport,,45.591355,-73.565472,,,,Ville de Montreal Open Data,https://donnees.montreal.ca,2026-06-26
CTR_ffdedb0d,Aire de glissade,Recreation & Sport,,45.526767,-73.689654,,,,Ville de Montreal Open Data,https://donnees.montreal.ca,2026-06-26
CTR_15131a7b,Jeux d'eau,Recreation & Sport,,45.595895,-73.59856,,,,Ville de Montreal Open Data,https://donnees.montreal.ca,2026-06-26
CTR_27722f5a,Aire de jeu 18 mois à 5 ans,Recreation & Sport,,45.698694,-73.486284,,,,Ville de Montreal Open Data,https://donnees.montreal.ca,2026-06-26
CTR_05a8c4fc,Belvédère,Recreation & Sport,,45.45865,-73.904608,,,,Ville de Montreal Open Data,https://donnees.montreal.ca,2026-06-26
CTR_fe420424,Football,Recreation & Sport,,45.551579,-73.634234,,,,Ville de Montreal Open Data,https://donnees.montreal.ca,2026-06-26
CTR_700fa2bb,Scène,Recreation & Sport,,45.510343,-73.534674,,,,Ville de Montreal Open Data,https://donnees.montreal.ca,2026-06-26
CTR_2a02a6f7,Basketball,Recreation & Sport,,45.433816,-73.592495,,,,Ville de Montreal Open Data,https://donnees.montreal.ca,2026-06-26
CTR_2f4da4c4,Quai,Recreation & Sport,,45.432969,-73.690755,,,,Ville de Montreal Open Data,https://donnees.montreal.ca,2026-06-26
CTR_090bf3c4,Jeux d'eau,Recreation & Sport,,45.548951,-73.54099,,,,Ville de Montreal Open Data,https://donnees.montreal.ca,2026-06-26
CTR_22d66ee3,Aire de jeu 18 mois à 5 ans,Recreation & Sport,,45.520311,-73.618571,,,,Ville de Montreal Open Data,https://donnees.montreal.ca,2026-06-26
CTR_02bba4ca,Patinoire sans bandes,Recreation & Sport,,45.491488,-73.638941,,,,Ville de Montreal Open Data,https://donnees.montreal.ca,2026-06-26
CTR_cd3a15df,Scène,Recreation & Sport,,45.5497,-73.592081,,,,Ville de Montreal Open Data,https://donnees.montreal.ca,2026-06-26
CTR_14128206,Aire de jeu 18 mois à 5 ans,Recreation & Sport,,45.529868,-73.640478,,,,Ville de Montreal Open Data,https://donnees.montreal.ca,2026-06-26
CTR_dab52d02,Jeux d'eau,Recreation & Sport,,45.514027,-73.662601,,,,Ville de Montreal Open Data,https://donnees.montreal.ca,2026-06-26
CTR_ae0b4aad,Aire de jeu 18 mois à 5 ans,Recreation & Sport,,45.580501,-73.51926,,,,Ville de Montreal Open Data,https://donnees.montreal.ca,2026-06-26
CTR_a06919b4,Aire de jeu  5 à 12 ans,Recreation & Sport,,45.506438,-73.641322,,,,Ville de Montreal Open Data,https://donnees.montreal.ca,2026-06-26
CTR_882c05ca,Aire de jeu 18 mois à 5 ans,Recreation & Sport,,45.5152,-73.615185,,,,Ville de Montreal Open Data,https://donnees.montreal.ca,2026-06-26
CTR_aa750e4d,Jeux d'eau,Recreation & Sport,,45.538204,-73.589809,,,,Ville de Montreal Open Data,https://donnees.montreal.ca,2026-06-26
CTR_c349df84,Balle,Recreation & Sport,,45.604784,-73.524684,,,,Ville de Montreal Open Data,https://donnees.montreal.ca,2026-06-26
CTR_0b3ee539,Patinoire avec bandes,Recreation & Sport,,45.691608,-73.487003,,,,Ville de Montreal Open Data,https://donnees.montreal.ca,2026-06-26
CTR_1d81c3d4,Aire de jeu  5 à 12 ans,Recreation & Sport,,45.442322,-73.718408,,,,Ville de Montreal Open Data,https://donnees.montreal.ca,2026-06-26
CTR_840d801b,Fer / Galet,Recreation & Sport,,45.529768,-73.695592,,,,Ville de Montreal Open Data,https://donnees.montreal.ca,2026-06-26
CTR_cff7700e,Volleyball de plage,Recreation & Sport,,45.518832,-73.69139,,,,Ville de Montreal Open Data,https://donnees.montreal.ca,2026-06-26
CTR_8725cb86,Aire de jeu 18 mois à 5 ans,Recreation & Sport,,45.599617,-73.623461,,,,Ville de Montreal Open Data,https://donnees.montreal.ca,2026-06-26
CTR_434258ce,Jeux d'eau,Recreation & Sport,,45.527529,-73.687974,,,,Ville de Montreal Open Data,https://donnees.montreal.ca,2026-06-26
CTR_8ad0b49e,Aire de jeu  5 à 12 ans,Recreation & Sport,,45.524536,-73.624266,,,,Ville de Montreal Open Data,https://donnees.montreal.ca,2026-06-26
CTR_0d394377,Patinoire avec bandes,Recreation & Sport,,45.571711,-73.655397,,,,Ville de Montreal Open Data,https://donnees.montreal.ca,2026-06-26
CTR_2a6e7fdb,Aire de jeu  5 à 12 ans,Recreation & Sport,,45.568753,-73.634957,,,,Ville de Montreal Open Data,https://donnees.montreal.ca,2026-06-26
CTR_2c48a9d6,Piscine extérieure,Recreation & Sport,,45.599281,-73.536548,,,,Ville de Montreal Open Data,https://donnees.montreal.ca,2026-06-26
CTR_e36694f4,Basketball,Recreation & Sport,,45.605249,-73.629167,,,,Ville de Montreal Open Data,https://donnees.montreal.ca,2026-06-26
CTR_81095044,Aire de jeu 18 mois à 5 ans,Recreation & Sport,,45.640849,-73.50923,,,,Ville de Montreal Open Data,https://donnees.montreal.ca,2026-06-26
CTR_2c06ef9f,Aire de jeu combiné,Recreation & Sport,,45.492639,-73.871421,,,,Ville de Montreal Open Data,https://donnees.montreal.ca,2026-06-26
CTR_ca435f35,Aire de jeu  5 à 12 ans,Recreation & Sport,,45.667221,-73.502007,,,,Ville de Montreal Open Data,https://donnees.montreal.ca,2026-06-26
CTR_2ee30343,Soccer à 4-5,Recreation & Sport,,45.598744,-73.539418,,,,Ville de Montreal Open Data,https://donnees.montreal.ca,2026-06-26
CTR_7a2b059a,Sentier pédestre,Recreation & Sport,,45.547435,-73.649025,,,,Ville de Montreal Open Data,https://donnees.montreal.ca,2026-06-26
CTR_b1c5e868,Ciné-parc,Recreation & Sport,,45.591188,-73.588257,,,,Ville de Montreal Open Data,https://donnees.montreal.ca,2026-06-26
CTR_cc1ad9e0,Soccer à 7,Recreation & Sport,,45.552709,-73.569059,,,,Ville de Montreal Open Data,https://donnees.montreal.ca,2026-06-26
CTR_0890849b,Bocce,Recreation & Sport,,45.571827,-73.655129,,,,Ville de Montreal Open Data,https://donnees.montreal.ca,2026-06-26
CTR_c66fbc21,Aire de jeu 18 mois à 5 ans,Recreation & Sport,,45.434941,-73.611705,,,,Ville de Montreal Open Data,https://donnees.montreal.ca,2026-06-26
CTR_2d50091b,Basketball,Recreation & Sport,,45.50177,-73.774613,,,,Ville de Montreal Open Data,https://donnees.montreal.ca,2026-06-26
CTR_754562a3,Soccer / Football,Recreation & Sport,,45.459806,-73.581315,,,,Ville de Montreal Open Data,https://donnees.montreal.ca,2026-06-26
CTR_6f20dde1,Golf,Recreation & Sport,,45.686079,-73.511563,,,,Ville de Montreal Open Data,https://donnees.montreal.ca,2026-06-26
CTR_28fd0d1b,Piscine extérieure,Recreation & Sport,,45.433518,-73.636252,,,,Ville de Montreal Open Data,https://donnees.montreal.ca,2026-06-26
CTR_8d8a7205,Balle,Recreation & Sport,,45.442702,-73.701722,,,,Ville de Montreal Open Data,https://donnees.montreal.ca,2026-06-26
CTR_4772fb58,Patinoire sans bandes,Recreation & Sport,,45.457802,-73.549014,,,,Ville de Montreal Open Data,https://donnees.montreal.ca,2026-06-26
CTR_b6c85852,Basketball,Recreation & Sport,,45.492416,-73.683881,,,,Ville de Montreal Open Data,https://donnees.montreal.ca,2026-06-26
CTR_5dd8a69b,Aire de glissade,Recreation & Sport,,45.515309,-73.608986,,,,Ville de Montreal Open Data,https://donnees.montreal.ca,2026-06-26
CTR_73531c54,Balle,Recreation & Sport,,45.640038,-73.600379,,,,Ville de Montreal Open Data,https://donnees.montreal.ca,2026-06-26
CTR_388e9ccb,Soccer à 7,Recreation & Sport,,45.493094,-73.63725,,,,Ville de Montreal Open Data,https://donnees.montreal.ca,2026-06-26
CTR_00da66d3,Balle,Recreation & Sport,,45.582172,-73.581704,,,,Ville de Montreal Open Data,https://donnees.montreal.ca,2026-06-26
CTR_4e267375,Pétanque,Recreation & Sport,,45.599596,-73.523677,,,,Ville de Montreal Open Data,https://donnees.montreal.ca,2026-06-26
CTR_49e1a742,Ping-pong,Recreation & Sport,,45.527736,-73.600449,,,,Ville de Montreal Open Data,https://donnees.montreal.ca,2026-06-26
CTR_0559dcf8,Aire de jeu  5 à 12 ans,Recreation & Sport,,45.533495,-73.572925,,,,Ville de Montreal Open Data,https://donnees.montreal.ca,2026-06-26
CTR_ef20c626,Soccer à 7,Recreation & Sport,,45.56273,-73.601647,,,,Ville de Montreal Open Data,https://donnees.montreal.ca,2026-06-26
CTR_14df7fa6,Fer / Galet,Recreation & Sport,,45.54464,-73.576165,,,,Ville de Montreal Open Data,https://donnees.montreal.ca,2026-06-26
CTR_71d63cb4,Jeux d'eau,Recreation & Sport,,45.517487,-73.729012,,,,Ville de Montreal Open Data,https://donnees.montreal.ca,2026-06-26
CTR_c7284b1d,Mini-tennis,Recreation & Sport,,45.457959,-73.58136,,,,Ville de Montreal Open Data,https://donnees.montreal.ca,2026-06-26
CTR_16894192,Jeux d'eau,Recreation & Sport,,45.503402,-73.793841,,,,Ville de Montreal Open Data,https://donnees.montreal.ca,2026-06-26
CTR_63da10ad,Belvédère,Recreation & Sport,,45.507726,-73.54307,,,,Ville de Montreal Open Data,https://donnees.montreal.ca,2026-06-26
CTR_7eeedc72,Patinoire sans bandes,Recreation & Sport,,45.537574,-73.567969,,,,Ville de Montreal Open Data,https://donnees.montreal.ca,2026-06-26
CTR_4581065d,Piste d'athlétisme (400m) et équipements,Recreation & Sport,,45.604114,-73.584554,,,,Ville de Montreal Open Data,https://donnees.montreal.ca,2026-06-26
CTR_8fc9e4d1,Soccer à 4-5,Recreation & Sport,,45.512277,-73.564301,,,,Ville de Montreal Open Data,https://donnees.montreal.ca,2026-06-26
CTR_4c643609,Aire de jeu  5 à 12 ans,Recreation & Sport,,45.518902,-73.561983,,,,Ville de Montreal Open Data,https://donnees.montreal.ca,2026-06-26
CTR_eee883f3,Anneau / Rond de glace,Recreation & Sport,,45.577638,-73.609736,,,,Ville de Montreal Open Data,https://donnees.montreal.ca,2026-06-26
CTR_51685f93,Pataugeoire,Recreation & Sport,,45.605654,-73.629001,,,,Ville de Montreal Open Data,https://donnees.montreal.ca,2026-06-26
CTR_b9c9ecad,Patinoire sans bandes,Recreation & Sport,,45.640908,-73.497987,,,,Ville de Montreal Open Data,https://donnees.montreal.ca,2026-06-26
CTR_f02ebd5a,Patinoire avec bandes,Recreation & Sport,,45.43868,-73.592636,,,,Ville de Montreal Open Data,https://donnees.montreal.ca,2026-06-26
CTR_159b92f7,Soccer / Football,Recreation & Sport,,45.475498,-73.857313,,,,Ville de Montreal Open Data,https://donnees.montreal.ca,2026-06-26
CTR_b119aa18,Soccer à 7,Recreation & Sport,,45.545559,-73.611125,,,,Ville de Montreal Open Data,https://donnees.montreal.ca,2026-06-26
CTR_b3a128a2,Aire de pique-nique,Recreation & Sport,,45.561229,-73.543315,,,,Ville de Montreal Open Data,https://donnees.montreal.ca,2026-06-26
CTR_e02ba401,Balle,Recreation & Sport,,45.537616,-73.685749,,,,Ville de Montreal Open Data,https://donnees.montreal.ca,2026-06-26
CTR_6e22b29c,Aire de jeu 18 mois à 5 ans,Recreation & Sport,,45.471295,-73.569129,,,,Ville de Montreal Open Data,https://donnees.montreal.ca,2026-06-26
CTR_3cad2aad,Balle,Recreation & Sport,,45.516754,-73.586615,,,,Ville de Montreal Open Data,https://donnees.montreal.ca,2026-06-26
CTR_4e66103a,Patinoire 4 saisons,Recreation & Sport,,45.457517,-73.883384,,,,Ville de Montreal Open Data,https://donnees.montreal.ca,2026-06-26
CTR_76152193,Soccer à 7,Recreation & Sport,,45.532078,-73.57068,,,,Ville de Montreal Open Data,https://donnees.montreal.ca,2026-06-26
CTR_ddbebbca,Aire de jeu  5 à 12 ans,Recreation & Sport,,45.472747,-73.864842,,,,Ville de Montreal Open Data,https://donnees.montreal.ca,2026-06-26
CTR_eb4ef2fb,Aire de jeu 18 mois à 5 ans,Recreation & Sport,,45.522197,-73.610617,,,,Ville de Montreal Open Data,https://donnees.montreal.ca,2026-06-26
CTR_a5b15bf5,Volleyball de plage,Recreation & Sport,,45.443496,-73.718689,,,,Ville de Montreal Open Data,https://donnees.montreal.ca,2026-06-26
CTR_6def609e,Pataugeoire,Recreation & Sport,,45.643974,-73.588969,,,,Ville de Montreal Open Data,https://donnees.montreal.ca,2026-06-26
CTR_9b0d08ac,Patinoire réfrigérée / Basketball,Recreation & Sport,,45.472205,-73.63895,,,,Ville de Montreal Open Data,https://donnees.montreal.ca,2026-06-26
CTR_dccd9272,Sentier pédestre,Recreation & Sport,,45.509177,-73.732606,,,,Ville de Montreal Open Data,https://donnees.montreal.ca,2026-06-26
CTR_19c7a716,Aire de jeu  5 à 12 ans,Recreation & Sport,,45.53378,-73.670521,,,,Ville de Montreal Open Data,https://donnees.montreal.ca,2026-06-26
CTR_1387f4d1,Aire de jeu 18 mois à 5 ans,Recreation & Sport,,45.550302,-73.677483,,,,Ville de Montreal Open Data,https://donnees.montreal.ca,2026-06-26
CTR_a3300ba7,Tennis,Recreation & Sport,,45.446275,-73.650326,,,,Ville de Montreal Open Data,https://donnees.montreal.ca,2026-06-26
CTR_0bf58b4f,Sentier de ski de fond,Recreation & Sport,,45.516245,-73.89957,,,,Ville de Montreal Open Data,https://donnees.montreal.ca,2026-06-26
CTR_60e8e2d8,Soccer à 7,Recreation & Sport,,45.592885,-73.635716,,,,Ville de Montreal Open Data,https://donnees.montreal.ca,2026-06-26
CTR_ca0282a9,Patinoire avec bandes,Recreation & Sport,,45.548805,-73.639061,,,,Ville de Montreal Open Data,https://donnees.montreal.ca,2026-06-26
CTR_e94ba596,Aire de jeu 18 mois à 5 ans,Recreation & Sport,,45.460393,-73.894677,,,,Ville de Montreal Open Data,https://donnees.montreal.ca,2026-06-26
CTR_fe0577f7,Aire de jeu  5 à 12 ans,Recreation & Sport,,45.610594,-73.555741,,,,Ville de Montreal Open Data,https://donnees.montreal.ca,2026-06-26
CTR_2d697335,Jeux d'eau,Recreation & Sport,,45.452494,-73.578654,,,,Ville de Montreal Open Data,https://donnees.montreal.ca,2026-06-26
CTR_e0ffb586,Aire de jeu 18 mois à 5 ans,Recreation & Sport,,45.543882,-73.665465,,,,Ville de Montreal Open Data,https://donnees.montreal.ca,2026-06-26
CTR_d6f4f404,Aire de jeu 18 mois à 5 ans,Recreation & Sport,,45.5172,-73.577597,,,,Ville de Montreal Open Data,https://donnees.montreal.ca,2026-06-26
CTR_fd9ba66f,Grotte souterraine,Recreation & Sport,,45.588143,-73.607797,,,,Ville de Montreal Open Data,https://donnees.montreal.ca,2026-06-26
CTR_ad77bd71,Sentier de raquette,Recreation & Sport,,45.495167,-73.888078,,,,Ville de Montreal Open Data,https://donnees.montreal.ca,2026-06-26
CTR_ea39855b,Aire de jeu combiné,Recreation & Sport,,45.500569,-73.879504,,,,Ville de Montreal Open Data,https://donnees.montreal.ca,2026-06-26
CTR_3cb51ce4,Aire de jeu  5 à 12 ans,Recreation & Sport,,45.602632,-73.543296,,,,Ville de Montreal Open Data,https://donnees.montreal.ca,2026-06-26
CTR_b4bf7d26,Soccer à 11,Recreation & Sport,,45.548534,-73.65678,,,,Ville de Montreal Open Data,https://donnees.montreal.ca,2026-06-26
CTR_c2e481b3,Aire d'exercice canin,Recreation & Sport,,45.4566,-73.884797,,,,Ville de Montreal Open Data,https://donnees.montreal.ca,2026-06-26
CTR_17cbdad5,Balle,Recreation & Sport,,45.510521,-73.84201,,,,Ville de Montreal Open Data,https://donnees.montreal.ca,2026-06-26
CTR_28204c5e,Aire de jeu 18 mois à 5 ans,Recreation & Sport,,45.499809,-73.83294,,,,Ville de Montreal Open Data,https://donnees.montreal.ca,2026-06-26
CTR_462cd086,Pétanque,Recreation & Sport,,45.557249,-73.577531,,,,Ville de Montreal Open Data,https://donnees.montreal.ca,2026-06-26
CTR_3f2801f9,Aire de jeu 18 mois à 5 ans,Recreation & Sport,,45.546053,-73.602319,,,,Ville de Montreal Open Data,https://donnees.montreal.ca,2026-06-26
CTR_a0ae3b07,Aire de jeu  5 à 12 ans,Recreation & Sport,,45.60496,-73.570254,,,,Ville de Montreal Open Data,https://donnees.montreal.ca,2026-06-26
CTR_1b8b7dbb,Sentier de raquette,Recreation & Sport,,45.462029,-73.920648,,,,Ville de Montreal Open Data,https://donnees.montreal.ca,2026-06-26
CTR_92bd2bb3,Bocce,Recreation & Sport,,45.577957,-73.60377,,,,Ville de Montreal Open Data,https://donnees.montreal.ca,2026-06-26
CTR_3f535a28,Aire de jeu 18 mois à 5 ans,Recreation & Sport,,45.524004,-73.592704,,,,Ville de Montreal Open Data,https://donnees.montreal.ca,2026-06-26
CTR_15276bc7,Aire de jeu 18 mois à 5 ans,Recreation & Sport,,45.475812,-73.582683,,,,Ville de Montreal Open Data,https://donnees.montreal.ca,2026-06-26
CTR_15258b87,Aire de jeu  5 à 12 ans,Recreation & Sport,,45.56099,-73.63437,,,,Ville de Montreal Open Data,https://donnees.montreal.ca,2026-06-26
CTR_8c627057,Soccer à 4-5,Recreation & Sport,,45.605477,-73.571668,,,,Ville de Montreal Open Data,https://donnees.montreal.ca,2026-06-26
CTR_cbefa05f,Aire de jeu 18 mois à 5 ans,Recreation & Sport,,45.486612,-73.860997,,,,Ville de Montreal Open Data,https://donnees.montreal.ca,2026-06-26
CTR_97c3f802,Pétanque,Recreation & Sport,,45.654628,-73.492824,,,,Ville de Montreal Open Data,https://donnees.montreal.ca,2026-06-26
CTR_690a641f,Balle,Recreation & Sport,,45.55354,-73.590804,,,,Ville de Montreal Open Data,https://donnees.montreal.ca,2026-06-26
CTR_dbb03204,Patinoire sans bandes,Recreation & Sport,,45.484004,-73.636707,,,,Ville de Montreal Open Data,https://donnees.montreal.ca,2026-06-26
CTR_0d1cf2bd,Balle,Recreation & Sport,,45.450074,-73.588933,,,,Ville de Montreal Open Data,https://donnees.montreal.ca,2026-06-26
CTR_a494dac8,Tennis,Recreation & Sport,,45.457827,-73.547817,,,,Ville de Montreal Open Data,https://donnees.montreal.ca,2026-06-26
CTR_e311142e,Patinoire sans bandes,Recreation & Sport,,45.561045,-73.588241,,,,Ville de Montreal Open Data,https://donnees.montreal.ca,2026-06-26
CTR_195896c7,Patinoire sans bandes,Recreation & Sport,,45.511291,-73.61778,,,,Ville de Montreal Open Data,https://donnees.montreal.ca,2026-06-26
CTR_7b0ac0a6,Aire de jeu 18 mois à 5 ans,Recreation & Sport,,45.521189,-73.552121,,,,Ville de Montreal Open Data,https://donnees.montreal.ca,2026-06-26
CTR_34abf378,Balle,Recreation & Sport,,45.541498,-73.552504,,,,Ville de Montreal Open Data,https://donnees.montreal.ca,2026-06-26
CTR_21f2c479,Étang / lac,Recreation & Sport,,45.511152,-73.716054,,,,Ville de Montreal Open Data,https://donnees.montreal.ca,2026-06-26
CTR_fcd52c60,Aire de jeu  5 à 12 ans,Recreation & Sport,,45.427987,-73.63244,,,,Ville de Montreal Open Data,https://donnees.montreal.ca,2026-06-26
CTR_b5f28f8f,Aire de jeu  5 à 12 ans,Recreation & Sport,,45.663407,-73.504959,,,,Ville de Montreal Open Data,https://donnees.montreal.ca,2026-06-26
CTR_779c1627,Jeux d'eau,Recreation & Sport,,45.489804,-73.64781,,,,Ville de Montreal Open Data,https://donnees.montreal.ca,2026-06-26
CTR_f47d4372,Sentier de ski de fond,Recreation & Sport,,45.431364,-73.675308,,,,Ville de Montreal Open Data,https://donnees.montreal.ca,2026-06-26
CTR_4b7e6f75,Golf,Recreation & Sport,,45.569092,-73.557539,,,,Ville de Montreal Open Data,https://donnees.montreal.ca,2026-06-26
CTR_b063c9d0,Pétanque,Recreation & Sport,,45.521176,-73.671637,,,,Ville de Montreal Open Data,https://donnees.montreal.ca,2026-06-26
CTR_350e256e,Tennis,Recreation & Sport,,45.442516,-73.702385,,,,Ville de Montreal Open Data,https://donnees.montreal.ca,2026-06-26
CTR_fb7dffb7,Sentier de ski de fond,Recreation & Sport,,45.442142,-73.599395,,,,Ville de Montreal Open Data,https://donnees.montreal.ca,2026-06-26
CTR_ba197215,Aire de jeu 18 mois à 5 ans,Recreation & Sport,,45.568303,-73.616108,,,,Ville de Montreal Open Data,https://donnees.montreal.ca,2026-06-26
CTR_8013dce0,Aire de jeu 18 mois à 5 ans,Recreation & Sport,,45.586752,-73.640164,,,,Ville de Montreal Open Data,https://donnees.montreal.ca,2026-06-26
CTR_e7bf029d,Balle,Recreation & Sport,,45.438653,-73.592471,,,,Ville de Montreal Open Data,https://donnees.montreal.ca,2026-06-26
CTR_c5fdc601,Tennis,Recreation & Sport,,45.497484,-73.691098,,,,Ville de Montreal Open Data,https://donnees.montreal.ca,2026-06-26
CTR_be165138,Tennis,Recreation & Sport,,45.438181,-73.592199,,,,Ville de Montreal Open Data,https://donnees.montreal.ca,2026-06-26
CTR_8e950f81,Aire de jeu 18 mois à 5 ans,Recreation & Sport,,45.463035,-73.549419,,,,Ville de Montreal Open Data,https://donnees.montreal.ca,2026-06-26
CTR_98d4109a,Pataugeoire,Recreation & Sport,,45.538851,-73.688644,,,,Ville de Montreal Open Data,https://donnees.montreal.ca,2026-06-26
CTR_aa7f0646,Basketball,Recreation & Sport,,45.690743,-73.518508,,,,Ville de Montreal Open Data,https://donnees.montreal.ca,2026-06-26
CTR_a91eab55,Soccer à 9,Recreation & Sport,,45.446518,-73.651542,,,,Ville de Montreal Open Data,https://donnees.montreal.ca,2026-06-26
CTR_fe48693f,Piscine extérieure,Recreation & Sport,,45.511787,-73.848777,,,,Ville de Montreal Open Data,https://donnees.montreal.ca,2026-06-26
CTR_3f4de190,Aire de jeu 18 mois à 5 ans,Recreation & Sport,,45.542247,-73.552255,,,,Ville de Montreal Open Data,https://donnees.montreal.ca,2026-06-26
CTR_3454f18c,Soccer à 7,Recreation & Sport,,45.571255,-73.561051,,,,Ville de Montreal Open Data,https://donnees.montreal.ca,2026-06-26
CTR_b4f24c6b,Aire de jeu  5 à 12 ans,Recreation & Sport,,45.606587,-73.629307,,,,Ville de Montreal Open Data,https://donnees.montreal.ca,2026-06-26
CTR_badf3a83,Soccer à 11,Recreation & Sport,,45.550278,-73.529773,,,,Ville de Montreal Open Data,https://donnees.montreal.ca,2026-06-26
CTR_9a39f169,Soccer à 7,Recreation & Sport,,45.649155,-73.567687,,,,Ville de Montreal Open Data,https://donnees.montreal.ca,2026-06-26
CTR_8e35f1bd,Pétanque,Recreation & Sport,,45.543398,-73.564644,,,,Ville de Montreal Open Data,https://donnees.montreal.ca,2026-06-26
CTR_5fd6351f,Aire de jeu 18 mois à 5 ans,Recreation & Sport,,45.592732,-73.551998,,,,Ville de Montreal Open Data,https://donnees.montreal.ca,2026-06-26
CTR_56f84cee,Balle,Recreation & Sport,,45.546246,-73.647776,,,,Ville de Montreal Open Data,https://donnees.montreal.ca,2026-06-26
CTR_1e3a318c,Aire de jeu 18 mois à 5 ans,Recreation & Sport,,45.450612,-73.590002,,,,Ville de Montreal Open Data,https://donnees.montreal.ca,2026-06-26
CTR_a1cd21cb,Aire de jeu  5 à 12 ans,Recreation & Sport,,45.650385,-73.585001,,,,Ville de Montreal Open Data,https://donnees.montreal.ca,2026-06-26
CTR_36f6abee,Soccer à 11,Recreation & Sport,,45.551274,-73.529088,,,,Ville de Montreal Open Data,https://donnees.montreal.ca,2026-06-26
CTR_5c8e0122,Aire de jeu 18 mois à 5 ans,Recreation & Sport,,45.498952,-73.65465,,,,Ville de Montreal Open Data,https://donnees.montreal.ca,2026-06-26
CTR_26e1c867,Aire de jeu  5 à 12 ans,Recreation & Sport,,45.574614,-73.570174,,,,Ville de Montreal Open Data,https://donnees.montreal.ca,2026-06-26
CTR_9a806b51,Aire de jeu 18 mois à 5 ans,Recreation & Sport,,45.595809,-73.599065,,,,Ville de Montreal Open Data,https://donnees.montreal.ca,2026-06-26
CTR_3e9ad6ca,Tennis,Recreation & Sport,,45.593346,-73.554151,,,,Ville de Montreal Open Data,https://donnees.montreal.ca,2026-06-26
CTR_9cb6e09a,Quai,Recreation & Sport,,45.447356,-73.569014,,,,Ville de Montreal Open Data,https://donnees.montreal.ca,2026-06-26
CTR_844b860e,Basketball,Recreation & Sport,,45.438419,-73.673421,,,,Ville de Montreal Open Data,https://donnees.montreal.ca,2026-06-26
CTR_f09763b6,Jeux d'eau,Recreation & Sport,,45.449854,-73.595507,,,,Ville de Montreal Open Data,https://donnees.montreal.ca,2026-06-26
CTR_313e174f,Aire de jeu  5 à 12 ans,Recreation & Sport,,45.568283,-73.598904,,,,Ville de Montreal Open Data,https://donnees.montreal.ca,2026-06-26
CTR_8adcd6e4,Soccer sous-terrain à 7,Recreation & Sport,,45.468523,-73.606792,,,,Ville de Montreal Open Data,https://donnees.montreal.ca,2026-06-26
CTR_03b40d89,Aire de jeu 18 mois à 5 ans,Recreation & Sport,,45.574822,-73.569789,,,,Ville de Montreal Open Data,https://donnees.montreal.ca,2026-06-26
CTR_e35d73de,Aire de jeu 18 mois à 5 ans,Recreation & Sport,,45.595766,-73.538007,,,,Ville de Montreal Open Data,https://donnees.montreal.ca,2026-06-26
CTR_d14d171f,Patinoire avec bandes,Recreation & Sport,,45.576053,-73.538794,,,,Ville de Montreal Open Data,https://donnees.montreal.ca,2026-06-26
CTR_948de73d,Aire de jeu  5 à 12 ans,Recreation & Sport,,45.533296,-73.593356,,,,Ville de Montreal Open Data,https://donnees.montreal.ca,2026-06-26
CTR_fa658c52,Volleyball de plage,Recreation & Sport,,45.428645,-73.593406,,,,Ville de Montreal Open Data,https://donnees.montreal.ca,2026-06-26
CTR_20b398d9,Aire de glissade,Recreation & Sport,,45.590607,-73.588956,,,,Ville de Montreal Open Data,https://donnees.montreal.ca,2026-06-26
CTR_d4dfebbc,Soccer à 7,Recreation & Sport,,45.489408,-73.573907,,,,Ville de Montreal Open Data,https://donnees.montreal.ca,2026-06-26
CTR_6c16a651,Aire de jeu 18 mois à 5 ans,Recreation & Sport,,45.479978,-73.578261,,,,Ville de Montreal Open Data,https://donnees.montreal.ca,2026-06-26
CTR_d450aeba,Aire de jeu 18 mois à 5 ans,Recreation & Sport,,45.576739,-73.587365,,,,Ville de Montreal Open Data,https://donnees.montreal.ca,2026-06-26
CTR_28886185,Aire de jeu  5 à 12 ans,Recreation & Sport,,45.522857,-73.589574,,,,Ville de Montreal Open Data,https://donnees.montreal.ca,2026-06-26
CTR_0aac1022,Aire de jeu  5 à 12 ans,Recreation & Sport,,45.694089,-73.493819,,,,Ville de Montreal Open Data,https://donnees.montreal.ca,2026-06-26
CTR_2e46e0ee,Piste d'athlétisme (400m) et équipements,Recreation & Sport,,45.510135,-73.581198,,,,Ville de Montreal Open Data,https://donnees.montreal.ca,2026-06-26
CTR_9d422f68,Aire de jeu 18 mois à 5 ans,Recreation & Sport,,45.53363,-73.641914,,,,Ville de Montreal Open Data,https://donnees.montreal.ca,2026-06-26
CTR_4e049a59,Aire de jeu  5 à 12 ans,Recreation & Sport,,45.500436,-73.845594,,,,Ville de Montreal Open Data,https://donnees.montreal.ca,2026-06-26
CTR_a3a592ea,Balle,Recreation & Sport,,45.467047,-73.633443,,,,Ville de Montreal Open Data,https://donnees.montreal.ca,2026-06-26
CTR_c5b5741f,Soccer à 4-5,Recreation & Sport,,45.540887,-73.665871,,,,Ville de Montreal Open Data,https://donnees.montreal.ca,2026-06-26
CTR_0e72e4a8,Patinoire sans bandes,Recreation & Sport,,45.517766,-73.604545,,,,Ville de Montreal Open Data,https://donnees.montreal.ca,2026-06-26
CTR_93c44e68,Aire de jeu  5 à 12 ans,Recreation & Sport,,45.432569,-73.625193,,,,Ville de Montreal Open Data,https://donnees.montreal.ca,2026-06-26
CTR_e985fb8a,Basketball,Recreation & Sport,,45.483639,-73.619802,,,,Ville de Montreal Open Data,https://donnees.montreal.ca,2026-06-26
CTR_bdc44443,Tennis,Recreation & Sport,,45.53391,-73.628817,,,,Ville de Montreal Open Data,https://donnees.montreal.ca,2026-06-26
CTR_1abfe136,Soccer sous-terrain à 7,Recreation & Sport,,45.445042,-73.678364,,,,Ville de Montreal Open Data,https://donnees.montreal.ca,2026-06-26
CTR_c0a97748,Jeux d'eau,Recreation & Sport,,45.583268,-73.536465,,,,Ville de Montreal Open Data,https://donnees.montreal.ca,2026-06-26
CTR_00267e97,Abri soleil,Recreation & Sport,,45.508102,-73.728993,,,,Ville de Montreal Open Data,https://donnees.montreal.ca,2026-06-26
CTR_22a17232,Pétanque,Recreation & Sport,,45.564637,-73.584175,,,,Ville de Montreal Open Data,https://donnees.montreal.ca,2026-06-26
CTR_2526d26c,Soccer à 7,Recreation & Sport,,45.528652,-73.678797,,,,Ville de Montreal Open Data,https://donnees.montreal.ca,2026-06-26
CTR_3af4a357,Scène,Recreation & Sport,,45.594041,-73.508872,,,,Ville de Montreal Open Data,https://donnees.montreal.ca,2026-06-26
CTR_549e3c96,Aire de pêche autorisée,Recreation & Sport,,45.473506,-73.930029,,,,Ville de Montreal Open Data,https://donnees.montreal.ca,2026-06-26
CTR_64e529e8,Aire de pique-nique,Recreation & Sport,,45.501294,-73.680729,,,,Ville de Montreal Open Data,https://donnees.montreal.ca,2026-06-26
CTR_d8e7d4b1,Sentier pédestre,Recreation & Sport,,45.679461,-73.50737,,,,Ville de Montreal Open Data,https://donnees.montreal.ca,2026-06-26
CTR_3c0141ed,Piscine extérieure,Recreation & Sport,,45.443876,-73.718564,,,,Ville de Montreal Open Data,https://donnees.montreal.ca,2026-06-26
CTR_c6888de8,Balle,Recreation & Sport,,45.560181,-73.570274,,,,Ville de Montreal Open Data,https://donnees.montreal.ca,2026-06-26
CTR_11713c97,Aire de jeu 18 mois à 5 ans,Recreation & Sport,,45.46821,-73.888497,,,,Ville de Montreal Open Data,https://donnees.montreal.ca,2026-06-26
CTR_30282b0f,Piscine extérieure,Recreation & Sport,,45.539256,-73.688927,,,,Ville de Montreal Open Data,https://donnees.montreal.ca,2026-06-26
CTR_e3947dc5,Jeux d'eau,Recreation & Sport,,45.423152,-73.648138,,,,Ville de Montreal Open Data,https://donnees.montreal.ca,2026-06-26
CTR_f0159a62,Golf,Recreation & Sport,,45.483388,-73.916926,,,,Ville de Montreal Open Data,https://donnees.montreal.ca,2026-06-26
CTR_583e8123,Volleyball de plage,Recreation & Sport,,45.489975,-73.559494,,,,Ville de Montreal Open Data,https://donnees.montreal.ca,2026-06-26
CTR_061173f4,Soccer à 7,Recreation & Sport,,45.59472,-73.632502,,,,Ville de Montreal Open Data,https://donnees.montreal.ca,2026-06-26
CTR_e537493b,Soccer à 11,Recreation & Sport,,45.563655,-73.64079,,,,Ville de Montreal Open Data,https://donnees.montreal.ca,2026-06-26
CTR_ee264df4,Aire de jeu 18 mois à 5 ans,Recreation & Sport,,45.615488,-73.623812,,,,Ville de Montreal Open Data,https://donnees.montreal.ca,2026-06-26
CTR_38eba03f,Aire de jeu 18 mois à 5 ans,Recreation & Sport,,45.569048,-73.570933,,,,Ville de Montreal Open Data,https://donnees.montreal.ca,2026-06-26
CTR_0a828de6,Aire de jeu  5 à 12 ans,Recreation & Sport,,45.583734,-73.609783,,,,Ville de Montreal Open Data,https://donnees.montreal.ca,2026-06-26
CTR_eafe939d,Soccer à 11,Recreation & Sport,,45.427866,-73.603197,,,,Ville de Montreal Open Data,https://donnees.montreal.ca,2026-06-26
CTR_f423e7d0,Jeux d'eau,Recreation & Sport,,45.428097,-73.632581,,,,Ville de Montreal Open Data,https://donnees.montreal.ca,2026-06-26
CTR_b301c4f9,Soccer à 7,Recreation & Sport,,45.569144,-73.526885,,,,Ville de Montreal Open Data,https://donnees.montreal.ca,2026-06-26
CTR_207e5ac5,Aire de jeu  5 à 12 ans,Recreation & Sport,,45.526429,-73.556783,,,,Ville de Montreal Open Data,https://donnees.montreal.ca,2026-06-26
CTR_fcbb7e89,Patinoire 4 saisons,Recreation & Sport,,45.445631,-73.649873,,,,Ville de Montreal Open Data,https://donnees.montreal.ca,2026-06-26
CTR_a1b03476,Abri soleil,Recreation & Sport,,45.54564,-73.559126,,,,Ville de Montreal Open Data,https://donnees.montreal.ca,2026-06-26
CTR_8d4c23c8,Pétanque,Recreation & Sport,,45.460608,-73.581634,,,,Ville de Montreal Open Data,https://donnees.montreal.ca,2026-06-26
CTR_9f137dd5,Bocce,Recreation & Sport,,45.586777,-73.57244,,,,Ville de Montreal Open Data,https://donnees.montreal.ca,2026-06-26
CTR_dde02b32,Aire de jeu  5 à 12 ans,Recreation & Sport,,45.576217,-73.645508,,,,Ville de Montreal Open Data,https://donnees.montreal.ca,2026-06-26
CTR_7e0f315c,Piscine extérieure,Recreation & Sport,,45.505474,-73.630109,,,,Ville de Montreal Open Data,https://donnees.montreal.ca,2026-06-26
CTR_ccbd4c2d,Aire de jeu 18 mois à 5 ans,Recreation & Sport,,45.521031,-73.559721,,,,Ville de Montreal Open Data,https://donnees.montreal.ca,2026-06-26
CTR_02540a66,Jeux d'eau,Recreation & Sport,,45.43347,-73.684576,,,,Ville de Montreal Open Data,https://donnees.montreal.ca,2026-06-26
CTR_d21a772a,Bocce,Recreation & Sport,,45.545379,-73.610669,,,,Ville de Montreal Open Data,https://donnees.montreal.ca,2026-06-26
CTR_243ee182,Basketball,Recreation & Sport,,45.540167,-73.592391,,,,Ville de Montreal Open Data,https://donnees.montreal.ca,2026-06-26
CTR_ec1a501d,Aire de jeu  5 à 12 ans,Recreation & Sport,,45.550114,-73.676702,,,,Ville de Montreal Open Data,https://donnees.montreal.ca,2026-06-26
CTR_be0747a5,Sentier pédestre,Recreation & Sport,,45.547251,-73.694078,,,,Ville de Montreal Open Data,https://donnees.montreal.ca,2026-06-26
CTR_8002e61d,Patinoire sans bandes,Recreation & Sport,,45.568501,-73.614952,,,,Ville de Montreal Open Data,https://donnees.montreal.ca,2026-06-26
CTR_e8061972,Pétanque,Recreation & Sport,,45.548323,-73.548922,,,,Ville de Montreal Open Data,https://donnees.montreal.ca,2026-06-26
CTR_7d1e0331,Soccer à 7,Recreation & Sport,,45.58284,-73.643459,,,,Ville de Montreal Open Data,https://donnees.montreal.ca,2026-06-26
CTR_0eb5ca8d,Sentier de ski de fond,Recreation & Sport,,45.434516,-73.698155,,,,Ville de Montreal Open Data,https://donnees.montreal.ca,2026-06-26
CTR_a4e4562c,Patinoire avec bandes,Recreation & Sport,,45.466733,-73.560879,,,,Ville de Montreal Open Data,https://donnees.montreal.ca,2026-06-26
CTR_9e6695c1,Patinoire sans bandes,Recreation & Sport,,45.469601,-73.630921,,,,Ville de Montreal Open Data,https://donnees.montreal.ca,2026-06-26
CTR_13e8de0f,Scène,Recreation & Sport,,45.497722,-73.689336,,,,Ville de Montreal Open Data,https://donnees.montreal.ca,2026-06-26
CTR_2f7a4a96,Quai,Recreation & Sport,,45.658829,-73.489368,,,,Ville de Montreal Open Data,https://donnees.montreal.ca,2026-06-26
CTR_24a44c7a,Aire d'exercice canin,Recreation & Sport,,45.510285,-73.841117,,,,Ville de Montreal Open Data,https://donnees.montreal.ca,2026-06-26
CTR_e8628531,Balle,Recreation & Sport,,45.649551,-73.502282,,,,Ville de Montreal Open Data,https://donnees.montreal.ca,2026-06-26
CTR_4513086f,Patinoire avec bandes,Recreation & Sport,,45.505627,-73.802623,,,,Ville de Montreal Open Data,https://donnees.montreal.ca,2026-06-26
CTR_2045a55d,Jeux d'eau,Recreation & Sport,,45.512799,-73.565679,,,,Ville de Montreal Open Data,https://donnees.montreal.ca,2026-06-26
CTR_5f393341,Balle,Recreation & Sport,,45.503095,-73.633362,,,,Ville de Montreal Open Data,https://donnees.montreal.ca,2026-06-26
CTR_691a7d25,Basketball,Recreation & Sport,,45.543242,-73.621299,,,,Ville de Montreal Open Data,https://donnees.montreal.ca,2026-06-26
CTR_8141ce7b,Aire de jeu 18 mois à 5 ans,Recreation & Sport,,45.50149,-73.703355,,,,Ville de Montreal Open Data,https://donnees.montreal.ca,2026-06-26
CTR_1804fbb5,Pataugeoire,Recreation & Sport,,45.554648,-73.542251,,,,Ville de Montreal Open Data,https://donnees.montreal.ca,2026-06-26
CTR_6d6c166e,Aire de jeu 18 mois à 5 ans,Recreation & Sport,,45.611659,-73.545675,,,,Ville de Montreal Open Data,https://donnees.montreal.ca,2026-06-26
CTR_3d80eaf4,Volleyball de plage,Recreation & Sport,,45.527249,-73.568706,,,,Ville de Montreal Open Data,https://donnees.montreal.ca,2026-06-26
CTR_9b2aeaf2,Aire d'entraînement pour adultes,Recreation & Sport,,45.586697,-73.594588,,,,Ville de Montreal Open Data,https://donnees.montreal.ca,2026-06-26
CTR_887585fc,Volleyball de plage,Recreation & Sport,,45.53866,-73.676105,,,,Ville de Montreal Open Data,https://donnees.montreal.ca,2026-06-26
CTR_f2289bc8,Aire de jeu 18 mois à 5 ans,Recreation & Sport,,45.560842,-73.586687,,,,Ville de Montreal Open Data,https://donnees.montreal.ca,2026-06-26
CTR_a69e8d59,Soccer à 11,Recreation & Sport,,45.601049,-73.537795,,,,Ville de Montreal Open Data,https://donnees.montreal.ca,2026-06-26
CTR_abd96430,Basketball,Recreation & Sport,,45.569217,-73.52748,,,,Ville de Montreal Open Data,https://donnees.montreal.ca,2026-06-26
CTR_5db63092,Aire de jeu 18 mois à 5 ans,Recreation & Sport,,45.472646,-73.865177,,,,Ville de Montreal Open Data,https://donnees.montreal.ca,2026-06-26
CTR_ea81353b,Basketball,Recreation & Sport,,45.554285,-73.590239,,,,Ville de Montreal Open Data,https://donnees.montreal.ca,2026-06-26
CTR_8195c670,Aire d'entraînement pour adultes,Recreation & Sport,,45.573122,-73.592986,,,,Ville de Montreal Open Data,https://donnees.montreal.ca,2026-06-26
CTR_b5299908,Pataugeoire,Recreation & Sport,,45.513521,-73.835829,,,,Ville de Montreal Open Data,https://donnees.montreal.ca,2026-06-26
CTR_4cb91ce3,Aire de jeu  5 à 12 ans,Recreation & Sport,,45.464722,-73.875597,,,,Ville de Montreal Open Data,https://donnees.montreal.ca,2026-06-26
CTR_c8935945,Jeux d'eau,Recreation & Sport,,45.421373,-73.62872,,,,Ville de Montreal Open Data,https://donnees.montreal.ca,2026-06-26
CTR_6ed077e3,Aire de jeu  5 à 12 ans,Recreation & Sport,,45.508589,-73.681599,,,,Ville de Montreal Open Data,https://donnees.montreal.ca,2026-06-26
CTR_3c59ad2e,Aire de jeu 18 mois à 5 ans,Recreation & Sport,,45.543844,-73.613167,,,,Ville de Montreal Open Data,https://donnees.montreal.ca,2026-06-26
CTR_117c7b97,Aire de jeu 18 mois à 5 ans,Recreation & Sport,,45.533832,-73.572614,,,,Ville de Montreal Open Data,https://donnees.montreal.ca,2026-06-26
CTR_f462c8f0,Soccer à 7,Recreation & Sport,,45.430203,-73.65657,,,,Ville de Montreal Open Data,https://donnees.montreal.ca,2026-06-26
CTR_514defaa,Soccer à 4-5,Recreation & Sport,,45.624288,-73.609844,,,,Ville de Montreal Open Data,https://donnees.montreal.ca,2026-06-26
CTR_14c75ac5,Aire de jeu 18 mois à 5 ans,Recreation & Sport,,45.446936,-73.679515,,,,Ville de Montreal Open Data,https://donnees.montreal.ca,2026-06-26
CTR_72f86514,Jeux d'eau,Recreation & Sport,,45.595542,-73.526399,,,,Ville de Montreal Open Data,https://donnees.montreal.ca,2026-06-26
CTR_4c451847,Piste d'athlétisme (400m) et équipements,Recreation & Sport,,45.508623,-73.823986,,,,Ville de Montreal Open Data,https://donnees.montreal.ca,2026-06-26
CTR_beec9400,Aire de jeu 18 mois à 5 ans,Recreation & Sport,,45.515812,-73.608,,,,Ville de Montreal Open Data,https://donnees.montreal.ca,2026-06-26
CTR_c01a354f,Pastille - Basketball,Recreation & Sport,,45.419234,-73.63353,,,,Ville de Montreal Open Data,https://donnees.montreal.ca,2026-06-26
CTR_92c1e78a,Bocce,Recreation & Sport,,45.569171,-73.63456,,,,Ville de Montreal Open Data,https://donnees.montreal.ca,2026-06-26
CTR_705626d8,Aire de jeu  5 à 12 ans,Recreation & Sport,,45.67597,-73.497543,,,,Ville de Montreal Open Data,https://donnees.montreal.ca,2026-06-26
CTR_a8bfdac1,Aire de jeu 18 mois à 5 ans,Recreation & Sport,,45.452395,-73.578633,,,,Ville de Montreal Open Data,https://donnees.montreal.ca,2026-06-26
CTR_ddf86968,Ping-pong,Recreation & Sport,,45.5128,-73.55096,,,,Ville de Montreal Open Data,https://donnees.montreal.ca,2026-06-26
CTR_bb7e4e12,Jeux d'eau,Recreation & Sport,,45.627546,-73.602946,,,,Ville de Montreal Open Data,https://donnees.montreal.ca,2026-06-26
CTR_bc8cd5e2,Aire de pique-nique,Recreation & Sport,,45.473492,-73.929757,,,,Ville de Montreal Open Data,https://donnees.montreal.ca,2026-06-26
CTR_43404552,Aire de jeu 18 mois à 5 ans,Recreation & Sport,,45.457526,-73.547093,,,,Ville de Montreal Open Data,https://donnees.montreal.ca,2026-06-26
CTR_3ad64fab,Aire de jeu  5 à 12 ans,Recreation & Sport,,45.507267,-73.818107,,,,Ville de Montreal Open Data,https://donnees.montreal.ca,2026-06-26
CTR_643a892c,Patinoire réfrigérée / Basketball,Recreation & Sport,,45.563073,-73.601362,,,,Ville de Montreal Open Data,https://donnees.montreal.ca,2026-06-26
CTR_c68e4026,Aire de jeu 18 mois à 5 ans,Recreation & Sport,,45.581847,-73.648208,,,,Ville de Montreal Open Data,https://donnees.montreal.ca,2026-06-26
CTR_b6089def,Piscine extérieure,Recreation & Sport,,45.417118,-73.623157,,,,Ville de Montreal Open Data,https://donnees.montreal.ca,2026-06-26
CTR_43803b48,Aire de pêche autorisée,Recreation & Sport,,45.518999,-73.864165,,,,Ville de Montreal Open Data,https://donnees.montreal.ca,2026-06-26
CTR_f45cea59,Sentier pédestre,Recreation & Sport,,45.516251,-73.899205,,,,Ville de Montreal Open Data,https://donnees.montreal.ca,2026-06-26
CTR_cbff931a,Pataugeoire,Recreation & Sport,,45.60861,-73.549247,,,,Ville de Montreal Open Data,https://donnees.montreal.ca,2026-06-26
CTR_7366c770,Soccer à 7,Recreation & Sport,,45.52866,-73.569198,,,,Ville de Montreal Open Data,https://donnees.montreal.ca,2026-06-26
CTR_c3092217,Soccer / Football,Recreation & Sport,,45.53904,-73.676802,,,,Ville de Montreal Open Data,https://donnees.montreal.ca,2026-06-26
CTR_a5dcab9c,Aire de pique-nique,Recreation & Sport,,45.501844,-73.724528,,,,Ville de Montreal Open Data,https://donnees.montreal.ca,2026-06-26
CTR_ed79b612,Soccer à 7,Recreation & Sport,,45.498358,-73.808602,,,,Ville de Montreal Open Data,https://donnees.montreal.ca,2026-06-26
CTR_665c961d,Basketball,Recreation & Sport,,45.66835,-73.493258,,,,Ville de Montreal Open Data,https://donnees.montreal.ca,2026-06-26
CTR_e477b1ae,Aire de jeu 18 mois à 5 ans,Recreation & Sport,,45.608379,-73.549874,,,,Ville de Montreal Open Data,https://donnees.montreal.ca,2026-06-26
CTR_f70797e4,Aire de jeu 18 mois à 5 ans,Recreation & Sport,,45.521669,-73.615935,,,,Ville de Montreal Open Data,https://donnees.montreal.ca,2026-06-26
CTR_418ba3a6,Volleyball de plage,Recreation & Sport,,45.697791,-73.480986,,,,Ville de Montreal Open Data,https://donnees.montreal.ca,2026-06-26
CTR_9f51d5ec,Sentier de raquette,Recreation & Sport,,45.679783,-73.507266,,,,Ville de Montreal Open Data,https://donnees.montreal.ca,2026-06-26
CTR_62ad4eb1,Pataugeoire,Recreation & Sport,,45.443087,-73.575839,,,,Ville de Montreal Open Data,https://donnees.montreal.ca,2026-06-26
CTR_01891ac8,Belvédère,Recreation & Sport,,45.513594,-73.85783,,,,Ville de Montreal Open Data,https://donnees.montreal.ca,2026-06-26
CTR_59aae252,Basketball,Recreation & Sport,,45.516047,-73.727909,,,,Ville de Montreal Open Data,https://donnees.montreal.ca,2026-06-26
CTR_3ed6cf40,Soccer à 4-5,Recreation & Sport,,45.501947,-73.84525,,,,Ville de Montreal Open Data,https://donnees.montreal.ca,2026-06-26
CTR_c2d0c8f3,Tennis,Recreation & Sport,,45.546509,-73.649357,,,,Ville de Montreal Open Data,https://donnees.montreal.ca,2026-06-26
CTR_87dfbc3b,Fer / Galet,Recreation & Sport,,45.455228,-73.603473,,,,Ville de Montreal Open Data,https://donnees.montreal.ca,2026-06-26
CTR_e721576b,Rampe de mise à l'eau / descente de bateaux,Recreation & Sport,,45.692355,-73.482445,,,,Ville de Montreal Open Data,https://donnees.montreal.ca,2026-06-26
CTR_94f95d90,Volleyball de plage,Recreation & Sport,,45.576661,-73.533127,,,,Ville de Montreal Open Data,https://donnees.montreal.ca,2026-06-26
CTR_76497ee0,Aire de jeu  5 à 12 ans,Recreation & Sport,,45.532238,-73.631614,,,,Ville de Montreal Open Data,https://donnees.montreal.ca,2026-06-26
CTR_3e2184af,Aire de jeu 18 mois à 5 ans,Recreation & Sport,,45.470081,-73.631134,,,,Ville de Montreal Open Data,https://donnees.montreal.ca,2026-06-26
CTR_e01d979a,Aire de jeu  5 à 12 ans,Recreation & Sport,,45.513191,-73.717906,,,,Ville de Montreal Open Data,https://donnees.montreal.ca,2026-06-26
CTR_2f07ef2c,Aire de jeu 18 mois à 5 ans,Recreation & Sport,,45.593326,-73.554954,,,,Ville de Montreal Open Data,https://donnees.montreal.ca,2026-06-26
CTR_28c0b92e,Aire de jeu 18 mois à 5 ans,Recreation & Sport,,45.437702,-73.634179,,,,Ville de Montreal Open Data,https://donnees.montreal.ca,2026-06-26
CTR_e7364635,Étang / lac,Recreation & Sport,,45.518026,-73.604388,,,,Ville de Montreal Open Data,https://donnees.montreal.ca,2026-06-26
CTR_99896fac,Rampe de mise à l'eau / descente de bateaux,Recreation & Sport,,45.4696,-73.899651,,,,Ville de Montreal Open Data,https://donnees.montreal.ca,2026-06-26
CTR_dfa8b013,Aire de jeu  5 à 12 ans,Recreation & Sport,,45.473192,-73.537058,,,,Ville de Montreal Open Data,https://donnees.montreal.ca,2026-06-26
CTR_0bb1bcbc,Basketball,Recreation & Sport,,45.501921,-73.774282,,,,Ville de Montreal Open Data,https://donnees.montreal.ca,2026-06-26
CTR_b6271ad4,Aire de jeu 18 mois à 5 ans,Recreation & Sport,,45.655996,-73.500912,,,,Ville de Montreal Open Data,https://donnees.montreal.ca,2026-06-26
CTR_45ea5dff,Patinoire avec bandes,Recreation & Sport,,45.663364,-73.551399,,,,Ville de Montreal Open Data,https://donnees.montreal.ca,2026-06-26
CTR_15c22955,Aire de jeu 18 mois à 5 ans,Recreation & Sport,,45.506655,-73.906291,,,,Ville de Montreal Open Data,https://donnees.montreal.ca,2026-06-26
CTR_e05981b3,Soccer sous-terrain à 7,Recreation & Sport,,45.516144,-73.609788,,,,Ville de Montreal Open Data,https://donnees.montreal.ca,2026-06-26
CTR_1589e72f,Soccer sous-terrain à 7,Recreation & Sport,,45.455431,-73.557088,,,,Ville de Montreal Open Data,https://donnees.montreal.ca,2026-06-26
CTR_08473709,Aire de lancer athlétisme,Recreation & Sport,,45.506721,-73.704979,,,,Ville de Montreal Open Data,https://donnees.montreal.ca,2026-06-26
CTR_c83b1077,Aire de jeu  5 à 12 ans,Recreation & Sport,,45.471245,-73.589813,,,,Ville de Montreal Open Data,https://donnees.montreal.ca,2026-06-26
CTR_864d354b,Jeux d'eau,Recreation & Sport,,45.648997,-73.494301,,,,Ville de Montreal Open Data,https://donnees.montreal.ca,2026-06-26
CTR_aea032b5,Pataugeoire,Recreation & Sport,,45.513627,-73.676981,,,,Ville de Montreal Open Data,https://donnees.montreal.ca,2026-06-26
CTR_a1bfe353,Balle,Recreation & Sport,,45.419934,-73.611481,,,,Ville de Montreal Open Data,https://donnees.montreal.ca,2026-06-26
CTR_ed045c4b,Aire de jeu 18 mois à 5 ans,Recreation & Sport,,45.464696,-73.568185,,,,Ville de Montreal Open Data,https://donnees.montreal.ca,2026-06-26
CTR_b38ca58c,Tennis,Recreation & Sport,,45.507862,-73.680875,,,,Ville de Montreal Open Data,https://donnees.montreal.ca,2026-06-26
CTR_c3ad0b5c,Aire de jeu  5 à 12 ans,Recreation & Sport,,45.422191,-73.632836,,,,Ville de Montreal Open Data,https://donnees.montreal.ca,2026-06-26
CTR_72b7cb3f,Tennis,Recreation & Sport,,45.515923,-73.862687,,,,Ville de Montreal Open Data,https://donnees.montreal.ca,2026-06-26
CTR_fb495a56,Belvédère,Recreation & Sport,,45.473596,-73.537235,,,,Ville de Montreal Open Data,https://donnees.montreal.ca,2026-06-26
CTR_5ea1b8f7,Balle,Recreation & Sport,,45.599227,-73.622236,,,,Ville de Montreal Open Data,https://donnees.montreal.ca,2026-06-26
CTR_e3e609cb,Basketball,Recreation & Sport,,45.569196,-73.635798,,,,Ville de Montreal Open Data,https://donnees.montreal.ca,2026-06-26
CTR_b40267d5,Bocce,Recreation & Sport,,45.639823,-73.498353,,,,Ville de Montreal Open Data,https://donnees.montreal.ca,2026-06-26
CTR_ea0a051d,Jeux d'eau,Recreation & Sport,,45.43384,-73.622297,,,,Ville de Montreal Open Data,https://donnees.montreal.ca,2026-06-26
CTR_b94452c1,Soccer à 4-5,Recreation & Sport,,45.4431,-73.701559,,,,Ville de Montreal Open Data,https://donnees.montreal.ca,2026-06-26
CTR_01606560,Aire de jeu 18 mois à 5 ans,Recreation & Sport,,45.46701,-73.632361,,,,Ville de Montreal Open Data,https://donnees.montreal.ca,2026-06-26
CTR_b1b47e28,Aire de jeu 18 mois à 5 ans,Recreation & Sport,,45.503678,-73.793219,,,,Ville de Montreal Open Data,https://donnees.montreal.ca,2026-06-26
CTR_de6cec65,Aire de jeu 18 mois à 5 ans,Recreation & Sport,,45.591749,-73.590171,,,,Ville de Montreal Open Data,https://donnees.montreal.ca,2026-06-26
CTR_67f102a4,Fer / Galet,Recreation & Sport,,45.554763,-73.612114,,,,Ville de Montreal Open Data,https://donnees.montreal.ca,2026-06-26
CTR_fe1780c7,Aire de jeu  5 à 12 ans,Recreation & Sport,,45.531679,-73.610476,,,,Ville de Montreal Open Data,https://donnees.montreal.ca,2026-06-26
CTR_339ea412,Pétanque,Recreation & Sport,,45.521401,-73.552612,,,,Ville de Montreal Open Data,https://donnees.montreal.ca,2026-06-26
CTR_fd3c61ac,Aire de jeu  5 à 12 ans,Recreation & Sport,,45.5861,-73.57196,,,,Ville de Montreal Open Data,https://donnees.montreal.ca,2026-06-26
CTR_62728567,Patinoire avec bandes,Recreation & Sport,,45.543544,-73.612807,,,,Ville de Montreal Open Data,https://donnees.montreal.ca,2026-06-26
CTR_cf6a9e08,Rugby / Soccer à 11,Recreation & Sport,,45.547779,-73.65167,,,,Ville de Montreal Open Data,https://donnees.montreal.ca,2026-06-26
CTR_f8de6973,Abri soleil,Recreation & Sport,,45.509062,-73.693641,,,,Ville de Montreal Open Data,https://donnees.montreal.ca,2026-06-26
CTR_bad3a69b,Aire de jeu 18 mois à 5 ans,Recreation & Sport,,45.47092,-73.586447,,,,Ville de Montreal Open Data,https://donnees.montreal.ca,2026-06-26
CTR_06ce6847,Aire de tir à l'arc,Recreation & Sport,,45.443706,-73.678883,,,,Ville de Montreal Open Data,https://donnees.montreal.ca,2026-06-26
CTR_01787083,Soccer à 11,Recreation & Sport,,45.555196,-73.612771,,,,Ville de Montreal Open Data,https://donnees.montreal.ca,2026-06-26
CTR_2bda02d2,Soccer / Football,Recreation & Sport,,45.693914,-73.52,,,,Ville de Montreal Open Data,https://donnees.montreal.ca,2026-06-26
CTR_2e06922b,Soccer à 7,Recreation & Sport,,45.469006,-73.634034,,,,Ville de Montreal Open Data,https://donnees.montreal.ca,2026-06-26
CTR_464b121d,Soccer à 7,Recreation & Sport,,45.481598,-73.853312,,,,Ville de Montreal Open Data,https://donnees.montreal.ca,2026-06-26
CTR_931c69d5,Aire de jeu  5 à 12 ans,Recreation & Sport,,45.635744,-73.605553,,,,Ville de Montreal Open Data,https://donnees.montreal.ca,2026-06-26
CTR_d6aab40c,Marina,Recreation & Sport,,45.454547,-73.5635,,,,Ville de Montreal Open Data,https://donnees.montreal.ca,2026-06-26
CTR_7bda1220,Rampe de mise à l'eau / descente de bateaux,Recreation & Sport,,45.43292,-73.684292,,,,Ville de Montreal Open Data,https://donnees.montreal.ca,2026-06-26
CTR_0c8440d3,Pétanque,Recreation & Sport,,45.548931,-73.657891,,,,Ville de Montreal Open Data,https://donnees.montreal.ca,2026-06-26
CTR_dbe0ac3d,Aire de jeu  5 à 12 ans,Recreation & Sport,,45.542122,-73.551971,,,,Ville de Montreal Open Data,https://donnees.montreal.ca,2026-06-26
CTR_5bb0f38e,Multisport,Recreation & Sport,,45.434585,-73.595287,,,,Ville de Montreal Open Data,https://donnees.montreal.ca,2026-06-26
CTR_7403909b,Basketball,Recreation & Sport,,45.615249,-73.622016,,,,Ville de Montreal Open Data,https://donnees.montreal.ca,2026-06-26
CTR_6d079b57,Balle,Recreation & Sport,,45.508537,-73.706135,,,,Ville de Montreal Open Data,https://donnees.montreal.ca,2026-06-26
CTR_78c89fc3,Bocce,Recreation & Sport,,45.583697,-73.537459,,,,Ville de Montreal Open Data,https://donnees.montreal.ca,2026-06-26
CTR_35e6f610,Pétanque,Recreation & Sport,,45.54886,-73.637998,,,,Ville de Montreal Open Data,https://donnees.montreal.ca,2026-06-26
CTR_22220eaf,Aire d'exercice canin,Recreation & Sport,,45.469038,-73.559135,,,,Ville de Montreal Open Data,https://donnees.montreal.ca,2026-06-26
CTR_72dbfc01,Aire de jeu combiné,Recreation & Sport,,45.503075,-73.812944,,,,Ville de Montreal Open Data,https://donnees.montreal.ca,2026-06-26
CTR_451f9049,Piscine extérieure,Recreation & Sport,,45.457086,-73.604474,,,,Ville de Montreal Open Data,https://donnees.montreal.ca,2026-06-26
CTR_c8147e11,Balle,Recreation & Sport,,45.472978,-73.615179,,,,Ville de Montreal Open Data,https://donnees.montreal.ca,2026-06-26
CTR_002afcd3,Patinoire sans bandes,Recreation & Sport,,45.46887,-73.608488,,,,Ville de Montreal Open Data,https://donnees.montreal.ca,2026-06-26
CTR_cdff5fc3,Aire de jeu 18 mois à 5 ans,Recreation & Sport,,45.443567,-73.689069,,,,Ville de Montreal Open Data,https://donnees.montreal.ca,2026-06-26
CTR_2c8b839c,Pétanque,Recreation & Sport,,45.502114,-73.632747,,,,Ville de Montreal Open Data,https://donnees.montreal.ca,2026-06-26
CTR_fe9e66c4,Balle,Recreation & Sport,,45.560556,-73.53405,,,,Ville de Montreal Open Data,https://donnees.montreal.ca,2026-06-26
CTR_30a6bb94,Bocce,Recreation & Sport,,45.584234,-73.610449,,,,Ville de Montreal Open Data,https://donnees.montreal.ca,2026-06-26
CTR_e00699b5,Aire d'exercice canin,Recreation & Sport,,45.476495,-73.581442,,,,Ville de Montreal Open Data,https://donnees.montreal.ca,2026-06-26
CTR_0518db58,Aire de jeu 18 mois à 5 ans,Recreation & Sport,,45.489589,-73.580998,,,,Ville de Montreal Open Data,https://donnees.montreal.ca,2026-06-26
CTR_f6b16c5f,Tennis,Recreation & Sport,,45.47546,-73.584118,,,,Ville de Montreal Open Data,https://donnees.montreal.ca,2026-06-26
CTR_9d25a958,Jeux d'eau,Recreation & Sport,,45.45468,-73.580245,,,,Ville de Montreal Open Data,https://donnees.montreal.ca,2026-06-26
CTR_d9c5ae24,Bocce,Recreation & Sport,,45.515031,-73.813576,,,,Ville de Montreal Open Data,https://donnees.montreal.ca,2026-06-26
CTR_cf4e5744,Aire de jeu 18 mois à 5 ans,Recreation & Sport,,45.535096,-73.555746,,,,Ville de Montreal Open Data,https://donnees.montreal.ca,2026-06-26
CTR_3d7850e9,Aire de jeu 18 mois à 5 ans,Recreation & Sport,,45.527871,-73.59412,,,,Ville de Montreal Open Data,https://donnees.montreal.ca,2026-06-26
CTR_e8e8ba24,Basketball,Recreation & Sport,,45.501322,-73.703842,,,,Ville de Montreal Open Data,https://donnees.montreal.ca,2026-06-26
CTR_bb191b18,Aire de jeu 18 mois à 5 ans,Recreation & Sport,,45.450427,-73.567825,,,,Ville de Montreal Open Data,https://donnees.montreal.ca,2026-06-26
CTR_36f0e3f1,Soccer à 11,Recreation & Sport,,45.568325,-73.635703,,,,Ville de Montreal Open Data,https://donnees.montreal.ca,2026-06-26
CTR_53db96fe,Aire de pique-nique,Recreation & Sport,,45.627238,-73.622529,,,,Ville de Montreal Open Data,https://donnees.montreal.ca,2026-06-26
CTR_1f0e5365,Multisport,Recreation & Sport,,45.495019,-73.643543,,,,Ville de Montreal Open Data,https://donnees.montreal.ca,2026-06-26
CTR_ee7a7138,Tennis,Recreation & Sport,,45.605577,-73.629609,,,,Ville de Montreal Open Data,https://donnees.montreal.ca,2026-06-26
CTR_4f544c2f,Basketball,Recreation & Sport,,45.537563,-73.687113,,,,Ville de Montreal Open Data,https://donnees.montreal.ca,2026-06-26
CTR_7399ad90,Soccer à 11,Recreation & Sport,,45.550577,-73.530701,,,,Ville de Montreal Open Data,https://donnees.montreal.ca,2026-06-26
CTR_6c2bffe6,Aire de planche à roulette,Recreation & Sport,,45.438528,-73.673059,,,,Ville de Montreal Open Data,https://donnees.montreal.ca,2026-06-26
CTR_ffddc501,Soccer à 7,Recreation & Sport,,45.497876,-73.869327,,,,Ville de Montreal Open Data,https://donnees.montreal.ca,2026-06-26
CTR_86271b8c,Belvédère,Recreation & Sport,,45.458954,-73.90597,,,,Ville de Montreal Open Data,https://donnees.montreal.ca,2026-06-26
CTR_4068d6a7,Aire de jeu 18 mois à 5 ans,Recreation & Sport,,45.595214,-73.510475,,,,Ville de Montreal Open Data,https://donnees.montreal.ca,2026-06-26
CTR_df38db84,Balle,Recreation & Sport,,45.576483,-73.540341,,,,Ville de Montreal Open Data,https://donnees.montreal.ca,2026-06-26
CTR_8d55ef6d,Aire de jeu 18 mois à 5 ans,Recreation & Sport,,45.603056,-73.552311,,,,Ville de Montreal Open Data,https://donnees.montreal.ca,2026-06-26
CTR_38a91bab,Piscine extérieure,Recreation & Sport,,45.598955,-73.622553,,,,Ville de Montreal Open Data,https://donnees.montreal.ca,2026-06-26
CTR_e577066d,Balle,Recreation & Sport,,45.528943,-73.730397,,,,Ville de Montreal Open Data,https://donnees.montreal.ca,2026-06-26
CTR_292a42b2,Aire de jeu 18 mois à 5 ans,Recreation & Sport,,45.546171,-73.671389,,,,Ville de Montreal Open Data,https://donnees.montreal.ca,2026-06-26
CTR_e0804507,Volleyball de plage,Recreation & Sport,,45.59623,-73.597868,,,,Ville de Montreal Open Data,https://donnees.montreal.ca,2026-06-26
CTR_e31fa78f,Bocce,Recreation & Sport,,45.484509,-73.559987,,,,Ville de Montreal Open Data,https://donnees.montreal.ca,2026-06-26
CTR_6cedd58e,Sentier de raquette,Recreation & Sport,,45.499997,-73.768626,,,,Ville de Montreal Open Data,https://donnees.montreal.ca,2026-06-26
CTR_32b33c8e,Basketball,Recreation & Sport,,45.447011,-73.681589,,,,Ville de Montreal Open Data,https://donnees.montreal.ca,2026-06-26
CTR_58dc1b40,Aire de jeu 18 mois à 5 ans,Recreation & Sport,,45.559867,-73.532915,,,,Ville de Montreal Open Data,https://donnees.montreal.ca,2026-06-26
CTR_578c9d7a,Soccer à 7,Recreation & Sport,,45.575457,-73.641617,,,,Ville de Montreal Open Data,https://donnees.montreal.ca,2026-06-26
CTR_ce738986,Aire de jeu  5 à 12 ans,Recreation & Sport,,45.437548,-73.634593,,,,Ville de Montreal Open Data,https://donnees.montreal.ca,2026-06-26
CTR_e269f10c,Boulingrin,Recreation & Sport,,45.507559,-73.826727,,,,Ville de Montreal Open Data,https://donnees.montreal.ca,2026-06-26
CTR_acf6326f,Aire de jeu  5 à 12 ans,Recreation & Sport,,45.512723,-73.806947,,,,Ville de Montreal Open Data,https://donnees.montreal.ca,2026-06-26
CTR_b41a15b5,Aire d'entraînement pour adultes,Recreation & Sport,,45.608658,-73.53644,,,,Ville de Montreal Open Data,https://donnees.montreal.ca,2026-06-26
CTR_ac23cebd,Scène,Recreation & Sport,,45.627051,-73.622931,,,,Ville de Montreal Open Data,https://donnees.montreal.ca,2026-06-26
CTR_966b73b1,Soccer à 9,Recreation & Sport,,45.576974,-73.645123,,,,Ville de Montreal Open Data,https://donnees.montreal.ca,2026-06-26
CTR_403f9a49,Aire de jeu 18 mois à 5 ans,Recreation & Sport,,45.521542,-73.601454,,,,Ville de Montreal Open Data,https://donnees.montreal.ca,2026-06-26
CTR_e5dc8d6d,Agilité canine,Recreation & Sport,,45.635606,-73.575257,,,,Ville de Montreal Open Data,https://donnees.montreal.ca,2026-06-26
CTR_de1028a4,Patinoire sans bandes,Recreation & Sport,,45.56122,-73.543926,,,,Ville de Montreal Open Data,https://donnees.montreal.ca,2026-06-26
CTR_fee9741a,Aire de jeu  5 à 12 ans,Recreation & Sport,,45.579934,-73.64857,,,,Ville de Montreal Open Data,https://donnees.montreal.ca,2026-06-26
CTR_9ca7d8d8,Soccer à 7,Recreation & Sport,,45.499798,-73.872056,,,,Ville de Montreal Open Data,https://donnees.montreal.ca,2026-06-26
CTR_90cb553a,Tennis,Recreation & Sport,,45.475777,-73.855142,,,,Ville de Montreal Open Data,https://donnees.montreal.ca,2026-06-26
CTR_2c28c8fe,Aire de jeu combiné,Recreation & Sport,,45.565641,-73.601312,,,,Ville de Montreal Open Data,https://donnees.montreal.ca,2026-06-26
CTR_701ddd5e,Football,Recreation & Sport,,45.467487,-73.560952,,,,Ville de Montreal Open Data,https://donnees.montreal.ca,2026-06-26
CTR_4a74b145,Patinoire 4 saisons,Recreation & Sport,,45.553178,-73.591823,,,,Ville de Montreal Open Data,https://donnees.montreal.ca,2026-06-26
CTR_f335db72,Pataugeoire,Recreation & Sport,,45.446926,-73.68069,,,,Ville de Montreal Open Data,https://donnees.montreal.ca,2026-06-26
CTR_f9197253,Aire de jeu 18 mois à 5 ans,Recreation & Sport,,45.493198,-73.873389,,,,Ville de Montreal Open Data,https://donnees.montreal.ca,2026-06-26
CTR_c93bc21c,Soccer sous-terrain à 7,Recreation & Sport,,45.466283,-73.651077,,,,Ville de Montreal Open Data,https://donnees.montreal.ca,2026-06-26
CTR_415c8d42,Soccer sous-terrain à 7,Recreation & Sport,,45.4711,-73.623277,,,,Ville de Montreal Open Data,https://donnees.montreal.ca,2026-06-26
CTR_93e0bf94,Pétanque,Recreation & Sport,,45.529144,-73.67552,,,,Ville de Montreal Open Data,https://donnees.montreal.ca,2026-06-26
CTR_4bedc866,Aire de jeu 18 mois à 5 ans,Recreation & Sport,,45.573501,-73.658859,,,,Ville de Montreal Open Data,https://donnees.montreal.ca,2026-06-26
CTR_de942e1a,Soccer à 4-5,Recreation & Sport,,45.581617,-73.557026,,,,Ville de Montreal Open Data,https://donnees.montreal.ca,2026-06-26
CTR_02ad97df,Soccer à 11,Recreation & Sport,,45.690339,-73.517864,,,,Ville de Montreal Open Data,https://donnees.montreal.ca,2026-06-26
CTR_b845de93,Aire de jeu  5 à 12 ans,Recreation & Sport,,45.577871,-73.610261,,,,Ville de Montreal Open Data,https://donnees.montreal.ca,2026-06-26
CTR_406d718a,Volleyball de plage,Recreation & Sport,,45.513562,-73.580362,,,,Ville de Montreal Open Data,https://donnees.montreal.ca,2026-06-26
CTR_83129f1e,Soccer à 11,Recreation & Sport,,45.646336,-73.491319,,,,Ville de Montreal Open Data,https://donnees.montreal.ca,2026-06-26
CTR_fe39e954,Aire de jeu 18 mois à 5 ans,Recreation & Sport,,45.499538,-73.853,,,,Ville de Montreal Open Data,https://donnees.montreal.ca,2026-06-26
CTR_5fcca480,Bocce,Recreation & Sport,,45.614983,-73.623926,,,,Ville de Montreal Open Data,https://donnees.montreal.ca,2026-06-26
CTR_1846282e,Soccer à 7,Recreation & Sport,,45.456205,-73.633711,,,,Ville de Montreal Open Data,https://donnees.montreal.ca,2026-06-26
CTR_43b1a2c2,Sentier pédestre,Recreation & Sport,,45.495185,-73.888505,,,,Ville de Montreal Open Data,https://donnees.montreal.ca,2026-06-26
CTR_c69b1b0e,Balle,Recreation & Sport,,45.559667,-73.642166,,,,Ville de Montreal Open Data,https://donnees.montreal.ca,2026-06-26
CTR_e78d216c,Pataugeoire,Recreation & Sport,,45.553444,-73.591859,,,,Ville de Montreal Open Data,https://donnees.montreal.ca,2026-06-26
CTR_03539041,Aire de jeu  5 à 12 ans,Recreation & Sport,,45.495344,-73.64317,,,,Ville de Montreal Open Data,https://donnees.montreal.ca,2026-06-26
CTR_921ca463,Fer / Galet,Recreation & Sport,,45.57018,-73.642672,,,,Ville de Montreal Open Data,https://donnees.montreal.ca,2026-06-26
CTR_678d90a0,Aire d'entraînement pour adultes,Recreation & Sport,,45.578022,-73.604362,,,,Ville de Montreal Open Data,https://donnees.montreal.ca,2026-06-26
CTR_a1bda553,Aire de jeu 18 mois à 5 ans,Recreation & Sport,,45.449751,-73.595989,,,,Ville de Montreal Open Data,https://donnees.montreal.ca,2026-06-26
CTR_e717e208,Patinoire avec bandes,Recreation & Sport,,45.547256,-73.648049,,,,Ville de Montreal Open Data,https://donnees.montreal.ca,2026-06-26
CTR_ed68651c,Volleyball de plage,Recreation & Sport,,45.55176,-73.632289,,,,Ville de Montreal Open Data,https://donnees.montreal.ca,2026-06-26
CTR_3db5a6b8,Soccer sous-terrain à 7,Recreation & Sport,,45.68517,-73.494478,,,,Ville de Montreal Open Data,https://donnees.montreal.ca,2026-06-26
CTR_aec2dec1,Aire de jeu 18 mois à 5 ans,Recreation & Sport,,45.484382,-73.560648,,,,Ville de Montreal Open Data,https://donnees.montreal.ca,2026-06-26
CTR_8f12a4df,Quai,Recreation & Sport,,45.517342,-73.900685,,,,Ville de Montreal Open Data,https://donnees.montreal.ca,2026-06-26
CTR_c72afa8e,Aire de jeu  5 à 12 ans,Recreation & Sport,,45.541841,-73.631154,,,,Ville de Montreal Open Data,https://donnees.montreal.ca,2026-06-26
CTR_975b8408,Aire de jeu 18 mois à 5 ans,Recreation & Sport,,45.518493,-73.691605,,,,Ville de Montreal Open Data,https://donnees.montreal.ca,2026-06-26
CTR_2bbd4862,Aire de jeu  5 à 12 ans,Recreation & Sport,,45.449491,-73.890171,,,,Ville de Montreal Open Data,https://donnees.montreal.ca,2026-06-26
CTR_5581bf8c,Jeux d'eau,Recreation & Sport,,45.446191,-73.649579,,,,Ville de Montreal Open Data,https://donnees.montreal.ca,2026-06-26
CTR_abab4ff4,Aire de jeu 18 mois à 5 ans,Recreation & Sport,,45.527085,-73.620186,,,,Ville de Montreal Open Data,https://donnees.montreal.ca,2026-06-26
CTR_5630dfdd,Aire de jeu combiné,Recreation & Sport,,45.589677,-73.606354,,,,Ville de Montreal Open Data,https://donnees.montreal.ca,2026-06-26
CTR_6180f56c,Soccer à 7,Recreation & Sport,,45.501285,-73.6245,,,,Ville de Montreal Open Data,https://donnees.montreal.ca,2026-06-26
CTR_255ff181,Sentier pédestre,Recreation & Sport,,45.515271,-73.741146,,,,Ville de Montreal Open Data,https://donnees.montreal.ca,2026-06-26
CTR_77e42e71,Sentier pédestre,Recreation & Sport,,45.460802,-73.875195,,,,Ville de Montreal Open Data,https://donnees.montreal.ca,2026-06-26
CTR_a8af2328,Patinoire sans bandes,Recreation & Sport,,45.538928,-73.59042,,,,Ville de Montreal Open Data,https://donnees.montreal.ca,2026-06-26
CTR_3f3d929f,Aire de jeu 18 mois à 5 ans,Recreation & Sport,,45.534978,-73.677295,,,,Ville de Montreal Open Data,https://donnees.montreal.ca,2026-06-26
CTR_ac54f5a5,Pastille - Basketball,Recreation & Sport,,45.518439,-73.573074,,,,Ville de Montreal Open Data,https://donnees.montreal.ca,2026-06-26
CTR_aeffec80,Sentier pédestre,Recreation & Sport,,45.608291,-73.535253,,,,Ville de Montreal Open Data,https://donnees.montreal.ca,2026-06-26
CTR_afc28518,Aire de jeu combiné,Recreation & Sport,,45.541775,-73.633112,,,,Ville de Montreal Open Data,https://donnees.montreal.ca,2026-06-26
CTR_545b7bb8,Balle,Recreation & Sport,,45.669167,-73.493618,,,,Ville de Montreal Open Data,https://donnees.montreal.ca,2026-06-26
CTR_35d32da7,Volleyball de plage,Recreation & Sport,,45.500384,-73.52304,,,,Ville de Montreal Open Data,https://donnees.montreal.ca,2026-06-26
CTR_193a5d43,Étang / lac,Recreation & Sport,,45.535366,-73.624968,,,,Ville de Montreal Open Data,https://donnees.montreal.ca,2026-06-26
CTR_b10ccc81,Jeux d'eau,Recreation & Sport,,45.419746,-73.642603,,,,Ville de Montreal Open Data,https://donnees.montreal.ca,2026-06-26
CTR_c61b1840,Pastille - Basketball,Recreation & Sport,,45.539977,-73.574439,,,,Ville de Montreal Open Data,https://donnees.montreal.ca,2026-06-26
CTR_906d7a03,Pétanque,Recreation & Sport,,45.551068,-73.602503,,,,Ville de Montreal Open Data,https://donnees.montreal.ca,2026-06-26
CTR_174a7390,Aire de jeu 18 mois à 5 ans,Recreation & Sport,,45.500634,-73.685957,,,,Ville de Montreal Open Data,https://donnees.montreal.ca,2026-06-26
CTR_506701f8,Aire de pique-nique,Recreation & Sport,,45.481081,-73.871398,,,,Ville de Montreal Open Data,https://donnees.montreal.ca,2026-06-26
CTR_466aadd4,Pétanque,Recreation & Sport,,45.577399,-73.553156,,,,Ville de Montreal Open Data,https://donnees.montreal.ca,2026-06-26
CTR_8bd52958,Soccer à 4-5,Recreation & Sport,,45.433807,-73.591861,,,,Ville de Montreal Open Data,https://donnees.montreal.ca,2026-06-26
CTR_a5d7734a,Aire de jeu  5 à 12 ans,Recreation & Sport,,45.499405,-73.852872,,,,Ville de Montreal Open Data,https://donnees.montreal.ca,2026-06-26
CTR_234d86e8,Scène,Recreation & Sport,,45.531513,-73.612264,,,,Ville de Montreal Open Data,https://donnees.montreal.ca,2026-06-26
CTR_7a478120,Aire de jeu 18 mois à 5 ans,Recreation & Sport,,45.577948,-73.610395,,,,Ville de Montreal Open Data,https://donnees.montreal.ca,2026-06-26
CTR_467deb50,Jeux d'eau,Recreation & Sport,,45.46881,-73.608897,,,,Ville de Montreal Open Data,https://donnees.montreal.ca,2026-06-26
CTR_cdba87c1,Aire de jeu  5 à 12 ans,Recreation & Sport,,45.444623,-73.714605,,,,Ville de Montreal Open Data,https://donnees.montreal.ca,2026-06-26
CTR_5dc46d00,Aire de jeu  5 à 12 ans,Recreation & Sport,,45.6445,-73.590896,,,,Ville de Montreal Open Data,https://donnees.montreal.ca,2026-06-26
CTR_6df2f144,Soccer à 7,Recreation & Sport,,45.537599,-73.567934,,,,Ville de Montreal Open Data,https://donnees.montreal.ca,2026-06-26
CTR_4e57465a,Anneau / Rond de glace,Recreation & Sport,,45.50272,-73.689188,,,,Ville de Montreal Open Data,https://donnees.montreal.ca,2026-06-26
CTR_dc4ec23f,Soccer à 11,Recreation & Sport,,45.551556,-73.529953,,,,Ville de Montreal Open Data,https://donnees.montreal.ca,2026-06-26
CTR_14a2f4b4,Balle,Recreation & Sport,,45.462316,-73.645901,,,,Ville de Montreal Open Data,https://donnees.montreal.ca,2026-06-26
CTR_e28102b3,Anneau / Rond de glace,Recreation & Sport,,45.63984,-73.48945,,,,Ville de Montreal Open Data,https://donnees.montreal.ca,2026-06-26
CTR_56d16f3a,Sentier pédestre,Recreation & Sport,,45.534867,-73.679894,,,,Ville de Montreal Open Data,https://donnees.montreal.ca,2026-06-26
CTR_911db5be,Soccer à 7,Recreation & Sport,,45.517296,-73.69065,,,,Ville de Montreal Open Data,https://donnees.montreal.ca,2026-06-26
CTR_8664956a,Aire de jeu 18 mois à 5 ans,Recreation & Sport,,45.50558,-73.69815,,,,Ville de Montreal Open Data,https://donnees.montreal.ca,2026-06-26
CTR_31ceb6a7,Aire de jeu 18 mois à 5 ans,Recreation & Sport,,45.522446,-73.576941,,,,Ville de Montreal Open Data,https://donnees.montreal.ca,2026-06-26
CTR_d73d1ea0,Pataugeoire,Recreation & Sport,,45.562468,-73.600069,,,,Ville de Montreal Open Data,https://donnees.montreal.ca,2026-06-26
CTR_40d67910,Patinoire réfrigérée / Basketball,Recreation & Sport,,45.610073,-73.615316,,,,Ville de Montreal Open Data,https://donnees.montreal.ca,2026-06-26
CTR_73636572,Piscine extérieure,Recreation & Sport,,45.534222,-73.626252,,,,Ville de Montreal Open Data,https://donnees.montreal.ca,2026-06-26
CTR_bd3a4e0d,Rampe de mise à l'eau / descente de bateaux,Recreation & Sport,,45.462628,-73.918636,,,,Ville de Montreal Open Data,https://donnees.montreal.ca,2026-06-26
CTR_44a97cfd,Jeux d'eau,Recreation & Sport,,45.467255,-73.632781,,,,Ville de Montreal Open Data,https://donnees.montreal.ca,2026-06-26
CTR_71ed441c,Piste d'athlétisme (400m) et équipements,Recreation & Sport,,45.527054,-73.687593,,,,Ville de Montreal Open Data,https://donnees.montreal.ca,2026-06-26
CTR_61f98500,Balle,Recreation & Sport,,45.543263,-73.612918,,,,Ville de Montreal Open Data,https://donnees.montreal.ca,2026-06-26
CTR_6a5a3b33,Jeux d'eau,Recreation & Sport,,45.610468,-73.555332,,,,Ville de Montreal Open Data,https://donnees.montreal.ca,2026-06-26
CTR_01cc25cf,Grève / Plage,Recreation & Sport,,45.515612,-73.903915,,,,Ville de Montreal Open Data,https://donnees.montreal.ca,2026-06-26
CTR_27f63f8d,Aire de jeu  5 à 12 ans,Recreation & Sport,,45.512611,-73.564642,,,,Ville de Montreal Open Data,https://donnees.montreal.ca,2026-06-26
CTR_8669bf06,Aire de jeu combiné,Recreation & Sport,,45.446787,-73.570836,,,,Ville de Montreal Open Data,https://donnees.montreal.ca,2026-06-26
CTR_fbd9ba68,Aire de jeu 18 mois à 5 ans,Recreation & Sport,,45.599604,-73.523987,,,,Ville de Montreal Open Data,https://donnees.montreal.ca,2026-06-26
CTR_68881ce1,Basketball,Recreation & Sport,,45.685556,-73.495693,,,,Ville de Montreal Open Data,https://donnees.montreal.ca,2026-06-26
CTR_4139f5fc,Aire de jeu 18 mois à 5 ans,Recreation & Sport,,45.445148,-73.597713,,,,Ville de Montreal Open Data,https://donnees.montreal.ca,2026-06-26
CTR_b624eb4b,Volleyball de plage,Recreation & Sport,,45.551799,-73.632189,,,,Ville de Montreal Open Data,https://donnees.montreal.ca,2026-06-26
CTR_51c30adb,Balle,Recreation & Sport,,45.46821,-73.560392,,,,Ville de Montreal Open Data,https://donnees.montreal.ca,2026-06-26
CTR_03fdd186,Aire de jeu  5 à 12 ans,Recreation & Sport,,45.468659,-73.878767,,,,Ville de Montreal Open Data,https://donnees.montreal.ca,2026-06-26
CTR_0bfd94b1,Aire de pique-nique,Recreation & Sport,,45.496656,-73.690363,,,,Ville de Montreal Open Data,https://donnees.montreal.ca,2026-06-26
CTR_2d79a153,Ferme,Recreation & Sport,,45.444958,-73.600111,,,,Ville de Montreal Open Data,https://donnees.montreal.ca,2026-06-26
CTR_0afde419,Piscine extérieure,Recreation & Sport,,45.663979,-73.504726,,,,Ville de Montreal Open Data,https://donnees.montreal.ca,2026-06-26
CTR_7b10e100,Balle,Recreation & Sport,,45.535533,-73.630059,,,,Ville de Montreal Open Data,https://donnees.montreal.ca,2026-06-26
CTR_9a09d915,Soccer à 7,Recreation & Sport,,45.529285,-73.636212,,,,Ville de Montreal Open Data,https://donnees.montreal.ca,2026-06-26
CTR_620ed721,Soccer à 7,Recreation & Sport,,45.581245,-73.521147,,,,Ville de Montreal Open Data,https://donnees.montreal.ca,2026-06-26
CTR_9d0cdb18,Aire de jeu 18 mois à 5 ans,Recreation & Sport,,45.466165,-73.649572,,,,Ville de Montreal Open Data,https://donnees.montreal.ca,2026-06-26
CTR_573b6716,Rampe de mise à l'eau / descente de bateaux,Recreation & Sport,,45.437697,-73.715593,,,,Ville de Montreal Open Data,https://donnees.montreal.ca,2026-06-26
CTR_b816c26c,Aire de jeu combiné,Recreation & Sport,,45.481166,-73.866966,,,,Ville de Montreal Open Data,https://donnees.montreal.ca,2026-06-26
CTR_2ab3c582,Piste d'athlétisme (440m) et équipements,Recreation & Sport,,45.598256,-73.537067,,,,Ville de Montreal Open Data,https://donnees.montreal.ca,2026-06-26
CTR_258a3120,Patinoire avec bandes,Recreation & Sport,,45.475594,-73.855715,,,,Ville de Montreal Open Data,https://donnees.montreal.ca,2026-06-26
CTR_7d2fc6d1,Aire d'exercice canin,Recreation & Sport,,45.532281,-73.589527,,,,Ville de Montreal Open Data,https://donnees.montreal.ca,2026-06-26
CTR_c5b18a06,Jeux d'eau,Recreation & Sport,,45.433289,-73.636759,,,,Ville de Montreal Open Data,https://donnees.montreal.ca,2026-06-26
CTR_ce733416,Aire de jeu 18 mois à 5 ans,Recreation & Sport,,45.592388,-73.61447,,,,Ville de Montreal Open Data,https://donnees.montreal.ca,2026-06-26
CTR_18f8aa39,Anneau / Rond de glace,Recreation & Sport,,45.609726,-73.615229,,,,Ville de Montreal Open Data,https://donnees.montreal.ca,2026-06-26
CTR_c88f5a61,Aire de jeu  5 à 12 ans,Recreation & Sport,,45.505699,-73.781555,,,,Ville de Montreal Open Data,https://donnees.montreal.ca,2026-06-26
CTR_cfba0f2b,Basketball,Recreation & Sport,,45.432277,-73.622141,,,,Ville de Montreal Open Data,https://donnees.montreal.ca,2026-06-26
CTR_fad6e6f6,Aire de planche à roulette,Recreation & Sport,,45.559437,-73.579517,,,,Ville de Montreal Open Data,https://donnees.montreal.ca,2026-06-26
CTR_2e6c5630,Croquet,Recreation & Sport,,45.571377,-73.654206,,,,Ville de Montreal Open Data,https://donnees.montreal.ca,2026-06-26
CTR_8a69c821,Sentier de raquette,Recreation & Sport,,45.690171,-73.52306,,,,Ville de Montreal Open Data,https://donnees.montreal.ca,2026-06-26
CTR_5fe9c695,Cricket,Recreation & Sport,,45.441136,-73.581727,,,,Ville de Montreal Open Data,https://donnees.montreal.ca,2026-06-26
CTR_c5bf6493,Aire de planche à roulette,Recreation & Sport,,45.466491,-73.633962,,,,Ville de Montreal Open Data,https://donnees.montreal.ca,2026-06-26
CTR_8cd2a624,Sentier pédestre,Recreation & Sport,,45.506303,-73.73188,,,,Ville de Montreal Open Data,https://donnees.montreal.ca,2026-06-26
CTR_f21ee0fc,Piste cyclable,Recreation & Sport,,45.50508,-73.543513,,,,Ville de Montreal Open Data,https://donnees.montreal.ca,2026-06-26
CTR_6efbc42e,Aire de pêche autorisée,Recreation & Sport,,45.577064,-73.661539,,,,Ville de Montreal Open Data,https://donnees.montreal.ca,2026-06-26
CTR_a32ffcf3,Boisé,Recreation & Sport,,45.511068,-73.879225,,,,Ville de Montreal Open Data,https://donnees.montreal.ca,2026-06-26
CTR_db1d7674,Basketball,Recreation & Sport,,45.536515,-73.630479,,,,Ville de Montreal Open Data,https://donnees.montreal.ca,2026-06-26
CTR_769e0d95,Aire de pique-nique,Recreation & Sport,,45.457809,-73.592172,,,,Ville de Montreal Open Data,https://donnees.montreal.ca,2026-06-26
CTR_4e1b2c11,Anneau / Rond de glace,Recreation & Sport,,45.520247,-73.607054,,,,Ville de Montreal Open Data,https://donnees.montreal.ca,2026-06-26
CTR_039aaf9d,Aire de glissade,Recreation & Sport,,45.613895,-73.534475,,,,Ville de Montreal Open Data,https://donnees.montreal.ca,2026-06-26
CTR_bc23b30b,Soccer à 4-5,Recreation & Sport,,45.480834,-73.851919,,,,Ville de Montreal Open Data,https://donnees.montreal.ca,2026-06-26
CTR_1a9c20c8,Étang / lac,Recreation & Sport,,45.514546,-73.711549,,,,Ville de Montreal Open Data,https://donnees.montreal.ca,2026-06-26
CTR_35dd0b32,Aire d'entraînement pour adultes,Recreation & Sport,,45.574872,-73.643284,,,,Ville de Montreal Open Data,https://donnees.montreal.ca,2026-06-26
CTR_40e88d77,Volleyball de plage,Recreation & Sport,,45.535735,-73.717082,,,,Ville de Montreal Open Data,https://donnees.montreal.ca,2026-06-26
CTR_5730eba7,Pataugeoire,Recreation & Sport,,45.6071,-73.559334,,,,Ville de Montreal Open Data,https://donnees.montreal.ca,2026-06-26
CTR_4bd4e09c,Pétanque,Recreation & Sport,,45.639999,-73.509235,,,,Ville de Montreal Open Data,https://donnees.montreal.ca,2026-06-26
CTR_08c28537,Sentier de ski de fond,Recreation & Sport,,45.578826,-73.657242,,,,Ville de Montreal Open Data,https://donnees.montreal.ca,2026-06-26
CTR_3723ec5d,Aire de jeu  5 à 12 ans,Recreation & Sport,,45.625045,-73.595963,,,,Ville de Montreal Open Data,https://donnees.montreal.ca,2026-06-26
CTR_e297015a,Patinoire avec bandes,Recreation & Sport,,45.553792,-73.590942,,,,Ville de Montreal Open Data,https://donnees.montreal.ca,2026-06-26
CTR_4beb4c16,Aire de jeu  5 à 12 ans,Recreation & Sport,,45.526188,-73.604531,,,,Ville de Montreal Open Data,https://donnees.montreal.ca,2026-06-26
CTR_ce67dbb5,Soccer à 11,Recreation & Sport,,45.567764,-73.636232,,,,Ville de Montreal Open Data,https://donnees.montreal.ca,2026-06-26
CTR_80ea00f7,Bocce,Recreation & Sport,,45.457623,-73.884825,,,,Ville de Montreal Open Data,https://donnees.montreal.ca,2026-06-26
CTR_f9b970d5,Basketball,Recreation & Sport,,45.571874,-73.59145,,,,Ville de Montreal Open Data,https://donnees.montreal.ca,2026-06-26
CTR_47029268,Aire de pique-nique,Recreation & Sport,,45.496736,-73.8376,,,,Ville de Montreal Open Data,https://donnees.montreal.ca,2026-06-26
CTR_2ab3a706,Jeux d'eau,Recreation & Sport,,45.508429,-73.680959,,,,Ville de Montreal Open Data,https://donnees.montreal.ca,2026-06-26
CTR_62ff1e18,Balle,Recreation & Sport,,45.500571,-73.846126,,,,Ville de Montreal Open Data,https://donnees.montreal.ca,2026-06-26
CTR_127c320b,Patinoire avec bandes,Recreation & Sport,,45.528448,-73.59847,,,,Ville de Montreal Open Data,https://donnees.montreal.ca,2026-06-26
CTR_fd74b70e,Aire de pique-nique,Recreation & Sport,,45.607843,-73.638741,,,,Ville de Montreal Open Data,https://donnees.montreal.ca,2026-06-26
CTR_6a04f017,Aire de jeu 18 mois à 5 ans,Recreation & Sport,,45.461815,-73.556098,,,,Ville de Montreal Open Data,https://donnees.montreal.ca,2026-06-26
CTR_19173f2e,Pétanque,Recreation & Sport,,45.514696,-73.549997,,,,Ville de Montreal Open Data,https://donnees.montreal.ca,2026-06-26
CTR_d59421d2,Patinoire avec bandes,Recreation & Sport,,45.439558,-73.671897,,,,Ville de Montreal Open Data,https://donnees.montreal.ca,2026-06-26
CTR_a1cc7ab3,Balle,Recreation & Sport,,45.513964,-73.677806,,,,Ville de Montreal Open Data,https://donnees.montreal.ca,2026-06-26
CTR_69d9f7de,Soccer à 11,Recreation & Sport,,45.554084,-73.636622,,,,Ville de Montreal Open Data,https://donnees.montreal.ca,2026-06-26
CTR_94a14105,Pétanque,Recreation & Sport,,45.560608,-73.580844,,,,Ville de Montreal Open Data,https://donnees.montreal.ca,2026-06-26
CTR_563cd846,Aire de jeu combiné,Recreation & Sport,,45.515334,-73.813606,,,,Ville de Montreal Open Data,https://donnees.montreal.ca,2026-06-26
CTR_3e8f6c38,Aire de jeu  5 à 12 ans,Recreation & Sport,,45.514499,-73.550094,,,,Ville de Montreal Open Data,https://donnees.montreal.ca,2026-06-26
CTR_309e51c6,Tennis,Recreation & Sport,,45.510114,-73.843679,,,,Ville de Montreal Open Data,https://donnees.montreal.ca,2026-06-26
CTR_ead822ee,Sentier pédestre,Recreation & Sport,,45.49721,-73.865081,,,,Ville de Montreal Open Data,https://donnees.montreal.ca,2026-06-26
CTR_b32695a5,Aire de jeu  5 à 12 ans,Recreation & Sport,,45.505096,-73.775614,,,,Ville de Montreal Open Data,https://donnees.montreal.ca,2026-06-26
CTR_e1e6470b,Balle,Recreation & Sport,,45.588726,-73.607048,,,,Ville de Montreal Open Data,https://donnees.montreal.ca,2026-06-26
CTR_17378456,Soccer / Football,Recreation & Sport,,45.510085,-73.580726,,,,Ville de Montreal Open Data,https://donnees.montreal.ca,2026-06-26
CTR_d5250222,Aire de jeu 18 mois à 5 ans,Recreation & Sport,,45.523837,-73.609678,,,,Ville de Montreal Open Data,https://donnees.montreal.ca,2026-06-26
CTR_2cb8d144,Aire de jeu 18 mois à 5 ans,Recreation & Sport,,45.520123,-73.572319,,,,Ville de Montreal Open Data,https://donnees.montreal.ca,2026-06-26
CTR_966c2e05,Jeux d'eau,Recreation & Sport,,45.432007,-73.639947,,,,Ville de Montreal Open Data,https://donnees.montreal.ca,2026-06-26
CTR_ca7d6c3b,Sentier pédestre,Recreation & Sport,,45.457068,-73.561993,,,,Ville de Montreal Open Data,https://donnees.montreal.ca,2026-06-26
CTR_7776e1c1,Soccer sous-terrain à 7,Recreation & Sport,,45.468761,-73.607319,,,,Ville de Montreal Open Data,https://donnees.montreal.ca,2026-06-26
CTR_5f3b24c1,Pétanque,Recreation & Sport,,45.599389,-73.635992,,,,Ville de Montreal Open Data,https://donnees.montreal.ca,2026-06-26
CTR_3afb4e2c,Sentier de ski de fond,Recreation & Sport,,45.472668,-73.614199,,,,Ville de Montreal Open Data,https://donnees.montreal.ca,2026-06-26
CTR_cf9980e4,Soccer à 7,Recreation & Sport,,45.481216,-73.852957,,,,Ville de Montreal Open Data,https://donnees.montreal.ca,2026-06-26
CTR_e130224f,Aire de jeu pour adolescents,Recreation & Sport,,45.613951,-73.536074,,,,Ville de Montreal Open Data,https://donnees.montreal.ca,2026-06-26
CTR_1566ed86,Aire d'entraînement pour adultes,Recreation & Sport,,45.654458,-73.492707,,,,Ville de Montreal Open Data,https://donnees.montreal.ca,2026-06-26
CTR_30adc086,Tennis,Recreation & Sport,,45.433915,-73.635707,,,,Ville de Montreal Open Data,https://donnees.montreal.ca,2026-06-26
CTR_d00afe64,Soccer à 7,Recreation & Sport,,45.584018,-73.599386,,,,Ville de Montreal Open Data,https://donnees.montreal.ca,2026-06-26
CTR_6a8cff6d,Soccer à 11,Recreation & Sport,,45.590775,-73.564224,,,,Ville de Montreal Open Data,https://donnees.montreal.ca,2026-06-26
CTR_9e71699e,Jeux d'eau,Recreation & Sport,,45.675923,-73.496969,,,,Ville de Montreal Open Data,https://donnees.montreal.ca,2026-06-26
CTR_c692f3a3,Pataugeoire,Recreation & Sport,,45.443058,-73.702482,,,,Ville de Montreal Open Data,https://donnees.montreal.ca,2026-06-26
CTR_7ea86138,Aire de jeu 18 mois à 5 ans,Recreation & Sport,,45.557613,-73.577454,,,,Ville de Montreal Open Data,https://donnees.montreal.ca,2026-06-26
CTR_9e12ec81,Balle,Recreation & Sport,,45.560077,-73.652464,,,,Ville de Montreal Open Data,https://donnees.montreal.ca,2026-06-26
CTR_b1e11bcb,Balle,Recreation & Sport,,45.54372,-73.574987,,,,Ville de Montreal Open Data,https://donnees.montreal.ca,2026-06-26
CTR_91971bc2,Tennis,Recreation & Sport,,45.555096,-73.553061,,,,Ville de Montreal Open Data,https://donnees.montreal.ca,2026-06-26
CTR_00318d27,Balle,Recreation & Sport,,45.49721,-73.838055,,,,Ville de Montreal Open Data,https://donnees.montreal.ca,2026-06-26
CTR_d4fefa9f,Soccer à 4-5,Recreation & Sport,,45.596711,-73.597433,,,,Ville de Montreal Open Data,https://donnees.montreal.ca,2026-06-26
CTR_d262cf31,Balle,Recreation & Sport,,45.53735,-73.630877,,,,Ville de Montreal Open Data,https://donnees.montreal.ca,2026-06-26
CTR_d3f92ace,Étang / lac,Recreation & Sport,,45.462879,-73.552996,,,,Ville de Montreal Open Data,https://donnees.montreal.ca,2026-06-26
CTR_46502626,Soccer à 11,Recreation & Sport,,45.54066,-73.648286,,,,Ville de Montreal Open Data,https://donnees.montreal.ca,2026-06-26
CTR_4f2ffe9f,Aire de pique-nique,Recreation & Sport,,45.514738,-73.662492,,,,Ville de Montreal Open Data,https://donnees.montreal.ca,2026-06-26
CTR_83fab02f,Pétanque,Recreation & Sport,,45.475095,-73.589694,,,,Ville de Montreal Open Data,https://donnees.montreal.ca,2026-06-26
CTR_fedb2a83,Aire de jeu  5 à 12 ans,Recreation & Sport,,45.67057,-73.542092,,,,Ville de Montreal Open Data,https://donnees.montreal.ca,2026-06-26
CTR_b7eeb635,Aire de jeu  5 à 12 ans,Recreation & Sport,,45.465947,-73.574612,,,,Ville de Montreal Open Data,https://donnees.montreal.ca,2026-06-26
CTR_085cb8b4,Piscine extérieure,Recreation & Sport,,45.603142,-73.543213,,,,Ville de Montreal Open Data,https://donnees.montreal.ca,2026-06-26
CTR_9de19f53,Aire de jeu 18 mois à 5 ans,Recreation & Sport,,45.507493,-73.818202,,,,Ville de Montreal Open Data,https://donnees.montreal.ca,2026-06-26
CTR_edebeba9,Pétanque,Recreation & Sport,,45.580951,-73.519899,,,,Ville de Montreal Open Data,https://donnees.montreal.ca,2026-06-26
CTR_8e747f82,Pataugeoire,Recreation & Sport,,45.496838,-73.690734,,,,Ville de Montreal Open Data,https://donnees.montreal.ca,2026-06-26
CTR_fbc6fea0,Aire de jeu  5 à 12 ans,Recreation & Sport,,45.488967,-73.563752,,,,Ville de Montreal Open Data,https://donnees.montreal.ca,2026-06-26
CTR_dd62fb0e,Sentier pédestre,Recreation & Sport,,45.53558,-73.715693,,,,Ville de Montreal Open Data,https://donnees.montreal.ca,2026-06-26
CTR_917d2179,Patinoire avec bandes,Recreation & Sport,,45.592253,-73.59114,,,,Ville de Montreal Open Data,https://donnees.montreal.ca,2026-06-26
CTR_ac67d3b4,Soccer à 7,Recreation & Sport,,45.515319,-73.582707,,,,Ville de Montreal Open Data,https://donnees.montreal.ca,2026-06-26
CTR_48d434ab,Aire d'exercice canin,Recreation & Sport,,45.465925,-73.592052,,,,Ville de Montreal Open Data,https://donnees.montreal.ca,2026-06-26
CTR_af55620e,Bocce,Recreation & Sport,,45.570664,-73.642404,,,,Ville de Montreal Open Data,https://donnees.montreal.ca,2026-06-26
CTR_3e1f9174,Basketball,Recreation & Sport,,45.615169,-73.622174,,,,Ville de Montreal Open Data,https://donnees.montreal.ca,2026-06-26
CTR_6304bbec,Soccer à 7,Recreation & Sport,,45.639583,-73.585773,,,,Ville de Montreal Open Data,https://donnees.montreal.ca,2026-06-26
CTR_a5ce5bb4,Palet,Recreation & Sport,,45.515529,-73.727265,,,,Ville de Montreal Open Data,https://donnees.montreal.ca,2026-06-26
CTR_15f9aed6,Piste d'athlétisme (400m) et équipements,Recreation & Sport,,45.598206,-73.6377,,,,Ville de Montreal Open Data,https://donnees.montreal.ca,2026-06-26
CTR_7ecd9c52,Aire de jeu  5 à 12 ans,Recreation & Sport,,45.448978,-73.550715,,,,Ville de Montreal Open Data,https://donnees.montreal.ca,2026-06-26
CTR_dd8328cf,Piste d'athlétisme (400m) et équipements,Recreation & Sport,,45.558473,-73.581269,,,,Ville de Montreal Open Data,https://donnees.montreal.ca,2026-06-26
CTR_7299a9ca,Soccer à 11 - Stade Saputo,Recreation & Sport,,45.563068,-73.552647,,,,Ville de Montreal Open Data,https://donnees.montreal.ca,2026-06-26
CTR_1d014cf4,Aire de jeu 18 mois à 5 ans,Recreation & Sport,,45.514779,-73.583743,,,,Ville de Montreal Open Data,https://donnees.montreal.ca,2026-06-26
CTR_6d011e28,Aire de jeu  5 à 12 ans,Recreation & Sport,,45.547451,-73.648163,,,,Ville de Montreal Open Data,https://donnees.montreal.ca,2026-06-26
CTR_0e726eb8,Aire de jeu  5 à 12 ans,Recreation & Sport,,45.536822,-73.567876,,,,Ville de Montreal Open Data,https://donnees.montreal.ca,2026-06-26
CTR_8816eacd,Balle,Recreation & Sport,,45.58636,-73.573487,,,,Ville de Montreal Open Data,https://donnees.montreal.ca,2026-06-26
CTR_c3db9e86,Aire de jeu  5 à 12 ans,Recreation & Sport,,45.577981,-73.553673,,,,Ville de Montreal Open Data,https://donnees.montreal.ca,2026-06-26
CTR_a87743cf,Anneau / Rond de glace,Recreation & Sport,,45.513594,-73.712886,,,,Ville de Montreal Open Data,https://donnees.montreal.ca,2026-06-26
CTR_927b22cd,Tennis,Recreation & Sport,,45.532955,-73.627142,,,,Ville de Montreal Open Data,https://donnees.montreal.ca,2026-06-26
CTR_c966b8ad,Soccer à 7,Recreation & Sport,,45.537495,-73.684788,,,,Ville de Montreal Open Data,https://donnees.montreal.ca,2026-06-26
CTR_ac57c506,Football,Recreation & Sport,,45.508278,-73.707119,,,,Ville de Montreal Open Data,https://donnees.montreal.ca,2026-06-26
CTR_0e9ca0f1,Abri soleil,Recreation & Sport,,45.536863,-73.631355,,,,Ville de Montreal Open Data,https://donnees.montreal.ca,2026-06-26
CTR_90e94baa,Scène,Recreation & Sport,,45.577425,-73.609935,,,,Ville de Montreal Open Data,https://donnees.montreal.ca,2026-06-26
CTR_21cf9fd5,Balle,Recreation & Sport,,45.536267,-73.628518,,,,Ville de Montreal Open Data,https://donnees.montreal.ca,2026-06-26
CTR_c626659d,Aire de jeu  5 à 12 ans,Recreation & Sport,,45.50842,-73.724153,,,,Ville de Montreal Open Data,https://donnees.montreal.ca,2026-06-26
CTR_1a615315,Basketball,Recreation & Sport,,45.522955,-73.720273,,,,Ville de Montreal Open Data,https://donnees.montreal.ca,2026-06-26
CTR_01cfb6e0,Pataugeoire,Recreation & Sport,,45.530148,-73.717489,,,,Ville de Montreal Open Data,https://donnees.montreal.ca,2026-06-26
CTR_49653b70,Aire de jeu 18 mois à 5 ans,Recreation & Sport,,45.53943,-73.540092,,,,Ville de Montreal Open Data,https://donnees.montreal.ca,2026-06-26
CTR_44ac0af4,Ultimate frisbee,Recreation & Sport,,45.539148,-73.591274,,,,Ville de Montreal Open Data,https://donnees.montreal.ca,2026-06-26
CTR_f2702778,Aire de jeu  5 à 12 ans,Recreation & Sport,,45.457623,-73.648987,,,,Ville de Montreal Open Data,https://donnees.montreal.ca,2026-06-26
CTR_ae6c8aee,Aire de jeu  5 à 12 ans,Recreation & Sport,,45.615409,-73.623623,,,,Ville de Montreal Open Data,https://donnees.montreal.ca,2026-06-26
CTR_4502ff4b,Volleyball de plage,Recreation & Sport,,45.586488,-73.598428,,,,Ville de Montreal Open Data,https://donnees.montreal.ca,2026-06-26
CTR_c1ce518d,Aire de jeu  5 à 12 ans,Recreation & Sport,,45.449642,-73.595288,,,,Ville de Montreal Open Data,https://donnees.montreal.ca,2026-06-26
CTR_cd871f28,Patinoire sans bandes,Recreation & Sport,,45.422487,-73.648527,,,,Ville de Montreal Open Data,https://donnees.montreal.ca,2026-06-26
CTR_7b22b507,Soccer à 11,Recreation & Sport,,45.491569,-73.846709,,,,Ville de Montreal Open Data,https://donnees.montreal.ca,2026-06-26
CTR_8ddcff79,Patinoire avec bandes,Recreation & Sport,,45.521799,-73.69114,,,,Ville de Montreal Open Data,https://donnees.montreal.ca,2026-06-26
CTR_437a6911,Patinoire sans bandes,Recreation & Sport,,45.543454,-73.613256,,,,Ville de Montreal Open Data,https://donnees.montreal.ca,2026-06-26
CTR_4e804c20,Ping-pong,Recreation & Sport,,45.569203,-73.571522,,,,Ville de Montreal Open Data,https://donnees.montreal.ca,2026-06-26
CTR_846927d6,Aire d'entraînement pour adultes,Recreation & Sport,,45.421798,-73.600876,,,,Ville de Montreal Open Data,https://donnees.montreal.ca,2026-06-26
CTR_975ded3e,Aire de jeu  5 à 12 ans,Recreation & Sport,,45.582004,-73.536599,,,,Ville de Montreal Open Data,https://donnees.montreal.ca,2026-06-26
CTR_cfad909a,Jeux d'eau,Recreation & Sport,,45.489415,-73.563982,,,,Ville de Montreal Open Data,https://donnees.montreal.ca,2026-06-26
CTR_2fa43e0c,Basketball,Recreation & Sport,,45.546354,-73.648676,,,,Ville de Montreal Open Data,https://donnees.montreal.ca,2026-06-26
CTR_93cbe278,Aire de jeu combiné,Recreation & Sport,,45.459397,-73.57555,,,,Ville de Montreal Open Data,https://donnees.montreal.ca,2026-06-26
CTR_1a892ef9,Basketball,Recreation & Sport,,45.589592,-73.605729,,,,Ville de Montreal Open Data,https://donnees.montreal.ca,2026-06-26
CTR_61f720d0,Aire de jeu  5 à 12 ans,Recreation & Sport,,45.479356,-73.563965,,,,Ville de Montreal Open Data,https://donnees.montreal.ca,2026-06-26
CTR_57225e5c,Pétanque,Recreation & Sport,,45.457806,-73.591702,,,,Ville de Montreal Open Data,https://donnees.montreal.ca,2026-06-26
CTR_13799f44,Abri soleil,Recreation & Sport,,45.518714,-73.564917,,,,Ville de Montreal Open Data,https://donnees.montreal.ca,2026-06-26
CTR_c884d148,Aire de jeu 18 mois à 5 ans,Recreation & Sport,,45.537355,-73.62927,,,,Ville de Montreal Open Data,https://donnees.montreal.ca,2026-06-26
CTR_a9e5ef9e,Sentier pédestre,Recreation & Sport,,45.44337,-73.695937,,,,Ville de Montreal Open Data,https://donnees.montreal.ca,2026-06-26
CTR_35108697,Balle,Recreation & Sport,,45.47786,-73.554078,,,,Ville de Montreal Open Data,https://donnees.montreal.ca,2026-06-26
CTR_56d2c1b8,Patinoire avec bandes,Recreation & Sport,,45.531867,-73.588155,,,,Ville de Montreal Open Data,https://donnees.montreal.ca,2026-06-26
CTR_728a30f2,Aire de jeu  5 à 12 ans,Recreation & Sport,,45.631449,-73.583918,,,,Ville de Montreal Open Data,https://donnees.montreal.ca,2026-06-26
CTR_054cdd2c,Aire de pêche autorisée,Recreation & Sport,,45.433148,-73.685695,,,,Ville de Montreal Open Data,https://donnees.montreal.ca,2026-06-26
CTR_38eca353,Aire de jeu 18 mois à 5 ans,Recreation & Sport,,45.523447,-73.584064,,,,Ville de Montreal Open Data,https://donnees.montreal.ca,2026-06-26
CTR_8cdd4ee5,Aire d'exercice canin,Recreation & Sport,,45.46144,-73.632211,,,,Ville de Montreal Open Data,https://donnees.montreal.ca,2026-06-26
CTR_a7254222,Aire de jeu 18 mois à 5 ans,Recreation & Sport,,45.499138,-73.584527,,,,Ville de Montreal Open Data,https://donnees.montreal.ca,2026-06-26
CTR_dd2da213,Patinoire 4 saisons,Recreation & Sport,,45.523891,-73.554347,,,,Ville de Montreal Open Data,https://donnees.montreal.ca,2026-06-26
CTR_2bd5fa80,Soccer à 4-5,Recreation & Sport,,45.50805,-73.707749,,,,Ville de Montreal Open Data,https://donnees.montreal.ca,2026-06-26
CTR_624ecb4c,Piscine extérieure,Recreation & Sport,,45.433547,-73.652576,,,,Ville de Montreal Open Data,https://donnees.montreal.ca,2026-06-26
CTR_b4d11e97,Pataugeoire,Recreation & Sport,,45.616174,-73.550948,,,,Ville de Montreal Open Data,https://donnees.montreal.ca,2026-06-26
CTR_15133744,Sentier pédestre,Recreation & Sport,,45.690169,-73.523253,,,,Ville de Montreal Open Data,https://donnees.montreal.ca,2026-06-26
CTR_c99f6b8e,Aire de jeu  5 à 12 ans,Recreation & Sport,,45.505348,-73.774546,,,,Ville de Montreal Open Data,https://donnees.montreal.ca,2026-06-26
CTR_68d8af4b,Jeux d'eau,Recreation & Sport,,45.548655,-73.548756,,,,Ville de Montreal Open Data,https://donnees.montreal.ca,2026-06-26
CTR_5afc370c,Soccer à 7,Recreation & Sport,,45.465448,-73.650768,,,,Ville de Montreal Open Data,https://donnees.montreal.ca,2026-06-26
CTR_c94fa9a5,Aire de pique-nique,Recreation & Sport,,45.45382,-73.936966,,,,Ville de Montreal Open Data,https://donnees.montreal.ca,2026-06-26
CTR_a67aabe5,Balle,Recreation & Sport,,45.569527,-73.643482,,,,Ville de Montreal Open Data,https://donnees.montreal.ca,2026-06-26
CTR_db583502,Aire de jeu 18 mois à 5 ans,Recreation & Sport,,45.679281,-73.503805,,,,Ville de Montreal Open Data,https://donnees.montreal.ca,2026-06-26
CTR_6f52b431,Balle,Recreation & Sport,,45.510308,-73.842689,,,,Ville de Montreal Open Data,https://donnees.montreal.ca,2026-06-26
CTR_a0a99c39,Patinoire sans bandes,Recreation & Sport,,45.544163,-73.575894,,,,Ville de Montreal Open Data,https://donnees.montreal.ca,2026-06-26
CTR_ccd1fa43,Patinoire avec bandes,Recreation & Sport,,45.577054,-73.553789,,,,Ville de Montreal Open Data,https://donnees.montreal.ca,2026-06-26
CTR_2ea1fef8,Aire de planche à roulette,Recreation & Sport,,45.520598,-73.619367,,,,Ville de Montreal Open Data,https://donnees.montreal.ca,2026-06-26
CTR_da2164e2,Patinoire avec bandes,Recreation & Sport,,45.510275,-73.752613,,,,Ville de Montreal Open Data,https://donnees.montreal.ca,2026-06-26
CTR_d84b68f3,Patinoire avec bandes,Recreation & Sport,,45.531733,-73.589152,,,,Ville de Montreal Open Data,https://donnees.montreal.ca,2026-06-26
CTR_d10e5cda,Soccer à 7,Recreation & Sport,,45.438458,-73.62901,,,,Ville de Montreal Open Data,https://donnees.montreal.ca,2026-06-26
CTR_6840833d,Sentier de ski de fond,Recreation & Sport,,45.690168,-73.523147,,,,Ville de Montreal Open Data,https://donnees.montreal.ca,2026-06-26
CTR_36d8a0e9,Patinoire sans bandes,Recreation & Sport,,45.478488,-73.564835,,,,Ville de Montreal Open Data,https://donnees.montreal.ca,2026-06-26
CTR_cc2379ef,Aire de jeu  5 à 12 ans,Recreation & Sport,,45.527266,-73.604872,,,,Ville de Montreal Open Data,https://donnees.montreal.ca,2026-06-26
CTR_0162722e,Aire de glissade,Recreation & Sport,,45.602288,-73.558533,,,,Ville de Montreal Open Data,https://donnees.montreal.ca,2026-06-26
CTR_54962701,Fer / Galet,Recreation & Sport,,45.484264,-73.575987,,,,Ville de Montreal Open Data,https://donnees.montreal.ca,2026-06-26
CTR_981cf27b,Soccer à 7,Recreation & Sport,,45.465355,-73.868474,,,,Ville de Montreal Open Data,https://donnees.montreal.ca,2026-06-26
CTR_b64301a2,Soccer à 7,Recreation & Sport,,45.515711,-73.610185,,,,Ville de Montreal Open Data,https://donnees.montreal.ca,2026-06-26
CTR_b33dfa45,Pastille - Basketball,Recreation & Sport,,45.478292,-73.55294,,,,Ville de Montreal Open Data,https://donnees.montreal.ca,2026-06-26
CTR_6bf17c11,Quai,Recreation & Sport,,45.609225,-73.63961,,,,Ville de Montreal Open Data,https://donnees.montreal.ca,2026-06-26
CTR_b2b3b998,Balle,Recreation & Sport,,45.433283,-73.622222,,,,Ville de Montreal Open Data,https://donnees.montreal.ca,2026-06-26
CTR_fd6e577e,Aire de jeu  5 à 12 ans,Recreation & Sport,,45.564596,-73.596279,,,,Ville de Montreal Open Data,https://donnees.montreal.ca,2026-06-26
CTR_7330fe0c,Balle,Recreation & Sport,,45.560034,-73.56871,,,,Ville de Montreal Open Data,https://donnees.montreal.ca,2026-06-26
CTR_5ebdc5c9,Aire de pique-nique,Recreation & Sport,,45.552614,-73.568018,,,,Ville de Montreal Open Data,https://donnees.montreal.ca,2026-06-26
CTR_2da1ef66,Aire de jeu  5 à 12 ans,Recreation & Sport,,45.514685,-73.662286,,,,Ville de Montreal Open Data,https://donnees.montreal.ca,2026-06-26
CTR_993e59a9,Jeux d'eau,Recreation & Sport,,45.430126,-73.614948,,,,Ville de Montreal Open Data,https://donnees.montreal.ca,2026-06-26
CTR_27b60659,Patinoire sans bandes,Recreation & Sport,,45.439849,-73.671897,,,,Ville de Montreal Open Data,https://donnees.montreal.ca,2026-06-26
CTR_85fe5952,Palet,Recreation & Sport,,45.426085,-73.657148,,,,Ville de Montreal Open Data,https://donnees.montreal.ca,2026-06-26
CTR_508acd24,Aire de jeu  5 à 12 ans,Recreation & Sport,,45.545998,-73.540599,,,,Ville de Montreal Open Data,https://donnees.montreal.ca,2026-06-26
CTR_a11360b3,Balle,Recreation & Sport,,45.509315,-73.843881,,,,Ville de Montreal Open Data,https://donnees.montreal.ca,2026-06-26
CTR_6542715a,Aire de jeu 18 mois à 5 ans,Recreation & Sport,,45.569558,-73.528405,,,,Ville de Montreal Open Data,https://donnees.montreal.ca,2026-06-26
CTR_a9aa7ecc,Aire de glissade,Recreation & Sport,,45.455186,-73.606744,,,,Ville de Montreal Open Data,https://donnees.montreal.ca,2026-06-26
CTR_5d86f283,Balle,Recreation & Sport,,45.599962,-73.622521,,,,Ville de Montreal Open Data,https://donnees.montreal.ca,2026-06-26
CTR_526ebc03,Jeux d'eau,Recreation & Sport,,45.497354,-73.619528,,,,Ville de Montreal Open Data,https://donnees.montreal.ca,2026-06-26
CTR_3a81914c,Aire de jeu 18 mois à 5 ans,Recreation & Sport,,45.610373,-73.555932,,,,Ville de Montreal Open Data,https://donnees.montreal.ca,2026-06-26
CTR_e8d459bc,Aire de jeu 18 mois à 5 ans,Recreation & Sport,,45.526231,-73.607404,,,,Ville de Montreal Open Data,https://donnees.montreal.ca,2026-06-26
CTR_21bb180c,Piste cyclable,Recreation & Sport,,45.462412,-73.940488,,,,Ville de Montreal Open Data,https://donnees.montreal.ca,2026-06-26
CTR_0e59716f,Piste d'athlétisme (200m) et équipements,Recreation & Sport,,45.520027,-73.60482,,,,Ville de Montreal Open Data,https://donnees.montreal.ca,2026-06-26
CTR_a7405c78,Soccer à 4-5,Recreation & Sport,,45.464679,-73.890189,,,,Ville de Montreal Open Data,https://donnees.montreal.ca,2026-06-26
CTR_c2dd5252,Patinoire avec bandes,Recreation & Sport,,45.443116,-73.701623,,,,Ville de Montreal Open Data,https://donnees.montreal.ca,2026-06-26
CTR_e752dca0,Soccer à 4-5,Recreation & Sport,,45.457089,-73.883077,,,,Ville de Montreal Open Data,https://donnees.montreal.ca,2026-06-26
CTR_5e1bc087,Aire de glissade,Recreation & Sport,,45.543528,-73.573244,,,,Ville de Montreal Open Data,https://donnees.montreal.ca,2026-06-26
CTR_1a46d5e0,Quai,Recreation & Sport,,45.432589,-73.685911,,,,Ville de Montreal Open Data,https://donnees.montreal.ca,2026-06-26
CTR_5965990f,Basketball,Recreation & Sport,,45.54725,-73.621215,,,,Ville de Montreal Open Data,https://donnees.montreal.ca,2026-06-26
CTR_6e116c64,Aire de jeu  5 à 12 ans,Recreation & Sport,,45.445912,-73.690061,,,,Ville de Montreal Open Data,https://donnees.montreal.ca,2026-06-26
CTR_ea47b7b6,Sentier pédestre,Recreation & Sport,,45.438086,-73.715544,,,,Ville de Montreal Open Data,https://donnees.montreal.ca,2026-06-26
CTR_4ebdb644,Soccer à 7,Recreation & Sport,,45.552249,-73.632978,,,,Ville de Montreal Open Data,https://donnees.montreal.ca,2026-06-26
CTR_32e892d1,Aire d'entraînement pour adultes,Recreation & Sport,,45.588857,-73.53498,,,,Ville de Montreal Open Data,https://donnees.montreal.ca,2026-06-26
CTR_27887d23,Aire de jeu 18 mois à 5 ans,Recreation & Sport,,45.478468,-73.56129,,,,Ville de Montreal Open Data,https://donnees.montreal.ca,2026-06-26
CTR_e9ed4d55,Balle,Recreation & Sport,,45.569521,-73.572979,,,,Ville de Montreal Open Data,https://donnees.montreal.ca,2026-06-26
CTR_29b1c408,Soccer / Football,Recreation & Sport,,45.546868,-73.619625,,,,Ville de Montreal Open Data,https://donnees.montreal.ca,2026-06-26
CTR_1b301283,Aire de jeu 18 mois à 5 ans,Recreation & Sport,,45.575369,-73.53895,,,,Ville de Montreal Open Data,https://donnees.montreal.ca,2026-06-26
CTR_e081664e,Pastille - Basketball,Recreation & Sport,,45.644426,-73.587433,,,,Ville de Montreal Open Data,https://donnees.montreal.ca,2026-06-26
CTR_8cd209c6,Aire de pique-nique,Recreation & Sport,,45.50995,-73.842164,,,,Ville de Montreal Open Data,https://donnees.montreal.ca,2026-06-26
CTR_bd265258,Aire de jeu  5 à 12 ans,Recreation & Sport,,45.510051,-73.752468,,,,Ville de Montreal Open Data,https://donnees.montreal.ca,2026-06-26
CTR_cb78f150,Soccer à 11,Recreation & Sport,,45.516748,-73.728336,,,,Ville de Montreal Open Data,https://donnees.montreal.ca,2026-06-26
CTR_153bbb47,Aire de jeu  5 à 12 ans,Recreation & Sport,,45.634199,-73.597988,,,,Ville de Montreal Open Data,https://donnees.montreal.ca,2026-06-26
CTR_7605af76,Patinoire avec bandes,Recreation & Sport,,45.434147,-73.636059,,,,Ville de Montreal Open Data,https://donnees.montreal.ca,2026-06-26
CTR_59d803a8,Aire de jeu 18 mois à 5 ans,Recreation & Sport,,45.551291,-73.558781,,,,Ville de Montreal Open Data,https://donnees.montreal.ca,2026-06-26
CTR_71b50b84,Pataugeoire,Recreation & Sport,,45.544504,-73.57642,,,,Ville de Montreal Open Data,https://donnees.montreal.ca,2026-06-26
CTR_cafa74b7,Pétanque,Recreation & Sport,,45.542133,-73.544006,,,,Ville de Montreal Open Data,https://donnees.montreal.ca,2026-06-26
CTR_aa4be7cc,Aire de jeu 18 mois à 5 ans,Recreation & Sport,,45.507558,-73.828417,,,,Ville de Montreal Open Data,https://donnees.montreal.ca,2026-06-26
CTR_3cd2e161,Aire de jeu 18 mois à 5 ans,Recreation & Sport,,45.465122,-73.884032,,,,Ville de Montreal Open Data,https://donnees.montreal.ca,2026-06-26
CTR_e26fa546,Pétanque,Recreation & Sport,,45.464182,-73.543554,,,,Ville de Montreal Open Data,https://donnees.montreal.ca,2026-06-26
CTR_a5359b61,Sentier de raquette,Recreation & Sport,,45.462175,-73.940222,,,,Ville de Montreal Open Data,https://donnees.montreal.ca,2026-06-26
CTR_c7ebdef7,Soccer / Football,Recreation & Sport,,45.510347,-73.609374,,,,Ville de Montreal Open Data,https://donnees.montreal.ca,2026-06-26
CTR_058271a5,Patinoire avec bandes,Recreation & Sport,,45.465934,-73.575132,,,,Ville de Montreal Open Data,https://donnees.montreal.ca,2026-06-26
CTR_cbc0345b,Rampe de mise à l'eau / descente de bateaux,Recreation & Sport,,45.697328,-73.498122,,,,Ville de Montreal Open Data,https://donnees.montreal.ca,2026-06-26
CTR_6ec5ab6b,Jeux d'eau,Recreation & Sport,,45.459232,-73.575688,,,,Ville de Montreal Open Data,https://donnees.montreal.ca,2026-06-26
CTR_6a410b56,Aire de jeu 18 mois à 5 ans,Recreation & Sport,,45.529252,-73.67538,,,,Ville de Montreal Open Data,https://donnees.montreal.ca,2026-06-26
CTR_21de79b3,Ping-pong,Recreation & Sport,,45.587134,-73.572511,,,,Ville de Montreal Open Data,https://donnees.montreal.ca,2026-06-26
CTR_96daeeb0,Sentier pédestre,Recreation & Sport,,45.613547,-73.533577,,,,Ville de Montreal Open Data,https://donnees.montreal.ca,2026-06-26
CTR_841901ab,Aire de jeu  5 à 12 ans,Recreation & Sport,,45.613323,-73.618632,,,,Ville de Montreal Open Data,https://donnees.montreal.ca,2026-06-26
CTR_5f07a670,Tennis,Recreation & Sport,,45.434907,-73.596177,,,,Ville de Montreal Open Data,https://donnees.montreal.ca,2026-06-26
CTR_2e70a032,Patinoire sans bandes,Recreation & Sport,,45.524027,-73.569491,,,,Ville de Montreal Open Data,https://donnees.montreal.ca,2026-06-26
CTR_15c949c1,Aire de jeu 18 mois à 5 ans,Recreation & Sport,,45.582105,-73.551811,,,,Ville de Montreal Open Data,https://donnees.montreal.ca,2026-06-26
CTR_2395b01f,Pastille - Basketball,Recreation & Sport,,45.668254,-73.493518,,,,Ville de Montreal Open Data,https://donnees.montreal.ca,2026-06-26
CTR_d714908a,Soccer à 11,Recreation & Sport,,45.516306,-73.60963,,,,Ville de Montreal Open Data,https://donnees.montreal.ca,2026-06-26
CTR_23513c91,Sentier pédestre,Recreation & Sport,,45.429411,-73.592486,,,,Ville de Montreal Open Data,https://donnees.montreal.ca,2026-06-26
CTR_10d44c82,Abri soleil,Recreation & Sport,,45.582005,-73.648129,,,,Ville de Montreal Open Data,https://donnees.montreal.ca,2026-06-26
CTR_7aa92d68,Scène,Recreation & Sport,,45.533773,-73.642463,,,,Ville de Montreal Open Data,https://donnees.montreal.ca,2026-06-26
CTR_18cb447b,Pataugeoire,Recreation & Sport,,45.529149,-73.676353,,,,Ville de Montreal Open Data,https://donnees.montreal.ca,2026-06-26
CTR_a4844eee,Tennis,Recreation & Sport,,45.667993,-73.493171,,,,Ville de Montreal Open Data,https://donnees.montreal.ca,2026-06-26
CTR_9e0dacbe,Soccer à 11,Recreation & Sport,,45.490732,-73.846064,,,,Ville de Montreal Open Data,https://donnees.montreal.ca,2026-06-26
CTR_8c129b01,Aire de jeu  5 à 12 ans,Recreation & Sport,,45.501535,-73.703005,,,,Ville de Montreal Open Data,https://donnees.montreal.ca,2026-06-26
CTR_08f18bec,Aire de jeu 18 mois à 5 ans,Recreation & Sport,,45.594566,-73.519487,,,,Ville de Montreal Open Data,https://donnees.montreal.ca,2026-06-26
CTR_b073e1c0,Aire de jeu 18 mois à 5 ans,Recreation & Sport,,45.51101,-73.838649,,,,Ville de Montreal Open Data,https://donnees.montreal.ca,2026-06-26
CTR_582af503,Soccer à 11,Recreation & Sport,,45.529181,-73.707082,,,,Ville de Montreal Open Data,https://donnees.montreal.ca,2026-06-26
CTR_d492e2bc,Pataugeoire,Recreation & Sport,,45.497469,-73.61981,,,,Ville de Montreal Open Data,https://donnees.montreal.ca,2026-06-26
CTR_bfa49405,Jeux d'eau,Recreation & Sport,,45.520229,-73.561253,,,,Ville de Montreal Open Data,https://donnees.montreal.ca,2026-06-26
CTR_80281399,Patinoire sans bandes,Recreation & Sport,,45.548568,-73.639123,,,,Ville de Montreal Open Data,https://donnees.montreal.ca,2026-06-26
CTR_bb21f368,Pataugeoire,Recreation & Sport,,45.593123,-73.642677,,,,Ville de Montreal Open Data,https://donnees.montreal.ca,2026-06-26
CTR_1d588b6e,Basketball,Recreation & Sport,,45.519775,-73.676852,,,,Ville de Montreal Open Data,https://donnees.montreal.ca,2026-06-26
CTR_9c4670ca,Soccer à 7,Recreation & Sport,,45.537087,-73.568414,,,,Ville de Montreal Open Data,https://donnees.montreal.ca,2026-06-26
CTR_d1d894b2,Aire de jeu  5 à 12 ans,Recreation & Sport,,45.606934,-73.558959,,,,Ville de Montreal Open Data,https://donnees.montreal.ca,2026-06-26
CTR_4369374e,Bocce,Recreation & Sport,,45.627937,-73.593239,,,,Ville de Montreal Open Data,https://donnees.montreal.ca,2026-06-26
CTR_8f8bce9e,Aire de jeu  5 à 12 ans,Recreation & Sport,,45.483433,-73.635293,,,,Ville de Montreal Open Data,https://donnees.montreal.ca,2026-06-26
CTR_24f66509,Aire de jeu 18 mois à 5 ans,Recreation & Sport,,45.538143,-73.610513,,,,Ville de Montreal Open Data,https://donnees.montreal.ca,2026-06-26
CTR_5e4cefdc,Balle,Recreation & Sport,,45.604506,-73.58435,,,,Ville de Montreal Open Data,https://donnees.montreal.ca,2026-06-26
CTR_0229e7b6,Aire de jeu  5 à 12 ans,Recreation & Sport,,45.580692,-73.519147,,,,Ville de Montreal Open Data,https://donnees.montreal.ca,2026-06-26
CTR_551e4092,Piscine extérieure,Recreation & Sport,,45.589239,-73.606484,,,,Ville de Montreal Open Data,https://donnees.montreal.ca,2026-06-26
CTR_c95c426d,Tennis,Recreation & Sport,,45.598728,-73.635859,,,,Ville de Montreal Open Data,https://donnees.montreal.ca,2026-06-26
CTR_07b51c39,Aire de jeu  5 à 12 ans,Recreation & Sport,,45.592807,-73.609926,,,,Ville de Montreal Open Data,https://donnees.montreal.ca,2026-06-26
CTR_6b9759b5,Patinoire avec bandes,Recreation & Sport,,45.670098,-73.541935,,,,Ville de Montreal Open Data,https://donnees.montreal.ca,2026-06-26
CTR_b42debc6,Jeux d'eau,Recreation & Sport,,45.539908,-73.648831,,,,Ville de Montreal Open Data,https://donnees.montreal.ca,2026-06-26
CTR_21547f73,Aire de jeu  5 à 12 ans,Recreation & Sport,,45.519109,-73.685441,,,,Ville de Montreal Open Data,https://donnees.montreal.ca,2026-06-26
CTR_674890a5,Tennis,Recreation & Sport,,45.515755,-73.727521,,,,Ville de Montreal Open Data,https://donnees.montreal.ca,2026-06-26
CTR_408c4f5d,Soccer à 7,Recreation & Sport,,45.598353,-73.638151,,,,Ville de Montreal Open Data,https://donnees.montreal.ca,2026-06-26
CTR_9fcde746,Tennis,Recreation & Sport,,45.602478,-73.557199,,,,Ville de Montreal Open Data,https://donnees.montreal.ca,2026-06-26
CTR_77dff236,Aire de jeu combiné,Recreation & Sport,,45.509206,-73.812218,,,,Ville de Montreal Open Data,https://donnees.montreal.ca,2026-06-26
CTR_687a854a,Piscine extérieure,Recreation & Sport,,45.562698,-73.600556,,,,Ville de Montreal Open Data,https://donnees.montreal.ca,2026-06-26
CTR_3b37dfde,Piscine extérieure,Recreation & Sport,,45.481326,-73.866338,,,,Ville de Montreal Open Data,https://donnees.montreal.ca,2026-06-26
CTR_4106fdd2,Volleyball de plage,Recreation & Sport,,45.551722,-73.632391,,,,Ville de Montreal Open Data,https://donnees.montreal.ca,2026-06-26
CTR_2daecf29,Aire de jeu  5 à 12 ans,Recreation & Sport,,45.543086,-73.538469,,,,Ville de Montreal Open Data,https://donnees.montreal.ca,2026-06-26
CTR_34835576,Aire de jeu  5 à 12 ans,Recreation & Sport,,45.510517,-73.800116,,,,Ville de Montreal Open Data,https://donnees.montreal.ca,2026-06-26
CTR_60d876f2,Aire de jeu  5 à 12 ans,Recreation & Sport,,45.472751,-73.615629,,,,Ville de Montreal Open Data,https://donnees.montreal.ca,2026-06-26
CTR_5f7d5e92,Jeux d'eau,Recreation & Sport,,45.530111,-73.560073,,,,Ville de Montreal Open Data,https://donnees.montreal.ca,2026-06-26
CTR_a56778db,Anneau / Rond de glace,Recreation & Sport,,45.43358,-73.684977,,,,Ville de Montreal Open Data,https://donnees.montreal.ca,2026-06-26
CTR_afb25f51,Patinoire 4 saisons,Recreation & Sport,,45.486767,-73.884069,,,,Ville de Montreal Open Data,https://donnees.montreal.ca,2026-06-26
CTR_8ec78794,Aire de jeu 18 mois à 5 ans,Recreation & Sport,,45.606192,-73.629386,,,,Ville de Montreal Open Data,https://donnees.montreal.ca,2026-06-26
CTR_74515d09,Aire de pique-nique,Recreation & Sport,,45.516319,-73.725754,,,,Ville de Montreal Open Data,https://donnees.montreal.ca,2026-06-26
CTR_b8559883,Aire de jeu  5 à 12 ans,Recreation & Sport,,45.434101,-73.652914,,,,Ville de Montreal Open Data,https://donnees.montreal.ca,2026-06-26
CTR_5091753c,Sentier pédestre,Recreation & Sport,,45.434444,-73.698163,,,,Ville de Montreal Open Data,https://donnees.montreal.ca,2026-06-26
CTR_467afc72,Anneau / Rond de glace,Recreation & Sport,,45.521715,-73.690651,,,,Ville de Montreal Open Data,https://donnees.montreal.ca,2026-06-26
CTR_d8b48a08,Soccer à 7,Recreation & Sport,,45.539709,-73.592763,,,,Ville de Montreal Open Data,https://donnees.montreal.ca,2026-06-26
CTR_8077ade7,Aire de jeu 18 mois à 5 ans,Recreation & Sport,,45.506531,-73.802981,,,,Ville de Montreal Open Data,https://donnees.montreal.ca,2026-06-26
CTR_0b3a4176,Pataugeoire,Recreation & Sport,,45.568952,-73.571144,,,,Ville de Montreal Open Data,https://donnees.montreal.ca,2026-06-26
CTR_c26cb7e0,Soccer sous-terrain à 7,Recreation & Sport,,45.448003,-73.584449,,,,Ville de Montreal Open Data,https://donnees.montreal.ca,2026-06-26
CTR_8714fe3e,Aire de jeu combiné,Recreation & Sport,,45.520715,-73.672402,,,,Ville de Montreal Open Data,https://donnees.montreal.ca,2026-06-26
CTR_20daa767,Aire de jeu 18 mois à 5 ans,Recreation & Sport,,45.442187,-73.666379,,,,Ville de Montreal Open Data,https://donnees.montreal.ca,2026-06-26
CTR_569eb571,Balle,Recreation & Sport,,45.575022,-73.532692,,,,Ville de Montreal Open Data,https://donnees.montreal.ca,2026-06-26
CTR_bd0adbf1,Aire de jeu 18 mois à 5 ans,Recreation & Sport,,45.624996,-73.596137,,,,Ville de Montreal Open Data,https://donnees.montreal.ca,2026-06-26
CTR_b192f51b,Aire de jeu  5 à 12 ans,Recreation & Sport,,45.45567,-73.563745,,,,Ville de Montreal Open Data,https://donnees.montreal.ca,2026-06-26
CTR_1597cc11,Grève / Plage,Recreation & Sport,,45.498139,-73.523774,,,,Ville de Montreal Open Data,https://donnees.montreal.ca,2026-06-26
CTR_ef964f2e,Aire de jeu 18 mois à 5 ans,Recreation & Sport,,45.521698,-73.580156,,,,Ville de Montreal Open Data,https://donnees.montreal.ca,2026-06-26
CTR_b386606f,Pataugeoire,Recreation & Sport,,45.460367,-73.631702,,,,Ville de Montreal Open Data,https://donnees.montreal.ca,2026-06-26
CTR_996b28a5,Aire de jeu  5 à 12 ans,Recreation & Sport,,45.496761,-73.597513,,,,Ville de Montreal Open Data,https://donnees.montreal.ca,2026-06-26
CTR_d62d74a5,Aire de planche à roulette,Recreation & Sport,,45.542278,-73.553731,,,,Ville de Montreal Open Data,https://donnees.montreal.ca,2026-06-26
CTR_d3738ea4,Jeux d'eau,Recreation & Sport,,45.523298,-73.584215,,,,Ville de Montreal Open Data,https://donnees.montreal.ca,2026-06-26
CTR_3f8bed8c,Aire de jeu 18 mois à 5 ans,Recreation & Sport,,45.492396,-73.88421,,,,Ville de Montreal Open Data,https://donnees.montreal.ca,2026-06-26
CTR_133690a3,Aire de jeu combiné,Recreation & Sport,,45.540073,-73.640182,,,,Ville de Montreal Open Data,https://donnees.montreal.ca,2026-06-26
CTR_2fbcde63,Soccer à 11,Recreation & Sport,,45.574782,-73.641289,,,,Ville de Montreal Open Data,https://donnees.montreal.ca,2026-06-26
CTR_51a4e8bd,Piscine extérieure,Recreation & Sport,,45.503127,-73.689684,,,,Ville de Montreal Open Data,https://donnees.montreal.ca,2026-06-26
CTR_21b7b56f,Pétanque,Recreation & Sport,,45.664262,-73.504066,,,,Ville de Montreal Open Data,https://donnees.montreal.ca,2026-06-26
CTR_0d5b6712,Piscine extérieure,Recreation & Sport,,45.463464,-73.544752,,,,Ville de Montreal Open Data,https://donnees.montreal.ca,2026-06-26
CTR_d2e931f3,Basketball,Recreation & Sport,,45.420318,-73.636484,,,,Ville de Montreal Open Data,https://donnees.montreal.ca,2026-06-26
CTR_0f9e0008,Aire de jeu 18 mois à 5 ans,Recreation & Sport,,45.574794,-73.624902,,,,Ville de Montreal Open Data,https://donnees.montreal.ca,2026-06-26
CTR_88a377f8,Soccer à 7,Recreation & Sport,,45.528274,-73.679012,,,,Ville de Montreal Open Data,https://donnees.montreal.ca,2026-06-26
CTR_d4203398,Aire de jeu  5 à 12 ans,Recreation & Sport,,45.458516,-73.882182,,,,Ville de Montreal Open Data,https://donnees.montreal.ca,2026-06-26
CTR_fe4d4c2d,Fer / Galet,Recreation & Sport,,45.440605,-73.691313,,,,Ville de Montreal Open Data,https://donnees.montreal.ca,2026-06-26
CTR_0a46ac6d,Aire de jeu 18 mois à 5 ans,Recreation & Sport,,45.461616,-73.874359,,,,Ville de Montreal Open Data,https://donnees.montreal.ca,2026-06-26
CTR_55652349,Volleyball de plage,Recreation & Sport,,45.440864,-73.69396,,,,Ville de Montreal Open Data,https://donnees.montreal.ca,2026-06-26
CTR_df9c20ce,Piscine extérieure,Recreation & Sport,,45.65399,-73.492273,,,,Ville de Montreal Open Data,https://donnees.montreal.ca,2026-06-26
CTR_6330c91b,Piscine extérieure,Recreation & Sport,,45.571185,-73.642319,,,,Ville de Montreal Open Data,https://donnees.montreal.ca,2026-06-26
CTR_2daf7b6f,Serre municipale,Recreation & Sport,,45.44003,-73.579516,,,,Ville de Montreal Open Data,https://donnees.montreal.ca,2026-06-26
CTR_8255d9fc,Aire de jeu 18 mois à 5 ans,Recreation & Sport,,45.558841,-73.642574,,,,Ville de Montreal Open Data,https://donnees.montreal.ca,2026-06-26
CTR_5d59fc89,Sentier de ski de fond,Recreation & Sport,,45.533325,-73.592406,,,,Ville de Montreal Open Data,https://donnees.montreal.ca,2026-06-26
CTR_8a5854b5,Belvédère,Recreation & Sport,,45.510176,-73.758046,,,,Ville de Montreal Open Data,https://donnees.montreal.ca,2026-06-26
CTR_4998c079,Aire de jeu  5 à 12 ans,Recreation & Sport,,45.419411,-73.612923,,,,Ville de Montreal Open Data,https://donnees.montreal.ca,2026-06-26
CTR_ef3577e2,Sentier de raquette,Recreation & Sport,,45.506792,-73.763159,,,,Ville de Montreal Open Data,https://donnees.montreal.ca,2026-06-26
CTR_c1283193,Jeux d'eau,Recreation & Sport,,45.506762,-73.716279,,,,Ville de Montreal Open Data,https://donnees.montreal.ca,2026-06-26
CTR_db8d2d00,Soccer à 7,Recreation & Sport,,45.649534,-73.499757,,,,Ville de Montreal Open Data,https://donnees.montreal.ca,2026-06-26
CTR_e0099cd3,Patinoire 4 saisons,Recreation & Sport,,45.458043,-73.5905,,,,Ville de Montreal Open Data,https://donnees.montreal.ca,2026-06-26
CTR_9d1fa05d,Piscine extérieure,Recreation & Sport,,45.581722,-73.582879,,,,Ville de Montreal Open Data,https://donnees.montreal.ca,2026-06-26
CTR_f83937ec,Basketball,Recreation & Sport,,45.530348,-73.641991,,,,Ville de Montreal Open Data,https://donnees.montreal.ca,2026-06-26
CTR_598a9921,Piste cyclable,Recreation & Sport,,45.506836,-73.720621,,,,Ville de Montreal Open Data,https://donnees.montreal.ca,2026-06-26
CTR_5576765e,Jeux d'eau,Recreation & Sport,,45.460896,-73.647153,,,,Ville de Montreal Open Data,https://donnees.montreal.ca,2026-06-26
CTR_001379f2,Aire de jeu  5 à 12 ans,Recreation & Sport,,45.497901,-73.807709,,,,Ville de Montreal Open Data,https://donnees.montreal.ca,2026-06-26
CTR_8502c050,Soccer / Football,Recreation & Sport,,45.549158,-73.551653,,,,Ville de Montreal Open Data,https://donnees.montreal.ca,2026-06-26
CTR_f5b6ac8f,Jeux d'eau,Recreation & Sport,,45.465573,-73.562098,,,,Ville de Montreal Open Data,https://donnees.montreal.ca,2026-06-26
CTR_bd50d56a,Pataugeoire,Recreation & Sport,,45.514989,-73.584122,,,,Ville de Montreal Open Data,https://donnees.montreal.ca,2026-06-26
CTR_204f52dc,Pataugeoire,Recreation & Sport,,45.457022,-73.605335,,,,Ville de Montreal Open Data,https://donnees.montreal.ca,2026-06-26
CTR_80f0e171,Aire de jeu combiné,Recreation & Sport,,45.546225,-73.621262,,,,Ville de Montreal Open Data,https://donnees.montreal.ca,2026-06-26
CTR_7f917b6c,Patinoire avec bandes,Recreation & Sport,,45.607279,-73.518218,,,,Ville de Montreal Open Data,https://donnees.montreal.ca,2026-06-26
CTR_7d3379dc,Balle,Recreation & Sport,,45.54405,-73.574158,,,,Ville de Montreal Open Data,https://donnees.montreal.ca,2026-06-26
CTR_dbd03e88,Sentier pédestre,Recreation & Sport,,45.460044,-73.551423,,,,Ville de Montreal Open Data,https://donnees.montreal.ca,2026-06-26
CTR_44d3231b,Abri soleil,Recreation & Sport,,45.424074,-73.656608,,,,Ville de Montreal Open Data,https://donnees.montreal.ca,2026-06-26
CTR_a9f40c99,Patinoire avec bandes,Recreation & Sport,,45.580886,-73.584006,,,,Ville de Montreal Open Data,https://donnees.montreal.ca,2026-06-26
CTR_917b9943,Aire de jeu 18 mois à 5 ans,Recreation & Sport,,45.590084,-73.562562,,,,Ville de Montreal Open Data,https://donnees.montreal.ca,2026-06-26
CTR_9936271f,Soccer à 4-5,Recreation & Sport,,45.509405,-73.698614,,,,Ville de Montreal Open Data,https://donnees.montreal.ca,2026-06-26
CTR_ed6a744b,Sentier de ski de fond,Recreation & Sport,,45.462107,-73.920457,,,,Ville de Montreal Open Data,https://donnees.montreal.ca,2026-06-26
CTR_fcc6fe65,Pataugeoire,Recreation & Sport,,45.502202,-73.633337,,,,Ville de Montreal Open Data,https://donnees.montreal.ca,2026-06-26
CTR_803f4573,Aire de jeu  5 à 12 ans,Recreation & Sport,,45.649636,-73.568353,,,,Ville de Montreal Open Data,https://donnees.montreal.ca,2026-06-26
CTR_e2c569ae,Piste d'athlétisme (400m) et équipements,Recreation & Sport,,45.490424,-73.8458,,,,Ville de Montreal Open Data,https://donnees.montreal.ca,2026-06-26
CTR_57525dce,Jeux d'eau,Recreation & Sport,,45.52743,-73.604574,,,,Ville de Montreal Open Data,https://donnees.montreal.ca,2026-06-26
CTR_d80ee7d8,Aire de jeu 18 mois à 5 ans,Recreation & Sport,,45.447924,-73.712708,,,,Ville de Montreal Open Data,https://donnees.montreal.ca,2026-06-26
CTR_60ff83f6,Sentier pédestre,Recreation & Sport,,45.516178,-73.533963,,,,Ville de Montreal Open Data,https://donnees.montreal.ca,2026-06-26
CTR_f2d3c288,Aire de jeu  5 à 12 ans,Recreation & Sport,,45.513294,-73.685371,,,,Ville de Montreal Open Data,https://donnees.montreal.ca,2026-06-26
CTR_2f7c0c18,Aire de jeu  5 à 12 ans,Recreation & Sport,,45.483521,-73.620384,,,,Ville de Montreal Open Data,https://donnees.montreal.ca,2026-06-26
CTR_17f751f6,Aire de jeu  5 à 12 ans,Recreation & Sport,,45.468331,-73.607552,,,,Ville de Montreal Open Data,https://donnees.montreal.ca,2026-06-26
CTR_1e82e45b,Aire de jeu  5 à 12 ans,Recreation & Sport,,45.530638,-73.546466,,,,Ville de Montreal Open Data,https://donnees.montreal.ca,2026-06-26
CTR_71fbecbd,Aire de jeu 18 mois à 5 ans,Recreation & Sport,,45.560335,-73.569258,,,,Ville de Montreal Open Data,https://donnees.montreal.ca,2026-06-26
CTR_c0489034,Soccer à 4-5,Recreation & Sport,,45.540733,-73.665361,,,,Ville de Montreal Open Data,https://donnees.montreal.ca,2026-06-26
CTR_d2025173,Jeux d'eau,Recreation & Sport,,45.478032,-73.554664,,,,Ville de Montreal Open Data,https://donnees.montreal.ca,2026-06-26
CTR_b77ccca1,Sentier pédestre,Recreation & Sport,,45.428086,-73.675957,,,,Ville de Montreal Open Data,https://donnees.montreal.ca,2026-06-26
CTR_779c6771,Balle,Recreation & Sport,,45.469237,-73.56204,,,,Ville de Montreal Open Data,https://donnees.montreal.ca,2026-06-26
CTR_6e4de2a3,Aire de jeu 18 mois à 5 ans,Recreation & Sport,,45.445218,-73.696347,,,,Ville de Montreal Open Data,https://donnees.montreal.ca,2026-06-26
CTR_17732933,Patinoire sans bandes,Recreation & Sport,,45.446375,-73.651118,,,,Ville de Montreal Open Data,https://donnees.montreal.ca,2026-06-26
CTR_0edb86e9,Pétanque,Recreation & Sport,,45.666885,-73.502167,,,,Ville de Montreal Open Data,https://donnees.montreal.ca,2026-06-26
CTR_4ba199be,Basketball,Recreation & Sport,,45.504054,-73.767211,,,,Ville de Montreal Open Data,https://donnees.montreal.ca,2026-06-26
CTR_d7771370,Basketball,Recreation & Sport,,45.440229,-73.693814,,,,Ville de Montreal Open Data,https://donnees.montreal.ca,2026-06-26
CTR_c7f49ec6,Piscine extérieure,Recreation & Sport,,45.51299,-73.533509,,,,Ville de Montreal Open Data,https://donnees.montreal.ca,2026-06-26
CTR_307e52cd,Aire de jeu 18 mois à 5 ans,Recreation & Sport,,45.526586,-73.557127,,,,Ville de Montreal Open Data,https://donnees.montreal.ca,2026-06-26
CTR_3e58f0c5,Aire de jeu 18 mois à 5 ans,Recreation & Sport,,45.536152,-73.716935,,,,Ville de Montreal Open Data,https://donnees.montreal.ca,2026-06-26
CTR_6783c6be,Aire d'entraînement pour adultes,Recreation & Sport,,45.528884,-73.600158,,,,Ville de Montreal Open Data,https://donnees.montreal.ca,2026-06-26
CTR_951cf90b,Anneau / Rond de glace,Recreation & Sport,,45.607098,-73.560239,,,,Ville de Montreal Open Data,https://donnees.montreal.ca,2026-06-26
CTR_6e080e68,Piscine extérieure,Recreation & Sport,,45.528919,-73.675985,,,,Ville de Montreal Open Data,https://donnees.montreal.ca,2026-06-26
CTR_305dad84,Pétanque,Recreation & Sport,,45.533332,-73.587429,,,,Ville de Montreal Open Data,https://donnees.montreal.ca,2026-06-26
CTR_798dc019,Aire de jeu 18 mois à 5 ans,Recreation & Sport,,45.650257,-73.585221,,,,Ville de Montreal Open Data,https://donnees.montreal.ca,2026-06-26
CTR_948da735,Bocce,Recreation & Sport,,45.531227,-73.616817,,,,Ville de Montreal Open Data,https://donnees.montreal.ca,2026-06-26
CTR_2575b6d9,Volleyball de plage,Recreation & Sport,,45.440854,-73.694104,,,,Ville de Montreal Open Data,https://donnees.montreal.ca,2026-06-26
CTR_dae89f42,Soccer / Football,Recreation & Sport,,45.573904,-73.593022,,,,Ville de Montreal Open Data,https://donnees.montreal.ca,2026-06-26
CTR_24240b43,Tennis,Recreation & Sport,,45.429462,-73.65635,,,,Ville de Montreal Open Data,https://donnees.montreal.ca,2026-06-26
CTR_5f48375e,Aire de jeu 18 mois à 5 ans,Recreation & Sport,,45.651969,-73.492321,,,,Ville de Montreal Open Data,https://donnees.montreal.ca,2026-06-26
CTR_1ea7b50c,Aire de jeu  5 à 12 ans,Recreation & Sport,,45.539524,-73.595924,,,,Ville de Montreal Open Data,https://donnees.montreal.ca,2026-06-26
CTR_a7f4c05d,Tennis,Recreation & Sport,,45.51337,-73.600885,,,,Ville de Montreal Open Data,https://donnees.montreal.ca,2026-06-26
CTR_909e8bb8,Aire de jeu 18 mois à 5 ans,Recreation & Sport,,45.527259,-73.60459,,,,Ville de Montreal Open Data,https://donnees.montreal.ca,2026-06-26
CTR_346ecbe3,Aire d'exercice canin,Recreation & Sport,,45.510393,-73.717113,,,,Ville de Montreal Open Data,https://donnees.montreal.ca,2026-06-26
CTR_52460068,Soccer à 11,Recreation & Sport,,45.452419,-73.587095,,,,Ville de Montreal Open Data,https://donnees.montreal.ca,2026-06-26
CTR_5ed80b17,Jeux d'eau,Recreation & Sport,,45.607118,-73.559155,,,,Ville de Montreal Open Data,https://donnees.montreal.ca,2026-06-26
CTR_f33b625a,Aire d'exercice canin,Recreation & Sport,,45.434861,-73.595505,,,,Ville de Montreal Open Data,https://donnees.montreal.ca,2026-06-26
CTR_72d0cfda,Aire de jeu 18 mois à 5 ans,Recreation & Sport,,45.468494,-73.878648,,,,Ville de Montreal Open Data,https://donnees.montreal.ca,2026-06-26
CTR_f0adc706,Aire de jeu  5 à 12 ans,Recreation & Sport,,45.441081,-73.708283,,,,Ville de Montreal Open Data,https://donnees.montreal.ca,2026-06-26
CTR_1f6d1a48,Aire d'exercice canin,Recreation & Sport,,45.499528,-73.584956,,,,Ville de Montreal Open Data,https://donnees.montreal.ca,2026-06-26
CTR_e8a55be7,Volleyball de plage,Recreation & Sport,,45.540289,-73.59513,,,,Ville de Montreal Open Data,https://donnees.montreal.ca,2026-06-26
CTR_45020341,Patinoire avec bandes,Recreation & Sport,,45.458008,-73.590986,,,,Ville de Montreal Open Data,https://donnees.montreal.ca,2026-06-26
CTR_342b61f4,Aire de jeu  5 à 12 ans,Recreation & Sport,,45.504478,-73.852563,,,,Ville de Montreal Open Data,https://donnees.montreal.ca,2026-06-26
CTR_7ae89a1f,Aire de jeu  5 à 12 ans,Recreation & Sport,,45.419273,-73.637497,,,,Ville de Montreal Open Data,https://donnees.montreal.ca,2026-06-26
CTR_23bdda04,Sentier pédestre,Recreation & Sport,,45.433588,-73.685526,,,,Ville de Montreal Open Data,https://donnees.montreal.ca,2026-06-26
CTR_aae4c1f7,Aire de jeu 18 mois à 5 ans,Recreation & Sport,,45.460391,-73.632144,,,,Ville de Montreal Open Data,https://donnees.montreal.ca,2026-06-26
CTR_480dc0c0,Pétanque,Recreation & Sport,,45.529621,-73.695382,,,,Ville de Montreal Open Data,https://donnees.montreal.ca,2026-06-26
CTR_8ff6f210,Basketball,Recreation & Sport,,45.457282,-73.548834,,,,Ville de Montreal Open Data,https://donnees.montreal.ca,2026-06-26
CTR_4e0c0a9e,Aire de pique-nique,Recreation & Sport,,45.60578,-73.511127,,,,Ville de Montreal Open Data,https://donnees.montreal.ca,2026-06-26
CTR_91c88cb4,Sentier de ski de fond,Recreation & Sport,,45.433135,-73.683775,,,,Ville de Montreal Open Data,https://donnees.montreal.ca,2026-06-26
CTR_84717381,Aire de jeu 18 mois à 5 ans,Recreation & Sport,,45.667812,-73.493878,,,,Ville de Montreal Open Data,https://donnees.montreal.ca,2026-06-26
CTR_c7856e3f,Sentier pédestre,Recreation & Sport,,45.538253,-73.590308,,,,Ville de Montreal Open Data,https://donnees.montreal.ca,2026-06-26
CTR_defa415e,Soccer à 7,Recreation & Sport,,45.524237,-73.593147,,,,Ville de Montreal Open Data,https://donnees.montreal.ca,2026-06-26
CTR_022eb053,Soccer à 7,Recreation & Sport,,45.528697,-73.557766,,,,Ville de Montreal Open Data,https://donnees.montreal.ca,2026-06-26
CTR_7141e026,Aire de jeu  5 à 12 ans,Recreation & Sport,,45.586989,-73.639981,,,,Ville de Montreal Open Data,https://donnees.montreal.ca,2026-06-26
CTR_49523cbe,Basketball,Recreation & Sport,,45.440575,-73.693854,,,,Ville de Montreal Open Data,https://donnees.montreal.ca,2026-06-26
CTR_abf3b5e1,Patinoire sans bandes,Recreation & Sport,,45.553588,-73.591224,,,,Ville de Montreal Open Data,https://donnees.montreal.ca,2026-06-26
CTR_16ee01e5,Balle,Recreation & Sport,,45.487755,-73.885227,,,,Ville de Montreal Open Data,https://donnees.montreal.ca,2026-06-26
CTR_3a342c2d,Aire de jeu  5 à 12 ans,Recreation & Sport,,45.542182,-73.70039,,,,Ville de Montreal Open Data,https://donnees.montreal.ca,2026-06-26
CTR_738a729d,Piscine extérieure,Recreation & Sport,,45.522413,-73.720863,,,,Ville de Montreal Open Data,https://donnees.montreal.ca,2026-06-26
CTR_da855fa6,Aire de jeu 18 mois à 5 ans,Recreation & Sport,,45.432166,-73.639666,,,,Ville de Montreal Open Data,https://donnees.montreal.ca,2026-06-26
CTR_2b65303c,Scène,Recreation & Sport,,45.433633,-73.68524,,,,Ville de Montreal Open Data,https://donnees.montreal.ca,2026-06-26
CTR_e64b0378,Piste d'athlétisme (400m) et équipements,Recreation & Sport,,45.44542,-73.67873,,,,Ville de Montreal Open Data,https://donnees.montreal.ca,2026-06-26
CTR_fdf20f3a,Aire de jeu  5 à 12 ans,Recreation & Sport,,45.429998,-73.615113,,,,Ville de Montreal Open Data,https://donnees.montreal.ca,2026-06-26
CTR_0a9d0178,Aire de jeu  5 à 12 ans,Recreation & Sport,,45.582011,-73.642757,,,,Ville de Montreal Open Data,https://donnees.montreal.ca,2026-06-26
CTR_05acb58b,Pétanque,Recreation & Sport,,45.652448,-73.500968,,,,Ville de Montreal Open Data,https://donnees.montreal.ca,2026-06-26
CTR_48d3aa86,Pétanque,Recreation & Sport,,45.569566,-73.528789,,,,Ville de Montreal Open Data,https://donnees.montreal.ca,2026-06-26
CTR_b7bc3682,Aire d'entraînement pour adultes,Recreation & Sport,,45.5912,-73.589522,,,,Ville de Montreal Open Data,https://donnees.montreal.ca,2026-06-26
CTR_51a51ce1,Jeux d'eau,Recreation & Sport,,45.457903,-73.881388,,,,Ville de Montreal Open Data,https://donnees.montreal.ca,2026-06-26
CTR_c949d269,Aire de jeu 18 mois à 5 ans,Recreation & Sport,,45.56068,-73.543311,,,,Ville de Montreal Open Data,https://donnees.montreal.ca,2026-06-26
CTR_434104e1,Volleyball de plage,Recreation & Sport,,45.443552,-73.574488,,,,Ville de Montreal Open Data,https://donnees.montreal.ca,2026-06-26
CTR_3982b94d,Aire d'exercice canin,Recreation & Sport,,45.683087,-73.494233,,,,Ville de Montreal Open Data,https://donnees.montreal.ca,2026-06-26
CTR_74ee5df5,Balle,Recreation & Sport,,45.66868,-73.491978,,,,Ville de Montreal Open Data,https://donnees.montreal.ca,2026-06-26
CTR_ae1cf4ae,Basketball,Recreation & Sport,,45.498395,-73.869157,,,,Ville de Montreal Open Data,https://donnees.montreal.ca,2026-06-26
CTR_86fc0302,Soccer à 7,Recreation & Sport,,45.546453,-73.558654,,,,Ville de Montreal Open Data,https://donnees.montreal.ca,2026-06-26
CTR_58327b3c,Soccer à 7,Recreation & Sport,,45.61774,-73.54956,,,,Ville de Montreal Open Data,https://donnees.montreal.ca,2026-06-26
CTR_b938168b,Aire de jeu  5 à 12 ans,Recreation & Sport,,45.455649,-73.571369,,,,Ville de Montreal Open Data,https://donnees.montreal.ca,2026-06-26
CTR_9d4caa12,Aire de jeu  5 à 12 ans,Recreation & Sport,,45.546149,-73.671031,,,,Ville de Montreal Open Data,https://donnees.montreal.ca,2026-06-26
CTR_5d8f4737,Pétanque,Recreation & Sport,,45.505149,-73.673436,,,,Ville de Montreal Open Data,https://donnees.montreal.ca,2026-06-26
CTR_e876e1b7,Patinoire sans bandes,Recreation & Sport,,45.546408,-73.672286,,,,Ville de Montreal Open Data,https://donnees.montreal.ca,2026-06-26
CTR_e951e1b5,Aire de jeu 18 mois à 5 ans,Recreation & Sport,,45.50895,-73.693914,,,,Ville de Montreal Open Data,https://donnees.montreal.ca,2026-06-26
CTR_9d60a1d1,Aire de jeu 18 mois à 5 ans,Recreation & Sport,,45.610044,-73.616222,,,,Ville de Montreal Open Data,https://donnees.montreal.ca,2026-06-26
CTR_340bca10,Aire d'entraînement pour adultes,Recreation & Sport,,45.60734,-73.639169,,,,Ville de Montreal Open Data,https://donnees.montreal.ca,2026-06-26
CTR_0e5fd69b,Soccer à 11,Recreation & Sport,,45.548139,-73.652635,,,,Ville de Montreal Open Data,https://donnees.montreal.ca,2026-06-26
CTR_76762e59,Aire de jeu 18 mois à 5 ans,Recreation & Sport,,45.532454,-73.631501,,,,Ville de Montreal Open Data,https://donnees.montreal.ca,2026-06-26
CTR_75aa4bbb,Aire de jeu  5 à 12 ans,Recreation & Sport,,45.59286,-73.64918,,,,Ville de Montreal Open Data,https://donnees.montreal.ca,2026-06-26
CTR_e1fa78c4,Quai,Recreation & Sport,,45.433224,-73.688517,,,,Ville de Montreal Open Data,https://donnees.montreal.ca,2026-06-26
CTR_70605693,Patinoire avec bandes,Recreation & Sport,,45.515391,-73.583593,,,,Ville de Montreal Open Data,https://donnees.montreal.ca,2026-06-26
CTR_3f1721c8,Soccer / Football,Recreation & Sport,,45.652465,-73.578611,,,,Ville de Montreal Open Data,https://donnees.montreal.ca,2026-06-26
CTR_4ee8c12f,Piscine extérieure,Recreation & Sport,,45.422386,-73.648054,,,,Ville de Montreal Open Data,https://donnees.montreal.ca,2026-06-26
CTR_41bb18ff,Soccer à 11,Recreation & Sport,,45.460408,-73.630456,,,,Ville de Montreal Open Data,https://donnees.montreal.ca,2026-06-26
CTR_8dcfb5c5,Soccer à 4-5,Recreation & Sport,,45.602117,-73.514605,,,,Ville de Montreal Open Data,https://donnees.montreal.ca,2026-06-26
CTR_f64f99f3,Tennis,Recreation & Sport,,45.561289,-73.586377,,,,Ville de Montreal Open Data,https://donnees.montreal.ca,2026-06-26
CTR_29d5dbb5,Aire de jeu 18 mois à 5 ans,Recreation & Sport,,45.466819,-73.86945,,,,Ville de Montreal Open Data,https://donnees.montreal.ca,2026-06-26
CTR_144d8515,Aire de jeu 18 mois à 5 ans,Recreation & Sport,,45.531902,-73.610791,,,,Ville de Montreal Open Data,https://donnees.montreal.ca,2026-06-26
CTR_abfa5767,Sentier pédestre,Recreation & Sport,,45.507648,-73.729449,,,,Ville de Montreal Open Data,https://donnees.montreal.ca,2026-06-26
CTR_0d99a256,Tennis,Recreation & Sport,,45.576377,-73.533352,,,,Ville de Montreal Open Data,https://donnees.montreal.ca,2026-06-26
CTR_c8b1fbc0,Aire de jeu  5 à 12 ans,Recreation & Sport,,45.466375,-73.650001,,,,Ville de Montreal Open Data,https://donnees.montreal.ca,2026-06-26
CTR_52c75a2a,Balle,Recreation & Sport,,45.437972,-73.671195,,,,Ville de Montreal Open Data,https://donnees.montreal.ca,2026-06-26
CTR_eaee0b81,Balle,Recreation & Sport,,45.617306,-73.550246,,,,Ville de Montreal Open Data,https://donnees.montreal.ca,2026-06-26
CTR_e34c3331,Aire de jeu 18 mois à 5 ans,Recreation & Sport,,45.44883,-73.550682,,,,Ville de Montreal Open Data,https://donnees.montreal.ca,2026-06-26
CTR_026d797a,Volleyball de plage,Recreation & Sport,,45.537329,-73.630053,,,,Ville de Montreal Open Data,https://donnees.montreal.ca,2026-06-26
CTR_ef6706eb,Aire de jeu  5 à 12 ans,Recreation & Sport,,45.560561,-73.570013,,,,Ville de Montreal Open Data,https://donnees.montreal.ca,2026-06-26
CTR_05d4b2cb,Pastille - Basketball,Recreation & Sport,,45.537568,-73.687306,,,,Ville de Montreal Open Data,https://donnees.montreal.ca,2026-06-26
CTR_5f159f4f,Belvédère,Recreation & Sport,,45.442578,-73.574122,,,,Ville de Montreal Open Data,https://donnees.montreal.ca,2026-06-26
CTR_87cb9330,Aire de glissade,Recreation & Sport,,45.512669,-73.714245,,,,Ville de Montreal Open Data,https://donnees.montreal.ca,2026-06-26
CTR_696b30db,Patinoire sans bandes,Recreation & Sport,,45.516021,-73.726319,,,,Ville de Montreal Open Data,https://donnees.montreal.ca,2026-06-26
CTR_6de00158,Badminton,Recreation & Sport,,45.533623,-73.588074,,,,Ville de Montreal Open Data,https://donnees.montreal.ca,2026-06-26
CTR_df9b22b2,Aire de jeu  5 à 12 ans,Recreation & Sport,,45.518454,-73.690899,,,,Ville de Montreal Open Data,https://donnees.montreal.ca,2026-06-26
CTR_9eb38a66,Balle,Recreation & Sport,,45.468239,-73.562122,,,,Ville de Montreal Open Data,https://donnees.montreal.ca,2026-06-26
CTR_aa25f836,Soccer à 11,Recreation & Sport,,45.506001,-73.803043,,,,Ville de Montreal Open Data,https://donnees.montreal.ca,2026-06-26
CTR_009d836a,Soccer à 9,Recreation & Sport,,45.573098,-73.59437,,,,Ville de Montreal Open Data,https://donnees.montreal.ca,2026-06-26
CTR_7ea9e2be,Pétanque,Recreation & Sport,,45.528298,-73.707475,,,,Ville de Montreal Open Data,https://donnees.montreal.ca,2026-06-26
CTR_a72aa60d,Aire de jeu 18 mois à 5 ans,Recreation & Sport,,45.502441,-73.844943,,,,Ville de Montreal Open Data,https://donnees.montreal.ca,2026-06-26
CTR_d87316f4,Soccer à 4-5,Recreation & Sport,,45.46169,-73.644892,,,,Ville de Montreal Open Data,https://donnees.montreal.ca,2026-06-26
CTR_66b82e22,Aire de jeu  5 à 12 ans,Recreation & Sport,,45.525761,-73.583297,,,,Ville de Montreal Open Data,https://donnees.montreal.ca,2026-06-26
CTR_228c187b,Balle,Recreation & Sport,,45.520176,-73.695579,,,,Ville de Montreal Open Data,https://donnees.montreal.ca,2026-06-26
CTR_ac696905,Aire de jeu 18 mois à 5 ans,Recreation & Sport,,45.512963,-73.713858,,,,Ville de Montreal Open Data,https://donnees.montreal.ca,2026-06-26
CTR_c5f747c0,Balle,Recreation & Sport,,45.596368,-73.526959,,,,Ville de Montreal Open Data,https://donnees.montreal.ca,2026-06-26
CTR_166e813e,Ping-pong,Recreation & Sport,,45.544518,-73.575563,,,,Ville de Montreal Open Data,https://donnees.montreal.ca,2026-06-26
CTR_7dd86725,Tennis,Recreation & Sport,,45.438159,-73.677066,,,,Ville de Montreal Open Data,https://donnees.montreal.ca,2026-06-26
CTR_8ade8171,Aire de jeu 18 mois à 5 ans,Recreation & Sport,,45.541999,-73.699996,,,,Ville de Montreal Open Data,https://donnees.montreal.ca,2026-06-26
CTR_b4e3e5da,Piste d'athlétisme (400m) et équipements,Recreation & Sport,,45.553749,-73.636794,,,,Ville de Montreal Open Data,https://donnees.montreal.ca,2026-06-26
CTR_8f1819de,Anneau / Rond de glace,Recreation & Sport,,45.508166,-73.682034,,,,Ville de Montreal Open Data,https://donnees.montreal.ca,2026-06-26
CTR_b72a78a9,Aire de jeu 18 mois à 5 ans,Recreation & Sport,,45.516821,-73.623736,,,,Ville de Montreal Open Data,https://donnees.montreal.ca,2026-06-26
CTR_c2cdfe9e,Soccer à 7,Recreation & Sport,,45.57794,-73.587204,,,,Ville de Montreal Open Data,https://donnees.montreal.ca,2026-06-26
CTR_7cb3c71b,Pastille - Basketball,Recreation & Sport,,45.544732,-73.576391,,,,Ville de Montreal Open Data,https://donnees.montreal.ca,2026-06-26
CTR_6acabcba,Soccer à 4-5,Recreation & Sport,,45.59648,-73.597628,,,,Ville de Montreal Open Data,https://donnees.montreal.ca,2026-06-26
CTR_549ac553,Tennis,Recreation & Sport,,45.492587,-73.845571,,,,Ville de Montreal Open Data,https://donnees.montreal.ca,2026-06-26
CTR_15bc266b,Soccer à 11,Recreation & Sport,,45.536142,-73.709257,,,,Ville de Montreal Open Data,https://donnees.montreal.ca,2026-06-26
CTR_f7d76917,Patinoire avec bandes,Recreation & Sport,,45.599693,-73.62249,,,,Ville de Montreal Open Data,https://donnees.montreal.ca,2026-06-26
CTR_4a28e259,Aire d'entraînement pour adultes,Recreation & Sport,,45.455142,-73.639362,,,,Ville de Montreal Open Data,https://donnees.montreal.ca,2026-06-26
CTR_c41ba012,Belvédère,Recreation & Sport,,45.510494,-73.592566,,,,Ville de Montreal Open Data,https://donnees.montreal.ca,2026-06-26
CTR_2e661f45,Aire de jeu 18 mois à 5 ans,Recreation & Sport,,45.592719,-73.635018,,,,Ville de Montreal Open Data,https://donnees.montreal.ca,2026-06-26
CTR_2103b605,Aire de planche à roulette,Recreation & Sport,,45.538807,-73.592856,,,,Ville de Montreal Open Data,https://donnees.montreal.ca,2026-06-26
CTR_6b839289,Belvédère,Recreation & Sport,,45.445853,-73.557479,,,,Ville de Montreal Open Data,https://donnees.montreal.ca,2026-06-26
CTR_8937d0f5,Aire de jeu 18 mois à 5 ans,Recreation & Sport,,45.538888,-73.606871,,,,Ville de Montreal Open Data,https://donnees.montreal.ca,2026-06-26
CTR_c828d527,Balle,Recreation & Sport,,45.561154,-73.653174,,,,Ville de Montreal Open Data,https://donnees.montreal.ca,2026-06-26
CTR_485e51af,Aire de jeu  5 à 12 ans,Recreation & Sport,,45.488981,-73.633485,,,,Ville de Montreal Open Data,https://donnees.montreal.ca,2026-06-26
CTR_dae1806d,Pétanque,Recreation & Sport,,45.589898,-73.534901,,,,Ville de Montreal Open Data,https://donnees.montreal.ca,2026-06-26
CTR_94bb7601,Bocce,Recreation & Sport,,45.650018,-73.58486,,,,Ville de Montreal Open Data,https://donnees.montreal.ca,2026-06-26
CTR_4eccf161,Aire de jeu  5 à 12 ans,Recreation & Sport,,45.527734,-73.570986,,,,Ville de Montreal Open Data,https://donnees.montreal.ca,2026-06-26
CTR_22cece1c,Patinoire avec bandes,Recreation & Sport,,45.496834,-73.620003,,,,Ville de Montreal Open Data,https://donnees.montreal.ca,2026-06-26
CTR_fd353797,Basketball,Recreation & Sport,,45.623998,-73.609333,,,,Ville de Montreal Open Data,https://donnees.montreal.ca,2026-06-26
CTR_6c9c9253,Basketball,Recreation & Sport,,45.554833,-73.540128,,,,Ville de Montreal Open Data,https://donnees.montreal.ca,2026-06-26
CTR_cb22d654,Aire de glissade,Recreation & Sport,,45.55192,-73.567702,,,,Ville de Montreal Open Data,https://donnees.montreal.ca,2026-06-26
CTR_2262c773,Patinoire réfrigérée,Recreation & Sport,,45.498182,-73.598593,,,,Ville de Montreal Open Data,https://donnees.montreal.ca,2026-06-26
CTR_53a9c1fb,Jeux d'eau,Recreation & Sport,,45.548946,-73.638315,,,,Ville de Montreal Open Data,https://donnees.montreal.ca,2026-06-26
CTR_e4831956,Canöe / Kayak,Recreation & Sport,,45.50998,-73.762238,,,,Ville de Montreal Open Data,https://donnees.montreal.ca,2026-06-26
CTR_2c09fb1b,Aire de jeu 18 mois à 5 ans,Recreation & Sport,,45.571476,-73.541634,,,,Ville de Montreal Open Data,https://donnees.montreal.ca,2026-06-26
CTR_00ec5cac,Aire de jeu 18 mois à 5 ans,Recreation & Sport,,45.532273,-73.68088,,,,Ville de Montreal Open Data,https://donnees.montreal.ca,2026-06-26
CTR_edf93cd9,Jeux d'eau,Recreation & Sport,,45.578263,-73.61088,,,,Ville de Montreal Open Data,https://donnees.montreal.ca,2026-06-26
CTR_65e2bd24,Tennis,Recreation & Sport,,45.448938,-73.596555,,,,Ville de Montreal Open Data,https://donnees.montreal.ca,2026-06-26
CTR_f7f61c86,Aire de planche à roulette,Recreation & Sport,,45.44688,-73.683026,,,,Ville de Montreal Open Data,https://donnees.montreal.ca,2026-06-26
CTR_445c962c,Soccer à 4-5,Recreation & Sport,,45.508377,-73.708274,,,,Ville de Montreal Open Data,https://donnees.montreal.ca,2026-06-26
CTR_59c70330,Ping-pong,Recreation & Sport,,45.613486,-73.533695,,,,Ville de Montreal Open Data,https://donnees.montreal.ca,2026-06-26
CTR_126bbd88,Sentier pédestre,Recreation & Sport,,45.505934,-73.707672,,,,Ville de Montreal Open Data,https://donnees.montreal.ca,2026-06-26
CTR_36a60684,Basketball,Recreation & Sport,,45.610647,-73.615618,,,,Ville de Montreal Open Data,https://donnees.montreal.ca,2026-06-26
CTR_d825d0d1,Aire de jeu  5 à 12 ans,Recreation & Sport,,45.499866,-73.832766,,,,Ville de Montreal Open Data,https://donnees.montreal.ca,2026-06-26
CTR_c14cb95a,Balle,Recreation & Sport,,45.437844,-73.672176,,,,Ville de Montreal Open Data,https://donnees.montreal.ca,2026-06-26
CTR_cc6414d7,Aire de jeu 18 mois à 5 ans,Recreation & Sport,,45.608041,-73.533778,,,,Ville de Montreal Open Data,https://donnees.montreal.ca,2026-06-26
CTR_6f823ee5,Aire de jeu 18 mois à 5 ans,Recreation & Sport,,45.478541,-73.871547,,,,Ville de Montreal Open Data,https://donnees.montreal.ca,2026-06-26
CTR_25f552a2,Ping-pong,Recreation & Sport,,45.535472,-73.564491,,,,Ville de Montreal Open Data,https://donnees.montreal.ca,2026-06-26
CTR_7b51b03a,Aire de glissade,Recreation & Sport,,45.555703,-73.553149,,,,Ville de Montreal Open Data,https://donnees.montreal.ca,2026-06-26
CTR_efa23a40,Football,Recreation & Sport,,45.439693,-73.583063,,,,Ville de Montreal Open Data,https://donnees.montreal.ca,2026-06-26
CTR_a2584776,Soccer à 11,Recreation & Sport,,45.547537,-73.621934,,,,Ville de Montreal Open Data,https://donnees.montreal.ca,2026-06-26
CTR_d339e803,Volleyball de plage,Recreation & Sport,,45.606328,-73.510722,,,,Ville de Montreal Open Data,https://donnees.montreal.ca,2026-06-26
CTR_cae283d6,Aire de jeu  5 à 12 ans,Recreation & Sport,,45.456453,-73.542263,,,,Ville de Montreal Open Data,https://donnees.montreal.ca,2026-06-26
CTR_c6755fdf,Patinoire avec bandes,Recreation & Sport,,45.489806,-73.633634,,,,Ville de Montreal Open Data,https://donnees.montreal.ca,2026-06-26
CTR_7b4a2bb9,Aire de jeu  5 à 12 ans,Recreation & Sport,,45.592556,-73.635371,,,,Ville de Montreal Open Data,https://donnees.montreal.ca,2026-06-26
CTR_82a42a28,Pétanque,Recreation & Sport,,45.481023,-73.866916,,,,Ville de Montreal Open Data,https://donnees.montreal.ca,2026-06-26
CTR_0b1d036a,Jeux d'eau,Recreation & Sport,,45.501829,-73.780512,,,,Ville de Montreal Open Data,https://donnees.montreal.ca,2026-06-26
CTR_4c535207,Patinoire sans bandes,Recreation & Sport,,45.661437,-73.560932,,,,Ville de Montreal Open Data,https://donnees.montreal.ca,2026-06-26
CTR_671e8af2,Étang / lac,Recreation & Sport,,45.503097,-73.525217,,,,Ville de Montreal Open Data,https://donnees.montreal.ca,2026-06-26
CTR_1a58fd34,Jeux d'eau,Recreation & Sport,,45.585752,-73.594334,,,,Ville de Montreal Open Data,https://donnees.montreal.ca,2026-06-26
CTR_598f6cf4,Aire de jeu  5 à 12 ans,Recreation & Sport,,45.462867,-73.545264,,,,Ville de Montreal Open Data,https://donnees.montreal.ca,2026-06-26
CTR_190c1b5d,Aire de jeu  5 à 12 ans,Recreation & Sport,,45.454375,-73.580354,,,,Ville de Montreal Open Data,https://donnees.montreal.ca,2026-06-26
CTR_e9dcd1eb,Soccer à 7,Recreation & Sport,,45.588472,-73.570666,,,,Ville de Montreal Open Data,https://donnees.montreal.ca,2026-06-26
CTR_0548704a,Aire de jeu 18 mois à 5 ans,Recreation & Sport,,45.504982,-73.775441,,,,Ville de Montreal Open Data,https://donnees.montreal.ca,2026-06-26
CTR_980269e4,Soccer à 7,Recreation & Sport,,45.490467,-73.632646,,,,Ville de Montreal Open Data,https://donnees.montreal.ca,2026-06-26
CTR_4fbc4079,Basketball,Recreation & Sport,,45.533354,-73.556334,,,,Ville de Montreal Open Data,https://donnees.montreal.ca,2026-06-26
CTR_4521750c,Patinoire sans bandes,Recreation & Sport,,45.529787,-73.696388,,,,Ville de Montreal Open Data,https://donnees.montreal.ca,2026-06-26
CTR_3fd72164,Aire de jeu  5 à 12 ans,Recreation & Sport,,45.509217,-73.693576,,,,Ville de Montreal Open Data,https://donnees.montreal.ca,2026-06-26
CTR_19acf811,Aire d'entraînement pour adultes,Recreation & Sport,,45.53436,-73.552971,,,,Ville de Montreal Open Data,https://donnees.montreal.ca,2026-06-26
CTR_ecbcd4c0,Aire de jeu 18 mois à 5 ans,Recreation & Sport,,45.508067,-73.63322,,,,Ville de Montreal Open Data,https://donnees.montreal.ca,2026-06-26
CTR_f1fbce98,Piscine extérieure,Recreation & Sport,,45.502034,-73.70272,,,,Ville de Montreal Open Data,https://donnees.montreal.ca,2026-06-26
CTR_94a75798,Basketball,Recreation & Sport,,45.598698,-73.638814,,,,Ville de Montreal Open Data,https://donnees.montreal.ca,2026-06-26
CTR_b9b888cc,Aire de jeu 18 mois à 5 ans,Recreation & Sport,,45.541692,-73.543491,,,,Ville de Montreal Open Data,https://donnees.montreal.ca,2026-06-26
CTR_242eb99b,Pataugeoire,Recreation & Sport,,45.528434,-73.549343,,,,Ville de Montreal Open Data,https://donnees.montreal.ca,2026-06-26
CTR_59faf4ec,Soccer à 11,Recreation & Sport,,45.44657,-73.713908,,,,Ville de Montreal Open Data,https://donnees.montreal.ca,2026-06-26
CTR_7945e7c1,Aire de jeu 18 mois à 5 ans,Recreation & Sport,,45.533041,-73.608946,,,,Ville de Montreal Open Data,https://donnees.montreal.ca,2026-06-26
CTR_7151506e,Piscine extérieure,Recreation & Sport,,45.605846,-73.629066,,,,Ville de Montreal Open Data,https://donnees.montreal.ca,2026-06-26
CTR_889a4fff,Aire de jeu  5 à 12 ans,Recreation & Sport,,45.45901,-73.575599,,,,Ville de Montreal Open Data,https://donnees.montreal.ca,2026-06-26
CTR_5a613b04,Volleyball de plage,Recreation & Sport,,45.490042,-73.559574,,,,Ville de Montreal Open Data,https://donnees.montreal.ca,2026-06-26
CTR_c121e03b,Aire de jeu  5 à 12 ans,Recreation & Sport,,45.533474,-73.642519,,,,Ville de Montreal Open Data,https://donnees.montreal.ca,2026-06-26
CTR_293818d0,Aire de jeu  5 à 12 ans,Recreation & Sport,,45.54086,-73.667019,,,,Ville de Montreal Open Data,https://donnees.montreal.ca,2026-06-26
CTR_231387ea,Aire de jeu 18 mois à 5 ans,Recreation & Sport,,45.614953,-73.555387,,,,Ville de Montreal Open Data,https://donnees.montreal.ca,2026-06-26
CTR_86af9443,Pataugeoire,Recreation & Sport,,45.545971,-73.541165,,,,Ville de Montreal Open Data,https://donnees.montreal.ca,2026-06-26
CTR_1b2a7148,Aire de jeu 18 mois à 5 ans,Recreation & Sport,,45.439887,-73.665015,,,,Ville de Montreal Open Data,https://donnees.montreal.ca,2026-06-26
CTR_b660d992,Soccer à 11,Recreation & Sport,,45.597181,-73.598492,,,,Ville de Montreal Open Data,https://donnees.montreal.ca,2026-06-26
CTR_0767e6b2,Aire de jeu 18 mois à 5 ans,Recreation & Sport,,45.465169,-73.546955,,,,Ville de Montreal Open Data,https://donnees.montreal.ca,2026-06-26
CTR_5cf10c99,Soccer à 4-5,Recreation & Sport,,45.459422,-73.894586,,,,Ville de Montreal Open Data,https://donnees.montreal.ca,2026-06-26
CTR_58b91ab0,Aire de jeu  5 à 12 ans,Recreation & Sport,,45.528002,-73.708541,,,,Ville de Montreal Open Data,https://donnees.montreal.ca,2026-06-26
CTR_1541f090,Patinoire avec bandes,Recreation & Sport,,45.504568,-73.782928,,,,Ville de Montreal Open Data,https://donnees.montreal.ca,2026-06-26
CTR_d94f6a34,Aire d'exercice canin,Recreation & Sport,,45.567899,-73.571464,,,,Ville de Montreal Open Data,https://donnees.montreal.ca,2026-06-26
CTR_a17835b2,Aire de jeu 18 mois à 5 ans,Recreation & Sport,,45.694124,-73.493354,,,,Ville de Montreal Open Data,https://donnees.montreal.ca,2026-06-26
CTR_12b00d7b,Balle,Recreation & Sport,,45.551659,-73.635934,,,,Ville de Montreal Open Data,https://donnees.montreal.ca,2026-06-26
CTR_cdb285b8,Palet,Recreation & Sport,,45.556685,-73.662389,,,,Ville de Montreal Open Data,https://donnees.montreal.ca,2026-06-26
CTR_9bd53ac6,Aire d'entraînement pour adultes,Recreation & Sport,,45.556894,-73.66307,,,,Ville de Montreal Open Data,https://donnees.montreal.ca,2026-06-26
CTR_fa34c8e5,Balle,Recreation & Sport,,45.418798,-73.639403,,,,Ville de Montreal Open Data,https://donnees.montreal.ca,2026-06-26
CTR_3161a99d,Aire de jeu  5 à 12 ans,Recreation & Sport,,45.515648,-73.608115,,,,Ville de Montreal Open Data,https://donnees.montreal.ca,2026-06-26
CTR_7dbd15d2,Plancher de danse,Recreation & Sport,,45.426868,-73.595246,,,,Ville de Montreal Open Data,https://donnees.montreal.ca,2026-06-26
CTR_835ab49e,Soccer à 11,Recreation & Sport,,45.502869,-73.794105,,,,Ville de Montreal Open Data,https://donnees.montreal.ca,2026-06-26
CTR_581460ed,Pétanque,Recreation & Sport,,45.595761,-73.559031,,,,Ville de Montreal Open Data,https://donnees.montreal.ca,2026-06-26
CTR_5bd72a84,Pataugeoire,Recreation & Sport,,45.603066,-73.542928,,,,Ville de Montreal Open Data,https://donnees.montreal.ca,2026-06-26
CTR_b41b2a19,Patinoire avec bandes,Recreation & Sport,,45.509044,-73.703587,,,,Ville de Montreal Open Data,https://donnees.montreal.ca,2026-06-26
CTR_c70e8a21,Aire de jeu 18 mois à 5 ans,Recreation & Sport,,45.595401,-73.526685,,,,Ville de Montreal Open Data,https://donnees.montreal.ca,2026-06-26
CTR_547ee2d8,Patinoire avec bandes,Recreation & Sport,,45.463528,-73.542934,,,,Ville de Montreal Open Data,https://donnees.montreal.ca,2026-06-26
CTR_0d4c6286,Belvédère,Recreation & Sport,,45.426449,-73.591042,,,,Ville de Montreal Open Data,https://donnees.montreal.ca,2026-06-26
CTR_28804e32,Aire de jeu  5 à 12 ans,Recreation & Sport,,45.544985,-73.581425,,,,Ville de Montreal Open Data,https://donnees.montreal.ca,2026-06-26
CTR_8f9a25f9,Piste d'athlétisme (400m) et équipements,Recreation & Sport,,45.421073,-73.610854,,,,Ville de Montreal Open Data,https://donnees.montreal.ca,2026-06-26
CTR_1a57501e,Pétanque,Recreation & Sport,,45.551616,-73.568264,,,,Ville de Montreal Open Data,https://donnees.montreal.ca,2026-06-26
CTR_92cdff3c,Tennis,Recreation & Sport,,45.520932,-73.690315,,,,Ville de Montreal Open Data,https://donnees.montreal.ca,2026-06-26
CTR_0e173f28,Basketball,Recreation & Sport,,45.560286,-73.587178,,,,Ville de Montreal Open Data,https://donnees.montreal.ca,2026-06-26
CTR_bfc94822,Patinoire avec bandes,Recreation & Sport,,45.458172,-73.649635,,,,Ville de Montreal Open Data,https://donnees.montreal.ca,2026-06-26
CTR_603bb332,Basketball,Recreation & Sport,,45.523262,-73.577552,,,,Ville de Montreal Open Data,https://donnees.montreal.ca,2026-06-26
CTR_b3cd818e,Pataugeoire,Recreation & Sport,,45.606792,-73.517417,,,,Ville de Montreal Open Data,https://donnees.montreal.ca,2026-06-26
CTR_ff291c4b,Bocce,Recreation & Sport,,45.543703,-73.613492,,,,Ville de Montreal Open Data,https://donnees.montreal.ca,2026-06-26
CTR_322a8f22,Aire de pique-nique,Recreation & Sport,,45.527436,-73.604725,,,,Ville de Montreal Open Data,https://donnees.montreal.ca,2026-06-26
CTR_567cfe90,Soccer / Lacrosse,Recreation & Sport,,45.50292,-73.622704,,,,Ville de Montreal Open Data,https://donnees.montreal.ca,2026-06-26
CTR_0ab69cd4,Soccer à 7,Recreation & Sport,,45.444521,-73.573454,,,,Ville de Montreal Open Data,https://donnees.montreal.ca,2026-06-26
CTR_1b12b6cf,Patinoire sans bandes,Recreation & Sport,,45.513311,-73.600768,,,,Ville de Montreal Open Data,https://donnees.montreal.ca,2026-06-26
CTR_a6ffddb9,Aire de jeu 18 mois à 5 ans,Recreation & Sport,,45.592892,-73.547974,,,,Ville de Montreal Open Data,https://donnees.montreal.ca,2026-06-26
CTR_70d3866b,Sentier pédestre,Recreation & Sport,,45.431177,-73.670558,,,,Ville de Montreal Open Data,https://donnees.montreal.ca,2026-06-26
CTR_6114e4f9,Bocce,Recreation & Sport,,45.569483,-73.625794,,,,Ville de Montreal Open Data,https://donnees.montreal.ca,2026-06-26
CTR_7d3f0eeb,Aire de jeu  5 à 12 ans,Recreation & Sport,,45.461228,-73.64518,,,,Ville de Montreal Open Data,https://donnees.montreal.ca,2026-06-26
CTR_a3271809,Bocce,Recreation & Sport,,45.469299,-73.607857,,,,Ville de Montreal Open Data,https://donnees.montreal.ca,2026-06-26
CTR_d011f478,Pataugeoire,Recreation & Sport,,45.582007,-73.647818,,,,Ville de Montreal Open Data,https://donnees.montreal.ca,2026-06-26
CTR_ef23ae06,Pataugeoire,Recreation & Sport,,45.545414,-73.610136,,,,Ville de Montreal Open Data,https://donnees.montreal.ca,2026-06-26
CTR_e6d8b6e2,Ping-pong,Recreation & Sport,,45.478306,-73.574004,,,,Ville de Montreal Open Data,https://donnees.montreal.ca,2026-06-26
CTR_eadcf999,Aire de jeu 18 mois à 5 ans,Recreation & Sport,,45.472641,-73.891969,,,,Ville de Montreal Open Data,https://donnees.montreal.ca,2026-06-26
CTR_b0bba484,Aire de jeu 18 mois à 5 ans,Recreation & Sport,,45.601879,-73.515268,,,,Ville de Montreal Open Data,https://donnees.montreal.ca,2026-06-26
CTR_8390a96b,Tennis,Recreation & Sport,,45.46739,-73.86969,,,,Ville de Montreal Open Data,https://donnees.montreal.ca,2026-06-26
CTR_859c00f1,Aire de jeu  5 à 12 ans,Recreation & Sport,,45.421157,-73.61951,,,,Ville de Montreal Open Data,https://donnees.montreal.ca,2026-06-26
CTR_e3c63e19,Aire de jeu 18 mois à 5 ans,Recreation & Sport,,45.569893,-73.622092,,,,Ville de Montreal Open Data,https://donnees.montreal.ca,2026-06-26
CTR_1e9bdd46,Aire de jeu  5 à 12 ans,Recreation & Sport,,45.599383,-73.629308,,,,Ville de Montreal Open Data,https://donnees.montreal.ca,2026-06-26
CTR_c10c307a,Aire de jeu 18 mois à 5 ans,Recreation & Sport,,45.469082,-73.865657,,,,Ville de Montreal Open Data,https://donnees.montreal.ca,2026-06-26
CTR_107f8083,Aire de jeu 18 mois à 5 ans,Recreation & Sport,,45.431152,-73.660333,,,,Ville de Montreal Open Data,https://donnees.montreal.ca,2026-06-26
CTR_483f23b9,Aire de jeu  5 à 12 ans,Recreation & Sport,,45.540047,-73.574157,,,,Ville de Montreal Open Data,https://donnees.montreal.ca,2026-06-26
CTR_946a9f17,Volleyball de plage,Recreation & Sport,,45.428732,-73.593307,,,,Ville de Montreal Open Data,https://donnees.montreal.ca,2026-06-26
CTR_a965fdeb,Pataugeoire,Recreation & Sport,,45.52762,-73.688156,,,,Ville de Montreal Open Data,https://donnees.montreal.ca,2026-06-26
CTR_3c979588,Pastille - Basketball,Recreation & Sport,,45.468802,-73.608025,,,,Ville de Montreal Open Data,https://donnees.montreal.ca,2026-06-26
CTR_e6c301f4,Aire de jeu 18 mois à 5 ans,Recreation & Sport,,45.59924,-73.629148,,,,Ville de Montreal Open Data,https://donnees.montreal.ca,2026-06-26
CTR_f2a2cce6,Balle,Recreation & Sport,,45.661118,-73.560851,,,,Ville de Montreal Open Data,https://donnees.montreal.ca,2026-06-26
CTR_e626ea7f,Basketball,Recreation & Sport,,45.488953,-73.574773,,,,Ville de Montreal Open Data,https://donnees.montreal.ca,2026-06-26
CTR_2d53f3bb,Patinoire avec bandes,Recreation & Sport,,45.537056,-73.568446,,,,Ville de Montreal Open Data,https://donnees.montreal.ca,2026-06-26
CTR_09299640,Pataugeoire,Recreation & Sport,,45.499381,-73.853523,,,,Ville de Montreal Open Data,https://donnees.montreal.ca,2026-06-26
CTR_122ce864,Aire d'exercice canin,Recreation & Sport,,45.547978,-73.622952,,,,Ville de Montreal Open Data,https://donnees.montreal.ca,2026-06-26
CTR_e2a659db,Aire de jeu  5 à 12 ans,Recreation & Sport,,45.534323,-73.705012,,,,Ville de Montreal Open Data,https://donnees.montreal.ca,2026-06-26
CTR_84a064ca,Aire de glissade,Recreation & Sport,,45.461091,-73.921223,,,,Ville de Montreal Open Data,https://donnees.montreal.ca,2026-06-26
CTR_cc0be2fe,Aire de jeu  5 à 12 ans,Recreation & Sport,,45.448314,-73.58395,,,,Ville de Montreal Open Data,https://donnees.montreal.ca,2026-06-26
CTR_f9195b96,Tennis,Recreation & Sport,,45.418933,-73.637264,,,,Ville de Montreal Open Data,https://donnees.montreal.ca,2026-06-26
CTR_6ed24acb,Aire de jeu  5 à 12 ans,Recreation & Sport,,45.531411,-73.616672,,,,Ville de Montreal Open Data,https://donnees.montreal.ca,2026-06-26
CTR_6ae9f0c8,Patinoire avec bandes,Recreation & Sport,,45.596507,-73.52851,,,,Ville de Montreal Open Data,https://donnees.montreal.ca,2026-06-26
CTR_bc812215,Sentier de raquette,Recreation & Sport,,45.578648,-73.657143,,,,Ville de Montreal Open Data,https://donnees.montreal.ca,2026-06-26
CTR_5fc6adb4,Balle,Recreation & Sport,,45.553311,-73.589504,,,,Ville de Montreal Open Data,https://donnees.montreal.ca,2026-06-26
CTR_a42e1ab9,Aire de glissade,Recreation & Sport,,45.58503,-73.609679,,,,Ville de Montreal Open Data,https://donnees.montreal.ca,2026-06-26
CTR_eedd985c,Golf,Recreation & Sport,,45.503796,-73.893936,,,,Ville de Montreal Open Data,https://donnees.montreal.ca,2026-06-26
CTR_d28074b2,Fer / Galet,Recreation & Sport,,45.638415,-73.598749,,,,Ville de Montreal Open Data,https://donnees.montreal.ca,2026-06-26
CTR_cd4199f6,Football,Recreation & Sport,,45.508469,-73.824389,,,,Ville de Montreal Open Data,https://donnees.montreal.ca,2026-06-26
CTR_bd8dff1c,Jeux d'eau,Recreation & Sport,,45.61392,-73.53345,,,,Ville de Montreal Open Data,https://donnees.montreal.ca,2026-06-26
CTR_c6499ec0,Aire de jeu 18 mois à 5 ans,Recreation & Sport,,45.429117,-73.664236,,,,Ville de Montreal Open Data,https://donnees.montreal.ca,2026-06-26
CTR_29679bda,Jeux d'eau,Recreation & Sport,,45.65434,-73.507234,,,,Ville de Montreal Open Data,https://donnees.montreal.ca,2026-06-26
CTR_89c695fc,Aire de jeu  5 à 12 ans,Recreation & Sport,,45.468355,-73.888104,,,,Ville de Montreal Open Data,https://donnees.montreal.ca,2026-06-26
CTR_3d6d52fa,Disque-Golf,Recreation & Sport,,45.455681,-73.604203,,,,Ville de Montreal Open Data,https://donnees.montreal.ca,2026-06-26
CTR_0c6db814,Soccer / Football,Recreation & Sport,,45.516162,-73.585091,,,,Ville de Montreal Open Data,https://donnees.montreal.ca,2026-06-26
CTR_2b7fe421,Sentier pédestre,Recreation & Sport,,45.590282,-73.562998,,,,Ville de Montreal Open Data,https://donnees.montreal.ca,2026-06-26
CTR_057b7c78,Rampe de mise à l'eau / descente de bateaux,Recreation & Sport,,45.429199,-73.674275,,,,Ville de Montreal Open Data,https://donnees.montreal.ca,2026-06-26
CTR_2a4b15c6,Aire de jeu 18 mois à 5 ans,Recreation & Sport,,45.641235,-73.500082,,,,Ville de Montreal Open Data,https://donnees.montreal.ca,2026-06-26
CTR_b5d06f4c,Bocce,Recreation & Sport,,45.433121,-73.62106,,,,Ville de Montreal Open Data,https://donnees.montreal.ca,2026-06-26
CTR_313a2b5c,Soccer à 7,Recreation & Sport,,45.434653,-73.63544,,,,Ville de Montreal Open Data,https://donnees.montreal.ca,2026-06-26
CTR_8cfee525,Aire de jeu 18 mois à 5 ans,Recreation & Sport,,45.562213,-73.60012,,,,Ville de Montreal Open Data,https://donnees.montreal.ca,2026-06-26
CTR_c7ce115c,Basketball,Recreation & Sport,,45.456543,-73.6049,,,,Ville de Montreal Open Data,https://donnees.montreal.ca,2026-06-26
CTR_7e96dde2,Aire de jeu 18 mois à 5 ans,Recreation & Sport,,45.422175,-73.632625,,,,Ville de Montreal Open Data,https://donnees.montreal.ca,2026-06-26
CTR_735e719b,Aire de jeu 18 mois à 5 ans,Recreation & Sport,,45.508765,-73.681387,,,,Ville de Montreal Open Data,https://donnees.montreal.ca,2026-06-26
CTR_a94e8866,Aire de jeu  5 à 12 ans,Recreation & Sport,,45.616132,-73.549905,,,,Ville de Montreal Open Data,https://donnees.montreal.ca,2026-06-26
CTR_df5e49b8,Aire de jeu  5 à 12 ans,Recreation & Sport,,45.592832,-73.552307,,,,Ville de Montreal Open Data,https://donnees.montreal.ca,2026-06-26
CTR_af0c23e2,Ping-pong,Recreation & Sport,,45.460696,-73.64663,,,,Ville de Montreal Open Data,https://donnees.montreal.ca,2026-06-26
CTR_3ceb7207,Bocce,Recreation & Sport,,45.485547,-73.88171,,,,Ville de Montreal Open Data,https://donnees.montreal.ca,2026-06-26
CTR_5a2d6f0e,Aire de jeu 18 mois à 5 ans,Recreation & Sport,,45.634365,-73.598037,,,,Ville de Montreal Open Data,https://donnees.montreal.ca,2026-06-26
CTR_c07a487c,Aire de jeu  5 à 12 ans,Recreation & Sport,,45.627532,-73.603108,,,,Ville de Montreal Open Data,https://donnees.montreal.ca,2026-06-26
CTR_ba43ab58,Aire de jeu 18 mois à 5 ans,Recreation & Sport,,45.515432,-73.71504,,,,Ville de Montreal Open Data,https://donnees.montreal.ca,2026-06-26
CTR_cd99744a,Tennis,Recreation & Sport,,45.511527,-73.583259,,,,Ville de Montreal Open Data,https://donnees.montreal.ca,2026-06-26
CTR_c6e22f45,Patinoire avec bandes,Recreation & Sport,,45.497093,-73.882706,,,,Ville de Montreal Open Data,https://donnees.montreal.ca,2026-06-26
CTR_9503690c,Pataugeoire,Recreation & Sport,,45.471888,-73.637492,,,,Ville de Montreal Open Data,https://donnees.montreal.ca,2026-06-26
CTR_af62b16a,Aire de jeu  5 à 12 ans,Recreation & Sport,,45.551487,-73.532132,,,,Ville de Montreal Open Data,https://donnees.montreal.ca,2026-06-26
CTR_f391e8a9,Aire de jeu  5 à 12 ans,Recreation & Sport,,45.568596,-73.570946,,,,Ville de Montreal Open Data,https://donnees.montreal.ca,2026-06-26
CTR_ab9c05af,Aire de jeu  5 à 12 ans,Recreation & Sport,,45.549115,-73.639012,,,,Ville de Montreal Open Data,https://donnees.montreal.ca,2026-06-26
CTR_2c8cb590,Aire de jeu  5 à 12 ans,Recreation & Sport,,45.595841,-73.537816,,,,Ville de Montreal Open Data,https://donnees.montreal.ca,2026-06-26
CTR_e8e0a04b,Aire de glissade,Recreation & Sport,,45.477841,-73.552485,,,,Ville de Montreal Open Data,https://donnees.montreal.ca,2026-06-26
CTR_ffdb74a1,Jeux d'eau,Recreation & Sport,,45.546026,-73.670618,,,,Ville de Montreal Open Data,https://donnees.montreal.ca,2026-06-26
CTR_a65d82ad,Soccer à 11,Recreation & Sport,,45.506034,-73.717151,,,,Ville de Montreal Open Data,https://donnees.montreal.ca,2026-06-26
CTR_1f3918bb,Basketball,Recreation & Sport,,45.560138,-73.58727,,,,Ville de Montreal Open Data,https://donnees.montreal.ca,2026-06-26
CTR_ea7c77ee,Bocce,Recreation & Sport,,45.588963,-73.652128,,,,Ville de Montreal Open Data,https://donnees.montreal.ca,2026-06-26
CTR_3f13a0e2,Aire de jeu 18 mois à 5 ans,Recreation & Sport,,45.520779,-73.689862,,,,Ville de Montreal Open Data,https://donnees.montreal.ca,2026-06-26
CTR_2956e075,Pétanque,Recreation & Sport,,45.497596,-73.852097,,,,Ville de Montreal Open Data,https://donnees.montreal.ca,2026-06-26
CTR_ebc1ffd2,Aire de jeu  5 à 12 ans,Recreation & Sport,,45.66626,-73.51645,,,,Ville de Montreal Open Data,https://donnees.montreal.ca,2026-06-26
CTR_1b69c4e3,Aire de jeu  5 à 12 ans,Recreation & Sport,,45.543049,-73.62128,,,,Ville de Montreal Open Data,https://donnees.montreal.ca,2026-06-26
CTR_078729c2,Balle,Recreation & Sport,,45.533416,-73.630675,,,,Ville de Montreal Open Data,https://donnees.montreal.ca,2026-06-26
CTR_fe0b40be,Aire de jeu  5 à 12 ans,Recreation & Sport,,45.543947,-73.613523,,,,Ville de Montreal Open Data,https://donnees.montreal.ca,2026-06-26
CTR_c0e445a1,Tennis,Recreation & Sport,,45.551174,-73.676388,,,,Ville de Montreal Open Data,https://donnees.montreal.ca,2026-06-26
CTR_80d9fc5e,Basketball,Recreation & Sport,,45.567646,-73.614442,,,,Ville de Montreal Open Data,https://donnees.montreal.ca,2026-06-26
CTR_c640f8e3,Jeux d'eau,Recreation & Sport,,45.580023,-73.648716,,,,Ville de Montreal Open Data,https://donnees.montreal.ca,2026-06-26
CTR_0ba86196,Pétanque,Recreation & Sport,,45.534886,-73.704605,,,,Ville de Montreal Open Data,https://donnees.montreal.ca,2026-06-26
CTR_ba0dce13,Aire de jeu  5 à 12 ans,Recreation & Sport,,45.554077,-73.578295,,,,Ville de Montreal Open Data,https://donnees.montreal.ca,2026-06-26
CTR_e7db1aea,Soccer à 4-5,Recreation & Sport,,45.533304,-73.60898,,,,Ville de Montreal Open Data,https://donnees.montreal.ca,2026-06-26
CTR_8b4ff47c,Tennis,Recreation & Sport,,45.580651,-73.553529,,,,Ville de Montreal Open Data,https://donnees.montreal.ca,2026-06-26
CTR_6620343a,Balle,Recreation & Sport,,45.457217,-73.883903,,,,Ville de Montreal Open Data,https://donnees.montreal.ca,2026-06-26
CTR_8a580748,Aire d'exercice canin,Recreation & Sport,,45.543386,-73.572495,,,,Ville de Montreal Open Data,https://donnees.montreal.ca,2026-06-26
CTR_58d32779,Tennis,Recreation & Sport,,45.510571,-73.752784,,,,Ville de Montreal Open Data,https://donnees.montreal.ca,2026-06-26
CTR_ab58a7db,Aire de jeu 18 mois à 5 ans,Recreation & Sport,,45.526503,-73.688813,,,,Ville de Montreal Open Data,https://donnees.montreal.ca,2026-06-26
CTR_73cb104d,Aire de pique-nique,Recreation & Sport,,45.501538,-73.703143,,,,Ville de Montreal Open Data,https://donnees.montreal.ca,2026-06-26
CTR_dd648f34,Aire de jeu 18 mois à 5 ans,Recreation & Sport,,45.602713,-73.628977,,,,Ville de Montreal Open Data,https://donnees.montreal.ca,2026-06-26
CTR_47befb67,Aire de jeu  5 à 12 ans,Recreation & Sport,,45.515958,-73.571976,,,,Ville de Montreal Open Data,https://donnees.montreal.ca,2026-06-26
CTR_0a9f8809,Aire de jeu  5 à 12 ans,Recreation & Sport,,45.573355,-73.658643,,,,Ville de Montreal Open Data,https://donnees.montreal.ca,2026-06-26
CTR_cc91d156,Basketball,Recreation & Sport,,45.528792,-73.676466,,,,Ville de Montreal Open Data,https://donnees.montreal.ca,2026-06-26
CTR_d27281cd,Bocce,Recreation & Sport,,45.545702,-73.616197,,,,Ville de Montreal Open Data,https://donnees.montreal.ca,2026-06-26
CTR_9b25524d,Aire de jeu  5 à 12 ans,Recreation & Sport,,45.437258,-73.70502,,,,Ville de Montreal Open Data,https://donnees.montreal.ca,2026-06-26
CTR_38f79979,Old Brewery Mission (Webster Pavilion),Community & Social Services,902 Boulevard Saint-Laurent,45.5119,-73.5606,,,,MSSS / curated / INDex,see data/raw/source_metadata.csv,2026-06-26
CTR_a6ca7d4b,Maison du Père,Community & Social Services,550 Boulevard René-Lévesque Est,45.5168,-73.5559,,,,MSSS / curated / INDex,see data/raw/source_metadata.csv,2026-06-26
CTR_1e3aa5e7,Accueil Bonneau,Community & Social Services,427 Rue de la Commune Est,45.5096,-73.5512,,,,MSSS / curated / INDex,see data/raw/source_metadata.csv,2026-06-26
CTR_a5fe7842,Welcome Hall Mission (Mission Bon Accueil),Community & Social Services,606 Rue de Courcelle,45.4761,-73.5866,,,,MSSS / curated / INDex,see data/raw/source_metadata.csv,2026-06-26
CTR_2777c9f9,Chez Doris (women's shelter),Community & Social Services,1430 Rue Chomedey,45.4931,-73.5808,,,,MSSS / curated / INDex,see data/raw/source_metadata.csv,2026-06-26
CTR_a90f5e45,La rue des Femmes,Community & Social Services,1050 Rue Jeanne-Mance,45.5086,-73.5662,,,,MSSS / curated / INDex,see data/raw/source_metadata.csv,2026-06-26
CTR_0e4b5031,Refuge des Jeunes de Montréal,Community & Social Services,1836 Rue Sainte-Catherine Est,45.5263,-73.552,,,,MSSS / curated / INDex,see data/raw/source_metadata.csv,2026-06-26
CTR_5404afc4,Dans la Rue (youth services),Community & Social Services,1664 Rue Ontario Est,45.5241,-73.5559,,,,MSSS / curated / INDex,see data/raw/source_metadata.csv,2026-06-26
CTR_71177492,YWCA Montréal (Y des Femmes),Community & Social Services,1355 Boulevard René-Lévesque Ouest,45.4965,-73.579,,,,MSSS / curated / INDex,see data/raw/source_metadata.csv,2026-06-26
CTR_b61e17f1,YMCA Centre-ville,Community & Social Services,1440 Rue Stanley,45.5009,-73.5739,,,,MSSS / curated / INDex,see data/raw/source_metadata.csv,2026-06-26
CTR_c9e2ddc6,Sun Youth (Jeunesse au Soleil),Food Support,4251 Rue Saint-Urbain,45.5172,-73.5871,,,,Moisson Montreal network (curated),see data/raw/source_metadata.csv,2026-06-26
CTR_31430001,Moisson Montréal,Food Support,6880 Chemin de la Côte-de-Liesse,45.488,-73.6679,,,,Moisson Montreal network (curated),see data/raw/source_metadata.csv,2026-06-26
CTR_b71d643e,Maison Benoît Labre,Community & Social Services,308 Rue Mongeau,45.4791,-73.5872,,,,MSSS / curated / INDex,see data/raw/source_metadata.csv,2026-06-26
CTR_c0f4f36f,PROMIS (immigrant services),Community & Social Services,3333 Chemin de la Côte-Sainte-Catherine,45.4641,-73.6421,,,,MSSS / curated / INDex,see data/raw/source_metadata.csv,2026-06-26
CTR_4a1f2b27,Centre Social d'Aide aux Immigrants (CSAI),Community & Social Services,6201 Rue Laurendeau,45.4561,-73.5972,,,,MSSS / curated / INDex,see data/raw/source_metadata.csv,2026-06-26
CTR_d644046f,Maison d'Haïti,Community & Social Services,3245 Avenue Émile-Journault,45.561,-73.619,,,,MSSS / curated / INDex,see data/raw/source_metadata.csv,2026-06-26
CTR_3d860986,CARI St-Laurent (newcomer services),Community & Social Services,774 Boulevard Décarie,45.5157,-73.672,,,,MSSS / curated / INDex,see data/raw/source_metadata.csv,2026-06-26
CTR_0feb154b,La Maisonnée (immigrant services),Community & Social Services,6865 Avenue Christophe-Colomb,45.536,-73.601,,,,MSSS / curated / INDex,see data/raw/source_metadata.csv,2026-06-26
CTR_1e4fed49,Carrefour Jeunesse-Emploi Centre-Sud / Plateau,Community & Social Services,1635 Boulevard de Maisonneuve Est,45.525,-73.568,,,,MSSS / curated / INDex,see data/raw/source_metadata.csv,2026-06-26
CTR_e17ebf8d,Centre des femmes de Montréal,Community & Social Services,3585 Rue Saint-Urbain,45.5045,-73.565,,,,MSSS / curated / INDex,see data/raw/source_metadata.csv,2026-06-26
CTR_6d88bcb9,Bouffe-Action de Rosemont,Food Support,2348 Rue Bélanger,45.5481,-73.579,,,,Moisson Montreal network (curated),see data/raw/source_metadata.csv,2026-06-26
CTR_1a67967f,Cuisine Collective Hochelaga-Maisonneuve,Food Support,4243 Rue Ontario Est,45.5443,-73.5476,,,,Moisson Montreal network (curated),see data/raw/source_metadata.csv,2026-06-26
CTR_499564ba,Garde-Manger Pour Tous,Food Support,5960 Avenue de Lorimier,45.5289,-73.587,,,,Moisson Montreal network (curated),see data/raw/source_metadata.csv,2026-06-26
CTR_7cf1dafa,La Corbeille Bordeaux-Cartierville,Food Support,12225 Rue Grenet,45.5301,-73.679,,,,Moisson Montreal network (curated),see data/raw/source_metadata.csv,2026-06-26
CTR_9a67518b,Multicaf (Côte-des-Neiges food bank),Food Support,3600 Avenue Barclay,45.4937,-73.626,,,,Moisson Montreal network (curated),see data/raw/source_metadata.csv,2026-06-26
CTR_104d4597,Depot Community Food Centre (NDG),Food Support,6450 Avenue de Monkland,45.471,-73.613,,,,Moisson Montreal network (curated),see data/raw/source_metadata.csv,2026-06-26
CTR_7b828194,Maison de Quartier Villeray,Community & Social Services,660 Rue Villeray,45.543,-73.625,,,,MSSS / curated / INDex,see data/raw/source_metadata.csv,2026-06-26
CTR_108f00c2,Carrefour d'Alimentation et de Partage St-Barnabé,Food Support,1475 Rue Bélanger,45.555,-73.598,,,,Moisson Montreal network (curated),see data/raw/source_metadata.csv,2026-06-26
CTR_fc52e760,Resilience Montréal (Cabot Square),Community & Social Services,3600 Boulevard Réné-Lévesque Ouest,45.49,-73.584,,,,MSSS / curated / INDex,see data/raw/source_metadata.csv,2026-06-26
CTR_56e87d9f,Auberge Madeleine (women's shelter),Community & Social Services,1140 Rue Joliette,45.536,-73.579,,,,MSSS / curated / INDex,see data/raw/source_metadata.csv,2026-06-26
CTR_22e3a69a,Le Chaînon (women's shelter),Community & Social Services,4373 Avenue de l'Esplanade,45.517,-73.595,,,,MSSS / curated / INDex,see data/raw/source_metadata.csv,2026-06-26
CTR_115acde5,Maison Tangente (youth shelter),Community & Social Services,5811 Avenue Pierre-De Coubertin,45.556,-73.55,,,,MSSS / curated / INDex,see data/raw/source_metadata.csv,2026-06-26
CTR_261c339b,En Marge 12-17 (youth shelter),Community & Social Services,1066 Rue Sainte-Catherine Est,45.523,-73.564,,,,MSSS / curated / INDex,see data/raw/source_metadata.csv,2026-06-26
CTR_88197aec,Centre communautaire Bon Courage de Place Benoît,Community & Social Services,7240 Rue de Nantes,45.516,-73.685,,,,MSSS / curated / INDex,see data/raw/source_metadata.csv,2026-06-26
CTR_560ae014,Carrefour Communautaire Montrose,Community & Social Services,5350 Boulevard Léger,45.603,-73.636,,,,MSSS / curated / INDex,see data/raw/source_metadata.csv,2026-06-26
CTR_bfb2b404,Halte-femmes Hochelaga-Maisonneuve,Community & Social Services,1705 Rue de Rouen,45.55,-73.543,,,,MSSS / curated / INDex,see data/raw/source_metadata.csv,2026-06-26
CTR_bbafe4ba,Moisson Montréal (Warehouse/HQ),Food Support,,45.5311,-73.6217,,,,Moisson Montreal network (curated),see data/raw/source_metadata.csv,2026-06-26
CTR_064969f6,Garde-manger Pour Tous,Food Support,,45.529,-73.587,,,,Moisson Montreal network (curated),see data/raw/source_metadata.csv,2026-06-26
CTR_a9d2679e,La Corbeille (Villeray),Food Support,,45.5538,-73.6123,,,,Moisson Montreal network (curated),see data/raw/source_metadata.csv,2026-06-26
CTR_f8b5d07f,La Maison du Partage de Youville,Food Support,,45.5196,-73.5591,,,,Moisson Montreal network (curated),see data/raw/source_metadata.csv,2026-06-26
CTR_a8174568,Dépannage Alimentaire NDG,Food Support,,45.4727,-73.6148,,,,Moisson Montreal network (curated),see data/raw/source_metadata.csv,2026-06-26
CTR_7f950086,Centre Évangélique Bethel (Parc-Extension),Food Support,,45.5367,-73.6332,,,,Moisson Montreal network (curated),see data/raw/source_metadata.csv,2026-06-26
CTR_ec3e66a8,Dépannage Alimentaire Mercier-Hochelaga,Food Support,,45.561,-73.5488,,,,Moisson Montreal network (curated),see data/raw/source_metadata.csv,2026-06-26
CTR_68b0e3a0,Dépannage Alimentaire Pointe-Saint-Charles,Food Support,,45.4678,-73.5648,,,,Moisson Montreal network (curated),see data/raw/source_metadata.csv,2026-06-26
CTR_9610bd80,La Ressourcerie alimentaire Saint-Laurent,Food Support,,45.5078,-73.689,,,,Moisson Montreal network (curated),see data/raw/source_metadata.csv,2026-06-26
CTR_6805d0ca,Dépannage Alimentaire Rosemont,Food Support,,45.5481,-73.5955,,,,Moisson Montreal network (curated),see data/raw/source_metadata.csv,2026-06-26
CTR_57533edc,First Nations Regional Adult Education Centre,Community & Social Services,"1679 Rue Mohawk, Kahnawake, QC J0L 1B0, Canada",45.410093,-73.689519,,,,MSSS / curated / INDex,see data/raw/source_metadata.csv,2026-06-26
CTR_2f7f29c4,Centre universitaire de santé McGill,Community & Social Services,"1650 Avenue Cedar, Montréal, QC, Canada",45.497461,-73.588338,,,,MSSS / curated / INDex,see data/raw/source_metadata.csv,2026-06-26
CTR_e7c3062c,Collège Dawson,Community & Social Services,"3040 Sherbrooke St W, Montréal, Québec H3Z 1A4, Canada",45.489612,-73.587582,,,,MSSS / curated / INDex,see data/raw/source_metadata.csv,2026-06-26
CTR_da434f87,Saralikitaaq – Centre communautaire de pédiatrie sociale,Community & Social Services,"757 Rue des Seigneurs, Montréal, QC H3J 1Y2, Canada",45.490191,-73.573161,,,,MSSS / curated / INDex,see data/raw/source_metadata.csv,2026-06-26
CTR_b5af990c,Centre de justice des premiers peuples de Tiohtià:ke / Montréal,Community & Social Services,"3500 Av. Laval, Montréal, QC, Canada",45.515877,-73.570398,,,,MSSS / curated / INDex,see data/raw/source_metadata.csv,2026-06-26
CTR_b0cd71cd,Cercle des Premières Nations de l’UQAM,Community & Social Services,"315 Rue Sainte-Catherine Est, Montréal, Québec, Canada",45.513356,-73.561152,,,,MSSS / curated / INDex,see data/raw/source_metadata.csv,2026-06-26
CTR_a732358a,La Porte Ouverte Montréal,Community & Social Services,"3535 Avenue du Parc, Montréal, QC, Canada",45.509985,-73.574178,,,,MSSS / curated / INDex,see data/raw/source_metadata.csv,2026-06-26
CTR_f7f0ffd4,Université McGill,Community & Social Services,"845 Sherbrooke Street West, Montréal, QC, Canada",45.494067,-73.583943,,,,MSSS / curated / INDex,see data/raw/source_metadata.csv,2026-06-26
CTR_a8c4861f,Makivvik,Community & Social Services,"1111 Bd Dr.-Frederik-Philips, Saint-Laurent, QC, Canada",45.496184,-73.701833,,,,MSSS / curated / INDex,see data/raw/source_metadata.csv,2026-06-26
CTR_a7d6edc6,Cégep Vanier,Community & Social Services,"821 Avenue Sainte-Croix, Saint-Laurent, QC, Canada",45.51465,-73.674643,,,,MSSS / curated / INDex,see data/raw/source_metadata.csv,2026-06-26
CTR_e5883b9f,Qavvivik – Centre de santé familiale et communautaire inuit,Community & Social Services,"4468 Rue Wellington 203 204, Verdun, QC, Canada",45.459448,-73.567171,,,,MSSS / curated / INDex,see data/raw/source_metadata.csv,2026-06-26
CTR_52ed034d,Inuit Siqinirmiut Quebecmi Ilaujut / Association des Inuit du Sud du Québec (AISQ),Community & Social Services,"1315 Rue Charlevoix, Montréal, QC, Canada",45.479406,-73.57076,,,,MSSS / curated / INDex,see data/raw/source_metadata.csv,2026-06-26
CTR_8c9dacaa,Centre d’amitié autochtone de Montréal,Community & Social Services,"2001 Saint Laurent Boulevard, Montréal, QC, Canada",45.511521,-73.566879,,,,MSSS / curated / INDex,see data/raw/source_metadata.csv,2026-06-26
CTR_42247a28,Résilience Montréal,Community & Social Services,"4000 Saint-Catherine Street West, Westmount, QC, Canada",45.488939,-73.58451,,,,MSSS / curated / INDex,see data/raw/source_metadata.csv,2026-06-26
CTR_b7399903,Chez Doris,Community & Social Services,"1430 Rue Chomedey, Montréal, QC, Canada",45.491172,-73.583386,,,,MSSS / curated / INDex,see data/raw/source_metadata.csv,2026-06-26
CTR_990b9bb1,Refuge Mitshuap Montréal,Community & Social Services,"2154 Sainte-Catherine Ouest, Montréal, QC, Canada",45.490614,-73.582547,,,,MSSS / curated / INDex,see data/raw/source_metadata.csv,2026-06-26
CTR_9dde3ac5,Montréal Autochtone,Community & Social Services,"3183 Rue Saint-Jacques, Montréal, QC, Canada",45.483482,-73.580616,,,,MSSS / curated / INDex,see data/raw/source_metadata.csv,2026-06-26
CTR_2b2d4516,Université du Québec à Montréal (UQAM),Community & Social Services,"320 Rue Sainte-Catherine Est, Montréal, Québec H2X 1L7, Canada",45.512874,-73.56107,,,,MSSS / curated / INDex,see data/raw/source_metadata.csv,2026-06-26
CTR_f5cd184b,Collège Ahuntsic,Community & Social Services,"9155 Rue Saint-Hubert, Montréal, QC H2M 1Y6, Canada",45.551541,-73.642438,,,,MSSS / curated / INDex,see data/raw/source_metadata.csv,2026-06-26
CTR_b1ba1572,Médecins du Monde,Community & Social Services,"6235 Rue Saint-Hubert, Montréal, Québec H2S 2L9, Canada",45.535072,-73.600414,,,,MSSS / curated / INDex,see data/raw/source_metadata.csv,2026-06-26
CTR_04424bcf,L’Itinéraire,Community & Social Services,"2103 Rue Sainte-Catherine E, Montréal, QC H2K 2H9, Canada",45.634438,-73.505878,,,,MSSS / curated / INDex,see data/raw/source_metadata.csv,2026-06-26
CTR_966fd5f2,Plein Milieu,Community & Social Services,"4677 Saint Denis St, Montréal, Québec H2J 2L5, Canada",45.525104,-73.584975,,,,MSSS / curated / INDex,see data/raw/source_metadata.csv,2026-06-26
CTR_5fcc6a87,Centre des Femmes de Montréal,Community & Social Services,"3585 Rue Saint-Urbain, Montréal, Québec H2X 2N6, Canada",45.512724,-73.572837,,,,MSSS / curated / INDex,see data/raw/source_metadata.csv,2026-06-26
CTR_824715fa,HÔPITAL DU SACRÉ-COEUR-DE-MONTRÉAL,Community & Social Services,"5400, boulevard Gouin Ouest",45.5326,-73.713997,,,,MSSS / curated / INDex,see data/raw/source_metadata.csv,2026-06-26
CTR_68967eb3,HÔPITAL MAISONNEUVE-ROSEMONT,Community & Social Services,"5415, boulevard de l'Assomption",45.5742,-73.558502,,,,MSSS / curated / INDex,see data/raw/source_metadata.csv,2026-06-26
CTR_489df8cd,INSTITUT UNIVERSITAIRE DE GÉRIATRIE DE MONTRÉAL,Community & Social Services,"4565, chemin Queen-Mary",45.491001,-73.623802,,,,MSSS / curated / INDex,see data/raw/source_metadata.csv,2026-06-26
CTR_7b4a3216,MAISON DE NAISSANCE DE CÔTE-DES-NEIGES,Community & Social Services,"6560, chemin de la Côte-des-Neiges",45.5019,-73.635399,,,,MSSS / curated / INDex,see data/raw/source_metadata.csv,2026-06-26
CTR_77f18e5d,CENTRE D'HÉBERGEMENT ET DE SERVICES AMBULATOIRES CHAMPLAIN,Community & Social Services,"1325, rue Crawford",45.438801,-73.5868,,,,MSSS / curated / INDex,see data/raw/source_metadata.csv,2026-06-26
CTR_257980e9,HÔPITAL DE VERDUN,Community & Social Services,"4000, boulevard LaSalle",45.4641,-73.564003,,,,MSSS / curated / INDex,see data/raw/source_metadata.csv,2026-06-26
CTR_4fa764cd,CLSC DE LA VISITATION ET GROUPE DE MÉDECINE DE FAMILLE UNIVERSITAIRE DES FAUBOURGS,Community & Social Services,"1705, rue de la Visitation",45.521099,-73.558899,,,,MSSS / curated / INDex,see data/raw/source_metadata.csv,2026-06-26
CTR_e6a17e94,HÔTEL-DIEU DE MONTRÉAL,Community & Social Services,"3840, rue Saint-Urbain",45.513901,-73.578102,,,,MSSS / curated / INDex,see data/raw/source_metadata.csv,2026-06-26
CTR_60d292ad,CENTRE DE RÉADAPTATION POUR LES JEUNES EN DIFFICULTÉ D'ADAPTATION DU MONT SAINT-ANTOINE,Community & Social Services,"8147, rue Sherbrooke Est",45.598999,-73.535698,,,,MSSS / curated / INDex,see data/raw/source_metadata.csv,2026-06-26
CTR_13d0d984,FOYER DE GROUPE POUR LES JEUNES EN DIFFICULTÉ D'ADAPTATION DE LACHINE,Community & Social Services,"749, 25e Avenue",45.443401,-73.686798,,,,MSSS / curated / INDex,see data/raw/source_metadata.csv,2026-06-26
CTR_321c276c,FOYER DE GROUPE POUR LES JEUNES EN DIFFICULTÉ D'ADAPTATION GOUIN,Community & Social Services,"4350, boulevard Gouin Ouest",45.537899,-73.710701,,,,MSSS / curated / INDex,see data/raw/source_metadata.csv,2026-06-26
CTR_175e8fe5,FOYER DE GROUPE POUR LES JEUNES EN DIFFICULTÉ D'ADAPTATION GODBOUT,Community & Social Services,"9038, rue de Godbout",45.419998,-73.633102,,,,MSSS / curated / INDex,see data/raw/source_metadata.csv,2026-06-26
CTR_1e38202f,CENTRE DE RÉADAPTATION POUR LES JEUNES EN DIFFICULTÉ D'ADAPTATION DOMINIQUE-SAVIO,Community & Social Services,"9335, rue Saint-Hubert",45.5532,-73.646301,,,,MSSS / curated / INDex,see data/raw/source_metadata.csv,2026-06-26
CTR_756b555e,ATELIER DE TRAVAIL LABROSSE,Community & Social Services,"215, avenue Labrosse",45.473801,-73.824097,,,,MSSS / curated / INDex,see data/raw/source_metadata.csv,2026-06-26
CTR_bb530b3c,CENTRE DE RÉADAPTATION EN DÉFICIENCE INTELLECTUELLE ET EN TROUBLES DU SPECTRE DE L'AUTISME MARIE-BOURASSA,Community & Social Services,"5695, avenue des Marronniers",45.570099,-73.562599,,,,MSSS / curated / INDex,see data/raw/source_metadata.csv,2026-06-26
CTR_d0817bad,CENTRE DE RÉADAPTATION EN DÉFICIENCE INTELLECTUELLE ET EN TROUBLES DU SPECTRE DE L'AUTISME DANDURAND,Community & Social Services,"2425, rue Dandurand",45.544102,-73.581398,,,,MSSS / curated / INDex,see data/raw/source_metadata.csv,2026-06-26
CTR_9cdb578e,FOYER DE GROUPE DORNAL,Community & Social Services,"4912, avenue Dornal",45.487099,-73.627197,,,,MSSS / curated / INDex,see data/raw/source_metadata.csv,2026-06-26
CTR_546832e3,CENTRE D'ACTIVITÉS DE JOUR OPTION,Community & Social Services,"219, avenue Labrosse",45.469898,-73.8041,,,,MSSS / curated / INDex,see data/raw/source_metadata.csv,2026-06-26
CTR_ae31a09f,ATELIER DE TRAVAIL ET CENTRE D'ACTIVITÉS DE JOUR BENNY,Community & Social Services,"2221, avenue Benny",45.463699,-73.623497,,,,MSSS / curated / INDex,see data/raw/source_metadata.csv,2026-06-26
CTR_08e9aed4,CENTRE D'HÉBERGEMENT J.-HENRI-CHARBONNEAU,Community & Social Services,"3095, rue Sherbrooke Est",45.542702,-73.5588,,,,MSSS / curated / INDex,see data/raw/source_metadata.csv,2026-06-26
CTR_c4439cca,CENTRE DE RÉADAPTATION EN DÉPENDANCE ET DÉFICIENCE INTELLECTUELLE ET EN TROUBLES DU SPECTRE DE L'AUTISME LOUVAIN,Community & Social Services,"950, rue de Louvain Est",45.553902,-73.648399,,,,MSSS / curated / INDex,see data/raw/source_metadata.csv,2026-06-26
CTR_0b48c254,CENTRE DE RÉADAPTATION EN DÉPENDANCE SAINT-URBAIN,Community & Social Services,"3530, rue Saint-Urbain",45.511902,-73.572899,,,,MSSS / curated / INDex,see data/raw/source_metadata.csv,2026-06-26
CTR_412a82f7,CENTRE DE RÉADAPTATION EN DÉPENDANCE PRINCE-ARTHUR,Community & Social Services,"110, rue Prince-Arthur Ouest",45.512402,-73.5737,,,,MSSS / curated / INDex,see data/raw/source_metadata.csv,2026-06-26
CTR_c9a376e9,FOYER DE GROUPE POUR LES JEUNES EN DIFFICULTÉ D'ADAPTATION ESPLANADE,Community & Social Services,"204, boulevard Gouin Ouest",45.477901,-73.867897,,,,MSSS / curated / INDex,see data/raw/source_metadata.csv,2026-06-26
CTR_c5568c53,PAVILLON RACHEL-TOURIGNY,Community & Social Services,"5305, boulevard de l'Assomption",45.574001,-73.556801,,,,MSSS / curated / INDex,see data/raw/source_metadata.csv,2026-06-26
CTR_72a8f708,CHU SAINTE-JUSTINE,Community & Social Services,"3175, chemin de la Côte-Sainte-Catherine",45.503201,-73.624901,,,,MSSS / curated / INDex,see data/raw/source_metadata.csv,2026-06-26
CTR_841dc35e,HÔPITAL NEUROLOGIQUE DE MONTRÉAL,Community & Social Services,"3801, rue University",45.508999,-73.581398,,,,MSSS / curated / INDex,see data/raw/source_metadata.csv,2026-06-26
CTR_eaa7f1ec,FOYER DE GROUPE COLTON,Community & Social Services,"4559, avenue d'Oxford",45.477299,-73.627602,,,,MSSS / curated / INDex,see data/raw/source_metadata.csv,2026-06-26
CTR_e3b625ee,HÔPITAL DE LASALLE,Community & Social Services,"8585, terrasse Champlain",45.420799,-73.623398,,,,MSSS / curated / INDex,see data/raw/source_metadata.csv,2026-06-26
CTR_6cfc8c18,CENTRE DE SERVICES AMBULATOIRES EN SANTÉ MENTALE SAINT-CHARLES,Community & Social Services,"2840, boulevard Saint-Charles",45.4468,-73.853798,,,,MSSS / curated / INDex,see data/raw/source_metadata.csv,2026-06-26
CTR_a7735fa4,CENTRE DE SERVICES EN DÉFICIENCE INTELLECTUELLE ET EN TROUBLES ENVAHISSANTS DU DÉVELOPPEMENT DE L'OUEST-DE-MONTRÉAL,Community & Social Services,"8000, rue Notre-Dame",45.448898,-73.632301,,,,MSSS / curated / INDex,see data/raw/source_metadata.csv,2026-06-26
CTR_6f4f505e,CENTRE DE RÉADAPTATION EN DÉFICIENCE INTELLECTUELLE ET EN TROUBLES DU SPECTRE DE L'AUTISME PARC-DES-ROSERAIES,Community & Social Services,"7077, rue Beaubien Est, bureau 310",45.593601,-73.557999,,,,MSSS / curated / INDex,see data/raw/source_metadata.csv,2026-06-26
CTR_b5b4a01e,CENTRE DE PROTECTION ET DE RÉADAPTATION POUR LES JEUNES EN DIFFICULTÉ D'ADAPTATION DÉCARIE,Community & Social Services,"4434, boulevard Décarie",45.48,-73.622299,,,,MSSS / curated / INDex,see data/raw/source_metadata.csv,2026-06-26
CTR_0138d96d,CENTRE DE PROTECTION DE L'ENFANCE ET DE LA JEUNESSE DE POINTE-AUX-TREMBLES,Community & Social Services,"13000, rue Sherbrooke Est",45.6562,-73.509003,,,,MSSS / curated / INDex,see data/raw/source_metadata.csv,2026-06-26
CTR_e78c49ba,FOYER DE GROUPE POUR LES JEUNES EN DIFFICULTÉ D'ADAPTATION SAINT-VITAL,Community & Social Services,"10155, boulevard Saint-Vital",45.581799,-73.6371,,,,MSSS / curated / INDex,see data/raw/source_metadata.csv,2026-06-26
CTR_e50b71ae,CLSC DU LAC-SAINT-LOUIS,Community & Social Services,"180, avenue Cartier",45.438999,-73.827499,,,,MSSS / curated / INDex,see data/raw/source_metadata.csv,2026-06-26
CTR_44e4fcd6,CLSC DE PIERREFONDS,Community & Social Services,"13800, boulevard Gouin Ouest",45.4972,-73.848396,,,,MSSS / curated / INDex,see data/raw/source_metadata.csv,2026-06-26
CTR_9b876e03,HÔPITAL GÉNÉRAL DU LAKESHORE,Community & Social Services,"160, avenue Stillview",45.448601,-73.833702,,,,MSSS / curated / INDex,see data/raw/source_metadata.csv,2026-06-26
CTR_70a99875,CLSC DE DORVAL-LACHINE,Community & Social Services,"3320, rue Notre-Dame",45.435398,-73.681503,,,,MSSS / curated / INDex,see data/raw/source_metadata.csv,2026-06-26
CTR_62c6b8f4,HÔPITAL DE LACHINE,Community & Social Services,"650, 16e Avenue",45.4408,-73.677002,,,,MSSS / curated / INDex,see data/raw/source_metadata.csv,2026-06-26
CTR_b36a2783,CLSC DE SAINT-HENRI,Community & Social Services,"3833, rue Notre-Dame Ouest",45.478802,-73.583702,,,,MSSS / curated / INDex,see data/raw/source_metadata.csv,2026-06-26
CTR_884fbe55,CLSC ET CENTRE DE SERVICES AMBULATOIRES DE VERDUN,Community & Social Services,"400, rue de l'Église",45.462601,-73.569397,,,,MSSS / curated / INDex,see data/raw/source_metadata.csv,2026-06-26
CTR_9ef70c6f,CENTRE MULTISERVICES DE SANTÉ ET DE SERVICES SOCIAUX DE SAINT-HENRI,Community & Social Services,"5205, rue Notre-Dame Ouest",45.4697,-73.594002,,,,MSSS / curated / INDex,see data/raw/source_metadata.csv,2026-06-26
CTR_c903dadc,CLSC RENÉ-CASSIN,Community & Social Services,"5800, boulevard Cavendish",45.4758,-73.665497,,,,MSSS / curated / INDex,see data/raw/source_metadata.csv,2026-06-26
CTR_099511a0,HÔPITAL RICHARDSON,Community & Social Services,"5425, avenue Bessborough",45.472,-73.645897,,,,MSSS / curated / INDex,see data/raw/source_metadata.csv,2026-06-26
CTR_a22667f3,CLSC ET GROUPE DE MÉDECINE DE FAMILLE UNIVERSITAIRE CÔTE-DES-NEIGES,Community & Social Services,"5700, chemin de la Côte-des-Neiges",45.498199,-73.627296,,,,MSSS / curated / INDex,see data/raw/source_metadata.csv,2026-06-26
CTR_9ca02025,CLSC ET GROUPE DE MÉDECINE DE FAMILLE UNIVERSITAIRE MÉTRO,Community & Social Services,"1801, boulevard de Maisonneuve Ouest",45.494598,-73.581001,,,,MSSS / curated / INDex,see data/raw/source_metadata.csv,2026-06-26
CTR_4e6cde73,CENTRE D'HÉBERGEMENT NOTRE-DAME-DE-LA-MERCI,Community & Social Services,"555, boulevard Gouin Ouest",45.5476,-73.687698,,,,MSSS / curated / INDex,see data/raw/source_metadata.csv,2026-06-26
CTR_527c7b95,CLSC DE MONTRÉAL-NORD,Community & Social Services,"11441, boulevard Lacordaire",45.6073,-73.620003,,,,MSSS / curated / INDex,see data/raw/source_metadata.csv,2026-06-26
CTR_de488727,CLSC D'AHUNTSIC,Community & Social Services,"1165, boulevard Henri-Bourassa Est",45.561401,-73.665901,,,,MSSS / curated / INDex,see data/raw/source_metadata.csv,2026-06-26
CTR_e596a223,HÔPITAL FLEURY,Community & Social Services,"2180, rue Fleury Est",45.5718,-73.650398,,,,MSSS / curated / INDex,see data/raw/source_metadata.csv,2026-06-26
CTR_e501bed3,HÔPITAL JEAN-TALON,Community & Social Services,"1385, rue Jean-Talon Est",45.545898,-73.609497,,,,MSSS / curated / INDex,see data/raw/source_metadata.csv,2026-06-26
CTR_a4cc6552,CLSC DE VILLERAY,Community & Social Services,"1425, rue Jarry Est",45.5513,-73.621101,,,,MSSS / curated / INDex,see data/raw/source_metadata.csv,2026-06-26
CTR_1ce79041,CLSC DE LA PETITE-PATRIE,Community & Social Services,"6520, rue de Saint-Vallier",45.534801,-73.605202,,,,MSSS / curated / INDex,see data/raw/source_metadata.csv,2026-06-26
CTR_f2fa7248,CHSLD DE SAINT-MICHEL,Community & Social Services,"3130, rue Jarry Est",45.562,-73.610298,,,,MSSS / curated / INDex,see data/raw/source_metadata.csv,2026-06-26
CTR_995faa2c,CLSC DE SAINT-LÉONARD,Community & Social Services,"5540, rue Jarry Est",45.5853,-73.589897,,,,MSSS / curated / INDex,see data/raw/source_metadata.csv,2026-06-26
CTR_e3ecc346,CLSC ET GROUPE DE MÉDECINE DE FAMILLE UNIVERSITAIRE DE HOCHELAGA-MAISONNEUVE,Community & Social Services,"4201, rue Ontario Est",45.5513,-73.540901,,,,MSSS / curated / INDex,see data/raw/source_metadata.csv,2026-06-26
CTR_c6cb39cc,CLSC OLIVIER-GUIMOND,Community & Social Services,"5810, rue Sherbrooke Est",45.575001,-73.547501,,,,MSSS / curated / INDex,see data/raw/source_metadata.csv,2026-06-26
CTR_839f9ba3,CLSC DE RIVIÈRE-DES-PRAIRIES,Community & Social Services,"8655, boulevard Perras",45.644798,-73.585999,,,,MSSS / curated / INDex,see data/raw/source_metadata.csv,2026-06-26
CTR_d451dae8,CLSC DE L'EST-DE-MONTRÉAL,Community & Social Services,"13926, rue Notre-Dame Est",45.666401,-73.493599,,,,MSSS / curated / INDex,see data/raw/source_metadata.csv,2026-06-26
CTR_5dffe67a,CENTRE DE SERVICES AMBULATOIRES EN SANTÉ MENTALE PAPINEAU,Community & Social Services,"10345, avenue Papineau, 3e étage",45.568501,-73.653603,,,,MSSS / curated / INDex,see data/raw/source_metadata.csv,2026-06-26
CTR_1c98b1b4,CLSC DE MERCIER-EST,Community & Social Services,"9503, rue Sherbrooke Est",45.611698,-73.526604,,,,MSSS / curated / INDex,see data/raw/source_metadata.csv,2026-06-26
CTR_bc96914b,CLSC DU PLATEAU-MONT-ROYAL,Community & Social Services,"4625, avenue de Lorimier",45.536201,-73.573997,,,,MSSS / curated / INDex,see data/raw/source_metadata.csv,2026-06-26
CTR_c50c25e2,CLSC SAINT-URBAIN,Community & Social Services,"55, avenue du Mont-Royal Ouest",45.519501,-73.587303,,,,MSSS / curated / INDex,see data/raw/source_metadata.csv,2026-06-26
CTR_a56a17c1,FOYER DE GROUPE POUR LES JEUNES EN DIFFICULTÉ D'ADAPTATION HARMONY,Community & Social Services,"7495, rue Chabot",45.551399,-73.610703,,,,MSSS / curated / INDex,see data/raw/source_metadata.csv,2026-06-26
CTR_b25167e0,CENTRE D'ACCUEIL LE PROGRAMME DE PORTAGE,Community & Social Services,"2455, avenue Lionel-Groulx",45.484699,-73.576698,,,,MSSS / curated / INDex,see data/raw/source_metadata.csv,2026-06-26
CTR_7c4cd817,CENTRE MULTISERVICES DE SANTÉ ET DE SERVICES SOCIAUX DE PARC-EXTENSION,Community & Social Services,"7085, rue Hutchison",45.529598,-73.621002,,,,MSSS / curated / INDex,see data/raw/source_metadata.csv,2026-06-26
CTR_57c1b4b1,CENTRE MULTISERVICES DE SANTÉ ET DE SERVICES SOCIAUX DE SAINT-LOUIS-DU-PARC,Community & Social Services,"15, avenue du Mont-Royal Ouest",45.52,-73.586899,,,,MSSS / curated / INDex,see data/raw/source_metadata.csv,2026-06-26
CTR_0bce20ec,PROGRAMME DE RECHERCHE CLINIQUE CHUM-IRCM,Community & Social Services,120 avenue des Pins Ouest,45.513401,-73.576202,,,,MSSS / curated / INDex,see data/raw/source_metadata.csv,2026-06-26
CTR_e22ccd69,HÔPITAL ET CENTRE DE RÉADAPTATION EN DÉFICIENCE PHYSIQUE IRGLM-CHARLES W. LINDSAY,Community & Social Services,"6363, chemin Hudson",45.507099,-73.629501,,,,MSSS / curated / INDex,see data/raw/source_metadata.csv,2026-06-26
CTR_d1c8a654,HÔPITAL ET CENTRE DE RÉADAPTATION EN DÉFICIENCE PHYSIQUE IRGLM-GUSTAVE-GINGRAS,Community & Social Services,"6300, avenue Darlington",45.508099,-73.628799,,,,MSSS / curated / INDex,see data/raw/source_metadata.csv,2026-06-26
CTR_aaa5de8a,CLSC DE SAINT-MICHEL,Community & Social Services,"3355, rue Jarry Est",45.565601,-73.608299,,,,MSSS / curated / INDex,see data/raw/source_metadata.csv,2026-06-26
CTR_ab595360,CENTRE DE PROTECTION ET DE RÉADAPTATION POUR LES JEUNES EN DIFFICULTÉ D'ADAPTATION DU CENTRE-DE-MONTRÉAL,Community & Social Services,"5800, rue Saint-Denis",45.530201,-73.598198,,,,MSSS / curated / INDex,see data/raw/source_metadata.csv,2026-06-26
CTR_29fd48e8,CENTRE DE JOUR POUR LES JEUNES EN DIFFICULTÉ D'ADAPTATION FULLUM,Community & Social Services,"2025, rue Fullum",45.530899,-73.555496,,,,MSSS / curated / INDex,see data/raw/source_metadata.csv,2026-06-26
CTR_a8afe896,CENTRE DE JOUR POUR LES JEUNES EN DIFFICULTÉ D'ADAPTATION LAJEUNESSE,Community & Social Services,"10794, rue Lajeunesse",45.555401,-73.670097,,,,MSSS / curated / INDex,see data/raw/source_metadata.csv,2026-06-26
CTR_e9afb461,CENTRE DE PROTECTION DE L'ENFANCE ET DE LA JEUNESSE SAINT-LAURENT,Community & Social Services,"750, boulevard Marcel-Laurin",45.5065,-73.682999,,,,MSSS / curated / INDex,see data/raw/source_metadata.csv,2026-06-26
CTR_4e7e9966,FOYER DE GROUPE ROXBORO,Community & Social Services,"105, 4e Avenue Sud",45.507099,-73.797699,,,,MSSS / curated / INDex,see data/raw/source_metadata.csv,2026-06-26
CTR_d3dbb179,CLSC DE ROSEMONT,Community & Social Services,"2909, rue Rachel Est",45.5425,-73.562103,,,,MSSS / curated / INDex,see data/raw/source_metadata.csv,2026-06-26
CTR_3407af78,HÔPITAL GÉNÉRAL JUIF,Community & Social Services,"4335, chemin de la Côte-Sainte-Catherine",45.4958,-73.6306,,,,MSSS / curated / INDex,see data/raw/source_metadata.csv,2026-06-26
CTR_32696e6d,CENTRE HOSPITALIER UNIVERSITAIRE SAINTE-JUSTINE,Community & Social Services,"5757, avenue Decelles",45.501099,-73.626099,,,,MSSS / curated / INDex,see data/raw/source_metadata.csv,2026-06-26
CTR_8ce33cc2,CENTRE DE RÉADAPTATION EN DÉFICIENCE INTELLECTUELLE ET EN TROUBLES DU SPECTRE DE L'AUTISME SAINT-PATRICK,Community & Social Services,"2475, rue Saint-Patrick",45.481499,-73.57,,,,MSSS / curated / INDex,see data/raw/source_metadata.csv,2026-06-26
CTR_fc26c8f4,CENTRE D'ACTIVITÉS DE JOUR EN DÉFICIENCE INTELLECTUELLE ET EN TROUBLES DU SPECTRE DE L'AUTISME JEANNE-D'ARC,Community & Social Services,"2103, avenue Jeanne-d'Arc",45.5504,-73.5438,,,,MSSS / curated / INDex,see data/raw/source_metadata.csv,2026-06-26
CTR_31405be6,FOYER DE GROUPE POUR LES JEUNES EN DIFFICULTÉ D'ADAPTATION DÉSY,Community & Social Services,"6014, rue Charny",45.610199,-73.619301,,,,MSSS / curated / INDex,see data/raw/source_metadata.csv,2026-06-26
CTR_d9499346,FOYER DE GROUPE POUR LES JEUNES EN DIFFICULTÉ D'ADAPTATION MONTPETIT,Community & Social Services,"11042, avenue Wilfrid-Saint-Louis",45.583401,-73.653297,,,,MSSS / curated / INDex,see data/raw/source_metadata.csv,2026-06-26
CTR_658e0945,HÔPITAL CATHERINE-BOOTH,Community & Social Services,"4375, avenue Montclair",45.463902,-73.635597,,,,MSSS / curated / INDex,see data/raw/source_metadata.csv,2026-06-26
CTR_ad38602d,CENTRE DE RÉADAPTATION EN DÉPENDANCE DU NOUVEAU DÉPART,Community & Social Services,"1110, avenue Beaumont",45.522301,-73.622398,,,,MSSS / curated / INDex,see data/raw/source_metadata.csv,2026-06-26
CTR_9062f388,CENTRE D'ACTIVITÉS DE JOUR ALTERNATIVE,Community & Social Services,"16661, boulevard Hymus",45.4505,-73.843697,,,,MSSS / curated / INDex,see data/raw/source_metadata.csv,2026-06-26
CTR_6dbd6495,CENTRE D'ACTIVITÉS DE JOUR CARTIER,Community & Social Services,"147, avenue Cartier",45.437698,-73.826401,,,,MSSS / curated / INDex,see data/raw/source_metadata.csv,2026-06-26
CTR_bbca6f9b,CLSC DE BENNY FARM,Community & Social Services,"6484, avenue de Monkland",45.4655,-73.631401,,,,MSSS / curated / INDex,see data/raw/source_metadata.csv,2026-06-26
CTR_b16a9a7c,CENTRE MULTISERVICES DE SANTÉ ET DE SERVICES SOCIAUX RIVIÈRE-DES-PRAIRIES,Community & Social Services,"7070, boulevard Perras",45.6231,-73.611397,,,,MSSS / curated / INDex,see data/raw/source_metadata.csv,2026-06-26
CTR_fa70f161,FOYER DE GROUPE POUR LES JEUNES EN DIFFICULTÉ D'ADAPTATION D'AHUNTSIC,Community & Social Services,"9999, avenue Larose",45.576698,-73.641197,,,,MSSS / curated / INDex,see data/raw/source_metadata.csv,2026-06-26
CTR_1ce4289f,HÔPITAL DOUGLAS,Community & Social Services,"6875, boulevard Lasalle",45.442101,-73.584396,,,,MSSS / curated / INDex,see data/raw/source_metadata.csv,2026-06-26
CTR_abbc46cc,CENTRE DE SERVICES AMBULATOIRES DE SOINS PSYCHIATRIQUES CRAWFORD,Community & Social Services,"7105, boulevard Lasalle",45.4394,-73.581398,,,,MSSS / curated / INDex,see data/raw/source_metadata.csv,2026-06-26
CTR_939a2681,CENTRE DE SERVICES AMBULATOIRES DE SOINS PSYCHIATRIQUES WELLINGTON,Community & Social Services,"4932, rue Wellington",45.456299,-73.567299,,,,MSSS / curated / INDex,see data/raw/source_metadata.csv,2026-06-26
CTR_584415d6,PAVILLON FERNAND-SÉGUIN,Community & Social Services,"7331, rue Hochelaga",45.586201,-73.527298,,,,MSSS / curated / INDex,see data/raw/source_metadata.csv,2026-06-26
CTR_94d3fe4f,INSTITUT UNIVERSITAIRE EN SANTÉ MENTALE DE MONTRÉAL,Community & Social Services,"7401, rue Hochelaga",45.5886,-73.528999,,,,MSSS / curated / INDex,see data/raw/source_metadata.csv,2026-06-26
CTR_2e4e5849,HÔPITAL GLEN,Community & Social Services,"1001, boulevard Décarie",45.4734,-73.600899,,,,MSSS / curated / INDex,see data/raw/source_metadata.csv,2026-06-26
CTR_fa17583f,CENTRE D'ACCEUIL LE PROGRAMME DE PORTAGE,Community & Social Services,"7, avenue Frontenac",45.469002,-73.8284,,,,MSSS / curated / INDex,see data/raw/source_metadata.csv,2026-06-26
CTR_15e28c33,CENTRE DE SERVICES AMBULATOIRES DE MAISONNEUVE,Community & Social Services,"5252, boulevard de Maisonneuve",45.4734,-73.604599,,,,MSSS / curated / INDex,see data/raw/source_metadata.csv,2026-06-26
CTR_ae28ad4e,CENTRE DE SERVICES AMBULATOIRES DE DIALYSE DE LA RUE DE GASPÉ,Community & Social Services,"5455, avenue de Gaspé",45.5275,-73.596397,,,,MSSS / curated / INDex,see data/raw/source_metadata.csv,2026-06-26
CTR_880cae4e,HÔPITAL SHRINERS POUR ENFANTS (QUÉBEC),Community & Social Services,"1003, boulevard Décarie",45.471802,-73.601997,,,,MSSS / curated / INDex,see data/raw/source_metadata.csv,2026-06-26
CTR_230fb867,FOYER DE GROUPE POUR LES JEUNES EN DIFFICULTÉ D'ADAPTATION CHAMBORD,Community & Social Services,"2574, boulevard Pie-IX",45.5527,-73.549599,,,,MSSS / curated / INDex,see data/raw/source_metadata.csv,2026-06-26
CTR_0b9296ea,GROUPE DE MÉDECINE DE FAMILLE UNIVERSITAIRE NOTRE-DAME,Community & Social Services,"2120, rue Sherbrooke Est, 6e étage",45.530998,-73.562599,,,,MSSS / curated / INDex,see data/raw/source_metadata.csv,2026-06-26
CTR_678f88ac,HÔPITAL SANTA CABRINI,Community & Social Services,"5655, rue Saint-Zotique Est",45.580101,-73.571701,,,,MSSS / curated / INDex,see data/raw/source_metadata.csv,2026-06-26
CTR_5adad74d,MAISON DE NAISSANCE JEANNE-MANCE,Community & Social Services,"1822-1828, rue Ontario Est",45.5261,-73.558701,,,,MSSS / curated / INDex,see data/raw/source_metadata.csv,2026-06-26
CTR_3c0f8984,CENTRE DE SERVICES AMBULATOIRES BOIS-DE-BOULOGNE,Community & Social Services,"1575, boulevard Henri-Bourassa Ouest",45.537601,-73.679703,,,,MSSS / curated / INDex,see data/raw/source_metadata.csv,2026-06-26
CTR_5f3af8be,CENTRE DE SERVICES AMBULATOIRES EN GÉRONTOPSYCHIATRIE GRENET,Community & Social Services,"12085, rue Grenet",45.5299,-73.713799,,,,MSSS / curated / INDex,see data/raw/source_metadata.csv,2026-06-26
CTR_2cba9026,CENTRE D'ACTIVITÉS DE JOUR EN DÉFICIENCE INTELLECTUELLE ET EN TROUBLES DU SPECTRE DE L'AUTISME 17E AVENUE,Community & Social Services,"7701, 17e Avenue",45.5662,-73.601501,,,,MSSS / curated / INDex,see data/raw/source_metadata.csv,2026-06-26
CTR_ed8a6c33,CLSC SAINTE-CATHERINE ET GROUPE DE MÉDECINE DE FAMILLE UNIVERSITAIRE DES FAUBOURGS,Community & Social Services,"66, rue Sainte-Catherine Est",45.510502,-73.562698,,,,MSSS / curated / INDex,see data/raw/source_metadata.csv,2026-06-26
CTR_12c3ab21,GROUPE DE MÉDECINE DE FAMILLE UNIVERSITAIRE ET CENTRE DE SERVICES AMBULATOIRES DE ST. MARY,Community & Social Services,"3777, rue Jean-Brillant",45.494999,-73.623802,,,,MSSS / curated / INDex,see data/raw/source_metadata.csv,2026-06-26
CTR_248b4d45,CENTRE HOSPITALIER DE L'UNIVERSITÉ DE MONTRÉAL,Community & Social Services,"1000, rue Saint-Denis",45.511799,-73.556297,,,,MSSS / curated / INDex,see data/raw/source_metadata.csv,2026-06-26
CTR_aa28584f,HÔPITAL NOTRE-DAME,Community & Social Services,"1560, rue Sherbrooke Est",45.525398,-73.563599,,,,MSSS / curated / INDex,see data/raw/source_metadata.csv,2026-06-26
CTR_19a27476,PAVILLON ÉDOUARD-ASSELIN,Community & Social Services,"264, boulevard René-Lévesque Est",45.511101,-73.558601,,,,MSSS / curated / INDex,see data/raw/source_metadata.csv,2026-06-26
CTR_6fa71a7c,CENTRE DE RECHERCHE DU CENTRE HOSPITALIER DE L'UNIVERSITÉ DE MONTRÉAL,Community & Social Services,"900, rue Saint-Denis",45.510799,-73.555901,,,,MSSS / curated / INDex,see data/raw/source_metadata.csv,2026-06-26
CTR_eb7b4829,CENTRE DE RÉADAPTATION EN DÉFICIENCE INTELLECTUELLE ET EN TROUBLES DU SPECTRE DE L'AUTISME GARRY-TAYLOR,Community & Social Services,"231, avenue Elm",45.4328,-73.860397,,,,MSSS / curated / INDex,see data/raw/source_metadata.csv,2026-06-26
CTR_2cd39cc0,CLSC ÎLE-DES-SŒURS,Community & Social Services,"1, Place du Commerce",45.468498,-73.5457,,,,MSSS / curated / INDex,see data/raw/source_metadata.csv,2026-06-26
CTR_991c4d9c,AIRE OUVERTE SAURIOL,Community & Social Services,"2169, rue Sauriol E",45.5709,-73.647797,,,,MSSS / curated / INDex,see data/raw/source_metadata.csv,2026-06-26
CTR_126c7b99,MAISON DE NAISSANCE ANNE-COURTEMANCHE,Community & Social Services,"4500, rue de Contrecoeur",45.611801,-73.5271,,,,MSSS / curated / INDex,see data/raw/source_metadata.csv,2026-06-26
CTR_d28daa51,ULLURIAQ-BOYS,Community & Social Services,"4434, boulevard Décarie",45.4799,-73.6222,,,,MSSS / curated / INDex,see data/raw/source_metadata.csv,2026-06-26
CTR_846359ea,ULLURIAQ-GIRLS,Community & Social Services,"825, avenue Dawson",45.4417,-73.741798,,,,MSSS / curated / INDex,see data/raw/source_metadata.csv,2026-06-26
CTR_9d902139,SERVICES EXTERNES POUR LES JEUNES EN DIFFICULTÉ D'ADAPTATION LA FONTAINE,Community & Social Services,"4467, rue de La Fontaine",45.553501,-73.537003,,,,MSSS / curated / INDex,see data/raw/source_metadata.csv,2026-06-26
CTR_b8d3a934,CENTRE DE RÉADAPTATION EN DÉFICIENCE INTELLECTUELLE ET EN TROUBLES DU SPECTRE DE L’AUTISME GOUIN,Community & Social Services,"5025, boulevard Gouin Est",45.609001,-73.638603,,,,MSSS / curated / INDex,see data/raw/source_metadata.csv,2026-06-26
CTR_268bfd40,CENTRE DE RÉADAPTATION EN DÉFICIENCE INTELLECTUELLE ET EN TROUBLES DU SPECTRE DE L’AUTISME HENRI-BOURASSA,Community & Social Services,"1600, boulevard Henri-Bourassa Ouest",45.5364,-73.678703,,,,MSSS / curated / INDex,see data/raw/source_metadata.csv,2026-06-26
CTR_3ecb7800,CENTRE DE SERVICES AMBULATOIRES ALLAN MEMORIAL,Community & Social Services,"1025, avenue des Pins",45.505901,-73.582603,,,,MSSS / curated / INDex,see data/raw/source_metadata.csv,2026-06-26
CTR_2aae7921,CENTRE DE SERVICES AMBULATOIRES GILMAN,Community & Social Services,"1040, avenue Atwater",45.487301,-73.582603,,,,MSSS / curated / INDex,see data/raw/source_metadata.csv,2026-06-26
CTR_a09ef300,ATELIER LE FIL D'ARIANE,Community & Social Services,"4837, rue Boyer, app. 100",45.529499,-73.583801,,,,MSSS / curated / INDex,see data/raw/source_metadata.csv,2026-06-26
CTR_ef6f8c86,HÔPITAL MARIE-CLARAC,Community & Social Services,"3530, boulevard Gouin Est",45.590801,-73.649696,,,,MSSS / curated / INDex,see data/raw/source_metadata.csv,2026-06-26
CTR_b81d4269,CLINIQUE COMMUNAUTAIRE DE POINTE ST-CHARLES,Community & Social Services,"500, avenue Ash",45.478401,-73.5569,,,,MSSS / curated / INDex,see data/raw/source_metadata.csv,2026-06-26
CTR_42bbd0e4,CENTRE MÉTROPOLITAIN DE CHIRURGIE PLASTIQUE,Community & Social Services,"999, rue de Salaberry",45.545502,-73.692902,,,,MSSS / curated / INDex,see data/raw/source_metadata.csv,2026-06-26
CTR_9e93e94b,HÔPITAL VILLA MEDICA,Community & Social Services,"225, rue Sherbrooke Est",45.514999,-73.568703,,,,MSSS / curated / INDex,see data/raw/source_metadata.csv,2026-06-26
CTR_973c3c8c,INSTITUT DE CARDIOLOGIE DE MONTRÉAL,Community & Social Services,"5000, rue Bélanger",45.573799,-73.577797,,,,MSSS / curated / INDex,see data/raw/source_metadata.csv,2026-06-26
CTR_d75839e5,HÔPITAL GÉNÉRAL DE MONTRÉAL,Community & Social Services,"1650, avenue Cedar",45.497002,-73.588997,,,,MSSS / curated / INDex,see data/raw/source_metadata.csv,2026-06-26
CTR_56f87307,INSTITUT NATIONAL DE PSYCHIATRIE LÉGALE PHILIPPE-PINEL,Community & Social Services,"10905, boulevard Henri-Bourassa Est",45.655998,-73.5336,,,,MSSS / curated / INDex,see data/raw/source_metadata.csv,2026-06-26
CTR_f052bdba,CENTRE HOSPITALIER DE ST. MARY,Community & Social Services,"3830, avenue Lacombe",45.4949,-73.6241,,,,MSSS / curated / INDex,see data/raw/source_metadata.csv,2026-06-26
CTR_96e49f0d,HÔPITAL GÉNÉRAL JUIF,Community & Social Services,"3755, chemin de la Côte-Sainte-Catherine",45.497799,-73.628799,,,,MSSS / curated / INDex,see data/raw/source_metadata.csv,2026-06-26
CTR_cedd0aa5,CENTRE MIRIAM,Community & Social Services,"8160, chemin Royden",45.496399,-73.661903,,,,MSSS / curated / INDex,see data/raw/source_metadata.csv,2026-06-26
CTR_1bf879ba,HÔPITAL MONT SINAÏ,Community & Social Services,"5690, boulevard Cavendish",45.473801,-73.657303,,,,MSSS / curated / INDex,see data/raw/source_metadata.csv,2026-06-26
CTR_f14fd57d,AIRE OUVERTE DE L'EST DE MONTRÉAL,Community & Social Services,"12125, rue Notre-Dame Est",45.6408,-73.490501,,,,MSSS / curated / INDex,see data/raw/source_metadata.csv,2026-06-26
CTR_5d0c51bf,AIRE OUVERTE MONTRÉAL-NORD,Community & Social Services,"12415, boulevard Lacordaire",45.6157,-73.628998,,,,MSSS / curated / INDex,see data/raw/source_metadata.csv,2026-06-26
CTR_0b055bf6,CLSC ET GROUPE DE MÉDECINE DE FAMILLE UNIVERSITAIRE MONTRÉAL-NORD-EST,Community & Social Services,"12345, boulevard Albert-Hudon",45.6236,-73.615997,,,,MSSS / curated / INDex,see data/raw/source_metadata.csv,2026-06-26
CTR_a1d544e2,CENTRE DE SERVICES AMBULATOIRES DE MAISONNEUVE-EST,Community & Social Services,"1001, boulevard de Maisonneuve-Est",45.518101,-73.559303,,,,MSSS / curated / INDex,see data/raw/source_metadata.csv,2026-06-26
CTR_f0ade6f9,AIRE OUVERTE DU MÉTRO-BERRI,Community & Social Services,"1015, rue Robin",45.518902,-73.561096,,,,MSSS / curated / INDex,see data/raw/source_metadata.csv,2026-06-26
CTR_f920991d,AIRE OUVERTE DE CÔTE-DES-NEIGES,Community & Social Services,"5245, chemin de la Côte-des-Neiges",45.496101,-73.621002,,,,MSSS / curated / INDex,see data/raw/source_metadata.csv,2026-06-26
CTR_9eff7b68,CENTRE DE SERVICES AMBULATOIRES STILLVIEW,Community & Social Services,"175, avenue Stillview",45.450699,-73.832397,,,,MSSS / curated / INDex,see data/raw/source_metadata.csv,2026-06-26
CTR_7e48a42b,CENTRE DE RÉADAPTATION EN DÉPENDANCE HOCHELAGA,Community & Social Services,"7401, rue Hochelaga",45.588501,-73.530098,,,,MSSS / curated / INDex,see data/raw/source_metadata.csv,2026-06-26
CTR_d97c7559,CENTRE DE RÉADAPTATION EN DÉPENDANCE NOTRE-DAME-EST,Community & Social Services,"13926, rue Notre-Dame-Est",45.666599,-73.493401,,,,MSSS / curated / INDex,see data/raw/source_metadata.csv,2026-06-26
CTR_ca6f86b7,FOYER DE GROUPE POUR LES JEUNES EN DIFFICULTÉ D'ADAPTATION PELLETIER,Community & Social Services,"11016, avenue Pelletier",45.5937,-73.635201,,,,MSSS / curated / INDex,see data/raw/source_metadata.csv,2026-06-26
CTR_a507718d,CLINIQUE IPS+ SNOWDON,Community & Social Services,"5165, chemin Queen Mary",45.485199,-73.628502,,,,MSSS / curated / INDex,see data/raw/source_metadata.csv,2026-06-26
CTR_bd6ad07b,GROUPE DE MÉDECINE DE FAMILLE UNIVERSITAIRE DE VERDUN-DE-L'ÉGLISE,Community & Social Services,"55, rue de l'Église",45.462898,-73.564499,,,,MSSS / curated / INDex,see data/raw/source_metadata.csv,2026-06-26
CTR_0b14aaea,CENTRE DE RÉADAPTATION EN DÉPENDANCE CAVENDISH /CAVENDISH ADDICTION READAPTATION CENTRE,Community & Social Services,"3285, boulevard Cavendish, bureau 100",45.463402,-73.627098,,,,MSSS / curated / INDex,see data/raw/source_metadata.csv,2026-06-26
CTR_4addcf54,AIRE OUVERTE DE LASALLE,Community & Social Services,"7580, rue Centrale",45.432999,-73.596901,,,,MSSS / curated / INDex,see data/raw/source_metadata.csv,2026-06-26
CTR_9bdffade,CENTRE DE PROTECTION DE L'ENFANCE ET DE LA JEUNESSE WEST ISLAND,Community & Social Services,1000 boulevard Saint-Jean,45.4697,-73.827202,,,,MSSS / curated / INDex,see data/raw/source_metadata.csv,2026-06-26
CTR_b05c982b,CENTRE DE PROTECTION DE L’ENFANCE ET DE LA JEUNESSE SAINTE-CATHERINE,Community & Social Services,"4515, rue Sainte-Catherine Ouest",45.480598,-73.594398,,,,MSSS / curated / INDex,see data/raw/source_metadata.csv,2026-06-26
CTR_083118a0,PAVILLON ROSEMONT,Community & Social Services,"5689, boulevard Rosemont",45.577499,-73.562103,,,,MSSS / curated / INDex,see data/raw/source_metadata.csv,2026-06-26
CTR_8c6f4d0d,CENTRE DE PROTECTION DE L'ENFANCE ET DE LA JEUNESSE HENRI-BOURASSA EST,Community & Social Services,"1161, boulevard Henri-Bourassa Est",45.561001,-73.666199,,,,MSSS / curated / INDex,see data/raw/source_metadata.csv,2026-06-26
CTR_202feeca,CENTRE DE PROTECTION DE L'ENFANCE ET DE LA JEUNESSE DE L'ÉGLISE,Community & Social Services,"471, rue de l'Église",45.4631,-73.569901,,,,MSSS / curated / INDex,see data/raw/source_metadata.csv,2026-06-26
CTR_fdaf4598,RÉSIDENCE DES FILLES ET/OU GARÇONS (HAVRE-JEUNESSE),Community & Social Services,"1019, avenue Moffat",45.4505,-73.578102,,,,MSSS / curated / INDex,see data/raw/source_metadata.csv,2026-06-26
CTR_01751b23,RÉSIDENCE DES GARÇONS ET/OU FILLES (HAVRE-JEUNESSE),Community & Social Services,"4360, boulevard Lasalle",45.460201,-73.562698,,,,MSSS / curated / INDex,see data/raw/source_metadata.csv,2026-06-26
CTR_c7dc4419,HÔPITAL SAINTE-ANNE,Community & Social Services,"305, boulevard des Anciens-Combattants",45.412399,-73.9487,,,,MSSS / curated / INDex,see data/raw/source_metadata.csv,2026-06-26
CTR_35857f48,CENTRE DE PROTECTION DE L'ENFANCE ET DE LA JEUNESSE LA FONTAINE,Community & Social Services,"4477, rue La Fontaine",45.553902,-73.536903,,,,MSSS / curated / INDex,see data/raw/source_metadata.csv,2026-06-26
CTR_7b7e55ab,APPARTEMENT SUPERVISÉ POUR LES JEUNES EN DIFFICULTÉ D'ADAPTATION ASPIRE 2,Community & Social Services,"4840, boulevard Cavendish",45.467899,-73.639,,,,MSSS / curated / INDex,see data/raw/source_metadata.csv,2026-06-26
CTR_7405dd80,FOYER DE GROUPE MAISONNEUVE,Community & Social Services,"4331, boulevard de Maisonneuve Ouest",45.4846,-73.592598,,,,MSSS / curated / INDex,see data/raw/source_metadata.csv,2026-06-26
CTR_f6a14ac8,FOYER DE GROUPE COUVRETTE,Community & Social Services,"1782, rue Couvrette",45.527802,-73.684898,,,,MSSS / curated / INDex,see data/raw/source_metadata.csv,2026-06-26
CTR_9deceeeb,FOYER DE GROUPE RUDEL,Community & Social Services,"5475, chemin de la Côte-Saint-Antoine",45.4744,-73.615402,,,,MSSS / curated / INDex,see data/raw/source_metadata.csv,2026-06-26
CTR_0ae352f1,FOYER DE GROUPE SAINT-JAMES,Community & Social Services,"6151, rue Saint-Jacques",45.464401,-73.616203,,,,MSSS / curated / INDex,see data/raw/source_metadata.csv,2026-06-26
CTR_04d518e5,FOYER DE GROUPE BOURBONNIÈRE,Community & Social Services,"7587, boulevard Lasalle",45.431599,-73.590897,,,,MSSS / curated / INDex,see data/raw/source_metadata.csv,2026-06-26
CTR_e6b09bd9,CENTRE D'ACCUEIL LE PROGRAMME DE PORTAGE,Community & Social Services,"865, place Richmond",45.491798,-73.572502,,,,MSSS / curated / INDex,see data/raw/source_metadata.csv,2026-06-26
CTR_902ef35e,CLINIQUE COMMUNAUTAIRE DE POINTE ST-CHARLES (POINT DE SERVICE),Community & Social Services,"1955, rue Centre",45.482399,-73.563499,,,,MSSS / curated / INDex,see data/raw/source_metadata.csv,2026-06-26
CTR_021b867b,SUCCURSALE TRIBUNAL DE LA JEUNESSE,Community & Social Services,"410, rue de Bellechasse, 3e ét.",45.5326,-73.6008,,,,MSSS / curated / INDex,see data/raw/source_metadata.csv,2026-06-26
CTR_6844ef53,FOYER DE GROUPE POUR LES JEUNES EN DIFFICULTÉ D'ADAPTATION LA FONTAINE,Community & Social Services,"4477, rue La Fontaine",45.5518,-73.535202,,,,MSSS / curated / INDex,see data/raw/source_metadata.csv,2026-06-26
CTR_af96864c,FOYER DE GROUPE POUR LES JEUNES EN DIFFICULTÉ D'ADAPTATION MEILLEUR,Community & Social Services,"10160, rue Meilleur",45.540699,-73.667801,,,,MSSS / curated / INDex,see data/raw/source_metadata.csv,2026-06-26
CTR_0bf9f29c,CENTRE DE PROTECTION DE L’ENFANCE ET DE LA JEUNESSE TUPPER,Community & Social Services,"4039, rue Tupper",45.487801,-73.585297,,,,MSSS / curated / INDex,see data/raw/source_metadata.csv,2026-06-26
CTR_69361a41,HÔPITAL EN SANTÉ MENTALE ALBERT-PRÉVOST,Community & Social Services,"6555, boulevard Gouin Ouest",45.528999,-73.728996,,,,MSSS / curated / INDex,see data/raw/source_metadata.csv,2026-06-26
CTR_c4120434,CENTRE D'ACTIVITÉS DE JOUR EN DÉFICIENCE INTELLECTUELLE ET EN TROUBLES DU SPECTRE DE L'AUTISME LAPIERRE,Community & Social Services,"2027, rue Lapierre",45.437099,-73.614403,,,,MSSS / curated / INDex,see data/raw/source_metadata.csv,2026-06-26
CTR_16a9eab7,CLSC PARTHENAIS ET GROUPE DE MÉDECINE DE FAMILLE UNIVERSITAIRE DES FAUBOURGS,Community & Social Services,"2260, rue Parthenais",45.530998,-73.560097,,,,MSSS / curated / INDex,see data/raw/source_metadata.csv,2026-06-26
CTR_13cf2a8e,CENTRE DE RÉADAPTATION POUR LES JEUNES EN DIFFICULTÉ D'ADAPTATION DORVAL,Community & Social Services,"825, avenue Dawson",45.442001,-73.742302,,,,MSSS / curated / INDex,see data/raw/source_metadata.csv,2026-06-26
CTR_b439b658,FOYER DE GROUPE WOLSELEY,Community & Social Services,"413, avenue Wolseley",45.456402,-73.6576,,,,MSSS / curated / INDex,see data/raw/source_metadata.csv,2026-06-26
CTR_b46aa6b7,FOYER DE GROUPE HAWKINS,Community & Social Services,"5455, chemin de la Côte-Saint-Antoine",45.474602,-73.615196,,,,MSSS / curated / INDex,see data/raw/source_metadata.csv,2026-06-26
CTR_aa4c14db,FOYER DE GROUPE POUR LES JEUNES EN DIFFICULTÉ D'ADAPTATION DE RIVIÈRE-DES-PRAIRIES,Community & Social Services,"12525, 28e Avenue",45.641602,-73.592102,,,,MSSS / curated / INDex,see data/raw/source_metadata.csv,2026-06-26
CTR_0273c14c,FOYER DE GROUPE POUR LES JEUNES EN DIFFICULTÉ D'ADAPTATION LANGELIER,Community & Social Services,"5324, boulevard Langelier",45.555199,-73.587799,,,,MSSS / curated / INDex,see data/raw/source_metadata.csv,2026-06-26
CTR_e9b55f8c,CLSC WILLIAM C.-VAN HORNE,Community & Social Services,"1271, avenue Van Horne",45.5219,-73.613998,,,,MSSS / curated / INDex,see data/raw/source_metadata.csv,2026-06-26
CTR_39337fee,FOYER DE GROUPE POUR LES JEUNES EN DIFFICULTÉ D'ADAPTATION 1RE AVENUE,Community & Social Services,"6936, 1e Avenue",45.553299,-73.597198,,,,MSSS / curated / INDex,see data/raw/source_metadata.csv,2026-06-26
CTR_a8ba6a10,CENTRE D'ACTIVITÉS DE JOUR EN DÉFICIENCE INTELLECTUELLE ET EN TROUBLES DU SPECTRE DE L'AUTISME LÉGER,Community & Social Services,"2445, rue Léger",45.444302,-73.624802,,,,MSSS / curated / INDex,see data/raw/source_metadata.csv,2026-06-26
CTR_7663e24e,APPARTEMENT SUPERVISÉ POUR LES JEUNES EN DIFFICULTÉ D’ADAPTATION ASPIRE,Community & Social Services,"2291, avenue Wilson",45.469898,-73.614799,,,,MSSS / curated / INDex,see data/raw/source_metadata.csv,2026-06-26
CTR_6bfdea1e,CLSC DE VILLE-ÉMARD-CÔTE-SAINT-PAUL,Community & Social Services,"6161, rue Laurendeau",45.457298,-73.589104,,,,MSSS / curated / INDex,see data/raw/source_metadata.csv,2026-06-26
CTR_919629ef,FOYER DE GROUPE POUR LES JEUNES EN DIFFICULTÉ D'ADAPTATION LOUIS-HÉMON,Community & Social Services,"6964, rue Louis-Hémon",45.550301,-73.6007,,,,MSSS / curated / INDex,see data/raw/source_metadata.csv,2026-06-26
CTR_df4a766c,LES CENTRES DE LA JEUNESSE ET DE LA FAMILLE BATSHAW,Community & Social Services,"6, rue Weredale Park",45.486801,-73.582397,,,,MSSS / curated / INDex,see data/raw/source_metadata.csv,2026-06-26
CTR_11322671,CLSC ET GROUPE DE MÉDECINE DE FAMILLE UNIVERSITAIRE BORDEAUX-CARTIERVILLE,Community & Social Services,"11822, avenue du Bois-de-Boulogne",45.540798,-73.689301,,,,MSSS / curated / INDex,see data/raw/source_metadata.csv,2026-06-26
CTR_bfd4fcb8,CENTRE DE RÉADAPTATION POUR LES JEUNES EN DIFFICULTÉ D'ADAPTATION DE LA CITÉ-DES-PRAIRIES,Community & Social Services,"12165, boulevard Saint-Jean-Baptiste",45.662201,-73.540001,,,,MSSS / curated / INDex,see data/raw/source_metadata.csv,2026-06-26
CTR_8a800a73,CENTRE DE RÉADAPTATION POUR LES JEUNES EN DIFFICULTÉ D'ADAPTATION ROSE-VIRGINIE-PELLETIER,Community & Social Services,"9469, boulevard Gouin Ouest",45.507301,-73.773598,,,,MSSS / curated / INDex,see data/raw/source_metadata.csv,2026-06-26
CTR_10eec9fa,CHSLD JEANNE-LE BER,Community & Social Services,"7445, rue Hochelaga",45.5895,-73.527702,,,,MSSS / curated / INDex,see data/raw/source_metadata.csv,2026-06-26
CTR_fb01a6bb,CENTRE DE RÉADAPTATION EN DÉFICIENCE INTELLECTUELLE ET EN TROUBLES DU SPECTRE DE L'AUTISME PIE-IX,Community & Social Services,"8274, boulevard Pie-IX",45.572102,-73.606598,,,,MSSS / curated / INDex,see data/raw/source_metadata.csv,2026-06-26
CTR_61929124,CENTRE D'ACTIVITÉS DE JOUR EN DÉFICIENCE INTELLECTUELLE ET EN TROUBLES DU SPECTRE DE L'AUTISME ONTARIO,Community & Social Services,"4532, rue Ontario Est",45.5546,-73.538101,,,,MSSS / curated / INDex,see data/raw/source_metadata.csv,2026-06-26
CTR_3496cc4b,CLSC DE LASALLE,Community & Social Services,"8550, boulevard Newman",45.431198,-73.6315,,,,MSSS / curated / INDex,see data/raw/source_metadata.csv,2026-06-26
CTR_99e85083,CLSC DE SAINT-LAURENT,Community & Social Services,"1055, avenue Sainte-Croix",45.5172,-73.680901,,,,MSSS / curated / INDex,see data/raw/source_metadata.csv,2026-06-26
CTR_d4d908e6,ATELIER DE TRAVAIL EN DÉFICIENCE INTELLECTUELLE ET EN TROUBLES DU SPECTRE DE L'AUTISME EDISON,Community & Social Services,"9181, rue Édison",45.613098,-73.57,,,,MSSS / curated / INDex,see data/raw/source_metadata.csv,2026-06-26
CTR_895eb69b,CENTRE DE RÉADAPTATION EN DÉFICIENCE INTELLECTUELLE ET EN TROUBLES DU SPECTRE DE L'AUTISME CHAMP-D'EAU,Community & Social Services,"9125, rue Pascal-Gagnon, bureaux 106 et",45.606899,-73.597397,,,,MSSS / curated / INDex,see data/raw/source_metadata.csv,2026-06-26
CTR_ffc92964,FOYER DE GROUPE POUR LES JEUNES EN DIFFICULTÉ D'ADAPTATION DE VERDUN,Community & Social Services,"1230, rue Allard",45.446999,-73.582397,,,,MSSS / curated / INDex,see data/raw/source_metadata.csv,2026-06-26
CTR_ce70012b,CENTRE D'HÉBERGEMENT CAMILLE-LEFEBVRE,Community & Social Services,"637, 13e Avenue",45.4412,-73.676598,,,,MSSS / curated / INDex,see data/raw/source_metadata.csv,2026-06-26
CTR_b0ba8978,CENTRE DE PROTECTION DE L'ENFANCE ET DE LA JEUNESSE SAINT-DENIS,Community & Social Services,"8000, rue Saint-Denis",45.541901,-73.627899,,,,MSSS / curated / INDex,see data/raw/source_metadata.csv,2026-06-26
CTR_f6f44776,FOYER DE GROUPE POUR LES JEUNES EN DIFFICULTÉ D'ADAPTATION SAGAMO,Community & Social Services,"6965, terrasse Sagamo",45.578499,-73.576302,,,,MSSS / curated / INDex,see data/raw/source_metadata.csv,2026-06-26
CTR_cbbdcdc7,FOYER DE GROUPE POUR LES JEUNES EN DIFFICULTÉ D'ADAPTATION J.-O. ROUSSIN,Community & Social Services,"595, 3e Avenue",45.439999,-73.666901,,,,MSSS / curated / INDex,see data/raw/source_metadata.csv,2026-06-26
CTR_bb6c5b14,CENTRE DE SERVICES AMBULATOIRES ET MAISON DE NAISSANCE LOUVAIN,Community & Social Services,"9600, rue Saint-Denis",45.5485,-73.654099,,,,MSSS / curated / INDex,see data/raw/source_metadata.csv,2026-06-26
CTR_b849d135,Table des regroupements provinciaux d'organismes communautaires et bénévoles,Community & Social Services,,45.512774,-73.569663,,,,MSSS / curated / INDex,see data/raw/source_metadata.csv,2026-06-26
CTR_d45ef0f4,Centre communautaire Saint-Antoine 50+,Community & Social Services,850 Rue Dominion,45.487705,-73.577674,,,,MSSS / curated / INDex,see data/raw/source_metadata.csv,2026-06-26
CTR_05febee2,Comité logement de la Petite-Patrie,Community & Social Services,6839 A Rue Drolet,45.536135,-73.61177,,,,MSSS / curated / INDex,see data/raw/source_metadata.csv,2026-06-26
CTR_97dc7d3e,Société Générale des Étudiants et Étudiantes du Collège de Maisonneuve,Community & Social Services,3800 D-2617 Sherbrooke Est,45.550533,-73.55333,,,,MSSS / curated / INDex,see data/raw/source_metadata.csv,2026-06-26
CTR_da2a1590,Spectre de Rue,Community & Social Services,1280 Rue Ontario Est,45.521857,-73.561795,,,,MSSS / curated / INDex,see data/raw/source_metadata.csv,2026-06-26
CTR_32fdd962,Centre de soir Denise-Massé,Community & Social Services,1713 Rue Atateken,45.519189,-73.560623,,,,MSSS / curated / INDex,see data/raw/source_metadata.csv,2026-06-26
CTR_2f47e55b,L'asterisk,Community & Social Services,1575 Rue Atateken,45.518474,-73.559065,,,,MSSS / curated / INDex,see data/raw/source_metadata.csv,2026-06-26
CTR_fdd629ba,Dîners Saint-Louis,Community & Social Services,1818 Rue Gilford,45.534611,-73.577759,,,,MSSS / curated / INDex,see data/raw/source_metadata.csv,2026-06-26
CTR_2322ae7b,Comité de base pour l’action et l’information sur le logement social d’Hochelaga-Maisonneuve,Community & Social Services,1455 Avenue Bennett,45.553696,-73.533234,,,,MSSS / curated / INDex,see data/raw/source_metadata.csv,2026-06-26
CTR_e5db4185,Dopamine,Community & Social Services,1473 Avenue Bennett,45.553567,-73.53351,,,,MSSS / curated / INDex,see data/raw/source_metadata.csv,2026-06-26
CTR_2cf3eb67,La Caserne 18-30,Community & Social Services,3622 Rue Hochelaga,45.547397,-73.550793,,,,MSSS / curated / INDex,see data/raw/source_metadata.csv,2026-06-26
CTR_2a8b04d8,Badminton Québec,Community & Social Services,4930 Rue Hochelaga,45.561288,-73.542281,,,,MSSS / curated / INDex,see data/raw/source_metadata.csv,2026-06-26
CTR_2a6b71d9,Maison des Jeunes Point de Mire,Community & Social Services,3882 Rue Wellington,45.465129,-73.566665,,,,MSSS / curated / INDex,see data/raw/source_metadata.csv,2026-06-26
CTR_51a67ccf,Café Sésame,Community & Social Services,8628 Rue Hochelaga Est,45.600475,-73.520251,,,,MSSS / curated / INDex,see data/raw/source_metadata.csv,2026-06-26
CTR_34f15c83,Centre d'Hébergement Judith-Jasmin,Community & Social Services,8850 Rue Bisaillon,45.60646,-73.529842,,,,MSSS / curated / INDex,see data/raw/source_metadata.csv,2026-06-26
CTR_1468a5a0,Centre d'Hébergement Biermans,Community & Social Services,7905 Rue Sherbrooke Est,45.596241,-73.536538,,,,MSSS / curated / INDex,see data/raw/source_metadata.csv,2026-06-26
CTR_1a8c8e18,Centre d'Hébergement Pierre-Joseph-Triest,Community & Social Services,4900 Boulevard Lapointe,45.600508,-73.53551,,,,MSSS / curated / INDex,see data/raw/source_metadata.csv,2026-06-26
CTR_2ad325ff,Centre de services communautaires du Monastère,Community & Social Services,4450 Rue Saint-Hubert,45.525348,-73.581007,,,,MSSS / curated / INDex,see data/raw/source_metadata.csv,2026-06-26
CTR_c5faf7e6,Centre d'Hébergement François-Séguenot,Community & Social Services,13950 Rue Notre-Dame Est,45.666908,-73.493499,,,,MSSS / curated / INDex,see data/raw/source_metadata.csv,2026-06-26
CTR_942ac702,Compagnons de Montréal,Community & Social Services,2602 Rue Beaubien Est,45.550331,-73.589886,,,,MSSS / curated / INDex,see data/raw/source_metadata.csv,2026-06-26
CTR_0bb44339,Loisirs communautaires Saint-Michel,Community & Social Services,7110 8e Avenue,45.556409,-73.599206,,,,MSSS / curated / INDex,see data/raw/source_metadata.csv,2026-06-26
CTR_a96b622b,Les Petites Mains,Community & Social Services,7595 Boulevard Saint-Laurent,45.53683,-73.623496,,,,MSSS / curated / INDex,see data/raw/source_metadata.csv,2026-06-26
CTR_52ff228a,Centre des Loisirs de Saint-Laurent,Community & Social Services,1375 Rue Grenet,45.514159,-73.690889,,,,MSSS / curated / INDex,see data/raw/source_metadata.csv,2026-06-26
CTR_44390098,Cummings Centre for Senoirs,Community & Social Services,5700 Avenue de Westbury,45.489497,-73.636848,,,,MSSS / curated / INDex,see data/raw/source_metadata.csv,2026-06-26
CTR_fb9293d2,Café Graffiti,Community & Social Services,3894 Rue Sainte-Catherine Est,45.546432,-73.536525,,,,MSSS / curated / INDex,see data/raw/source_metadata.csv,2026-06-26
CTR_13cc0a8a,Dopamine,Community & Social Services,4205 Rue Ontario Est,45.55143,-73.540681,,,,MSSS / curated / INDex,see data/raw/source_metadata.csv,2026-06-26
CTR_a4d9da8e,Cuisines Collectives du Grand Plateau,Community & Social Services,4095 Rue Saint-André,45.523966,-73.575012,,,,MSSS / curated / INDex,see data/raw/source_metadata.csv,2026-06-26
CTR_70b08b50,Midnight's Kitchen,Food Support,3480 Rue McTavish,45.503401,-73.578073,,,,Moisson Montreal network (curated),see data/raw/source_metadata.csv,2026-06-26
CTR_bae0c38f,Union française de Montréal,Community & Social Services,429 Avenue Viger Est,45.512286,-73.555519,,,,MSSS / curated / INDex,see data/raw/source_metadata.csv,2026-06-26
CTR_db507f6f,Dans la Rue,Community & Social Services,1662 Rue Ontario Est,45.525234,-73.559668,,,,MSSS / curated / INDex,see data/raw/source_metadata.csv,2026-06-26
CTR_ebf74092,Centre communautaire Elgar,Community & Social Services,262 Rue Elgar,45.456867,-73.547446,,,,MSSS / curated / INDex,see data/raw/source_metadata.csv,2026-06-26
CTR_55cc0c2f,Chabad of The Town,Community & Social Services,4054 Rue Jean-Talon Ouest,45.500664,-73.644639,,,,MSSS / curated / INDex,see data/raw/source_metadata.csv,2026-06-26
CTR_be1b8ae1,Centre d'hébergement de Saint-Laurent,Community & Social Services,1275 Boulevard de la Côte-Vertu,45.517184,-73.679669,,,,MSSS / curated / INDex,see data/raw/source_metadata.csv,2026-06-26
CTR_6cdf8b98,Centre D'Hébergement Saint-Vincent-Marie,Community & Social Services,,45.517528,-73.679412,,,,MSSS / curated / INDex,see data/raw/source_metadata.csv,2026-06-26
CTR_7011312a,Centre Alex Manoogian,Community & Social Services,805 Rue Manoogian,45.517219,-73.667156,,,,MSSS / curated / INDex,see data/raw/source_metadata.csv,2026-06-26
CTR_ed88903a,Centre culturel arménien Tékéyan,Community & Social Services,825 Rue Manoogian,45.516656,-73.667434,,,,MSSS / curated / INDex,see data/raw/source_metadata.csv,2026-06-26
CTR_9b56a2b0,Maison des Sourds,Community & Social Services,2200 Boulevard Crémazie Est,45.555622,-73.618227,,,,MSSS / curated / INDex,see data/raw/source_metadata.csv,2026-06-26
CTR_8e75420e,Entraide Ahuntsic-Nord,Community & Social Services,10780 Rue Laverdure,45.552374,-73.671872,,,,MSSS / curated / INDex,see data/raw/source_metadata.csv,2026-06-26
CTR_4aa408d2,Résidence Saint-Raphaël,Community & Social Services,800 Boulevard Jacques-Bizard,45.503944,-73.876216,,,,MSSS / curated / INDex,see data/raw/source_metadata.csv,2026-06-26
CTR_6ea72894,Centre socioculturel,Community & Social Services,,45.488149,-73.881775,,,,MSSS / curated / INDex,see data/raw/source_metadata.csv,2026-06-26
CTR_dccdee98,Eastern Bloc,Community & Social Services,55 Rue de Louvain Ouest,45.544509,-73.655668,,,,MSSS / curated / INDex,see data/raw/source_metadata.csv,2026-06-26
CTR_270b56ee,Centre Communautaire Notre-Dame-de-Grâce,Community & Social Services,,45.477503,-73.616339,,,,MSSS / curated / INDex,see data/raw/source_metadata.csv,2026-06-26
CTR_5f18dac5,Domaine Saint Supice,Community & Social Services,8825 Avenue André-Grasset,45.557282,-73.634209,,,,MSSS / curated / INDex,see data/raw/source_metadata.csv,2026-06-26
CTR_93955783,Maison Essor (Via Travail Inc),Community & Social Services,,45.550211,-73.650336,,,,MSSS / curated / INDex,see data/raw/source_metadata.csv,2026-06-26
CTR_fb546b7f,L’œuvre des Samaritains,Food Support,,45.550138,-73.650185,,,,Moisson Montreal network (curated),see data/raw/source_metadata.csv,2026-06-26
CTR_3b1ac639,Centre social d'aide aux immigrants,Community & Social Services,3782 Rue Wellington,45.466089,-73.566552,,,,MSSS / curated / INDex,see data/raw/source_metadata.csv,2026-06-26
CTR_192ac3c7,OPDS Maison Aline-Gendron,Community & Social Services,3340 Rue Ontario Est,45.542664,-73.546171,,,,MSSS / curated / INDex,see data/raw/source_metadata.csv,2026-06-26
CTR_c307e795,Vers l'équilibre,Community & Social Services,4217 Rue Ontario Est,45.55153,-73.540635,,,,MSSS / curated / INDex,see data/raw/source_metadata.csv,2026-06-26
CTR_49cd6069,Mouvement ATD Quart Monde au Canada,Community & Social Services,6747 Rue Drolet,45.535292,-73.609943,,,,MSSS / curated / INDex,see data/raw/source_metadata.csv,2026-06-26
CTR_9b34b30f,Centre communautaire LGBTQ+ de Montréal,Community & Social Services,2075 Rue Plessis,45.524307,-73.561834,,,,MSSS / curated / INDex,see data/raw/source_metadata.csv,2026-06-26
CTR_702a0440,La Maison d'Aurore,Community & Social Services,4816 Rue Garnier,45.532547,-73.580505,,,,MSSS / curated / INDex,see data/raw/source_metadata.csv,2026-06-26
CTR_e4cce3a8,Maison des Jeunes de la Côte-des-Neiges,Community & Social Services,,45.505212,-73.631626,,,,MSSS / curated / INDex,see data/raw/source_metadata.csv,2026-06-26
CTR_553a357c,Montclair,Community & Social Services,,45.464124,-73.63628,,,,MSSS / curated / INDex,see data/raw/source_metadata.csv,2026-06-26
CTR_dff8f59a,Residence Angelica,Community & Social Services,,45.589921,-73.65134,,,,MSSS / curated / INDex,see data/raw/source_metadata.csv,2026-06-26
CTR_cbb2a6fb,Résidence les Cascades,Community & Social Services,,45.590492,-73.651012,,,,MSSS / curated / INDex,see data/raw/source_metadata.csv,2026-06-26
CTR_12610bd7,Manoir Fleury,Community & Social Services,,45.571649,-73.651194,,,,MSSS / curated / INDex,see data/raw/source_metadata.csv,2026-06-26
CTR_ab6d28ff,Residence Berthiaume-Du Tremblay,Community & Social Services,,45.566693,-73.661949,,,,MSSS / curated / INDex,see data/raw/source_metadata.csv,2026-06-26
CTR_4ceac893,Centre d'hébergement Laurendeau,Community & Social Services,1725 Boulevard Gouin Est,45.568104,-73.662106,,,,MSSS / curated / INDex,see data/raw/source_metadata.csv,2026-06-26
CTR_879605ff,Habitations Sainte-Germaine-Cousin,Community & Social Services,,45.671351,-73.494568,,,,MSSS / curated / INDex,see data/raw/source_metadata.csv,2026-06-26
CTR_11dbb922,Centre de réadaptation en dépendance de Montréal,Community & Social Services,950 Rue de Louvain Est,45.553834,-73.648764,,,,MSSS / curated / INDex,see data/raw/source_metadata.csv,2026-06-26
CTR_00c2cbdf,Château Pierrefonds,Community & Social Services,,45.480088,-73.869823,,,,MSSS / curated / INDex,see data/raw/source_metadata.csv,2026-06-26
CTR_c03cfba7,Toujours Ensemble,Community & Social Services,4926 Rue de Verdun,45.456609,-73.571773,,,,MSSS / curated / INDex,see data/raw/source_metadata.csv,2026-06-26
CTR_d7304727,Bâtir son Quartier,Community & Social Services,1945 Rue Mullins,45.481217,-73.561452,,,,MSSS / curated / INDex,see data/raw/source_metadata.csv,2026-06-26
CTR_0c96c919,Le Centre communautaire du Faubourg Saint-Laurent,Community & Social Services,105 Rue Ontario Est,45.512418,-73.56662,,,,MSSS / curated / INDex,see data/raw/source_metadata.csv,2026-06-26
CTR_af897fea,Centre Culturel Calixa Lavallée,Community & Social Services,3819 Avenue Calixa-Lavallée,45.527068,-73.569396,,,,MSSS / curated / INDex,see data/raw/source_metadata.csv,2026-06-26
CTR_58e44935,Centre Communautaire Roussin,Community & Social Services,12125 Rue Notre-Dame Est,45.640666,-73.490512,,,,MSSS / curated / INDex,see data/raw/source_metadata.csv,2026-06-26
CTR_51eae46e,Centre Le Cardinal,Community & Social Services,,45.652484,-73.488432,,,,MSSS / curated / INDex,see data/raw/source_metadata.csv,2026-06-26
CTR_1d50b591,Résidence des Trembles,Community & Social Services,,45.653707,-73.489529,,,,MSSS / curated / INDex,see data/raw/source_metadata.csv,2026-06-26
CTR_ac415209,CHSLD Saint-Joseph-de-la-Providence,Community & Social Services,,45.540826,-73.690305,,,,MSSS / curated / INDex,see data/raw/source_metadata.csv,2026-06-26
CTR_ef9cf3c8,Centre culturel canadien japonais (CCCJ),Community & Social Services,8155 Rue Rousselot,45.551455,-73.621929,,,,MSSS / curated / INDex,see data/raw/source_metadata.csv,2026-06-26
CTR_41cdd7de,Bâtiment 7,Community & Social Services,1900 Rue Le Ber,45.481021,-73.552323,,,,MSSS / curated / INDex,see data/raw/source_metadata.csv,2026-06-26
CTR_920a5c82,Résidence l'Amitié,Community & Social Services,9167 Boulevard Gouin Ouest,45.516387,-73.747899,,,,MSSS / curated / INDex,see data/raw/source_metadata.csv,2026-06-26
CTR_b3910901,Comité d'éducation aux adultes de la Petite-Bourgogne et St-Henri (CÉDA),Community & Social Services,,45.483948,-73.576653,,,,MSSS / curated / INDex,see data/raw/source_metadata.csv,2026-06-26
CTR_3b9354ba,Comité social centre-sud,Community & Social Services,1710 Beaudry,45.520192,-73.55952,,,,MSSS / curated / INDex,see data/raw/source_metadata.csv,2026-06-26
CTR_d6d76016,Centre Communautaire Notre-Dame-de-Grâce,Community & Social Services,,45.476145,-73.613761,,,,MSSS / curated / INDex,see data/raw/source_metadata.csv,2026-06-26
CTR_61d972cd,Société Saint-Vincent-de-Paul Saint-André-Apôtre,Community & Social Services,10534 Rue Waverly,45.547351,-73.670132,,,,MSSS / curated / INDex,see data/raw/source_metadata.csv,2026-06-26
CTR_3e6ed19e,Manoir Pierrefonds,Community & Social Services,,45.462993,-73.898759,,,,MSSS / curated / INDex,see data/raw/source_metadata.csv,2026-06-26
CTR_fa3e34fc,Centre D'Encadrement Pour Jeunes Femmes Immigrantes,Community & Social Services,,45.521948,-73.692259,,,,MSSS / curated / INDex,see data/raw/source_metadata.csv,2026-06-26
CTR_c6676fa3,Centre des Femmes de Saint-Laurent,Community & Social Services,,45.510375,-73.676207,,,,MSSS / curated / INDex,see data/raw/source_metadata.csv,2026-06-26
CTR_a8c33ce1,Le Châteaubriand,Community & Social Services,7985,45.631384,-73.590337,,,,MSSS / curated / INDex,see data/raw/source_metadata.csv,2026-06-26
CTR_4612c3c7,Forêt Dorée,Community & Social Services,,45.52844,-73.547134,,,,MSSS / curated / INDex,see data/raw/source_metadata.csv,2026-06-26
CTR_9ccdcd17,Maison de la famille de Saint-Léonard,Community & Social Services,8180 Rue Collerette,45.585452,-73.593464,,,,MSSS / curated / INDex,see data/raw/source_metadata.csv,2026-06-26
CTR_e53ba3f9,Seena Cultural Centre,Community & Social Services,,45.46151,-73.62335,,,,MSSS / curated / INDex,see data/raw/source_metadata.csv,2026-06-26
CTR_90e6839f,Résidence pour personnes âgées,Community & Social Services,,45.538831,-73.614427,,,,MSSS / curated / INDex,see data/raw/source_metadata.csv,2026-06-26
CTR_23602951,Le Phare,Food Support,11835 Boulevard Langelier,45.61706,-73.614067,,,,Moisson Montreal network (curated),see data/raw/source_metadata.csv,2026-06-26
CTR_b6522042,CSHLD du Château-sur-le-Lac,Community & Social Services,16289 Boulevard Gouin Ouest,45.477913,-73.874403,,,,MSSS / curated / INDex,see data/raw/source_metadata.csv,2026-06-26
CTR_a314ecbd,Centre d'hébergement Les Cèdres,Community & Social Services,1275 Boulevard de la Côte-Vertu,45.516779,-73.680274,,,,MSSS / curated / INDex,see data/raw/source_metadata.csv,2026-06-26
CTR_f50a3349,Excelsoins Ste-Geneviève,Community & Social Services,16375 Boulevard Gouin Ouest,45.47644,-73.874807,,,,MSSS / curated / INDex,see data/raw/source_metadata.csv,2026-06-26
CTR_a3e52633,"Unité d'hébergement, Hôpital Lasalle",Community & Social Services,,45.421396,-73.622893,,,,MSSS / curated / INDex,see data/raw/source_metadata.csv,2026-06-26
CTR_c166ef43,Bingo,Community & Social Services,2005 Saint-Antoine,45.43958,-73.6829,,,,MSSS / curated / INDex,see data/raw/source_metadata.csv,2026-06-26
CTR_d7eec2cd,Centre d'hébergement Saint-Andrew,Community & Social Services,3350 Boulevard Cavendish,45.463111,-73.628904,,,,MSSS / curated / INDex,see data/raw/source_metadata.csv,2026-06-26
CTR_fa8094d1,Maison l'Étincelle,Community & Social Services,,45.469041,-73.56781,,,,MSSS / curated / INDex,see data/raw/source_metadata.csv,2026-06-26
CTR_382d93b1,Banque Alimentaire FDOI,Community & Social Services,,45.508708,-73.805728,,,,MSSS / curated / INDex,see data/raw/source_metadata.csv,2026-06-26
CTR_ab0b5d31,Fonds d'Aide de l'Ouest-de-l'Île,Community & Social Services,,45.509799,-73.806356,,,,MSSS / curated / INDex,see data/raw/source_metadata.csv,2026-06-26
CTR_a4a17932,Royal Canadian Legion Hall,Community & Social Services,,45.51054,-73.810097,,,,MSSS / curated / INDex,see data/raw/source_metadata.csv,2026-06-26
CTR_546318fd,Résidence Lacordaire Iléana,Community & Social Services,,45.583586,-73.578792,,,,MSSS / curated / INDex,see data/raw/source_metadata.csv,2026-06-26
CTR_006375bb,Résidence Les Jardins Gordon,Community & Social Services,,45.46122,-73.577741,,,,MSSS / curated / INDex,see data/raw/source_metadata.csv,2026-06-26
CTR_f54c05d0,CHSLD Éloria-Lepage,Community & Social Services,3090 Avenue de la Pépinière,45.576972,-73.541908,,,,MSSS / curated / INDex,see data/raw/source_metadata.csv,2026-06-26
CTR_80a711d6,Centre de protection de l'enfance et de la jeunesse Henri-Bourassa Est,Community & Social Services,,45.560676,-73.666047,,,,MSSS / curated / INDex,see data/raw/source_metadata.csv,2026-06-26
CTR_154ad4d1,Résidence J.A. De Sève,Community & Social Services,,45.513575,-73.555861,,,,MSSS / curated / INDex,see data/raw/source_metadata.csv,2026-06-26
CTR_2186c7a3,CHSLD Jeanne-Le Ber,Community & Social Services,,45.589597,-73.527693,,,,MSSS / curated / INDex,see data/raw/source_metadata.csv,2026-06-26
CTR_50c86899,Service des Loisirs et du Développement communautaire,Community & Social Services,,45.544152,-73.697967,,,,MSSS / curated / INDex,see data/raw/source_metadata.csv,2026-06-26
CTR_ca73a90a,Centre Communautaire Arménien,Community & Social Services,3401 Rue Olivar Asselin,45.532658,-73.697327,,,,MSSS / curated / INDex,see data/raw/source_metadata.csv,2026-06-26
CTR_4a14a8e2,CHSLD Robert-Cliche,Community & Social Services,,45.557576,-73.578945,,,,MSSS / curated / INDex,see data/raw/source_metadata.csv,2026-06-26
CTR_d7de5095,CHSLD Providence-Saint-Joseph,Community & Social Services,,45.578814,-73.567463,,,,MSSS / curated / INDex,see data/raw/source_metadata.csv,2026-06-26
CTR_1096262e,Résidence L'image d'Outremont,Community & Social Services,1040 Avenue Rockland,45.518626,-73.622237,,,,MSSS / curated / INDex,see data/raw/source_metadata.csv,2026-06-26
CTR_f8e43f61,CHSLD Saint-Georges,Community & Social Services,,45.512005,-73.572582,,,,MSSS / curated / INDex,see data/raw/source_metadata.csv,2026-06-26
CTR_7ed87d25,Manoir Saint-Joseph,Community & Social Services,,45.567461,-73.651145,,,,MSSS / curated / INDex,see data/raw/source_metadata.csv,2026-06-26
CTR_46c1056d,CHSLD Vigi Reine-Élizabeth,Community & Social Services,,45.473991,-73.606213,,,,MSSS / curated / INDex,see data/raw/source_metadata.csv,2026-06-26
CTR_5e11388f,CHSLD Auclair,Community & Social Services,,45.539536,-73.6086,,,,MSSS / curated / INDex,see data/raw/source_metadata.csv,2026-06-26
CTR_7e5403a2,Résidence Parc Jarry,Community & Social Services,,45.538373,-73.628706,,,,MSSS / curated / INDex,see data/raw/source_metadata.csv,2026-06-26
CTR_f475e4c1,Les Résidences Soleil Manoir Saint-Léonard,Community & Social Services,,45.583211,-73.585436,,,,MSSS / curated / INDex,see data/raw/source_metadata.csv,2026-06-26
CTR_1e8f68a2,Le Château BeauRivage,Community & Social Services,,45.627673,-73.61982,,,,MSSS / curated / INDex,see data/raw/source_metadata.csv,2026-06-26
CTR_bcd315c4,Centre d’hébergement Henri-Bradet,Community & Social Services,,45.472051,-73.645082,,,,MSSS / curated / INDex,see data/raw/source_metadata.csv,2026-06-26
CTR_d20f9055,Résidence Le Saint-Michel,Community & Social Services,7070 Boulevard Saint-Michel,45.558054,-73.597031,,,,MSSS / curated / INDex,see data/raw/source_metadata.csv,2026-06-26
CTR_331e58d0,Manoir Claudette Barré,Community & Social Services,,45.597304,-73.535481,,,,MSSS / curated / INDex,see data/raw/source_metadata.csv,2026-06-26
CTR_53a37326,Vent de l’Ouest,Community & Social Services,,45.48193,-73.861803,,,,MSSS / curated / INDex,see data/raw/source_metadata.csv,2026-06-26
CTR_49c92c38,Centre d'hébergement Floralies de Lachine,Community & Social Services,,45.440959,-73.691977,,,,MSSS / curated / INDex,see data/raw/source_metadata.csv,2026-06-26
CTR_ad1d9310,Résidence Cité Rive,Community & Social Services,,45.630609,-73.617781,,,,MSSS / curated / INDex,see data/raw/source_metadata.csv,2026-06-26
CTR_4c6d7162,Résidence Anjou,Community & Social Services,,45.604472,-73.547456,,,,MSSS / curated / INDex,see data/raw/source_metadata.csv,2026-06-26
CTR_368ee94b,Centre d'hébergement Ernest-Routhier,Community & Social Services,,45.521245,-73.564306,,,,MSSS / curated / INDex,see data/raw/source_metadata.csv,2026-06-26
CTR_2194c5f3,Résidence Bellerive,Community & Social Services,,45.674836,-73.492465,,,,MSSS / curated / INDex,see data/raw/source_metadata.csv,2026-06-26
CTR_4bf29665,Les résidences Le Tournesol,Community & Social Services,,45.537308,-73.671165,,,,MSSS / curated / INDex,see data/raw/source_metadata.csv,2026-06-26
CTR_65dae96c,Résidence Snowdon,Community & Social Services,4329 Avenue Isabella,45.493111,-73.625888,,,,MSSS / curated / INDex,see data/raw/source_metadata.csv,2026-06-26
CTR_856a0ed4,Résidence au Fil de l’Eau,Community & Social Services,,45.63004,-73.619547,,,,MSSS / curated / INDex,see data/raw/source_metadata.csv,2026-06-26
CTR_01ab5453,CHSLD Marie-Rollet,Community & Social Services,,45.573418,-73.575777,,,,MSSS / curated / INDex,see data/raw/source_metadata.csv,2026-06-26
CTR_ae5fc077,Résidence Anjou sur le Lac,Community & Social Services,,45.606061,-73.588773,,,,MSSS / curated / INDex,see data/raw/source_metadata.csv,2026-06-26
CTR_ba69a3d4,Villa Ukrainienne,Community & Social Services,,45.552574,-73.586606,,,,MSSS / curated / INDex,see data/raw/source_metadata.csv,2026-06-26
CTR_5fd9cced,Centre d’hébergement de la Marée,Community & Social Services,,45.630119,-73.61913,,,,MSSS / curated / INDex,see data/raw/source_metadata.csv,2026-06-26
CTR_5e574927,Manoir de l'Acadie,Community & Social Services,,45.534824,-73.683984,,,,MSSS / curated / INDex,see data/raw/source_metadata.csv,2026-06-26
CTR_80a5c397,Résidence Sault-au-Récollet,Community & Social Services,,45.587424,-73.652105,,,,MSSS / curated / INDex,see data/raw/source_metadata.csv,2026-06-26
CTR_48994a0c,Résidence Portofino,Community & Social Services,,45.585234,-73.651994,,,,MSSS / curated / INDex,see data/raw/source_metadata.csv,2026-06-26
CTR_f63c658b,Résidence L'Alto,Community & Social Services,,45.50568,-73.674381,,,,MSSS / curated / INDex,see data/raw/source_metadata.csv,2026-06-26
CTR_5a760bb8,"Groupe Maurice, Les Verrières du Golf",Community & Social Services,,45.51387,-73.70944,,,,MSSS / curated / INDex,see data/raw/source_metadata.csv,2026-06-26
CTR_d4c2a5b8,Résidence Ville-Marie,Community & Social Services,,45.526615,-73.561724,,,,MSSS / curated / INDex,see data/raw/source_metadata.csv,2026-06-26
CTR_9ffb045c,Résidence Rosalie-Cadron,Community & Social Services,,45.528498,-73.721818,,,,MSSS / curated / INDex,see data/raw/source_metadata.csv,2026-06-26
CTR_a64513de,Le Sommet de la Rive,Community & Social Services,3501 Boulevard Gaétan-Laberge,45.468738,-73.563407,,,,MSSS / curated / INDex,see data/raw/source_metadata.csv,2026-06-26
CTR_4f3a31da,Place Lacordaire,Community & Social Services,,45.582996,-73.582629,,,,MSSS / curated / INDex,see data/raw/source_metadata.csv,2026-06-26
CTR_5f887bd7,Résidence Lepage,Community & Social Services,,45.454917,-73.58677,,,,MSSS / curated / INDex,see data/raw/source_metadata.csv,2026-06-26
CTR_3f2c6b05,Résidence Sheppard et James,Community & Social Services,,45.490277,-73.637719,,,,MSSS / curated / INDex,see data/raw/source_metadata.csv,2026-06-26
CTR_bbb139b1,Résidence Shepphard et James Victoria,Community & Social Services,5700 Avenue Victoria,45.492311,-73.633494,,,,MSSS / curated / INDex,see data/raw/source_metadata.csv,2026-06-26
CTR_59a08899,Manoir du Soleil Levant,Community & Social Services,,45.587941,-73.635596,,,,MSSS / curated / INDex,see data/raw/source_metadata.csv,2026-06-26
CTR_5b099758,Résidence Saint-Denis d'Ahuntsic,Community & Social Services,,45.553485,-73.667706,,,,MSSS / curated / INDex,see data/raw/source_metadata.csv,2026-06-26
CTR_54dcb176,Manoir D'Amour,Community & Social Services,,45.43199,-73.642976,,,,MSSS / curated / INDex,see data/raw/source_metadata.csv,2026-06-26
CTR_6c66d5ca,Résidence Rosemont SEC,Community & Social Services,,45.541965,-73.589858,,,,MSSS / curated / INDex,see data/raw/source_metadata.csv,2026-06-26
CTR_3c7992ef,Résidences Le 1615 et Le 1625,Community & Social Services,,45.567122,-73.663085,,,,MSSS / curated / INDex,see data/raw/source_metadata.csv,2026-06-26
CTR_232fef90,Manoir Belle Époque,Community & Social Services,,45.569867,-73.659197,,,,MSSS / curated / INDex,see data/raw/source_metadata.csv,2026-06-26
CTR_031609e5,Résidence Outremont,Community & Social Services,,45.519225,-73.609026,,,,MSSS / curated / INDex,see data/raw/source_metadata.csv,2026-06-26
CTR_c9b05f39,Les Résidences Confort D.Charles - Sainte-Claire,Community & Social Services,,45.605072,-73.522262,,,,MSSS / curated / INDex,see data/raw/source_metadata.csv,2026-06-26
CTR_33c291af,La Résidence Fulford,Community & Social Services,,45.494791,-73.577735,,,,MSSS / curated / INDex,see data/raw/source_metadata.csv,2026-06-26
CTR_7ff0ab76,Les Jardins de Jouvence,Community & Social Services,,45.599504,-73.522143,,,,MSSS / curated / INDex,see data/raw/source_metadata.csv,2026-06-26
CTR_69c231f9,Résidence Lachapelle,Community & Social Services,,45.55757,-73.53103,,,,MSSS / curated / INDex,see data/raw/source_metadata.csv,2026-06-26
CTR_36d3a303,Résidence du Jardin Botanique,Community & Social Services,,45.560719,-73.574546,,,,MSSS / curated / INDex,see data/raw/source_metadata.csv,2026-06-26
CTR_ad771221,Lux Gouverneur,Community & Social Services,,45.570982,-73.549064,,,,MSSS / curated / INDex,see data/raw/source_metadata.csv,2026-06-26
CTR_21ca4406,Résidence Les Tours Gouin,Community & Social Services,,45.62846,-73.620696,,,,MSSS / curated / INDex,see data/raw/source_metadata.csv,2026-06-26
CTR_058ab4bd,Les Habitations Pelletier,Community & Social Services,,45.598063,-73.638965,,,,MSSS / curated / INDex,see data/raw/source_metadata.csv,2026-06-26
CTR_e21ed7b6,"Chartwell, Bois-de-Boulogne",Community & Social Services,,45.536752,-73.669349,,,,MSSS / curated / INDex,see data/raw/source_metadata.csv,2026-06-26
CTR_e3deaeb9,Résidence LaSalle,Community & Social Services,,45.430093,-73.61309,,,,MSSS / curated / INDex,see data/raw/source_metadata.csv,2026-06-26
CTR_5402b562,Manoir Gouin,Community & Social Services,,45.529243,-73.722988,,,,MSSS / curated / INDex,see data/raw/source_metadata.csv,2026-06-26
CTR_f4481a32,Les Résidences Soleil Pointe-aux-Trembles,Community & Social Services,,45.665425,-73.492599,,,,MSSS / curated / INDex,see data/raw/source_metadata.csv,2026-06-26
CTR_b22a9630,Résidence Jean-Placide-Desrosiers,Community & Social Services,,45.446587,-73.646317,,,,MSSS / curated / INDex,see data/raw/source_metadata.csv,2026-06-26
CTR_2cb26713,"Chartwell, Belvédères de Lachine",Community & Social Services,,45.435365,-73.690831,,,,MSSS / curated / INDex,see data/raw/source_metadata.csv,2026-06-26
CTR_9a1c695c,CSH-HCN Lessee (Pointe-aux-Trembles),Community & Social Services,,45.658237,-73.51217,,,,MSSS / curated / INDex,see data/raw/source_metadata.csv,2026-06-26
CTR_68116cf7,Résidence Cavalier de Lasalle,Community & Social Services,,45.425396,-73.609831,,,,MSSS / curated / INDex,see data/raw/source_metadata.csv,2026-06-26
CTR_9874d9b7,Le Symbiose,Community & Social Services,,45.591583,-73.533924,,,,MSSS / curated / INDex,see data/raw/source_metadata.csv,2026-06-26
CTR_d1e0cd21,Résidence Lionel-Bourdon,Community & Social Services,,45.644871,-73.574731,,,,MSSS / curated / INDex,see data/raw/source_metadata.csv,2026-06-26
CTR_52269cb0,Centre d'hébergement de Saint-Henri,Community & Social Services,,45.469653,-73.594136,,,,MSSS / curated / INDex,see data/raw/source_metadata.csv,2026-06-26
CTR_fb8372ab,Famijeunes,Community & Social Services,3904 Rue Notre-Dame Ouest,45.478376,-73.58289,,,,MSSS / curated / INDex,see data/raw/source_metadata.csv,2026-06-26
CTR_ff30aa9e,Maison Valeo Pierrefonds,Community & Social Services,,45.489868,-73.845912,,,,MSSS / curated / INDex,see data/raw/source_metadata.csv,2026-06-26
CTR_331cabcc,Rêvanous,Community & Social Services,,45.548151,-73.65769,,,,MSSS / curated / INDex,see data/raw/source_metadata.csv,2026-06-26
CTR_9004eeb8,Centre APpleton,Community & Social Services,6585 Chemin de la Côte-des-Neiges,45.502471,-73.635375,,,,MSSS / curated / INDex,see data/raw/source_metadata.csv,2026-06-26
CTR_18ebdd69,MultiCaf,Food Support,3591 Avenue Appleton,45.502557,-73.63478,,,,Moisson Montreal network (curated),see data/raw/source_metadata.csv,2026-06-26
CTR_607ab43b,Grupo Alcoholicos Anonimos Una Luz en Montreal,Community & Social Services,29A Avenue Shamrock,45.534529,-73.616662,,,,MSSS / curated / INDex,see data/raw/source_metadata.csv,2026-06-26
CTR_9cf45e2e,Le Quartier des Générations,Community & Social Services,1675 Boulevard Gouin Est,45.567431,-73.661497,,,,MSSS / curated / INDex,see data/raw/source_metadata.csv,2026-06-26
CTR_a0cb2454,Résidence Bonsecours,Community & Social Services,5015 Avenue Notre-Dame-de-Grâce,45.482408,-73.613726,,,,MSSS / curated / INDex,see data/raw/source_metadata.csv,2026-06-26
CTR_6baec74e,Syndicat des cols bleus regroupés de Montréal,Community & Social Services,8455 Avenue Papineau,45.556577,-73.625654,,,,MSSS / curated / INDex,see data/raw/source_metadata.csv,2026-06-26
CTR_b3a1d405,Centre Communautaire Darlington,Community & Social Services,2876 Rue Goyer,45.509989,-73.630139,,,,MSSS / curated / INDex,see data/raw/source_metadata.csv,2026-06-26
CTR_b5f12930,CCSE Maisonneuve,Community & Social Services,4375 Rue Ontario Est,45.553812,-73.540479,,,,MSSS / curated / INDex,see data/raw/source_metadata.csv,2026-06-26
CTR_c9e36186,Chalet du parc Willibrord,Community & Social Services,,45.459224,-73.574479,,,,MSSS / curated / INDex,see data/raw/source_metadata.csv,2026-06-26
CTR_06cbdf71,Centre de Don Renaissance,Community & Social Services,1460 Rue Jarry Est,45.551499,-73.620347,,,,MSSS / curated / INDex,see data/raw/source_metadata.csv,2026-06-26
CTR_c511712c,Pavillon d'accueil du Parcours Gouin,Community & Social Services,10905 Rue Basile-Routhier,45.55748,-73.672673,,,,MSSS / curated / INDex,see data/raw/source_metadata.csv,2026-06-26
CTR_33ae545d,Maison de la culture Ahuntsic,Community & Social Services,10300 Rue Lajeunesse,45.553472,-73.66257,,,,MSSS / curated / INDex,see data/raw/source_metadata.csv,2026-06-26
CTR_44e940c7,Carrefour Jeunesse Emploi Ahuntsic-Bordeaux-Cartierville,Community & Social Services,10794 Rue Lajeunesse,45.555571,-73.669948,,,,MSSS / curated / INDex,see data/raw/source_metadata.csv,2026-06-26
CTR_31771153,Hébergements Péloquin,Community & Social Services,900 Boulevard Gouin Est,45.55939,-73.667385,,,,MSSS / curated / INDex,see data/raw/source_metadata.csv,2026-06-26
CTR_f94ed806,Centre communautaire Lasalle,Community & Social Services,15 Avenue Highlands,45.425915,-73.657066,,,,MSSS / curated / INDex,see data/raw/source_metadata.csv,2026-06-26
CTR_db86caf5,Centre récréatif et communautaire de LaSalle,Community & Social Services,8700 Rue Hardy,45.433158,-73.635904,,,,MSSS / curated / INDex,see data/raw/source_metadata.csv,2026-06-26
CTR_c84d35b1,Centre communautaire Saint-Raymond,Community & Social Services,,45.469608,-73.608354,,,,MSSS / curated / INDex,see data/raw/source_metadata.csv,2026-06-26
CTR_d9ba4f65,Centre communautaire et culturel Doux Refuge,Community & Social Services,2825 Boulevard Henri-Bourassa Est,45.581069,-73.651857,,,,MSSS / curated / INDex,see data/raw/source_metadata.csv,2026-06-26
CTR_632c6247,Cercle des fermières d'Ahuntsic,Community & Social Services,2574 Rue Fleury Est,45.576562,-73.646261,,,,MSSS / curated / INDex,see data/raw/source_metadata.csv,2026-06-26
CTR_7824e532,Centre communautaire de la Savane,Community & Social Services,5111 Rue Paré,45.498153,-73.653951,,,,MSSS / curated / INDex,see data/raw/source_metadata.csv,2026-06-26
CTR_b1e34750,Centre Communautaire MADA,Community & Social Services,6875 Boulevard Décarie,45.49254,-73.648229,,,,MSSS / curated / INDex,see data/raw/source_metadata.csv,2026-06-26
CTR_a4124881,Noor Cultural Center,Community & Social Services,4844 Avenue de Courtrai,45.49667,-73.64609,,,,MSSS / curated / INDex,see data/raw/source_metadata.csv,2026-06-26
CTR_3fc81946,Chabad Hope Center,Community & Social Services,5110 Avenue de Courtrai,45.495169,-73.64742,,,,MSSS / curated / INDex,see data/raw/source_metadata.csv,2026-06-26
CTR_75c859d3,The Living Legacy,Community & Social Services,5120 Avenue de Courtrai,45.494973,-73.647591,,,,MSSS / curated / INDex,see data/raw/source_metadata.csv,2026-06-26
CTR_a80a3a33,Chabad Chai Center Jewish Community Center,Community & Social Services,5120 Avenue de Courtrai,45.494927,-73.647632,,,,MSSS / curated / INDex,see data/raw/source_metadata.csv,2026-06-26
CTR_4b05f4df,Providence Notre-Dame-de-Grâce,Community & Social Services,5240 Chemin de la Côte-Saint-Luc,45.481317,-73.621481,,,,MSSS / curated / INDex,see data/raw/source_metadata.csv,2026-06-26
CTR_de03849e,Centre communautaire turc,Community & Social Services,3781 Rue Villeray,45.566159,-73.599598,,,,MSSS / curated / INDex,see data/raw/source_metadata.csv,2026-06-26
CTR_00085eea,Autour du bébé,Community & Social Services,1290 Rue Fleury Est,45.559616,-73.658125,,,,MSSS / curated / INDex,see data/raw/source_metadata.csv,2026-06-26
CTR_91283b63,La Station,Community & Social Services,201 Rue Berlioz,45.459943,-73.54444,,,,MSSS / curated / INDex,see data/raw/source_metadata.csv,2026-06-26
CTR_540592cf,Bureau de la communauté haïtienne de Montréal,Community & Social Services,6970 Rue Marquette,45.545744,-73.604651,,,,MSSS / curated / INDex,see data/raw/source_metadata.csv,2026-06-26
CTR_9dd79a94,CHSLD Manoir de l'Ouest de l'île,Community & Social Services,17725 Boulevard de Pierrefonds,45.462888,-73.885635,,,,MSSS / curated / INDex,see data/raw/source_metadata.csv,2026-06-26
CTR_7bc81477,Fondaiton kurde du Québec / Komela Kurda li Quebec,Community & Social Services,2170 Avenue Charland,45.568429,-73.641407,,,,MSSS / curated / INDex,see data/raw/source_metadata.csv,2026-06-26
CTR_161190a0,Centre Masson,Community & Social Services,2705 Rue Masson,45.546583,-73.576022,,,,MSSS / curated / INDex,see data/raw/source_metadata.csv,2026-06-26
CTR_5eefc739,Centre Communautaire Petite-Côte,Community & Social Services,5675 Rue Lafond,45.554237,-73.576764,,,,MSSS / curated / INDex,see data/raw/source_metadata.csv,2026-06-26
CTR_5611d7f2,A deux mains,Community & Social Services,,45.46569,-73.62789,,,,MSSS / curated / INDex,see data/raw/source_metadata.csv,2026-06-26
CTR_99a36aab,Petales Québec,Community & Social Services,39A Boulevard Gouin Ouest,45.550938,-73.675444,,,,MSSS / curated / INDex,see data/raw/source_metadata.csv,2026-06-26
CTR_abb7eecf,Gap-Vies Inc,Community & Social Services,3330 Rue Jarry Est,45.5648,-73.608405,,,,MSSS / curated / INDex,see data/raw/source_metadata.csv,2026-06-26
CTR_8fe3466a,Entre-Maisons Ahuntsic - Centre des jeunes Saint-Sulpice,Community & Social Services,9455 Avenue Olivier-Maurault,45.556123,-73.646799,,,,MSSS / curated / INDex,see data/raw/source_metadata.csv,2026-06-26
CTR_b4c05be9,Centre jeunesse de Montréal - Institut universitaire - Site Dominique-Savio-Mainbourg,Community & Social Services,9335 Rue Saint-Hubert,45.55298,-73.645992,,,,MSSS / curated / INDex,see data/raw/source_metadata.csv,2026-06-26
CTR_466d1bd3,Teamsters,Community & Social Services,,45.568664,-73.653309,,,,MSSS / curated / INDex,see data/raw/source_metadata.csv,2026-06-26
CTR_a80c6215,Centre social des cols bleus regroupés de Montréal,Community & Social Services,,45.56488,-73.646241,,,,MSSS / curated / INDex,see data/raw/source_metadata.csv,2026-06-26
CTR_866cb3f3,Partageons l'espoir,Community & Social Services,625 Rue Fortune,45.478136,-73.559265,,,,MSSS / curated / INDex,see data/raw/source_metadata.csv,2026-06-26
CTR_2ad27eaf,Salle St-Jean Berchmans,Community & Social Services,5945 Rue Cartier,45.541864,-73.591242,,,,MSSS / curated / INDex,see data/raw/source_metadata.csv,2026-06-26
CTR_272e1d62,Salle Cartier,Community & Social Services,5945 Rue Cartier,45.541841,-73.591476,,,,MSSS / curated / INDex,see data/raw/source_metadata.csv,2026-06-26
CTR_73c188d9,Espace des Possibles Ahuntsic,Community & Social Services,9269 Rue Lajeunesse,45.549424,-73.647848,,,,MSSS / curated / INDex,see data/raw/source_metadata.csv,2026-06-26
CTR_07b588f7,Centre d'hébergement de Louvain,Community & Social Services,9600 Rue Saint-Denis,45.548599,-73.654068,,,,MSSS / curated / INDex,see data/raw/source_metadata.csv,2026-06-26
CTR_f9e2f797,Centre d'hébergement de soins logue durée Légaré,Community & Social Services,Avenue Émile-Journault,45.55859,-73.634948,,,,MSSS / curated / INDex,see data/raw/source_metadata.csv,2026-06-26
CTR_97401290,Les syndicats des employé-e-s d'Hydro-Québec,Community & Social Services,1010 Boulevard Crémazie Est,45.549612,-73.630248,,,,MSSS / curated / INDex,see data/raw/source_metadata.csv,2026-06-26
CTR_2f4e6b6c,Entre mamans et papas,Community & Social Services,3363 Rue de Rouen,45.5438,-73.549934,,,,MSSS / curated / INDex,see data/raw/source_metadata.csv,2026-06-26
CTR_804ad45a,Centre Saint-Barthélemy,Community & Social Services,7111 Avenue des Érables,45.550439,-73.603378,,,,MSSS / curated / INDex,see data/raw/source_metadata.csv,2026-06-26
CTR_f1baccfe,Carrefour Jeunesse-Emploi Côte-des-Neiges - Ville Mont-Royal - Outremont,Community & Social Services,6555 Chemin de la Côte-des-Neiges,45.50235,-73.635088,,,,MSSS / curated / INDex,see data/raw/source_metadata.csv,2026-06-26
CTR_694271df,Centre culturel et communautaire de Cartierville,Community & Social Services,12225 Rue Grenet,45.530019,-73.715757,,,,MSSS / curated / INDex,see data/raw/source_metadata.csv,2026-06-26
CTR_17b9dcdd,5150 Gaspé - Bâtiment,Community & Social Services,5105 Avenue De Gaspé,45.525024,-73.591223,,,,MSSS / curated / INDex,see data/raw/source_metadata.csv,2026-06-26
CTR_8d08151c,L’Orangeraie,Community & Social Services,,45.512356,-73.568447,,,,MSSS / curated / INDex,see data/raw/source_metadata.csv,2026-06-26
CTR_0ec7ce4f,Centre communautaire des Phillippines - Centre Famas,Community & Social Services,4725 Avenue Van Horne,45.494902,-73.636865,,,,MSSS / curated / INDex,see data/raw/source_metadata.csv,2026-06-26
CTR_bbafcc45,Associacao Dos Pais Montreal,Community & Social Services,333 Rue De Castelnau Est,45.53823,-73.618002,,,,MSSS / curated / INDex,see data/raw/source_metadata.csv,2026-06-26
CTR_618595fb,Centrami,Community & Social Services,6387 Boulevard Monk,45.454711,-73.594731,,,,MSSS / curated / INDex,see data/raw/source_metadata.csv,2026-06-26
CTR_2d810e46,FADOQ,Community & Social Services,7537 Rue Saint-Hubert,45.543294,-73.6186,,,,MSSS / curated / INDex,see data/raw/source_metadata.csv,2026-06-26
CTR_cf0dc34f,Centre des femmes d'ici et d'ailleurs,Community & Social Services,8043 Rue Saint-Hubert,45.546109,-73.625326,,,,MSSS / curated / INDex,see data/raw/source_metadata.csv,2026-06-26
CTR_fffd9e24,Parkinson Québec,Community & Social Services,560 Rue Ontario Est,45.517665,-73.564221,,,,MSSS / curated / INDex,see data/raw/source_metadata.csv,2026-06-26
CTR_4ea55e30,NDG'S homeless shelter,Community & Social Services,6505 Avenue Somerled,45.467831,-73.638533,,,,MSSS / curated / INDex,see data/raw/source_metadata.csv,2026-06-26
CTR_ebe456a6,Le Dépôt centre communautaire d’alimentation,Food Support,6450 Avenue Somerled,45.468165,-73.63776,,,,Moisson Montreal network (curated),see data/raw/source_metadata.csv,2026-06-26
CTR_825b890c,Centre de femmes La Marie Debout,Community & Social Services,4001 Rue Sainte-Catherine Est,45.547574,-73.536141,,,,MSSS / curated / INDex,see data/raw/source_metadata.csv,2026-06-26
CTR_cb487630,CRCS Saint-Zotique,Community & Social Services,,45.472777,-73.583841,,,,MSSS / curated / INDex,see data/raw/source_metadata.csv,2026-06-26
CTR_99232f99,Pavillon des aînés,Community & Social Services,,45.478232,-73.565113,,,,MSSS / curated / INDex,see data/raw/source_metadata.csv,2026-06-26
CTR_bca935f6,Réseau D'Entreaide de Verdun,Community & Social Services,5132 Rue Wellington,45.454979,-73.567561,,,,MSSS / curated / INDex,see data/raw/source_metadata.csv,2026-06-26
CTR_cbfa097d,La Maison Blue,Community & Social Services,4926 Rue de Verdun,45.456547,-73.571763,,,,MSSS / curated / INDex,see data/raw/source_metadata.csv,2026-06-26
CTR_3a558b26,Carrefour Parenfants,Community & Social Services,5021 Rue Sainte-Catherine Est,45.558253,-73.529547,,,,MSSS / curated / INDex,see data/raw/source_metadata.csv,2026-06-26
CTR_27ba4fef,Accueil Bonneau,Community & Social Services,,45.510256,-73.550996,,,,MSSS / curated / INDex,see data/raw/source_metadata.csv,2026-06-26
CTR_ff03af12,QPIRG,Community & Social Services,,45.495659,-73.579758,,,,MSSS / curated / INDex,see data/raw/source_metadata.csv,2026-06-26
CTR_4f6be00f,La Maison Boussonnière,Community & Social Services,65 Rue Saint-Viateur Est,45.526885,-73.598199,,,,MSSS / curated / INDex,see data/raw/source_metadata.csv,2026-06-26
CTR_875d98e1,CHSLD des Seigneurs,Community & Social Services,1800 Rue Saint-Jacques,45.489352,-73.570973,,,,MSSS / curated / INDex,see data/raw/source_metadata.csv,2026-06-26
CTR_befcedcd,Centre communautaire La Patience,Community & Social Services,9227 Boulevard Saint-Michel,45.573457,-73.630741,,,,MSSS / curated / INDex,see data/raw/source_metadata.csv,2026-06-26
CTR_6f10856b,Maison de la Famille de St-Michel,Community & Social Services,9162 Boulevard Saint-Michel,45.572219,-73.629229,,,,MSSS / curated / INDex,see data/raw/source_metadata.csv,2026-06-26
CTR_2643a98a,Centre de solidarité lesbienne,Community & Social Services,4126 Saint-Denis,45.521189,-73.577162,,,,MSSS / curated / INDex,see data/raw/source_metadata.csv,2026-06-26
CTR_490cf5a9,Espace des possibles,Community & Social Services,,45.537556,-73.601496,,,,MSSS / curated / INDex,see data/raw/source_metadata.csv,2026-06-26
CTR_3c6f6a07,Le Chaînon,Community & Social Services,4373 Avenue de l'Esplanade,45.517711,-73.586046,,,,MSSS / curated / INDex,see data/raw/source_metadata.csv,2026-06-26
CTR_a35b1925,Maison L'Exode - Pavillon André-Dumont,Community & Social Services,2590 Avenue Letourneux,45.555108,-73.548312,,,,MSSS / curated / INDex,see data/raw/source_metadata.csv,2026-06-26
CTR_fbc14537,Centre Communautaire Rivière-Des-Prairies,Community & Social Services,9140 Boulevard Perras,45.650377,-73.577389,,,,MSSS / curated / INDex,see data/raw/source_metadata.csv,2026-06-26
CTR_0ab5529b,CHSLD de Saint-Michel,Community & Social Services,3130 Rue Jarry Est,45.562113,-73.61066,,,,MSSS / curated / INDex,see data/raw/source_metadata.csv,2026-06-26
CTR_5b197893,La Maison d'Haïti,Community & Social Services,,45.570685,-73.623569,,,,MSSS / curated / INDex,see data/raw/source_metadata.csv,2026-06-26
CTR_f4b17e3c,Société Saint-Vincent-de-Paul - Saint-Antoine-Marie-Claret,Food Support,10630 Avenue Larose,45.580244,-73.650533,,,,Moisson Montreal network (curated),see data/raw/source_metadata.csv,2026-06-26
CTR_5a58e419,Centre communautaire intergénérationnel,Community & Social Services,999 Avenue McEachran,45.519944,-73.619301,,,,MSSS / curated / INDex,see data/raw/source_metadata.csv,2026-06-26
CTR_319a607a,CACI Salaberry,Community & Social Services,4800 Rue De Salaberry,45.532975,-73.705919,,,,MSSS / curated / INDex,see data/raw/source_metadata.csv,2026-06-26
CTR_cbfe583f,Centre des aînés de Villeray,Community & Social Services,7626 Rue Saint-Hubert,45.543793,-73.620213,,,,MSSS / curated / INDex,see data/raw/source_metadata.csv,2026-06-26
CTR_462476a6,Vers Vous,Community & Social Services,8042 Rue Saint-Hubert,45.545976,-73.625581,,,,MSSS / curated / INDex,see data/raw/source_metadata.csv,2026-06-26
CTR_dfbeeee2,Montreal Science Centre,Community & Social Services,2 De la Commune St W,45.504647,-73.55133,,,,MSSS / curated / INDex,see data/raw/source_metadata.csv,2026-06-26
CTR_8110fd2d,Centre Sanaaq,Community & Social Services,1200 Rue du Sussex,45.48927,-73.581539,,,,MSSS / curated / INDex,see data/raw/source_metadata.csv,2026-06-26
CTR_962a8204,Centre Action,Community & Social Services,,45.519912,-73.702274,,,,MSSS / curated / INDex,see data/raw/source_metadata.csv,2026-06-26
CTR_b2fa5177,Centrevie LifeCenter,Community & Social Services,,45.519764,-73.701743,,,,MSSS / curated / INDex,see data/raw/source_metadata.csv,2026-06-26
CTR_bd024f2b,Salle de réception Sofia,Community & Social Services,,45.432782,-73.647949,,,,MSSS / curated / INDex,see data/raw/source_metadata.csv,2026-06-26
CTR_f66d0781,Air-Som/Prisme,Community & Social Services,,45.432604,-73.648013,,,,MSSS / curated / INDex,see data/raw/source_metadata.csv,2026-06-26
CTR_5c659e79,ACEF du Sud Ouest de Montréal,Community & Social Services,6734 Boulevard Monk,45.451574,-73.593231,,,,MSSS / curated / INDex,see data/raw/source_metadata.csv,2026-06-26
CTR_64ce9ae7,CACI - Centre d'appui aux communautés immigrantes,Community & Social Services,12049 Boulevard Laurentien,45.526773,-73.716469,,,,MSSS / curated / INDex,see data/raw/source_metadata.csv,2026-06-26
CTR_684c39f2,Le Sélection Île des Sœurs,Community & Social Services,325 Chemin de la Pointe-Sud,45.448836,-73.55611,,,,MSSS / curated / INDex,see data/raw/source_metadata.csv,2026-06-26
CTR_3baa48ea,Résidence Ora,Community & Social Services,,45.553889,-73.62601,,,,MSSS / curated / INDex,see data/raw/source_metadata.csv,2026-06-26
CTR_7d45cc32,Les Jardins Millen,Community & Social Services,10800 Avenue Millen,45.556839,-73.668784,,,,MSSS / curated / INDex,see data/raw/source_metadata.csv,2026-06-26
CTR_7a3e3441,Habitation L'Annexe,Community & Social Services,,45.459051,-73.595558,,,,MSSS / curated / INDex,see data/raw/source_metadata.csv,2026-06-26
CTR_d6001605,Gepisi,Community & Social Services,1223 Rue Ontario Est,45.521483,-73.562317,,,,MSSS / curated / INDex,see data/raw/source_metadata.csv,2026-06-26
CTR_6319d510,Le Ministère,Community & Social Services,4521 Boulevard Saint-Laurent,45.520454,-73.586824,,,,MSSS / curated / INDex,see data/raw/source_metadata.csv,2026-06-26
CTR_337b367e,Suspicious Fish,Community & Social Services,5161 Wellington,45.454811,-73.567961,,,,MSSS / curated / INDex,see data/raw/source_metadata.csv,2026-06-26
CTR_b61b46ba,¡Espace Amalgame?,Community & Social Services,5691 Boulevard Saint-Laurent,45.526944,-73.601049,,,,MSSS / curated / INDex,see data/raw/source_metadata.csv,2026-06-26
CTR_297a09a5,Café Mission Keurig,Community & Social Services,,45.506922,-73.557719,,,,MSSS / curated / INDex,see data/raw/source_metadata.csv,2026-06-26
CTR_a863598b,Espace culturel des Productions Feux Sacrés,Community & Social Services,43 Rue des Soeurs-Grises,45.498697,-73.554067,,,,MSSS / curated / INDex,see data/raw/source_metadata.csv,2026-06-26
CTR_f1f200b8,Le Frigo De L'Est,Community & Social Services,6055 Rue Hochelaga,45.574042,-73.535575,,,,MSSS / curated / INDex,see data/raw/source_metadata.csv,2026-06-26
CTR_8761f939,Maison du Brasseur,Community & Social Services,2901 Boulevard Saint Joseph,45.433369,-73.689927,,,,MSSS / curated / INDex,see data/raw/source_metadata.csv,2026-06-26
CTR_82741c1a,Centre d'hébergement Notre-Dame-de-la-Merci,Community & Social Services,555 Boulevard Gouin Ouest,45.547786,-73.687331,,,,MSSS / curated / INDex,see data/raw/source_metadata.csv,2026-06-26
CTR_9f6366cd,CHSLD Paul-Lizotte,Community & Social Services,,45.627376,-73.620237,,,,MSSS / curated / INDex,see data/raw/source_metadata.csv,2026-06-26
CTR_87062a48,Centre d'Hébergement Marie-Victorin,Community & Social Services,,45.616084,-73.603904,,,,MSSS / curated / INDex,see data/raw/source_metadata.csv,2026-06-26
CTR_95adf2d9,Pavillon Montfort,Community & Social Services,,45.619684,-73.60513,,,,MSSS / curated / INDex,see data/raw/source_metadata.csv,2026-06-26
CTR_c0eed579,École Saint-Justin Annexe,Community & Social Services,5005 Rue Mousseau,45.606237,-73.53196,,,,MSSS / curated / INDex,see data/raw/source_metadata.csv,2026-06-26
CTR_04d74995,"Elogia, Groupe Maurice",Community & Social Services,,45.569864,-73.550737,,,,MSSS / curated / INDex,see data/raw/source_metadata.csv,2026-06-26
CTR_2fab8cf2,CHSLD Benjamin-Victor-Rousselot,Community & Social Services,5655 Rue Sherbrooke Est,45.57283,-73.551077,,,,MSSS / curated / INDex,see data/raw/source_metadata.csv,2026-06-26
CTR_b16294d9,Association culturelle haïtienne La Perle Retrouvée,Community & Social Services,7655 20e Avenue,45.568567,-73.600247,,,,MSSS / curated / INDex,see data/raw/source_metadata.csv,2026-06-26
CTR_9e7c2443,Centre de loisirs Saints-Martyrs-Canadiens,Community & Social Services,10125 Rue Parthenais,45.571765,-73.647471,,,,MSSS / curated / INDex,see data/raw/source_metadata.csv,2026-06-26
CTR_3c537f2e,Résidence de Salaberry,Community & Social Services,5555 Rue De Salaberry,45.530882,-73.710312,,,,MSSS / curated / INDex,see data/raw/source_metadata.csv,2026-06-26
CTR_d4c412d5,Armenian Society From Istanbul,Community & Social Services,,45.532701,-73.693164,,,,MSSS / curated / INDex,see data/raw/source_metadata.csv,2026-06-26
CTR_ffc04ca1,Résidence Les Deux Aires,Community & Social Services,505 Boulevard Gouin Ouest,45.548403,-73.685786,,,,MSSS / curated / INDex,see data/raw/source_metadata.csv,2026-06-26
CTR_f4dced97,Centre d'hébergement Armand-Lavergne,Community & Social Services,3500 Rue Chapleau,45.535701,-73.563475,,,,MSSS / curated / INDex,see data/raw/source_metadata.csv,2026-06-26
CTR_1ec82b82,Résidence Piero-Corti,Community & Social Services,3131 Rue Sherbrooke Est,45.543118,-73.558247,,,,MSSS / curated / INDex,see data/raw/source_metadata.csv,2026-06-26
CTR_d2ef4f75,CHSLD J.-Henri Charbonneau,Community & Social Services,3095 Rue Sherbrooke Est,45.542689,-73.559028,,,,MSSS / curated / INDex,see data/raw/source_metadata.csv,2026-06-26
CTR_f112a6f3,Centre d'hébergement Nicolet,Community & Social Services,2300 Rue Nicolet,45.547564,-73.548442,,,,MSSS / curated / INDex,see data/raw/source_metadata.csv,2026-06-26
CTR_83ec4821,Carrefour d’alimentation et de partage Saint-Barnabé,Food Support,1475 Bennett,45.553691,-73.533539,,,,Moisson Montreal network (curated),see data/raw/source_metadata.csv,2026-06-26
CTR_7cf9a78d,CHSLD Providence Notre-Dame de Lourdes,Community & Social Services,1870 Boulevard Pie-IX,45.549759,-73.540636,,,,MSSS / curated / INDex,see data/raw/source_metadata.csv,2026-06-26
CTR_6bdd7f51,Centre de soins prolongés Grace Dart,Community & Social Services,5155 Rue Sainte-Catherine Est,45.559458,-73.528522,,,,MSSS / curated / INDex,see data/raw/source_metadata.csv,2026-06-26
CTR_734b7300,Centre d'Hébergement Paul-Émile-Léger,Community & Social Services,,45.509333,-73.560028,,,,MSSS / curated / INDex,see data/raw/source_metadata.csv,2026-06-26
CTR_fc12cbda,CHSLD St-Georges,Community & Social Services,,45.512816,-73.575035,,,,MSSS / curated / INDex,see data/raw/source_metadata.csv,2026-06-26
CTR_9477a462,Héritage Plateau,Community & Social Services,,45.520814,-73.578517,,,,MSSS / curated / INDex,see data/raw/source_metadata.csv,2026-06-26
CTR_6172d6ff,Centre de services communautaires du Monastère,Community & Social Services,,45.524963,-73.580336,,,,MSSS / curated / INDex,see data/raw/source_metadata.csv,2026-06-26
CTR_3ee68680,Centre d'hébergement Réal-Morel,Community & Social Services,3500 Rue Wellington,45.468621,-73.56493,,,,MSSS / curated / INDex,see data/raw/source_metadata.csv,2026-06-26
CTR_e898cdf2,Centre d'hébergement Yvon-Brunet,Community & Social Services,6250 Boulevard Newman,45.453884,-73.603568,,,,MSSS / curated / INDex,see data/raw/source_metadata.csv,2026-06-26
CTR_43c3a885,Centre d'hébergement-de Verdun,Community & Social Services,5500 Boulevard LaSalle,45.452296,-73.566088,,,,MSSS / curated / INDex,see data/raw/source_metadata.csv,2026-06-26
CTR_85f227b0,Quai 5160 - Maison de la culture de Verdun,Community & Social Services,5160 Boulevard LaSalle,45.453563,-73.565082,,,,MSSS / curated / INDex,see data/raw/source_metadata.csv,2026-06-26
CTR_9e462de4,Centre d'hébergement Champlain,Community & Social Services,,45.439088,-73.586857,,,,MSSS / curated / INDex,see data/raw/source_metadata.csv,2026-06-26
CTR_b8716015,"3292, rue Cherrier L’Île -Bizard",Community & Social Services,3292 Rue Cherrier,45.490686,-73.870003,,,,MSSS / curated / INDex,see data/raw/source_metadata.csv,2026-06-26
CTR_d46af379,CHSLD Vigi Santé Pierrefonds,Community & Social Services,14775 Boulevard de Pierrefonds,45.485453,-73.858715,,,,MSSS / curated / INDex,see data/raw/source_metadata.csv,2026-06-26
CTR_157dfefa,Centre communautaire Marcel Morin,Community & Social Services,14068 boul. Gouin Ouest,45.495365,-73.850797,,,,MSSS / curated / INDex,see data/raw/source_metadata.csv,2026-06-26
CTR_3fdbcade,Maison Mère des Soeurs de Sainte-Anne,Community & Social Services,,45.443255,-73.681828,,,,MSSS / curated / INDex,see data/raw/source_metadata.csv,2026-06-26
CTR_1eae6c9d,Centre communautaire Monkland,Community & Social Services,,45.467987,-73.632354,,,,MSSS / curated / INDex,see data/raw/source_metadata.csv,2026-06-26
CTR_2cea587c,"CHSLD juif Donald Berman, Pavillon Kastner",Community & Social Services,5750 Rue Lavoie,45.494184,-73.632624,,,,MSSS / curated / INDex,see data/raw/source_metadata.csv,2026-06-26
CTR_5ca10033,Résidence Pollack,Community & Social Services,5757 Rue Lemieux,45.491591,-73.635044,,,,MSSS / curated / INDex,see data/raw/source_metadata.csv,2026-06-26
CTR_61e7f3b1,Pavillon Côte-des-Neiges,Community & Social Services,4565 Chemin Queen Mary,45.491161,-73.623888,,,,MSSS / curated / INDex,see data/raw/source_metadata.csv,2026-06-26
CTR_767da326,Pavillon Alfred-Desrochers,Community & Social Services,5325 Avenue Victoria,45.490733,-73.627522,,,,MSSS / curated / INDex,see data/raw/source_metadata.csv,2026-06-26
CTR_4e0987b5,Chalet François-Perrault,Community & Social Services,7525 Rue François-Perrault,45.562452,-73.600579,,,,MSSS / curated / INDex,see data/raw/source_metadata.csv,2026-06-26
CTR_d4aa7218,CHSLD Bourget,Community & Social Services,,45.633814,-73.49285,,,,MSSS / curated / INDex,see data/raw/source_metadata.csv,2026-06-26
CTR_3c4d2bb8,Résidence Ambiance,Community & Social Services,50 Place du Commerce,45.46738,-73.545244,,,,MSSS / curated / INDex,see data/raw/source_metadata.csv,2026-06-26
CTR_3583df67,Centre d'hébergement Louis-Riel,Community & Social Services,2120 Rue Augustin-Cantin,45.482061,-73.566157,,,,MSSS / curated / INDex,see data/raw/source_metadata.csv,2026-06-26
CTR_aadd6e88,Centre Pierre-Péladeau,Community & Social Services,300 Boulevard De Maisonneuve Est,45.513502,-73.562228,,,,MSSS / curated / INDex,see data/raw/source_metadata.csv,2026-06-26
CTR_daaa2f25,Centre de Loisirs communautaires Lajeunesse,Community & Social Services,7378 Rue Lajeunesse,45.540366,-73.61739,,,,MSSS / curated / INDex,see data/raw/source_metadata.csv,2026-06-26
CTR_061dbd26,Maison de Quartier Villeray,Community & Social Services,660 Rue Villeray,45.543262,-73.621487,,,,MSSS / curated / INDex,see data/raw/source_metadata.csv,2026-06-26
CTR_11a74a9c,Centre d'hébergement Father-Dowd,Community & Social Services,6565 Chemin Hudson,45.50708,-73.630679,,,,MSSS / curated / INDex,see data/raw/source_metadata.csv,2026-06-26
CTR_7cfa79f1,Manoir Anjou,Community & Social Services,,45.614306,-73.546159,,,,MSSS / curated / INDex,see data/raw/source_metadata.csv,2026-06-26
CTR_626f7a11,Centre Communautaire de l'Est de Pierrefonds,Community & Social Services,,45.504884,-73.784378,,,,MSSS / curated / INDex,see data/raw/source_metadata.csv,2026-06-26
CTR_05e33646,Pavillon d'Éducation Communautaire Hochelaga-Maisonneuve,Community & Social Services,1691 Boulevard Pie-IX,45.549903,-73.538584,,,,MSSS / curated / INDex,see data/raw/source_metadata.csv,2026-06-26
CTR_8e07debb,Le Garage à Musique,Community & Social Services,2080 Avenue Bennett,45.555179,-73.54031,,,,MSSS / curated / INDex,see data/raw/source_metadata.csv,2026-06-26
CTR_206680ad,The Teapot,Community & Social Services,2901 Boulevard Saint-Joseph,45.433286,-73.690088,,,,MSSS / curated / INDex,see data/raw/source_metadata.csv,2026-06-26
CTR_84dd0621,Maison de la culture Maisonneuve,Community & Social Services,4200 Rue Ontario Est,45.551155,-73.540224,,,,MSSS / curated / INDex,see data/raw/source_metadata.csv,2026-06-26
CTR_2c3c48e1,Carrefour Jeunesse,Community & Social Services,4240 Rue Ontario Est,45.551596,-73.540085,,,,MSSS / curated / INDex,see data/raw/source_metadata.csv,2026-06-26
CTR_f026bb38,Résidences Edmon Hamelin,Community & Social Services,3550 Rue Nicolet,45.548206,-73.552046,,,,MSSS / curated / INDex,see data/raw/source_metadata.csv,2026-06-26
CTR_96a4a2f1,Ressources Jeunesse St-Laurent,Community & Social Services,1550 Rue Elizabeth,45.523452,-73.683715,,,,MSSS / curated / INDex,see data/raw/source_metadata.csv,2026-06-26
CTR_3e6d3931,Westhaven Elmhurst Community Recreation Association,Community & Social Services,7405 Avenue Harley,45.454809,-73.638913,,,,MSSS / curated / INDex,see data/raw/source_metadata.csv,2026-06-26
CTR_a703ded4,Mission Bon Accueil,Community & Social Services,,45.49312,-73.570837,,,,MSSS / curated / INDex,see data/raw/source_metadata.csv,2026-06-26
CTR_4769f463,Résidence Westmount One,Community & Social Services,,45.483602,-73.614927,,,,MSSS / curated / INDex,see data/raw/source_metadata.csv,2026-06-26
CTR_74321724,Cactus Montréal,Community & Social Services,1300 Rue Sanguinet,45.512586,-73.561098,,,,MSSS / curated / INDex,see data/raw/source_metadata.csv,2026-06-26
CTR_80cf46eb,Centre Récréatif Riviève-des-Prairies,Community & Social Services,,45.627072,-73.594799,,,,MSSS / curated / INDex,see data/raw/source_metadata.csv,2026-06-26
CTR_a47ce9cb,Foundation Of Catholic Community Services Inc,Community & Social Services,1857 Boulevard De Maisonneuve Ouest,45.493821,-73.581658,,,,MSSS / curated / INDex,see data/raw/source_metadata.csv,2026-06-26
CTR_d4be50c9,Résidence Mont Carmel,Community & Social Services,955 Boulevard René-Lévesque Est,45.515718,-73.555995,,,,MSSS / curated / INDex,see data/raw/source_metadata.csv,2026-06-26
CTR_e771e843,Habitat Fullum,Community & Social Services,,45.527899,-73.548647,,,,MSSS / curated / INDex,see data/raw/source_metadata.csv,2026-06-26
CTR_f432f544,Centre d'hébergement Émilie-Gamelin,Community & Social Services,1440 Rue Dufresne,45.52843,-73.54824,,,,MSSS / curated / INDex,see data/raw/source_metadata.csv,2026-06-26
CTR_a78e2e69,Résidence Sainte-Catherine,Community & Social Services,,45.52783,-73.547054,,,,MSSS / curated / INDex,see data/raw/source_metadata.csv,2026-06-26
CTR_346a031c,Résidence Côte-Saint-Paul,Community & Social Services,,45.466929,-73.593294,,,,MSSS / curated / INDex,see data/raw/source_metadata.csv,2026-06-26
CTR_66280ea7,Residence Strath Haven,Community & Social Services,12119 Boulevard Gouin Ouest,45.506912,-73.827962,,,,MSSS / curated / INDex,see data/raw/source_metadata.csv,2026-06-26
CTR_a5ba62c7,Centre d'Hébergement Jean De La Lande,Community & Social Services,4255 Avenue Papineau,45.531274,-73.569904,,,,MSSS / curated / INDex,see data/raw/source_metadata.csv,2026-06-26
CTR_0d1c2688,Centre d'hébergement Paul-Bruchési,Community & Social Services,2225 Rue Rachel Est,45.534495,-73.566168,,,,MSSS / curated / INDex,see data/raw/source_metadata.csv,2026-06-26
CTR_08a66398,La Maison du Pharillon,Community & Social Services,2410 Rue Nicolet,45.548057,-73.549991,,,,MSSS / curated / INDex,see data/raw/source_metadata.csv,2026-06-26
CTR_e5bf9cf7,Centre Social l'Achoppe,Community & Social Services,1800 Letourneau,45.551796,-73.538152,,,,MSSS / curated / INDex,see data/raw/source_metadata.csv,2026-06-26
CTR_9e15ce57,Centre d'hébergement Paul-Gouin,Community & Social Services,,45.532223,-73.599827,,,,MSSS / curated / INDex,see data/raw/source_metadata.csv,2026-06-26
CTR_4ca0fc8d,Édifice Talia Fonfeder,Community & Social Services,Avenue Van Horne,45.513223,-73.620834,,,,MSSS / curated / INDex,see data/raw/source_metadata.csv,2026-06-26
CTR_9c882992,Caldwell Residences,Community & Social Services,5750 Rue Lemieux,45.490702,-73.635838,,,,MSSS / curated / INDex,see data/raw/source_metadata.csv,2026-06-26
CTR_7e5c7810,"CHSLD juif Donald Berman, Pavillon de l'Espérance",Community & Social Services,5725 Avenue Victoria,45.49319,-73.633618,,,,MSSS / curated / INDex,see data/raw/source_metadata.csv,2026-06-26
CTR_40fc7124,Hope & Cope Cancer Wellness Centre,Community & Social Services,4635 Chemin de la Côte-Sainte-Catherine,45.494003,-73.632132,,,,MSSS / curated / INDex,see data/raw/source_metadata.csv,2026-06-26
CTR_30465afd,Résidence Vista,Community & Social Services,5300 Chemin de la Côte-Saint-Luc,45.480104,-73.622878,,,,MSSS / curated / INDex,see data/raw/source_metadata.csv,2026-06-26
CTR_3e86bc7e,Centre Leonardo Da Vinci,Community & Social Services,8370 Boulevard Lacordaire,45.585478,-73.597093,,,,MSSS / curated / INDex,see data/raw/source_metadata.csv,2026-06-26
CTR_dd718030,Chevaliers de Colomb,Community & Social Services,,45.428827,-73.593519,,,,MSSS / curated / INDex,see data/raw/source_metadata.csv,2026-06-26
CTR_ab1fd802,CHSLD Bussey,Community & Social Services,,45.433108,-73.683356,,,,MSSS / curated / INDex,see data/raw/source_metadata.csv,2026-06-26
CTR_89429973,Le Boulevard Résidence Urbaine Pour Aînés,Community & Social Services,5900 Boulevard Décarie,45.488327,-73.640644,,,,MSSS / curated / INDex,see data/raw/source_metadata.csv,2026-06-26
CTR_74174743,Rosemont les Quartiers,Community & Social Services,5200 Rue Molson,45.542734,-73.574508,,,,MSSS / curated / INDex,see data/raw/source_metadata.csv,2026-06-26
CTR_60d95d4f,Centre communautaire Painter,Community & Social Services,,45.529221,-73.675966,,,,MSSS / curated / INDex,see data/raw/source_metadata.csv,2026-06-26
CTR_65e86587,Institut Pacifique,Community & Social Services,2901 Boulevard Gouin Est,45.582452,-73.653195,,,,MSSS / curated / INDex,see data/raw/source_metadata.csv,2026-06-26
CTR_6f5e1d55,Centre Lasallien Saint-Michel,Community & Social Services,3001 Rue De Louvain Est,45.571758,-73.632075,,,,MSSS / curated / INDex,see data/raw/source_metadata.csv,2026-06-26
CTR_564e47db,Résidence Robert Dobie,Community & Social Services,1940 Rue Jolicoeur,45.456793,-73.591211,,,,MSSS / curated / INDex,see data/raw/source_metadata.csv,2026-06-26
CTR_f6b32d91,Station Est,Community & Social Services,,45.611612,-73.528784,,,,MSSS / curated / INDex,see data/raw/source_metadata.csv,2026-06-26
CTR_edfc84fd,Centre Le Royer,Community & Social Services,,45.617383,-73.547726,,,,MSSS / curated / INDex,see data/raw/source_metadata.csv,2026-06-26
CTR_6dbd0e6e,Centre communautaire Marcel-Giroux,Community & Social Services,,45.459359,-73.57649,,,,MSSS / curated / INDex,see data/raw/source_metadata.csv,2026-06-26
CTR_14ab7fbc,Amalgame,Community & Social Services,5970 Rue Bannantyne,45.447923,-73.576779,,,,MSSS / curated / INDex,see data/raw/source_metadata.csv,2026-06-26
CTR_ec838803,Centre d'hébergement Nazaire-Piché,Community & Social Services,150 15e Avenue,45.433937,-73.676955,,,,MSSS / curated / INDex,see data/raw/source_metadata.csv,2026-06-26
CTR_58661fb0,Résidence Les Floralies,Community & Social Services,8200 Rue George,45.424054,-73.608885,,,,MSSS / curated / INDex,see data/raw/source_metadata.csv,2026-06-26
CTR_22fbb6f9,Centre d'Hébergement de Lasalle,Community & Social Services,8686 Rue Centrale,45.416332,-73.620498,,,,MSSS / curated / INDex,see data/raw/source_metadata.csv,2026-06-26
CTR_45702f9d,Habitation Les 2 Volets,Community & Social Services,,45.536206,-73.597198,,,,MSSS / curated / INDex,see data/raw/source_metadata.csv,2026-06-26
CTR_79b58906,L'écho des femmes de la Petite Patrie,Community & Social Services,,45.534353,-73.599629,,,,MSSS / curated / INDex,see data/raw/source_metadata.csv,2026-06-26
CTR_c25d91da,Centre Culturel Roumain de Montréal,Community & Social Services,8060 Avenue Christophe-Colomb,45.547465,-73.624037,,,,MSSS / curated / INDex,see data/raw/source_metadata.csv,2026-06-26
CTR_6645f6fa,Résidence Place Saint-Moritz,Community & Social Services,1055 Boulevard de la Côte-Vertu,45.518445,-73.678786,,,,MSSS / curated / INDex,see data/raw/source_metadata.csv,2026-06-26
CTR_db827c19,Carrefour d'entraide Lachine,Community & Social Services,,45.442193,-73.674442,,,,MSSS / curated / INDex,see data/raw/source_metadata.csv,2026-06-26
CTR_8ff2b4b1,Résidence Le Vertical,Community & Social Services,15950 Rue Notre-Dame Est,45.694292,-73.48749,,,,MSSS / curated / INDex,see data/raw/source_metadata.csv,2026-06-26
CTR_f0ed8e6d,Centre communautaire Ahuntsic,Community & Social Services,10780 Rue Laverdure,45.552399,-73.671983,,,,MSSS / curated / INDex,see data/raw/source_metadata.csv,2026-06-26
CTR_650799a4,CHSLD de La Petite-Patrie,Community & Social Services,6767 Rue Cartier,45.546194,-73.600591,,,,MSSS / curated / INDex,see data/raw/source_metadata.csv,2026-06-26
CTR_3022a534,Centre d'hébergement Champlain-de-Gouin,Community & Social Services,,45.599582,-73.639977,,,,MSSS / curated / INDex,see data/raw/source_metadata.csv,2026-06-26
CTR_dae06464,Résidence Beit Chai,Community & Social Services,5065-5067 Avenue Van Horne,45.491143,-73.641179,,,,MSSS / curated / INDex,see data/raw/source_metadata.csv,2026-06-26
CTR_5124ebd5,Maison de la culture Claude-Léveillée,Community & Social Services,911 Rue Jean-Talon Est,45.541643,-73.613429,,,,MSSS / curated / INDex,see data/raw/source_metadata.csv,2026-06-26
CTR_493350cf,Résidence Le Savignon,Community & Social Services,,45.436331,-73.690744,,,,MSSS / curated / INDex,see data/raw/source_metadata.csv,2026-06-26
CTR_7f09a935,Les Tours Angrignon,Community & Social Services,,45.446391,-73.607518,,,,MSSS / curated / INDex,see data/raw/source_metadata.csv,2026-06-26
CTR_e491bc14,Résidence Les Terrasses Versailles,Community & Social Services,,45.59594,-73.557412,,,,MSSS / curated / INDex,see data/raw/source_metadata.csv,2026-06-26
CTR_e224275a,Le Cornelius,Community & Social Services,6235 Avenue de Darlington,45.508536,-73.62587,,,,MSSS / curated / INDex,see data/raw/source_metadata.csv,2026-06-26
CTR_c33bdc88,CSAI - Centre social d'aide aux immigrants,Community & Social Services,6201 Rue Laurendeau,45.456808,-73.588778,,,,MSSS / curated / INDex,see data/raw/source_metadata.csv,2026-06-26
CTR_ed014780,Résidence Élizabeth,Community & Social Services,,45.590484,-73.639836,,,,MSSS / curated / INDex,see data/raw/source_metadata.csv,2026-06-26
CTR_a09aafe5,Centre Communautaire des Juifs de Russie,Community & Social Services,5380 Avenue Bourret,45.486554,-73.640056,,,,MSSS / curated / INDex,see data/raw/source_metadata.csv,2026-06-26
CTR_5da04bb8,Habitations Ahuntsic,Community & Social Services,10333 Rue Berri,45.553048,-73.662687,,,,MSSS / curated / INDex,see data/raw/source_metadata.csv,2026-06-26
CTR_f8352bff,Alternatives Communautaires d'habitation et d'intervention de milieu,Community & Social Services,5940 Boulevard Monk,45.459233,-73.595799,,,,MSSS / curated / INDex,see data/raw/source_metadata.csv,2026-06-26
CTR_61365511,Habitations Paradoxe,Community & Social Services,5960 Rue Beaulieu,45.458488,-73.59673,,,,MSSS / curated / INDex,see data/raw/source_metadata.csv,2026-06-26
CTR_be1174d3,Installations du Nord-de-l'Île–Saint-Laurent,Community & Social Services,,45.548038,-73.687595,,,,MSSS / curated / INDex,see data/raw/source_metadata.csv,2026-06-26
CTR_58aea3e9,Action Vie Montréal,Community & Social Services,6630 Avenue Papineau,45.544037,-73.599071,,,,MSSS / curated / INDex,see data/raw/source_metadata.csv,2026-06-26
CTR_50a11b9e,La Maisonnée,Community & Social Services,6865 Avenue Christophe-Colomb,45.540413,-73.606764,,,,MSSS / curated / INDex,see data/raw/source_metadata.csv,2026-06-26
CTR_ea919eac,Jardin de la Patrie,Community & Social Services,6720 Rue Garnier,45.543043,-73.602564,,,,MSSS / curated / INDex,see data/raw/source_metadata.csv,2026-06-26
CTR_0e169b16,La Résidence 6900 Papineau,Community & Social Services,6900 Avenue Papineau,45.545854,-73.603107,,,,MSSS / curated / INDex,see data/raw/source_metadata.csv,2026-06-26
CTR_a9c54984,Maison Marie-Gérin-Lajoie,Community & Social Services,5685 Rue Laurendeau,45.461377,-73.588319,,,,MSSS / curated / INDex,see data/raw/source_metadata.csv,2026-06-26
CTR_a24b27d1,Don Bosco Youth Leadership Center,Community & Social Services,11991 Avenue Pierre Baillargeon,45.641152,-73.575921,,,,MSSS / curated / INDex,see data/raw/source_metadata.csv,2026-06-26
CTR_043520c3,Habitation Brin d'Elles,Community & Social Services,3831 Rue Villeray,45.566812,-73.599223,,,,MSSS / curated / INDex,see data/raw/source_metadata.csv,2026-06-26
CTR_8111b9d1,Villa Belle Époque,Community & Social Services,6360 Avenue Papineau,45.542403,-73.59543,,,,MSSS / curated / INDex,see data/raw/source_metadata.csv,2026-06-26
CTR_0fe99696,Centre Duquesne,Community & Social Services,5005 Rue Du Quesne,45.578792,-73.549478,,,,MSSS / curated / INDex,see data/raw/source_metadata.csv,2026-06-26
CTR_03ef24e5,Studios du Pas,Community & Social Services,,45.61108,-73.510843,,,,MSSS / curated / INDex,see data/raw/source_metadata.csv,2026-06-26
CTR_5f545d78,Maison Benoit Labre,Community & Social Services,,45.48049,-73.57822,,,,MSSS / curated / INDex,see data/raw/source_metadata.csv,2026-06-26
CTR_604f9a49,Résidence Ciel bleu,Community & Social Services,,45.642834,-73.505489,,,,MSSS / curated / INDex,see data/raw/source_metadata.csv,2026-06-26
CTR_6e9b923c,La Maison du Père,Community & Social Services,,45.513868,-73.556184,,,,MSSS / curated / INDex,see data/raw/source_metadata.csv,2026-06-26
CTR_e4d9021a,Manoir Louisiane,Community & Social Services,3600 Rue Sherbrooke Est,45.54804,-73.55472,,,,MSSS / curated / INDex,see data/raw/source_metadata.csv,2026-06-26
CTR_80816f1b,CHSLD Cartiervile,Community & Social Services,,45.5314,-73.717245,,,,MSSS / curated / INDex,see data/raw/source_metadata.csv,2026-06-26
CTR_22e44caa,CHSLD Joseph-François-Perrault,Community & Social Services,7400 Boulevard Saint-Michel,45.559554,-73.602102,,,,MSSS / curated / INDex,see data/raw/source_metadata.csv,2026-06-26
CTR_996ef211,Centre communautaire de loisir de la Côte-Des-Neiges,Community & Social Services,5347 Chemin de la Côte-des-Neiges,45.497004,-73.622306,,,,MSSS / curated / INDex,see data/raw/source_metadata.csv,2026-06-26
