dataset,record_id,issue_type,matched_area_ids,expected_area_id,longitude,latitude
service_centers,CTR_ccb3e723,unmatched_outside_study_area,,,-73.562313,45.515455
service_centers,CTR_e28f0f32,unmatched_outside_study_area,,,-73.70572,45.502848
service_centers,CTR_d5ce1961,unmatched_outside_study_area,,,-73.552613,45.533018
service_centers,CTR_5490f02b,unmatched_outside_study_area,,,-73.575989,45.601289
service_centers,CTR_0b77e8fd,unmatched_outside_study_area,,,-73.882546,45.489477
service_centers,CTR_2a480768,unmatched_outside_study_area,,,-73.558404,45.602958
service_centers,CTR_6d184519,unmatched_outside_study_area,,,-73.598256,45.547385
service_centers,CTR_be7637b4,unmatched_outside_study_area,,,-73.59781,45.531743
service_centers,CTR_0605eb57,unmatched_outside_study_area,,,-73.623449,45.42434
service_centers,CTR_08ae3b01,unmatched_outside_study_area,,,-73.56267,45.522789
service_centers,CTR_8d56a0a5,unmatched_outside_study_area,,,-73.847172,45.495191
service_centers,CTR_956f7232,unmatched_outside_study_area,,,-73.608501,45.517746
service_centers,CTR_dc72294a,unmatched_outside_study_area,,,-73.582018,45.551518
service_centers,CTR_e4e90479,unmatched_outside_study_area,,,-73.813309,45.504133
service_centers,CTR_04f7484d,unmatched_outside_study_area,,,-73.676562,45.51269
service_centers,CTR_40c50f99,unmatched_outside_study_area,,,-73.597192,45.586646
service_centers,CTR_71aadb63,unmatched_outside_study_area,,,-73.598271,45.547388
service_centers,CTR_0f3cc759,unmatched_outside_study_area,,,-73.691354,45.51407
service_centers,CTR_2696641e,unmatched_outside_study_area,,,-73.785883,45.504882
service_centers,CTR_a44fa433,unmatched_outside_study_area,,,-73.849793,45.496931
service_centers,CTR_b5989e47,unmatched_outside_study_area,,,-73.594433,45.430985
service_centers,CTR_313c34cf,unmatched_outside_study_area,,,-73.70572,45.502848
service_centers,CTR_87c30d6b,unmatched_outside_study_area,,,-73.564166,45.606488
service_centers,CTR_f79f4e81,unmatched_outside_study_area,,,-73.56851,45.513484
service_centers,CTR_7dc8252e,unmatched_outside_study_area,,,-73.592119,45.548052
service_centers,CTR_e577e8eb,unmatched_outside_study_area,,,-73.582198,45.604411
service_centers,CTR_60103485,unmatched_outside_study_area,,,-73.814118,45.510959
service_centers,CTR_e5ef864a,unmatched_outside_study_area,,,-73.57641,45.496527
service_centers,CTR_58f7a91b,unmatched_outside_study_area,,,-73.608501,45.517746
service_centers,CTR_ad53b0be,unmatched_outside_study_area,,,-73.597192,45.586646
service_centers,CTR_a18d27c9,unmatched_outside_study_area,,,-73.550424,45.601994
service_centers,CTR_004c958c,unmatched_outside_study_area,,,-73.552613,45.533018
service_centers,CTR_e21c693c,unmatched_outside_study_area,,,-73.578694,45.555336
service_centers,CTR_598068e5,unmatched_outside_study_area,,,-73.869385,45.48349
service_centers,CTR_55da01c2,unmatched_outside_study_area,,,-73.597192,45.586646
service_centers,CTR_ba3cb973,unmatched_outside_study_area,,,-73.672502,45.511694
service_centers,CTR_ea99a7e2,unmatched_outside_study_area,,,-73.553505,45.496053
service_centers,CTR_5112ec7d,unmatched_outside_study_area,,,-73.595684,45.585931
service_centers,CTR_672f67d0,unmatched_outside_study_area,,,-73.608956,45.520107
service_centers,CTR_8640eb73,unmatched_outside_study_area,,,-73.555722,45.501031
service_centers,CTR_30c34383,unmatched_outside_study_area,,,-73.557967,45.560949
service_centers,CTR_aeb416fa,unmatched_outside_study_area,,,-73.558102,45.558295
service_centers,CTR_3b90c0eb,unmatched_outside_study_area,,,-73.554059,45.502568
service_centers,CTR_2a16110a,unmatched_outside_study_area,,,-73.704769,45.508326
service_centers,CTR_9afcf12b,unmatched_outside_study_area,,,-73.622607,45.417285
service_centers,CTR_f117fe7e,unmatched_outside_study_area,,,-73.607367,45.589467
service_centers,CTR_ba0b2fa4,unmatched_outside_study_area,,,-73.55357,45.534572
service_centers,CTR_998aa29c,unmatched_outside_study_area,,,-73.888363,45.495181
service_centers,CTR_cdbd0c49,unmatched_outside_study_area,,,-73.637036,45.420403
service_centers,CTR_4a7eff1d,unmatched_outside_study_area,,,-73.723831,45.50231
service_centers,CTR_d119f417,unmatched_outside_study_area,,,-73.583805,45.603326
service_centers,CTR_76f84c45,unmatched_outside_study_area,,,-73.547255,45.618599
service_centers,CTR_2f06664b,unmatched_outside_study_area,,,-73.717368,45.505872
service_centers,CTR_46f30370,unmatched_outside_study_area,,,-73.594102,45.539651
service_centers,CTR_f863fc1a,unmatched_outside_study_area,,,-73.609481,45.51648
service_centers,CTR_40c16481,unmatched_outside_study_area,,,-73.57999,45.505703
service_centers,CTR_06a06ccc,unmatched_outside_study_area,,,-73.579669,45.505991
service_centers,CTR_efda3c4e,unmatched_outside_study_area,,,-73.882683,45.457634
service_centers,CTR_cb525b83,unmatched_outside_study_area,,,-73.884864,45.487085
service_centers,CTR_36a8b6e7,unmatched_outside_study_area,,,-73.884357,45.487368
service_centers,CTR_85206ff4,unmatched_outside_study_area,,,-73.882267,45.48694
service_centers,CTR_38c98bf7,unmatched_outside_study_area,,,-73.609146,45.515794
service_centers,CTR_31e364f2,unmatched_outside_study_area,,,-73.556726,45.602131
service_centers,CTR_5aadaaef,unmatched_outside_study_area,,,-73.676479,45.517218
service_centers,CTR_ed167ae7,unmatched_outside_study_area,,,-73.609077,45.510434
service_centers,CTR_36e0f359,unmatched_outside_study_area,,,-73.882886,45.486295
service_centers,CTR_535cd416,unmatched_outside_study_area,,,-73.882468,45.485941
service_centers,CTR_cd1bb13a,unmatched_outside_study_area,,,-73.599666,45.585818
service_centers,CTR_3383dc55,unmatched_outside_study_area,,,-73.706861,45.508108
service_centers,CTR_75084811,unmatched_outside_study_area,,,-73.690544,45.521179
service_centers,CTR_f177ee3e,unmatched_outside_study_area,,,-73.702943,45.501804
service_centers,CTR_3a96292a,unmatched_outside_study_area,,,-73.567354,45.493215
service_centers,CTR_b5071e44,unmatched_outside_study_area,,,-73.591537,45.591885
service_centers,CTR_bba7cec1,unmatched_outside_study_area,,,-73.591129,45.591473
service_centers,CTR_4fd05848,unmatched_outside_study_area,,,-73.591261,45.591771
service_centers,CTR_58f7cc15,unmatched_outside_study_area,,,-73.732935,45.507173
service_centers,CTR_d97c2599,unmatched_outside_study_area,,,-73.733107,45.507258
service_centers,CTR_6f277b7f,unmatched_outside_study_area,,,-73.72724,45.50997
service_centers,CTR_2690ece7,unmatched_outside_study_area,,,-73.597537,45.497031
service_centers,CTR_a8b7099a,unmatched_outside_study_area,,,-73.596566,45.498929
service_centers,CTR_dbb77377,unmatched_outside_study_area,,,-73.560707,45.552345
service_centers,CTR_5470218f,unmatched_outside_study_area,,,-73.59175,45.502774
service_centers,CTR_da4b6798,unmatched_outside_study_area,,,-73.726894,45.510018
service_centers,CTR_53b0946d,unmatched_outside_study_area,,,-73.596725,45.497997
service_centers,CTR_285c8824,unmatched_outside_study_area,,,-73.581999,45.555139
service_centers,CTR_4b4a319e,unmatched_outside_study_area,,,-73.588879,45.515382
service_centers,CTR_bad0b153,unmatched_outside_study_area,,,-73.585522,45.513932
service_centers,CTR_b115beed,unmatched_outside_study_area,,,-73.56682,45.54403
service_centers,CTR_af405443,unmatched_outside_study_area,,,-73.942861,45.460307
service_centers,CTR_588781d8,unmatched_outside_study_area,,,-73.945828,45.462743
service_centers,CTR_0c518379,unmatched_outside_study_area,,,-73.5957,45.423117
service_centers,CTR_40ad0ba6,unmatched_outside_study_area,,,-73.782036,45.504891
service_centers,CTR_d33d545b,unmatched_outside_study_area,,,-73.705968,45.507577
service_centers,CTR_e4ce9c9c,unmatched_outside_study_area,,,-73.61529,45.415827
service_centers,CTR_8022ea89,unmatched_outside_study_area,,,-73.58049,45.560015
service_centers,CTR_e9613ca2,unmatched_outside_study_area,,,-73.88187,45.486587
service_centers,CTR_3a808dc0,unmatched_outside_study_area,,,-73.71927,45.504543
service_centers,CTR_3f4ab6ec,unmatched_outside_study_area,,,-73.707469,45.508951
service_centers,CTR_eb89b242,unmatched_outside_study_area,,,-73.707914,45.508771
service_centers,CTR_688a4e93,unmatched_outside_study_area,,,-73.706891,45.507608
service_centers,CTR_870f9a03,unmatched_outside_study_area,,,-73.706291,45.507741
service_centers,CTR_78a16b4c,unmatched_outside_study_area,,,-73.705295,45.507364
service_centers,CTR_96808127,unmatched_outside_study_area,,,-73.713035,45.516952
service_centers,CTR_02ae37eb,unmatched_outside_study_area,,,-73.672053,45.521324
service_centers,CTR_b6f38cf7,unmatched_outside_study_area,,,-73.671236,45.521745
service_centers,CTR_9c17c32d,unmatched_outside_study_area,,,-73.672315,45.521129
service_centers,CTR_9012e74f,unmatched_outside_study_area,,,-73.672531,45.52092
service_centers,CTR_0f25d0ba,unmatched_outside_study_area,,,-73.552906,45.513908
service_centers,CTR_174de6bb,unmatched_outside_study_area,,,-73.55769,45.527147
service_centers,CTR_10f8d75d,unmatched_outside_study_area,,,-73.672046,45.520523
service_centers,CTR_07ce7563,unmatched_outside_study_area,,,-73.575188,45.544485
service_centers,CTR_9fbddc21,unmatched_outside_study_area,,,-73.733146,45.506728
service_centers,CTR_85289966,unmatched_outside_study_area,,,-73.729185,45.507864
service_centers,CTR_71442e91,unmatched_outside_study_area,,,-73.769174,45.503696
service_centers,CTR_8149f231,unmatched_outside_study_area,,,-73.559331,45.606927
service_centers,CTR_280a2447,unmatched_outside_study_area,,,-73.88207,45.48676
service_centers,CTR_506c65ad,unmatched_outside_study_area,,,-73.595425,45.426645
service_centers,CTR_6ed59795,unmatched_outside_study_area,,,-73.593671,45.586537
service_centers,CTR_73c8e507,unmatched_outside_study_area,,,-73.592566,45.429414
service_centers,CTR_0481128b,unmatched_outside_study_area,,,-73.588265,45.428743
service_centers,CTR_cc408b14,unmatched_outside_study_area,,,-73.595272,45.426444
service_centers,CTR_5b85790c,unmatched_outside_study_area,,,-73.557943,45.602361
service_centers,CTR_f47ca409,unmatched_outside_study_area,,,-73.567452,45.552372
service_centers,CTR_55d406ec,unmatched_outside_study_area,,,-73.568542,45.551332
service_centers,CTR_79579369,unmatched_outside_study_area,,,-73.561763,45.517881
service_centers,CTR_d6e95206,unmatched_outside_study_area,,,-73.558503,45.497109
service_centers,CTR_bb785e6f,unmatched_outside_study_area,,,-73.567426,45.49075
service_centers,CTR_2f95a063,unmatched_outside_study_area,,,-73.55383,45.493174
service_centers,CTR_d1b05938,unmatched_outside_study_area,,,-73.906608,45.458702
service_centers,CTR_9799028c,unmatched_outside_study_area,,,-73.608062,45.516021
service_centers,CTR_ca5d4ed6,unmatched_outside_study_area,,,-73.555825,45.610463
service_centers,CTR_ce59dedf,unmatched_outside_study_area,,,-73.679977,45.501181
service_centers,CTR_5f98971d,unmatched_outside_study_area,,,-73.701367,45.508595
service_centers,CTR_bcf66c5a,unmatched_outside_study_area,,,-73.595536,45.426432
service_centers,CTR_95873896,unmatched_outside_study_area,,,-73.873438,45.4873
service_centers,CTR_fd89f952,unmatched_outside_study_area,,,-73.844687,45.502082
service_centers,CTR_9aceb831,unmatched_outside_study_area,,,-73.584006,45.60309
service_centers,CTR_8a93dd3e,unmatched_outside_study_area,,,-73.613966,45.424404
service_centers,CTR_33976b93,unmatched_outside_study_area,,,-73.556633,45.602405
service_centers,CTR_7d5e1162,unmatched_outside_study_area,,,-73.62649,45.419084
service_centers,CTR_103c05bb,unmatched_outside_study_area,,,-73.872393,45.516882
service_centers,CTR_6c8cc29a,unmatched_outside_study_area,,,-73.558473,45.529028
service_centers,CTR_8c813a61,unmatched_outside_study_area,,,-73.870313,45.461961
service_centers,CTR_402dfbe1,unmatched_outside_study_area,,,-73.535761,45.513873
service_centers,CTR_de2b155a,unmatched_outside_study_area,,,-73.571597,45.569094
service_centers,CTR_511f654b,unmatched_outside_study_area,,,-73.551611,45.592474
service_centers,CTR_92012e06,unmatched_outside_study_area,,,-73.66393,45.429103
service_centers,CTR_bc341a1a,unmatched_outside_study_area,,,-73.55865,45.545462
service_centers,CTR_5621e4c6,unmatched_outside_study_area,,,-73.610555,45.520024
service_centers,CTR_b0e7db3d,unmatched_outside_study_area,,,-73.593385,45.608422
service_centers,CTR_e2ef438d,unmatched_outside_study_area,,,-73.723626,45.508466
service_centers,CTR_b9efd626,unmatched_outside_study_area,,,-73.830334,45.510932
service_centers,CTR_e7c5a607,unmatched_outside_study_area,,,-73.888293,45.469311
service_centers,CTR_9ec1ba68,unmatched_outside_study_area,,,-73.570326,45.586975
service_centers,CTR_47475bff,unmatched_outside_study_area,,,-73.802722,45.506435
service_centers,CTR_06585cde,unmatched_outside_study_area,,,-73.793002,45.50381
service_centers,CTR_0fa19ce8,unmatched_outside_study_area,,,-73.768861,45.500166
service_centers,CTR_0e2ad4a3,unmatched_outside_study_area,,,-73.852681,45.499035
service_centers,CTR_ed9487e8,unmatched_outside_study_area,,,-73.939683,45.461695
service_centers,CTR_a3a06810,unmatched_outside_study_area,,,-73.564636,45.512322
service_centers,CTR_3ebd965d,unmatched_outside_study_area,,,-73.589613,45.538521
service_centers,CTR_67331ce6,unmatched_outside_study_area,,,-73.583169,45.580397
service_centers,CTR_c278e31b,unmatched_outside_study_area,,,-73.676106,45.528569
service_centers,CTR_7640de6a,unmatched_outside_study_area,,,-73.8882,45.495169
service_centers,CTR_4cb22b84,unmatched_outside_study_area,,,-73.662063,45.429492
service_centers,CTR_d138cf8b,unmatched_outside_study_area,,,-73.550183,45.615899
service_centers,CTR_dacfe8c2,unmatched_outside_study_area,,,-73.578394,45.55971
service_centers,CTR_18f4a4d5,unmatched_outside_study_area,,,-73.556329,45.521814
service_centers,CTR_9acec372,unmatched_outside_study_area,,,-73.551561,45.592585
service_centers,CTR_790aeeb2,unmatched_outside_study_area,,,-73.619712,45.514379
service_centers,CTR_460eefb0,unmatched_outside_study_area,,,-73.56426,45.512319
service_centers,CTR_a6502a83,unmatched_outside_study_area,,,-73.833351,45.514684
service_centers,CTR_304b36c6,unmatched_outside_study_area,,,-73.596222,45.539927
service_centers,CTR_825b7af9,unmatched_outside_study_area,,,-73.549037,45.61729
service_centers,CTR_10e93437,unmatched_outside_study_area,,,-73.61246,45.420039
service_centers,CTR_00752d0a,unmatched_outside_study_area,,,-73.581122,45.544591
service_centers,CTR_65bf991e,unmatched_outside_study_area,,,-73.774075,45.500334
service_centers,CTR_67f9dc8d,unmatched_outside_study_area,,,-73.67659,45.528582
service_centers,CTR_691316a6,unmatched_outside_study_area,,,-73.570466,45.560555
service_centers,CTR_6da52503,unmatched_outside_study_area,,,-73.675274,45.529332
service_centers,CTR_f2ce6db6,unmatched_outside_study_area,,,-73.87144,45.500347
service_centers,CTR_9da19990,unmatched_outside_study_area,,,-73.559147,45.606976
service_centers,CTR_2f6cc85a,unmatched_outside_study_area,,,-73.706737,45.509915
service_centers,CTR_37b0b637,unmatched_outside_study_area,,,-73.561883,45.517637
service_centers,CTR_7734d66e,unmatched_outside_study_area,,,-73.88603,45.45679
service_centers,CTR_3c78c774,unmatched_outside_study_area,,,-73.714692,45.51191
service_centers,CTR_b54f1280,unmatched_outside_study_area,,,-73.696509,45.498019
service_centers,CTR_eded3e96,unmatched_outside_study_area,,,-73.724515,45.501714
service_centers,CTR_c2c1671d,unmatched_outside_study_area,,,-73.54984,45.528189
service_centers,CTR_a3844e53,unmatched_outside_study_area,,,-73.768475,45.49944
service_centers,CTR_f69d3447,unmatched_outside_study_area,,,-73.727537,45.516965
service_centers,CTR_084f095c,unmatched_outside_study_area,,,-73.558097,45.524722
service_centers,CTR_10831fc6,unmatched_outside_study_area,,,-73.648902,45.422624
service_centers,CTR_0ac83ce5,unmatched_outside_study_area,,,-73.686154,45.500752
service_centers,CTR_07e10d16,unmatched_outside_study_area,,,-73.83333,45.51457
service_centers,CTR_02847ffd,unmatched_outside_study_area,,,-73.599135,45.586075
service_centers,CTR_194c65f3,unmatched_outside_study_area,,,-73.726195,45.515542
service_centers,CTR_3f17240c,unmatched_outside_study_area,,,-73.57197,45.587262
service_centers,CTR_44100660,unmatched_outside_study_area,,,-73.658559,45.434359
service_centers,CTR_e2655f2e,unmatched_outside_study_area,,,-73.565051,45.512531
service_centers,CTR_4235b0fd,unmatched_outside_study_area,,,-73.552295,45.592635
service_centers,CTR_636f35b9,unmatched_outside_study_area,,,-73.890648,45.464506
service_centers,CTR_d2ac43df,unmatched_outside_study_area,,,-73.697964,45.505703
service_centers,CTR_d94dbb7a,unmatched_outside_study_area,,,-73.823541,45.510098
service_centers,CTR_d59cdbbf,unmatched_outside_study_area,,,-73.681361,45.507449
service_centers,CTR_90359798,unmatched_outside_study_area,,,-73.641887,45.418416
service_centers,CTR_9c7272f4,unmatched_outside_study_area,,,-73.595341,45.498815
service_centers,CTR_1d0e6fc8,unmatched_outside_study_area,,,-73.855169,45.490441
service_centers,CTR_58725032,unmatched_outside_study_area,,,-73.607021,45.520641
service_centers,CTR_7da41be7,unmatched_outside_study_area,,,-73.606156,45.520916
service_centers,CTR_1d121eff,unmatched_outside_study_area,,,-73.883753,45.487086
service_centers,CTR_981b0965,unmatched_outside_study_area,,,-73.546698,45.618356
service_centers,CTR_b105b2aa,unmatched_outside_study_area,,,-73.920228,45.462193
service_centers,CTR_ce21da0d,unmatched_outside_study_area,,,-73.56725,45.543633
service_centers,CTR_86e2ff51,unmatched_outside_study_area,,,-73.767863,45.499037
service_centers,CTR_8ffb5773,unmatched_outside_study_area,,,-73.732696,45.506763
service_centers,CTR_38e48a4c,unmatched_outside_study_area,,,-73.567521,45.631188
service_centers,CTR_98d4f1b1,unmatched_outside_study_area,,,-73.571057,45.575315
service_centers,CTR_1157c641,unmatched_outside_study_area,,,-73.54931,45.616418
service_centers,CTR_417a4a07,unmatched_outside_study_area,,,-73.595435,45.43389
service_centers,CTR_65a82b65,unmatched_outside_study_area,,,-73.569486,45.559934
service_centers,CTR_f961f47b,unmatched_outside_study_area,,,-73.612399,45.435021
service_centers,CTR_d1fa79e6,unmatched_outside_study_area,,,-73.602406,45.588185
service_centers,CTR_e9bb166d,unmatched_outside_study_area,,,-73.586802,45.560675
service_centers,CTR_adc752d1,unmatched_outside_study_area,,,-73.559813,45.520859
service_centers,CTR_f05b5f44,unmatched_outside_study_area,,,-73.557001,45.60289
service_centers,CTR_6b71ab71,unmatched_outside_study_area,,,-73.636073,45.434122
service_centers,CTR_e080bc80,unmatched_outside_study_area,,,-73.85253,45.481739
service_centers,CTR_a9db7292,unmatched_outside_study_area,,,-73.559715,45.607051
service_centers,CTR_9e6a3793,unmatched_outside_study_area,,,-73.561769,45.606736
service_centers,CTR_0a63ba82,unmatched_outside_study_area,,,-73.871588,45.490945
service_centers,CTR_a895a810,unmatched_outside_study_area,,,-73.610703,45.422273
service_centers,CTR_5037a127,unmatched_outside_study_area,,,-73.874328,45.459628
service_centers,CTR_92ce94dd,unmatched_outside_study_area,,,-73.609612,45.583929
service_centers,CTR_ba584d0a,unmatched_outside_study_area,,,-73.672305,45.51351
service_centers,CTR_96bfdb8f,unmatched_outside_study_area,,,-73.582858,45.580526
service_centers,CTR_c7aa6c4d,unmatched_outside_study_area,,,-73.591583,45.591551
service_centers,CTR_f2fcc182,unmatched_outside_study_area,,,-73.566623,45.505052
service_centers,CTR_da9feaa0,unmatched_outside_study_area,,,-73.611286,45.584202
service_centers,CTR_9db4691e,unmatched_outside_study_area,,,-73.6906,45.516034
service_centers,CTR_1b026898,unmatched_outside_study_area,,,-73.69517,45.520468
service_centers,CTR_eb75915e,unmatched_outside_study_area,,,-73.599355,45.58528
service_centers,CTR_297b444b,unmatched_outside_study_area,,,-73.590201,45.591902
service_centers,CTR_e328fed1,unmatched_outside_study_area,,,-73.57062,45.574052
service_centers,CTR_5665210f,unmatched_outside_study_area,,,-73.589294,45.59185
service_centers,CTR_c6e1b1b0,unmatched_outside_study_area,,,-73.863253,45.487684
service_centers,CTR_968923c9,unmatched_outside_study_area,,,-73.883453,45.488525
service_centers,CTR_7572f7ce,unmatched_outside_study_area,,,-73.608068,45.587946
service_centers,CTR_3cdbc25f,unmatched_outside_study_area,,,-73.686393,45.527798
service_centers,CTR_b5250dc4,unmatched_outside_study_area,,,-73.947326,45.458681
service_centers,CTR_526ab8ff,unmatched_outside_study_area,,,-73.583374,45.55099
service_centers,CTR_856dcf2d,unmatched_outside_study_area,,,-73.559454,45.529402
service_centers,CTR_6ff424a1,unmatched_outside_study_area,,,-73.534853,45.514775
service_centers,CTR_ed600d26,unmatched_outside_study_area,,,-73.70728,45.507747
service_centers,CTR_799fa38f,unmatched_outside_study_area,,,-73.609729,45.584327
service_centers,CTR_23fb62f7,unmatched_outside_study_area,,,-73.853726,45.48576
service_centers,CTR_1c5b72bc,unmatched_outside_study_area,,,-73.587866,45.571082
service_centers,CTR_6979549b,unmatched_outside_study_area,,,-73.875294,45.464531
service_centers,CTR_aeb7c6b4,unmatched_outside_study_area,,,-73.59271,45.533599
service_centers,CTR_2500f137,unmatched_outside_study_area,,,-73.702394,45.50874
service_centers,CTR_f4b01ae1,unmatched_outside_study_area,,,-73.677568,45.519744
service_centers,CTR_3b1b83ad,unmatched_outside_study_area,,,-73.726605,45.515191
service_centers,CTR_132c1f56,unmatched_outside_study_area,,,-73.555451,45.593927
service_centers,CTR_a9ba526a,unmatched_outside_study_area,,,-73.627634,45.422238
service_centers,CTR_e115b637,unmatched_outside_study_area,,,-73.583952,45.581303
service_centers,CTR_7d30fb32,unmatched_outside_study_area,,,-73.848464,45.512291
service_centers,CTR_cc858c6f,unmatched_outside_study_area,,,-73.594483,45.539246
service_centers,CTR_bbdb4adf,unmatched_outside_study_area,,,-73.564453,45.521897
service_centers,CTR_d6416737,unmatched_outside_study_area,,,-73.852412,45.49846
service_centers,CTR_d09a8a95,unmatched_outside_study_area,,,-73.677237,45.519564
service_centers,CTR_f4494007,unmatched_outside_study_area,,,-73.681935,45.507676
service_centers,CTR_fdf4d896,unmatched_outside_study_area,,,-73.610604,45.538219
service_centers,CTR_ea01d96f,unmatched_outside_study_area,,,-73.866781,45.480844
service_centers,CTR_4995f4e9,unmatched_outside_study_area,,,-73.567876,45.55244
service_centers,CTR_6ff4c0e7,unmatched_outside_study_area,,,-73.571155,45.574836
service_centers,CTR_23125caf,unmatched_outside_study_area,,,-73.86106,45.475032
service_centers,CTR_875f016a,unmatched_outside_study_area,,,-73.533827,45.510137
service_centers,CTR_88266fe3,unmatched_outside_study_area,,,-73.844601,45.492619
service_centers,CTR_4291408f,unmatched_outside_study_area,,,-73.647952,45.423911
service_centers,CTR_f36535bf,unmatched_outside_study_area,,,-73.668573,45.527875
service_centers,CTR_66690c39,unmatched_outside_study_area,,,-73.533995,45.51294
service_centers,CTR_cb62c293,unmatched_outside_study_area,,,-73.66057,45.431128
service_centers,CTR_2f6d310b,unmatched_outside_study_area,,,-73.576387,45.544265
service_centers,CTR_a0e9406c,unmatched_outside_study_area,,,-73.571467,45.569287
service_centers,CTR_9ba36978,unmatched_outside_study_area,,,-73.883829,45.487797
service_centers,CTR_98994769,unmatched_outside_study_area,,,-73.891096,45.46434
service_centers,CTR_ca000ac3,unmatched_outside_study_area,,,-73.715677,45.506573
service_centers,CTR_ba70f054,unmatched_outside_study_area,,,-73.652724,45.433964
service_centers,CTR_394bb5af,unmatched_outside_study_area,,,-73.603118,45.428148
service_centers,CTR_87533058,unmatched_outside_study_area,,,-73.688905,45.502536
service_centers,CTR_05e83bf7,unmatched_outside_study_area,,,-73.582096,45.489625
service_centers,CTR_a0405f90,unmatched_outside_study_area,,,-73.621654,45.433755
service_centers,CTR_3b2d38ca,unmatched_outside_study_area,,,-73.559243,45.52978
service_centers,CTR_be1b5836,unmatched_outside_study_area,,,-73.874165,45.459521
service_centers,CTR_d7c0f350,unmatched_outside_study_area,,,-73.618433,45.52037
service_centers,CTR_8421d9b2,unmatched_outside_study_area,,,-73.596888,45.578444
service_centers,CTR_fac47499,unmatched_outside_study_area,,,-73.562367,45.522992
service_centers,CTR_362fed60,unmatched_outside_study_area,,,-73.613287,45.419848
service_centers,CTR_a72f594f,unmatched_outside_study_area,,,-73.591193,45.572998
service_centers,CTR_99cf8994,unmatched_outside_study_area,,,-73.557126,45.602713
service_centers,CTR_955c0515,unmatched_outside_study_area,,,-73.882683,45.470796
service_centers,CTR_0edef959,unmatched_outside_study_area,,,-73.615766,45.521302
service_centers,CTR_da5af8fd,unmatched_outside_study_area,,,-73.882796,45.48723
service_centers,CTR_d303f32f,unmatched_outside_study_area,,,-73.639954,45.430844
service_centers,CTR_beba44da,unmatched_outside_study_area,,,-73.596453,45.434234
service_centers,CTR_f7a9abbf,unmatched_outside_study_area,,,-73.611759,45.531291
service_centers,CTR_2b40b30c,unmatched_outside_study_area,,,-73.555649,45.592842
service_centers,CTR_e091fbff,unmatched_outside_study_area,,,-73.555218,45.615069
service_centers,CTR_b500fae3,unmatched_outside_study_area,,,-73.937942,45.453797
service_centers,CTR_f8e84337,unmatched_outside_study_area,,,-73.621463,45.417197
service_centers,CTR_f4871841,unmatched_outside_study_area,,,-73.855532,45.476269
service_centers,CTR_972f08b1,unmatched_outside_study_area,,,-73.780865,45.505565
service_centers,CTR_28aac747,unmatched_outside_study_area,,,-73.811306,45.509271
service_centers,CTR_5435f413,unmatched_outside_study_area,,,-73.720484,45.52226
service_centers,CTR_837f2222,unmatched_outside_study_area,,,-73.556516,45.561811
service_centers,CTR_19742a5f,unmatched_outside_study_area,,,-73.763235,45.50587
service_centers,CTR_308d7d12,unmatched_outside_study_area,,,-73.559492,45.595767
service_centers,CTR_7ca1d97f,unmatched_outside_study_area,,,-73.606948,45.594417
service_centers,CTR_20994b9d,unmatched_outside_study_area,,,-73.868963,45.489357
service_centers,CTR_0b078e00,unmatched_outside_study_area,,,-73.675587,45.52945
service_centers,CTR_a2db9d16,unmatched_outside_study_area,,,-73.659181,45.429443
service_centers,CTR_b48be45b,unmatched_outside_study_area,,,-73.549636,45.608687
service_centers,CTR_1af7271b,unmatched_outside_study_area,,,-73.784359,45.509491
service_centers,CTR_9f5e19b7,unmatched_outside_study_area,,,-73.559748,45.523241
service_centers,CTR_81a693b9,unmatched_outside_study_area,,,-73.61078,45.596438
service_centers,CTR_508e77d2,unmatched_outside_study_area,,,-73.689897,45.503372
service_centers,CTR_8ddd661b,unmatched_outside_study_area,,,-73.562535,45.571504
service_centers,CTR_76f12579,unmatched_outside_study_area,,,-73.881012,45.45779
service_centers,CTR_1f05910b,unmatched_outside_study_area,,,-73.568311,45.552056
service_centers,CTR_44ed075a,unmatched_outside_study_area,,,-73.591108,45.592893
service_centers,CTR_65dd7135,unmatched_outside_study_area,,,-73.583884,45.604079
service_centers,CTR_427959a7,unmatched_outside_study_area,,,-73.533901,45.516618
service_centers,CTR_e9559013,unmatched_outside_study_area,,,-73.799774,45.508156
service_centers,CTR_7a6a1588,unmatched_outside_study_area,,,-73.626421,45.417927
service_centers,CTR_fea2924c,unmatched_outside_study_area,,,-73.817174,45.506171
service_centers,CTR_56363876,unmatched_outside_study_area,,,-73.837957,45.496695
service_centers,CTR_c6d07674,unmatched_outside_study_area,,,-73.866322,45.480556
service_centers,CTR_68fd4bb4,unmatched_outside_study_area,,,-73.781622,45.505821
service_centers,CTR_fbc4bc55,unmatched_outside_study_area,,,-73.92147,45.468826
service_centers,CTR_24ba58c9,unmatched_outside_study_area,,,-73.802361,45.506119
service_centers,CTR_7203735e,unmatched_outside_study_area,,,-73.59215,45.553283
service_centers,CTR_400002c4,unmatched_outside_study_area,,,-73.57717,45.557643
service_centers,CTR_ccf69444,unmatched_outside_study_area,,,-73.62429,45.427922
service_centers,CTR_aadf3b37,unmatched_outside_study_area,,,-73.600109,45.427671
service_centers,CTR_12dd1653,unmatched_outside_study_area,,,-73.598287,45.586333
service_centers,CTR_09c21038,unmatched_outside_study_area,,,-73.677112,45.51992
service_centers,CTR_3b5c5300,unmatched_outside_study_area,,,-73.610711,45.531562
service_centers,CTR_73792071,unmatched_outside_study_area,,,-73.554792,45.594183
service_centers,CTR_3ae63d92,unmatched_outside_study_area,,,-73.55621,45.592888
service_centers,CTR_37268f00,unmatched_outside_study_area,,,-73.763053,45.506734
service_centers,CTR_36fc92f1,unmatched_outside_study_area,,,-73.555967,45.535283
service_centers,CTR_fa0d033e,unmatched_outside_study_area,,,-73.604947,45.578236
service_centers,CTR_a9da5ce1,unmatched_outside_study_area,,,-73.671383,45.521624
service_centers,CTR_9560430b,unmatched_outside_study_area,,,-73.776638,45.503619
service_centers,CTR_919de961,unmatched_outside_study_area,,,-73.806023,45.512531
service_centers,CTR_fd16bf9c,unmatched_outside_study_area,,,-73.68053,45.501214
service_centers,CTR_6401c36d,unmatched_outside_study_area,,,-73.856244,45.476226
service_centers,CTR_854ba03d,unmatched_outside_study_area,,,-73.78183,45.504736
service_centers,CTR_39acbe02,unmatched_outside_study_area,,,-73.592301,45.572025
service_centers,CTR_0e2146eb,unmatched_outside_study_area,,,-73.672633,45.509229
service_centers,CTR_3f2f6108,unmatched_outside_study_area,,,-73.598169,45.595824
service_centers,CTR_e7e18c20,unmatched_outside_study_area,,,-73.613529,45.518347
service_centers,CTR_62f18c14,unmatched_outside_study_area,,,-73.5684,45.552277
service_centers,CTR_e5457b6c,unmatched_outside_study_area,,,-73.648915,45.422971
service_centers,CTR_e85dc769,unmatched_outside_study_area,,,-73.584856,45.603796
service_centers,CTR_c075f360,unmatched_outside_study_area,,,-73.690653,45.516916
service_centers,CTR_83ba428e,unmatched_outside_study_area,,,-73.607953,45.515341
service_centers,CTR_6ae9072d,unmatched_outside_study_area,,,-73.732487,45.509685
service_centers,CTR_eafdf1d4,unmatched_outside_study_area,,,-73.690111,45.503072
service_centers,CTR_3a0e169e,unmatched_outside_study_area,,,-73.689165,45.527236
service_centers,CTR_652b758d,unmatched_outside_study_area,,,-73.607184,45.587599
service_centers,CTR_f2a5d9de,unmatched_outside_study_area,,,-73.688943,45.526237
service_centers,CTR_1655f935,unmatched_outside_study_area,,,-73.690075,45.496605
service_centers,CTR_ce2a31aa,unmatched_outside_study_area,,,-73.5478,45.509458
service_centers,CTR_536a2dd7,unmatched_outside_study_area,,,-73.615121,45.429882
service_centers,CTR_ad4e974d,unmatched_outside_study_area,,,-73.721201,45.52255
service_centers,CTR_2222a370,unmatched_outside_study_area,,,-73.610254,45.531686
service_centers,CTR_b3be0bef,unmatched_outside_study_area,,,-73.609665,45.510256
service_centers,CTR_62cddd93,unmatched_outside_study_area,,,-73.614102,45.518553
service_centers,CTR_15f33094,unmatched_outside_study_area,,,-73.939949,45.461931
service_centers,CTR_f5d9b944,unmatched_outside_study_area,,,-73.616403,45.521329
service_centers,CTR_9ea64738,unmatched_outside_study_area,,,-73.680416,45.50143
service_centers,CTR_4c50a36f,unmatched_outside_study_area,,,-73.583491,45.603695
service_centers,CTR_dde19bc1,unmatched_outside_study_area,,,-73.83429,45.506015
service_centers,CTR_3eee2271,unmatched_outside_study_area,,,-73.561644,45.524613
service_centers,CTR_d332c9d8,unmatched_outside_study_area,,,-73.577347,45.604146
service_centers,CTR_680ddb35,unmatched_outside_study_area,,,-73.610937,45.584201
service_centers,CTR_c03d717b,unmatched_outside_study_area,,,-73.632716,45.428146
service_centers,CTR_cdcd7a92,unmatched_outside_study_area,,,-73.885518,45.456104
service_centers,CTR_1bdb8752,unmatched_outside_study_area,,,-73.817289,45.506298
service_centers,CTR_acf070c1,unmatched_outside_study_area,,,-73.674898,45.524902
service_centers,CTR_1f724b8c,unmatched_outside_study_area,,,-73.691508,45.522014
service_centers,CTR_017faa13,unmatched_outside_study_area,,,-73.550125,45.616248
service_centers,CTR_cc5f8c03,unmatched_outside_study_area,,,-73.605826,45.590038
service_centers,CTR_0d3667d1,unmatched_outside_study_area,,,-73.555636,45.535281
service_centers,CTR_350bae0d,unmatched_outside_study_area,,,-73.560401,45.52979
service_centers,CTR_e9abcd3b,unmatched_outside_study_area,,,-73.594291,45.539449
service_centers,CTR_6dc852fb,unmatched_outside_study_area,,,-73.690971,45.521432
service_centers,CTR_02be7173,unmatched_outside_study_area,,,-73.626573,45.418209
service_centers,CTR_227ae034,unmatched_outside_study_area,,,-73.852111,45.48183
service_centers,CTR_5710c921,unmatched_outside_study_area,,,-73.906615,45.503104
service_centers,CTR_bfd636f1,unmatched_outside_study_area,,,-73.884134,45.487673
service_centers,CTR_424672aa,unmatched_outside_study_area,,,-73.623842,45.427934
service_centers,CTR_ee7621aa,unmatched_outside_study_area,,,-73.571795,45.586513
service_centers,CTR_542b9c5b,unmatched_outside_study_area,,,-73.570318,45.574111
service_centers,CTR_17beeb32,unmatched_outside_study_area,,,-73.677482,45.520184
service_centers,CTR_c2254218,unmatched_outside_study_area,,,-73.583581,45.604643
service_centers,CTR_afed6d75,unmatched_outside_study_area,,,-73.828046,45.507637
service_centers,CTR_c25661bc,unmatched_outside_study_area,,,-73.694859,45.520291
service_centers,CTR_428799bd,unmatched_outside_study_area,,,-73.688674,45.527606
service_centers,CTR_010277c1,unmatched_outside_study_area,,,-73.677753,45.519487
service_centers,CTR_b0604fcb,unmatched_outside_study_area,,,-73.60433,45.578375
service_centers,CTR_cf652cf4,unmatched_outside_study_area,,,-73.564131,45.512478
service_centers,CTR_73d450ff,unmatched_outside_study_area,,,-73.56222,45.571401
service_centers,CTR_52bc43c7,unmatched_outside_study_area,,,-73.884614,45.487228
service_centers,CTR_9995b1a5,unmatched_outside_study_area,,,-73.568131,45.548443
service_centers,CTR_28675a76,unmatched_outside_study_area,,,-73.716938,45.506213
service_centers,CTR_4609d179,unmatched_outside_study_area,,,-73.647752,45.423092
service_centers,CTR_f1f70ef4,unmatched_outside_study_area,,,-73.612641,45.594256
service_centers,CTR_abdea371,unmatched_outside_study_area,,,-73.885981,45.457172
service_centers,CTR_3f634d13,unmatched_outside_study_area,,,-73.593774,45.585699
service_centers,CTR_7be0804c,unmatched_outside_study_area,,,-73.88304,45.487214
service_centers,CTR_62ceac8c,unmatched_outside_study_area,,,-73.555507,45.561587
service_centers,CTR_c638a65e,unmatched_outside_study_area,,,-73.610313,45.538224
service_centers,CTR_9587ae14,unmatched_outside_study_area,,,-73.621222,45.433234
service_centers,CTR_7b5563ab,unmatched_outside_study_area,,,-73.662062,45.429705
service_centers,CTR_67a2eac4,unmatched_outside_study_area,,,-73.574276,45.568076
service_centers,CTR_c12e96d0,unmatched_outside_study_area,,,-73.594813,45.610231
service_centers,CTR_462a99c2,unmatched_outside_study_area,,,-73.559679,45.523318
service_centers,CTR_1e8cb885,unmatched_outside_study_area,,,-73.600334,45.517678
service_centers,CTR_e03a4f90,unmatched_outside_study_area,,,-73.687867,45.526834
service_centers,CTR_dbebb32c,unmatched_outside_study_area,,,-73.691376,45.51812
service_centers,CTR_0a50071c,unmatched_outside_study_area,,,-73.591319,45.553218
service_centers,CTR_4a77255f,unmatched_outside_study_area,,,-73.549626,45.61579
service_centers,CTR_a205e379,unmatched_outside_study_area,,,-73.598644,45.596693
service_centers,CTR_1d060d8d,unmatched_outside_study_area,,,-73.653213,45.433949
service_centers,CTR_403e0268,unmatched_outside_study_area,,,-73.596713,45.434211
service_centers,CTR_b8c3dbf7,unmatched_outside_study_area,,,-73.601537,45.54574
service_centers,CTR_b4b8bedd,unmatched_outside_study_area,,,-73.838218,45.497504
service_centers,CTR_0c13d201,unmatched_outside_study_area,,,-73.523557,45.507845
service_centers,CTR_1b1468cc,unmatched_outside_study_area,,,-73.609099,45.533109
service_centers,CTR_63a38f10,unmatched_outside_study_area,,,-73.6897,45.520613
service_centers,CTR_e2268114,unmatched_outside_study_area,,,-73.851016,45.501332
service_centers,CTR_8a49b234,unmatched_outside_study_area,,,-73.55641,45.526251
service_centers,CTR_d5e22298,unmatched_outside_study_area,,,-73.728412,45.51743
service_centers,CTR_fbe87c8c,unmatched_outside_study_area,,,-73.899347,45.516248
service_centers,CTR_378bbb11,unmatched_outside_study_area,,,-73.640804,45.419399
service_centers,CTR_f537a15b,unmatched_outside_study_area,,,-73.582661,45.604022
service_centers,CTR_a385084d,unmatched_outside_study_area,,,-73.670315,45.513661
service_centers,CTR_4c5f2b32,unmatched_outside_study_area,,,-73.653013,45.433737
service_centers,CTR_ba90379d,unmatched_outside_study_area,,,-73.580756,45.545569
service_centers,CTR_36ca14e4,unmatched_outside_study_area,,,-73.677312,45.513516
service_centers,CTR_b69f2239,unmatched_outside_study_area,,,-73.583641,45.605159
service_centers,CTR_d37e1fa7,unmatched_outside_study_area,,,-73.621186,45.432445
service_centers,CTR_c88c6683,unmatched_outside_study_area,,,-73.568527,45.551578
service_centers,CTR_83ac9c27,unmatched_outside_study_area,,,-73.61431,45.592327
service_centers,CTR_9faab7a6,unmatched_outside_study_area,,,-73.590219,45.553454
service_centers,CTR_4883db72,unmatched_outside_study_area,,,-73.606541,45.538717
service_centers,CTR_68e9ced8,unmatched_outside_study_area,,,-73.531676,45.512968
service_centers,CTR_34f958ba,unmatched_outside_study_area,,,-73.566359,45.543601
service_centers,CTR_fbaa7d68,unmatched_outside_study_area,,,-73.883589,45.486906
service_centers,CTR_829c44f1,unmatched_outside_study_area,,,-73.621713,45.433544
service_centers,CTR_38c65588,unmatched_outside_study_area,,,-73.806816,45.512693
service_centers,CTR_7f89f4ed,unmatched_outside_study_area,,,-73.695035,45.520146
service_centers,CTR_4173a26e,unmatched_outside_study_area,,,-73.866084,45.498275
service_centers,CTR_f555168d,unmatched_outside_study_area,,,-73.853041,45.498792
service_centers,CTR_66983ff5,unmatched_outside_study_area,,,-73.579825,45.505847
service_centers,CTR_bf13058e,unmatched_outside_study_area,,,-73.69002,45.521335
service_centers,CTR_426902ba,unmatched_outside_study_area,,,-73.640997,45.419055
service_centers,CTR_43e36f5b,unmatched_outside_study_area,,,-73.626568,45.419366
service_centers,CTR_f708c683,unmatched_outside_study_area,,,-73.551368,45.529517
service_centers,CTR_307a3203,unmatched_outside_study_area,,,-73.59402,45.516019
service_centers,CTR_b9bde907,unmatched_outside_study_area,,,-73.596763,45.588068
service_centers,CTR_f5802677,unmatched_outside_study_area,,,-73.88338,45.486623
service_centers,CTR_d641b7e5,unmatched_outside_study_area,,,-73.613726,45.424543
service_centers,CTR_3c9d9c63,unmatched_outside_study_area,,,-73.656581,45.43059
service_centers,CTR_e80b16f0,unmatched_outside_study_area,,,-73.610386,45.421244
service_centers,CTR_b74fc8bf,unmatched_outside_study_area,,,-73.691179,45.517318
service_centers,CTR_1ddbc491,unmatched_outside_study_area,,,-73.596094,45.540078
service_centers,CTR_5283854e,unmatched_outside_study_area,,,-73.629346,45.43862
service_centers,CTR_723b01f5,unmatched_outside_study_area,,,-73.556515,45.53284
service_centers,CTR_6b5e827a,unmatched_outside_study_area,,,-73.559677,45.607048
service_centers,CTR_26b280c9,unmatched_outside_study_area,,,-73.602707,45.428156
service_centers,CTR_4de6cba4,unmatched_outside_study_area,,,-73.598362,45.586411
service_centers,CTR_0a31d88e,unmatched_outside_study_area,,,-73.80895,45.498717
service_centers,CTR_52d90a76,unmatched_outside_study_area,,,-73.890799,45.464708
service_centers,CTR_0b71368c,unmatched_outside_study_area,,,-73.589303,45.561245
service_centers,CTR_7bc1cbc5,unmatched_outside_study_area,,,-73.845259,45.500542
service_centers,CTR_18fd3a82,unmatched_outside_study_area,,,-73.835673,45.513389
service_centers,CTR_746f5d92,unmatched_outside_study_area,,,-73.546975,45.618474
service_centers,CTR_85c6c03a,unmatched_outside_study_area,,,-73.800258,45.510714
service_centers,CTR_57872ac1,unmatched_outside_study_area,,,-73.728848,45.51749
service_centers,CTR_a7f1ec26,unmatched_outside_study_area,,,-73.596473,45.595818
service_centers,CTR_c17fffea,unmatched_outside_study_area,,,-73.871758,45.499404
service_centers,CTR_81554bf1,unmatched_outside_study_area,,,-73.590857,45.591361
service_centers,CTR_3f62d721,unmatched_outside_study_area,,,-73.570443,45.604761
service_centers,CTR_964981cb,unmatched_outside_study_area,,,-73.59917,45.596282
service_centers,CTR_87442aa8,unmatched_outside_study_area,,,-73.834044,45.510228
service_centers,CTR_655fdaec,unmatched_outside_study_area,,,-73.596307,45.539708
service_centers,CTR_e582ba30,unmatched_outside_study_area,,,-73.594012,45.433524
service_centers,CTR_f4a89c92,unmatched_outside_study_area,,,-73.589345,45.592423
service_centers,CTR_108e66fc,unmatched_outside_study_area,,,-73.536373,45.515383
service_centers,CTR_9817bb81,unmatched_outside_study_area,,,-73.570792,45.574725
service_centers,CTR_81141426,unmatched_outside_study_area,,,-73.837496,45.496824
service_centers,CTR_b0ac5ac2,unmatched_outside_study_area,,,-73.654526,45.425989
service_centers,CTR_e64638b0,unmatched_outside_study_area,,,-73.668442,45.52755
service_centers,CTR_b615a79f,unmatched_outside_study_area,,,-73.560274,45.529915
service_centers,CTR_4d7b56af,unmatched_outside_study_area,,,-73.611135,45.523211
service_centers,CTR_a5848b35,unmatched_outside_study_area,,,-73.592779,45.550028
service_centers,CTR_3ed50f83,unmatched_outside_study_area,,,-73.569767,45.603781
service_centers,CTR_a719dcc1,unmatched_outside_study_area,,,-73.569857,45.604696
service_centers,CTR_65ce69af,unmatched_outside_study_area,,,-73.842807,45.505733
service_centers,CTR_7ba31e14,unmatched_outside_study_area,,,-73.636633,45.433093
service_centers,CTR_d21ee8f0,unmatched_outside_study_area,,,-73.589825,45.554045
service_centers,CTR_5033863d,unmatched_outside_study_area,,,-73.701663,45.522112
service_centers,CTR_9176c3e5,unmatched_outside_study_area,,,-73.639525,45.431922
service_centers,CTR_1b0e6fd8,unmatched_outside_study_area,,,-73.802879,45.505888
service_centers,CTR_3f2cc542,unmatched_outside_study_area,,,-73.612349,45.419834
service_centers,CTR_12881276,unmatched_outside_study_area,,,-73.571425,45.586543
service_centers,CTR_288687ab,unmatched_outside_study_area,,,-73.72873,45.509163
service_centers,CTR_95999bf5,unmatched_outside_study_area,,,-73.852558,45.480854
service_centers,CTR_bc354c21,unmatched_outside_study_area,,,-73.583726,45.604224
service_centers,CTR_26cc6d1f,unmatched_outside_study_area,,,-73.624155,45.427602
service_centers,CTR_9b7af6a8,unmatched_outside_study_area,,,-73.71787,45.505477
service_centers,CTR_d9e98e8d,unmatched_outside_study_area,,,-73.596713,45.603694
service_centers,CTR_50a918f1,unmatched_outside_study_area,,,-73.676859,45.529031
service_centers,CTR_1dd0d82f,unmatched_outside_study_area,,,-73.721401,45.522425
service_centers,CTR_38053ddd,unmatched_outside_study_area,,,-73.612591,45.421607
service_centers,CTR_241d843a,unmatched_outside_study_area,,,-73.641899,45.418815
service_centers,CTR_da3c3d9b,unmatched_outside_study_area,,,-73.587018,45.503486
service_centers,CTR_102658d5,unmatched_outside_study_area,,,-73.562788,45.571579
service_centers,CTR_6c952350,unmatched_outside_study_area,,,-73.594974,45.587095
service_centers,CTR_72834d41,unmatched_outside_study_area,,,-73.560353,45.565683
service_centers,CTR_b1b298cd,unmatched_outside_study_area,,,-73.699365,45.505014
service_centers,CTR_3144d0e4,unmatched_outside_study_area,,,-73.591855,45.573074
service_centers,CTR_74b5e798,unmatched_outside_study_area,,,-73.891256,45.46454
service_centers,CTR_334dca4f,unmatched_outside_study_area,,,-73.832967,45.503222
service_centers,CTR_c07fac44,unmatched_outside_study_area,,,-73.852316,45.480451
service_centers,CTR_d7f4d56f,unmatched_outside_study_area,,,-73.689858,45.502905
service_centers,CTR_821cad1c,unmatched_outside_study_area,,,-73.577491,45.490157
service_centers,CTR_dc9da6b2,unmatched_outside_study_area,,,-73.852238,45.504427
service_centers,CTR_510e8b79,unmatched_outside_study_area,,,-73.880551,45.48969
service_centers,CTR_ae2ded3a,unmatched_outside_study_area,,,-73.824023,45.510806
service_centers,CTR_19dcc575,unmatched_outside_study_area,,,-73.782795,45.504861
service_centers,CTR_f351cb3b,unmatched_outside_study_area,,,-73.550439,45.513817
service_centers,CTR_345b6808,unmatched_outside_study_area,,,-73.866412,45.481126
service_centers,CTR_de3b64ed,unmatched_outside_study_area,,,-73.695446,45.520036
service_centers,CTR_8096aaa4,unmatched_outside_study_area,,,-73.890341,45.464884
service_centers,CTR_44a9c48f,unmatched_outside_study_area,,,-73.593437,45.533495
service_centers,CTR_824c5c44,unmatched_outside_study_area,,,-73.556703,45.533053
service_centers,CTR_ce37bc7e,unmatched_outside_study_area,,,-73.869345,45.519302
service_centers,CTR_7850efa0,unmatched_outside_study_area,,,-73.601288,45.545939
service_centers,CTR_8f784fb9,unmatched_outside_study_area,,,-73.550139,45.509155
service_centers,CTR_cde2bb3e,unmatched_outside_study_area,,,-73.60836,45.588652
service_centers,CTR_ce3f016c,unmatched_outside_study_area,,,-73.837705,45.496624
service_centers,CTR_202d1b92,unmatched_outside_study_area,,,-73.568971,45.55284
service_centers,CTR_9e37f28b,unmatched_outside_study_area,,,-73.681012,45.501009
service_centers,CTR_e576e45f,unmatched_outside_study_area,,,-73.899469,45.516243
service_centers,CTR_2629f2a7,unmatched_outside_study_area,,,-73.691486,45.517605
service_centers,CTR_7601fcb3,unmatched_outside_study_area,,,-73.937812,45.471013
service_centers,CTR_c6826640,unmatched_outside_study_area,,,-73.596775,45.531696
service_centers,CTR_6fc75047,unmatched_outside_study_area,,,-73.712115,45.513512
service_centers,CTR_a733d95e,unmatched_outside_study_area,,,-73.599412,45.595987
service_centers,CTR_df65ccf7,unmatched_outside_study_area,,,-73.555309,45.524488
service_centers,CTR_84b8198a,unmatched_outside_study_area,,,-73.891632,45.464328
service_centers,CTR_c470b16c,unmatched_outside_study_area,,,-73.555917,45.524489
service_centers,CTR_2121fa04,unmatched_outside_study_area,,,-73.55516,45.614915
service_centers,CTR_ca3a9750,unmatched_outside_study_area,,,-73.7074,45.508447
service_centers,CTR_54bff82d,unmatched_outside_study_area,,,-73.568291,45.551822
service_centers,CTR_d76e4ddd,unmatched_outside_study_area,,,-73.565298,45.512639
service_centers,CTR_12e3a942,unmatched_outside_study_area,,,-73.572159,45.568117
service_centers,CTR_4e0e5ea0,unmatched_outside_study_area,,,-73.626376,45.419104
service_centers,CTR_b0ee35a0,unmatched_outside_study_area,,,-73.568424,45.552553
service_centers,CTR_cfdcf112,unmatched_outside_study_area,,,-73.662617,45.51456
service_centers,CTR_a74277eb,unmatched_outside_study_area,,,-73.639542,45.432363
service_centers,CTR_9db4d064,unmatched_outside_study_area,,,-73.597914,45.596276
service_centers,CTR_6e8bf3c4,unmatched_outside_study_area,,,-73.555574,45.611249
service_centers,CTR_44408ed9,unmatched_outside_study_area,,,-73.774303,45.500314
service_centers,CTR_bbf0212d,unmatched_outside_study_area,,,-73.572798,45.567556
service_centers,CTR_6a0100f8,unmatched_outside_study_area,,,-73.844134,45.510087
service_centers,CTR_a6c79d5e,unmatched_outside_study_area,,,-73.594129,45.573301
service_centers,CTR_df3ead1f,unmatched_outside_study_area,,,-73.550428,45.508814
service_centers,CTR_8c264b6d,unmatched_outside_study_area,,,-73.550784,45.603719
service_centers,CTR_18e04877,unmatched_outside_study_area,,,-73.597505,45.49718
service_centers,CTR_3e966d6a,unmatched_outside_study_area,,,-73.626141,45.428472
service_centers,CTR_c89fa388,unmatched_outside_study_area,,,-73.642142,45.417888
service_centers,CTR_d609183a,unmatched_outside_study_area,,,-73.653514,45.433763
service_centers,CTR_4b2cc762,unmatched_outside_study_area,,,-73.852582,45.499311
service_centers,CTR_18c35121,unmatched_outside_study_area,,,-73.596608,45.433966
service_centers,CTR_01b24514,unmatched_outside_study_area,,,-73.848512,45.511861
service_centers,CTR_03c93412,unmatched_outside_study_area,,,-73.571468,45.575465
service_centers,CTR_1cc70fc7,unmatched_outside_study_area,,,-73.573932,45.567989
service_centers,CTR_8874d987,unmatched_outside_study_area,,,-73.601784,45.427632
service_centers,CTR_a38533a7,unmatched_outside_study_area,,,-73.55656,45.602796
service_centers,CTR_12345a48,unmatched_outside_study_area,,,-73.820309,45.510466
service_centers,CTR_bf2b0bbe,unmatched_outside_study_area,,,-73.597448,45.498735
service_centers,CTR_a47fa0f9,unmatched_outside_study_area,,,-73.820059,45.510483
service_centers,CTR_40ddfb10,unmatched_outside_study_area,,,-73.891797,45.464143
service_centers,CTR_5859c495,unmatched_outside_study_area,,,-73.543219,45.506231
service_centers,CTR_fc85e830,unmatched_outside_study_area,,,-73.660519,45.431047
service_centers,CTR_3b82ce9c,unmatched_outside_study_area,,,-73.533979,45.512558
service_centers,CTR_f84a98ef,unmatched_outside_study_area,,,-73.534533,45.508716
service_centers,CTR_bee60740,unmatched_outside_study_area,,,-73.648278,45.422753
service_centers,CTR_a54733e4,unmatched_outside_study_area,,,-73.624681,45.423673
service_centers,CTR_f2422756,unmatched_outside_study_area,,,-73.609407,45.583644
service_centers,CTR_5e5b1685,unmatched_outside_study_area,,,-73.700926,45.509536
service_centers,CTR_84f8dbaa,unmatched_outside_study_area,,,-73.712367,45.513719
service_centers,CTR_4e054434,unmatched_outside_study_area,,,-73.873041,45.474017
service_centers,CTR_9a158ca4,unmatched_outside_study_area,,,-73.659136,45.429361
service_centers,CTR_22d9c0c4,unmatched_outside_study_area,,,-73.575492,45.544639
service_centers,CTR_9f190a96,unmatched_outside_study_area,,,-73.684976,45.518989
service_centers,CTR_fb7f175c,unmatched_outside_study_area,,,-73.891547,45.455106
service_centers,CTR_e38209ed,unmatched_outside_study_area,,,-73.781187,45.505316
service_centers,CTR_95622feb,unmatched_outside_study_area,,,-73.716727,45.510321
service_centers,CTR_b55512b8,unmatched_outside_study_area,,,-73.594003,45.585701
service_centers,CTR_2121ca8d,unmatched_outside_study_area,,,-73.55936,45.545773
service_centers,CTR_dfc79b97,unmatched_outside_study_area,,,-73.55909,45.551556
service_centers,CTR_45597ef9,unmatched_outside_study_area,,,-73.853258,45.499393
service_centers,CTR_c85a50c7,unmatched_outside_study_area,,,-73.900065,45.517102
service_centers,CTR_866b5f8b,unmatched_outside_study_area,,,-73.701554,45.522052
service_centers,CTR_e42ebb20,unmatched_outside_study_area,,,-73.587674,45.560729
service_centers,CTR_dc212599,unmatched_outside_study_area,,,-73.607308,45.589536
service_centers,CTR_d367aefb,unmatched_outside_study_area,,,-73.614674,45.51522
service_centers,CTR_86b76233,unmatched_outside_study_area,,,-73.720283,45.522362
service_centers,CTR_d047d547,unmatched_outside_study_area,,,-73.671352,45.517571
service_centers,CTR_afe8125f,unmatched_outside_study_area,,,-73.616143,45.521483
service_centers,CTR_f729c1fe,unmatched_outside_study_area,,,-73.653293,45.425692
service_centers,CTR_a9655b92,unmatched_outside_study_area,,,-73.60889,45.432582
service_centers,CTR_5dfa1844,unmatched_outside_study_area,,,-73.585184,45.559255
service_centers,CTR_3fe8591a,unmatched_outside_study_area,,,-73.590961,45.553138
service_centers,CTR_ce059d13,unmatched_outside_study_area,,,-73.59978,45.427642
service_centers,CTR_a9db4a67,unmatched_outside_study_area,,,-73.848159,45.511805
service_centers,CTR_440a9cc0,unmatched_outside_study_area,,,-73.628017,45.421677
service_centers,CTR_2e0edd51,unmatched_outside_study_area,,,-73.603405,45.578777
service_centers,CTR_421d21f9,unmatched_outside_study_area,,,-73.569798,45.551368
service_centers,CTR_021d34e0,unmatched_outside_study_area,,,-73.612226,45.536503
service_centers,CTR_d0b03562,unmatched_outside_study_area,,,-73.702997,45.501848
service_centers,CTR_0dd895ae,unmatched_outside_study_area,,,-73.581968,45.555012
service_centers,CTR_695eb679,unmatched_outside_study_area,,,-73.868914,45.465954
service_centers,CTR_2381cf96,unmatched_outside_study_area,,,-73.581052,45.582578
service_centers,CTR_2d086bed,unmatched_outside_study_area,,,-73.559334,45.595875
service_centers,CTR_337cb021,unmatched_outside_study_area,,,-73.71282,45.514118
service_centers,CTR_2a5d6226,unmatched_outside_study_area,,,-73.632611,45.42788
service_centers,CTR_448ad1fd,unmatched_outside_study_area,,,-73.560281,45.607103
service_centers,CTR_86f2d7ac,unmatched_outside_study_area,,,-73.610078,45.592716
service_centers,CTR_e9d779d0,unmatched_outside_study_area,,,-73.852881,45.499081
service_centers,CTR_373b9081,unmatched_outside_study_area,,,-73.894142,45.459896
service_centers,CTR_98874c26,unmatched_outside_study_area,,,-73.61223,45.421037
service_centers,CTR_0889bdb0,unmatched_outside_study_area,,,-73.596203,45.434478
service_centers,CTR_046fcbf7,unmatched_outside_study_area,,,-73.690698,45.52106
service_centers,CTR_3b0df6d6,unmatched_outside_study_area,,,-73.549675,45.528475
service_centers,CTR_a5c879e5,unmatched_outside_study_area,,,-73.587996,45.561824
service_centers,CTR_ea214ffd,unmatched_outside_study_area,,,-73.662843,45.51431
service_centers,CTR_de13eaa3,unmatched_outside_study_area,,,-73.59764,45.595918
service_centers,CTR_e4a0c62e,unmatched_outside_study_area,,,-73.562198,45.524474
service_centers,CTR_5e4f5b73,unmatched_outside_study_area,,,-73.717781,45.513124
service_centers,CTR_4d82c85d,unmatched_outside_study_area,,,-73.882117,45.457843
service_centers,CTR_483328b5,unmatched_outside_study_area,,,-73.546401,45.530824
service_centers,CTR_a4a7fff6,unmatched_outside_study_area,,,-73.845373,45.502471
service_centers,CTR_ae56ef75,unmatched_outside_study_area,,,-73.882395,45.457734
service_centers,CTR_bbfeb012,unmatched_outside_study_area,,,-73.56079,45.607189
service_centers,CTR_c6349855,unmatched_outside_study_area,,,-73.570944,45.605033
service_centers,CTR_49c0d44d,unmatched_outside_study_area,,,-73.604454,45.578598
service_centers,CTR_d09d9ccc,unmatched_outside_study_area,,,-73.701931,45.508312
service_centers,CTR_3f295688,unmatched_outside_study_area,,,-73.570732,45.605149
service_centers,CTR_32456a68,unmatched_outside_study_area,,,-73.779706,45.501436
service_centers,CTR_a0321f1c,unmatched_outside_study_area,,,-73.584799,45.495489
service_centers,CTR_50d30624,unmatched_outside_study_area,,,-73.767034,45.499708
service_centers,CTR_f96db0c9,unmatched_outside_study_area,,,-73.691035,45.517778
service_centers,CTR_b09f7665,unmatched_outside_study_area,,,-73.885312,45.457415
service_centers,CTR_5a948830,unmatched_outside_study_area,,,-73.582525,45.511023
service_centers,CTR_663cb523,unmatched_outside_study_area,,,-73.601065,45.42768
service_centers,CTR_6777b11b,unmatched_outside_study_area,,,-73.507074,45.609522
service_centers,CTR_bd07b762,unmatched_outside_study_area,,,-73.572415,45.57507
service_centers,CTR_cd0a7523,unmatched_outside_study_area,,,-73.554933,45.610897
service_centers,CTR_f1daf891,unmatched_outside_study_area,,,-73.861374,45.475214
service_centers,CTR_89b4d0a2,unmatched_outside_study_area,,,-73.851388,45.482024
service_centers,CTR_fa5cf032,unmatched_outside_study_area,,,-73.865342,45.468879
service_centers,CTR_2ca4e84f,unmatched_outside_study_area,,,-73.545901,45.530564
service_centers,CTR_7d859bae,unmatched_outside_study_area,,,-73.55076,45.616407
service_centers,CTR_392a1ed1,unmatched_outside_study_area,,,-73.601851,45.546242
service_centers,CTR_c0e8d64b,unmatched_outside_study_area,,,-73.854597,45.498683
service_centers,CTR_32d77603,unmatched_outside_study_area,,,-73.592614,45.549954
service_centers,CTR_049437e7,unmatched_outside_study_area,,,-73.592146,45.549622
service_centers,CTR_a988057e,unmatched_outside_study_area,,,-73.582562,45.581028
service_centers,CTR_775908ee,unmatched_outside_study_area,,,-73.652539,45.434115
service_centers,CTR_52441d61,unmatched_outside_study_area,,,-73.591265,45.59272
service_centers,CTR_5f27394f,unmatched_outside_study_area,,,-73.590329,45.591649
service_centers,CTR_082dd485,unmatched_outside_study_area,,,-73.548097,45.508492
service_centers,CTR_5a157e63,unmatched_outside_study_area,,,-73.584839,45.581393
service_centers,CTR_6d8d7691,unmatched_outside_study_area,,,-73.871862,45.500252
service_centers,CTR_f7f831cd,unmatched_outside_study_area,,,-73.627121,45.418335
service_centers,CTR_2bc25987,unmatched_outside_study_area,,,-73.584329,45.499312
service_centers,CTR_0d3f7a10,unmatched_outside_study_area,,,-73.762941,45.506667
service_centers,CTR_8cafb189,unmatched_outside_study_area,,,-73.558964,45.521497
service_centers,CTR_7ce6c588,unmatched_outside_study_area,,,-73.574003,45.568398
service_centers,CTR_44b8e2c4,unmatched_outside_study_area,,,-73.685141,45.513284
service_centers,CTR_0c985cca,unmatched_outside_study_area,,,-73.607662,45.515409
service_centers,CTR_61015957,unmatched_outside_study_area,,,-73.58464,45.605411
service_centers,CTR_e7fc3269,unmatched_outside_study_area,,,-73.593064,45.533566
service_centers,CTR_679f831f,unmatched_outside_study_area,,,-73.561428,45.570896
service_centers,CTR_31f12c23,unmatched_outside_study_area,,,-73.855572,45.490699
service_centers,CTR_8467d5a1,unmatched_outside_study_area,,,-73.882672,45.486117
service_centers,CTR_d672b339,unmatched_outside_study_area,,,-73.612314,45.420093
service_centers,CTR_e103b65a,unmatched_outside_study_area,,,-73.606135,45.589126
service_centers,CTR_5f294595,unmatched_outside_study_area,,,-73.55668,45.602267
service_centers,CTR_abba2d4e,unmatched_outside_study_area,,,-73.575817,45.544332
service_centers,CTR_7efcceec,unmatched_outside_study_area,,,-73.870929,45.478484
service_centers,CTR_c7e1de22,unmatched_outside_study_area,,,-73.673337,45.50534
service_centers,CTR_1c41fbe6,unmatched_outside_study_area,,,-73.656433,45.424218
service_centers,CTR_601423fa,unmatched_outside_study_area,,,-73.856028,45.475193
service_centers,CTR_c309f9a3,unmatched_outside_study_area,,,-73.85534,45.47609
service_centers,CTR_6f368a2c,unmatched_outside_study_area,,,-73.588558,45.561169
service_centers,CTR_9c81f337,unmatched_outside_study_area,,,-73.935682,45.471148
service_centers,CTR_42ac0430,unmatched_outside_study_area,,,-73.843024,45.510286
service_centers,CTR_4436a6ce,unmatched_outside_study_area,,,-73.569226,45.551642
service_centers,CTR_6f42cdc1,unmatched_outside_study_area,,,-73.894401,45.460411
service_centers,CTR_ab4d7f77,unmatched_outside_study_area,,,-73.61315,45.419659
service_centers,CTR_abb3e01f,unmatched_outside_study_area,,,-73.623127,45.41597
service_centers,CTR_0fb5a4fa,unmatched_outside_study_area,,,-73.596952,45.430323
service_centers,CTR_7e049818,unmatched_outside_study_area,,,-73.923338,45.46925
service_centers,CTR_3186e6e0,unmatched_outside_study_area,,,-73.522293,45.500184
service_centers,CTR_7cc040be,unmatched_outside_study_area,,,-73.770749,45.500337
service_centers,CTR_e0d09e4b,unmatched_outside_study_area,,,-73.608551,45.584493
service_centers,CTR_07532869,unmatched_outside_study_area,,,-73.596514,45.532131
service_centers,CTR_6843d51c,unmatched_outside_study_area,,,-73.901369,45.51703
service_centers,CTR_5e21076f,unmatched_outside_study_area,,,-73.798279,45.506876
service_centers,CTR_60fa9956,unmatched_outside_study_area,,,-73.608144,45.587285
service_centers,CTR_aa3923e7,unmatched_outside_study_area,,,-73.606763,45.538717
service_centers,CTR_2359cd73,unmatched_outside_study_area,,,-73.613145,45.420113
service_centers,CTR_d9e49723,unmatched_outside_study_area,,,-73.882607,45.497148
service_centers,CTR_0c29edf4,unmatched_outside_study_area,,,-73.641618,45.418739
service_centers,CTR_859a7dc6,unmatched_outside_study_area,,,-73.633446,45.419025
service_centers,CTR_db793627,unmatched_outside_study_area,,,-73.673426,45.505558
service_centers,CTR_a55d3c7f,unmatched_outside_study_area,,,-73.617379,45.437717
service_centers,CTR_31612c38,unmatched_outside_study_area,,,-73.567489,45.507555
service_centers,CTR_3dc6988e,unmatched_outside_study_area,,,-73.892405,45.45494
service_centers,CTR_dc832eb5,unmatched_outside_study_area,,,-73.551119,45.529182
service_centers,CTR_e10ccf6d,unmatched_outside_study_area,,,-73.730135,45.517405
service_centers,CTR_b14ea3c3,unmatched_outside_study_area,,,-73.883894,45.465143
service_centers,CTR_d621368c,unmatched_outside_study_area,,,-73.554086,45.49546
service_centers,CTR_c7aa7008,unmatched_outside_study_area,,,-73.627296,45.430093
service_centers,CTR_0f391cd4,unmatched_outside_study_area,,,-73.56001,45.520789
service_centers,CTR_9e8261ea,unmatched_outside_study_area,,,-73.701825,45.52208
service_centers,CTR_f2da87e2,unmatched_outside_study_area,,,-73.879851,45.490108
service_centers,CTR_19c2ac50,unmatched_outside_study_area,,,-73.885133,45.48852
service_centers,CTR_d5d13c77,unmatched_outside_study_area,,,-73.608997,45.515954
service_centers,CTR_e05d5470,unmatched_outside_study_area,,,-73.657876,45.43466
service_centers,CTR_285a43c8,unmatched_outside_study_area,,,-73.864785,45.507635
service_centers,CTR_92f83e0d,unmatched_outside_study_area,,,-73.904402,45.458808
service_centers,CTR_3fa29314,unmatched_outside_study_area,,,-73.563608,45.549732
service_centers,CTR_b3244bc3,unmatched_outside_study_area,,,-73.535413,45.514413
service_centers,CTR_33eff60f,unmatched_outside_study_area,,,-73.609014,45.432567
service_centers,CTR_d979f6fc,unmatched_outside_study_area,,,-73.559111,45.595584
service_centers,CTR_a07bd500,unmatched_outside_study_area,,,-73.55653,45.575362
service_centers,CTR_89208080,unmatched_outside_study_area,,,-73.616987,45.531287
service_centers,CTR_a11fa524,unmatched_outside_study_area,,,-73.809915,45.509045
service_centers,CTR_54462765,unmatched_outside_study_area,,,-73.604672,45.519933
service_centers,CTR_2aad90b3,unmatched_outside_study_area,,,-73.558496,45.545548
service_centers,CTR_10f3dbc7,unmatched_outside_study_area,,,-73.613407,45.420559
service_centers,CTR_3049354c,unmatched_outside_study_area,,,-73.625301,45.429099
service_centers,CTR_c9d73d19,unmatched_outside_study_area,,,-73.57116,45.588537
service_centers,CTR_be710ade,unmatched_outside_study_area,,,-73.588952,45.553814
service_centers,CTR_069f7630,unmatched_outside_study_area,,,-73.713665,45.512968
service_centers,CTR_eeb89c72,unmatched_outside_study_area,,,-73.626166,45.431941
service_centers,CTR_6ea76de0,unmatched_outside_study_area,,,-73.617318,45.437455
service_centers,CTR_596ac9cf,unmatched_outside_study_area,,,-73.690213,45.496745
service_centers,CTR_1ed95842,unmatched_outside_study_area,,,-73.621185,45.432664
service_centers,CTR_66d75e6a,unmatched_outside_study_area,,,-73.847943,45.507498
service_centers,CTR_2c538778,unmatched_outside_study_area,,,-73.571332,45.605338
service_centers,CTR_3d31c006,unmatched_outside_study_area,,,-73.554759,45.524211
service_centers,CTR_951252a4,unmatched_outside_study_area,,,-73.553876,45.511077
service_centers,CTR_fb00f6ea,unmatched_outside_study_area,,,-73.59914,45.58568
service_centers,CTR_d1a29317,unmatched_outside_study_area,,,-73.866481,45.498572
service_centers,CTR_5f6663eb,unmatched_outside_study_area,,,-73.67515,45.525008
service_centers,CTR_69bfcba0,unmatched_outside_study_area,,,-73.58902,45.53842
service_centers,CTR_d7d8dde3,unmatched_outside_study_area,,,-73.596487,45.532034
service_centers,CTR_95eae58d,unmatched_outside_study_area,,,-73.575528,45.544077
service_centers,CTR_e8dc475b,unmatched_outside_study_area,,,-73.872194,45.500938
service_centers,CTR_2ef9529e,unmatched_outside_study_area,,,-73.720759,45.522092
service_centers,CTR_1dd99190,unmatched_outside_study_area,,,-73.5696,45.548029
service_centers,CTR_42170a68,unmatched_outside_study_area,,,-73.88526,45.486887
service_centers,CTR_063a0ac9,unmatched_outside_study_area,,,-73.590986,45.538298
service_centers,CTR_70b037d6,unmatched_outside_study_area,,,-73.6686,45.527569
service_centers,CTR_d8f45aec,unmatched_outside_study_area,,,-73.552263,45.602765
service_centers,CTR_e3308533,unmatched_outside_study_area,,,-73.612377,45.419561
service_centers,CTR_637de058,unmatched_outside_study_area,,,-73.601004,45.540283
service_centers,CTR_f8ca869b,unmatched_outside_study_area,,,-73.701717,45.509297
service_centers,CTR_dc193e06,unmatched_outside_study_area,,,-73.885924,45.456542
service_centers,CTR_dea59683,unmatched_outside_study_area,,,-73.77853,45.508531
service_centers,CTR_d63c9571,unmatched_outside_study_area,,,-73.702602,45.511865
service_centers,CTR_49e03c87,unmatched_outside_study_area,,,-73.869052,45.498784
service_centers,CTR_22d08615,unmatched_outside_study_area,,,-73.605013,45.518161
service_centers,CTR_fd189938,unmatched_outside_study_area,,,-73.885441,45.481495
service_centers,CTR_ee404c03,unmatched_outside_study_area,,,-73.608986,45.533321
service_centers,CTR_7eb53bfd,unmatched_outside_study_area,,,-73.677266,45.520007
service_centers,CTR_124bfb9e,unmatched_outside_study_area,,,-73.808273,45.498014
service_centers,CTR_35ca7345,unmatched_outside_study_area,,,-73.550922,45.512784
service_centers,CTR_cef0d5aa,unmatched_outside_study_area,,,-73.871758,45.477965
service_centers,CTR_2d215938,unmatched_outside_study_area,,,-73.677639,45.51428
service_centers,CTR_05921bd3,unmatched_outside_study_area,,,-73.558846,45.545839
service_centers,CTR_cb9780b1,unmatched_outside_study_area,,,-73.564955,45.542876
service_centers,CTR_3965ffa0,unmatched_outside_study_area,,,-73.656967,45.426221
service_centers,CTR_258c75fb,unmatched_outside_study_area,,,-73.68722,45.52785
service_centers,CTR_94878394,unmatched_outside_study_area,,,-73.855779,45.475568
service_centers,CTR_504e1cea,unmatched_outside_study_area,,,-73.599401,45.585946
service_centers,CTR_c4404518,unmatched_outside_study_area,,,-73.882407,45.49681
service_centers,CTR_53d3ec81,unmatched_outside_study_area,,,-73.868597,45.508306
service_centers,CTR_142ea0ef,unmatched_outside_study_area,,,-73.633742,45.41897
service_centers,CTR_1cf1fdbd,unmatched_outside_study_area,,,-73.712795,45.511821
service_centers,CTR_8bc03e11,unmatched_outside_study_area,,,-73.883881,45.487453
service_centers,CTR_a8bab791,unmatched_outside_study_area,,,-73.583122,45.604632
service_centers,CTR_f7cdbf9a,unmatched_outside_study_area,,,-73.833547,45.506286
service_centers,CTR_82e28bd3,unmatched_outside_study_area,,,-73.546055,45.512502
service_centers,CTR_a4bf3c6a,unmatched_outside_study_area,,,-73.611645,45.534411
service_centers,CTR_bbf7d536,unmatched_outside_study_area,,,-73.591009,45.571656
service_centers,CTR_eeb0f30c,unmatched_outside_study_area,,,-73.726677,45.514881
service_centers,CTR_789ed758,unmatched_outside_study_area,,,-73.705736,45.510069
service_centers,CTR_c59f4eb8,unmatched_outside_study_area,,,-73.855259,45.475961
service_centers,CTR_35db0009,unmatched_outside_study_area,,,-73.549858,45.508263
service_centers,CTR_636568bc,unmatched_outside_study_area,,,-73.627043,45.41794
service_centers,CTR_7174e0d9,unmatched_outside_study_area,,,-73.871307,45.478576
service_centers,CTR_4b96f635,unmatched_outside_study_area,,,-73.677829,45.513901
service_centers,CTR_0fee4775,unmatched_outside_study_area,,,-73.697707,45.5475
service_centers,CTR_75de3e40,unmatched_outside_study_area,,,-73.714835,45.51216
service_centers,CTR_fbee3650,unmatched_outside_study_area,,,-73.866788,45.503411
service_centers,CTR_c63c5123,unmatched_outside_study_area,,,-73.853373,45.485677
service_centers,CTR_08336e17,unmatched_outside_study_area,,,-73.869346,45.46695
service_centers,CTR_e27d9e0f,unmatched_outside_study_area,,,-73.593628,45.53355
service_centers,CTR_ee730be2,unmatched_outside_study_area,,,-73.60448,45.516347
service_centers,CTR_c06cde4c,unmatched_outside_study_area,,,-73.729752,45.517706
service_centers,CTR_d6da032c,unmatched_outside_study_area,,,-73.729514,45.517585
service_centers,CTR_618c6d2d,unmatched_outside_study_area,,,-73.551658,45.525109
service_centers,CTR_7798ed17,unmatched_outside_study_area,,,-73.543559,45.602701
service_centers,CTR_e13e78ef,unmatched_outside_study_area,,,-73.594653,45.434699
service_centers,CTR_0f643f7a,unmatched_outside_study_area,,,-73.891567,45.466317
service_centers,CTR_d71581d1,unmatched_outside_study_area,,,-73.885327,45.488593
service_centers,CTR_7fb7082f,unmatched_outside_study_area,,,-73.681549,45.507921
service_centers,CTR_45c72e60,unmatched_outside_study_area,,,-73.587384,45.559955
service_centers,CTR_1d9f0371,unmatched_outside_study_area,,,-73.602037,45.427939
service_centers,CTR_93b30acd,unmatched_outside_study_area,,,-73.6588,45.429202
service_centers,CTR_789c8208,unmatched_outside_study_area,,,-73.864647,45.518748
service_centers,CTR_81f6b0c8,unmatched_outside_study_area,,,-73.606109,45.520618
service_centers,CTR_ed86923e,unmatched_outside_study_area,,,-73.569781,45.605159
service_centers,CTR_d567da72,unmatched_outside_study_area,,,-73.572097,45.586584
service_centers,CTR_09604215,unmatched_outside_study_area,,,-73.593859,45.425759
service_centers,CTR_49ff2740,unmatched_outside_study_area,,,-73.894704,45.459798
service_centers,CTR_3d9338ef,unmatched_outside_study_area,,,-73.853667,45.48102
service_centers,CTR_479fdf7b,unmatched_outside_study_area,,,-73.56509,45.543224
service_centers,CTR_4a7e84b1,unmatched_outside_study_area,,,-73.871577,45.500857
service_centers,CTR_ec73f0f8,unmatched_outside_study_area,,,-73.592734,45.572091
service_centers,CTR_af444788,unmatched_outside_study_area,,,-73.583971,45.564558
service_centers,CTR_aff3500a,unmatched_outside_study_area,,,-73.891672,45.466202
service_centers,CTR_78c55b53,unmatched_outside_study_area,,,-73.881641,45.4863
service_centers,CTR_52ac2112,unmatched_outside_study_area,,,-73.725003,45.50839
service_centers,CTR_871284a4,unmatched_outside_study_area,,,-73.719845,45.522949
service_centers,CTR_b7e00f3b,unmatched_outside_study_area,,,-73.699424,45.508317
service_centers,CTR_8b3e84da,unmatched_outside_study_area,,,-73.88171,45.479436
service_centers,CTR_cfaed599,unmatched_outside_study_area,,,-73.830853,45.511466
service_centers,CTR_c7a23739,unmatched_outside_study_area,,,-73.726746,45.515781
service_centers,CTR_2d0fc417,unmatched_outside_study_area,,,-73.866283,45.480993
service_centers,CTR_064fbff2,unmatched_outside_study_area,,,-73.773385,45.502084
service_centers,CTR_a07f365d,unmatched_outside_study_area,,,-73.676908,45.516879
service_centers,CTR_68cf0123,unmatched_outside_study_area,,,-73.871754,45.499639
service_centers,CTR_66444408,unmatched_outside_study_area,,,-73.591779,45.434099
service_centers,CTR_872e31bb,unmatched_outside_study_area,,,-73.699991,45.508857
service_centers,CTR_5af6baf2,unmatched_outside_study_area,,,-73.848033,45.511849
service_centers,CTR_5d38334f,unmatched_outside_study_area,,,-73.729365,45.517199
service_centers,CTR_21e12498,unmatched_outside_study_area,,,-73.590343,45.554114
service_centers,CTR_a7dccef2,unmatched_outside_study_area,,,-73.590739,45.592721
service_centers,CTR_a9a8e200,unmatched_outside_study_area,,,-73.676695,45.517048
service_centers,CTR_2229f6c5,unmatched_outside_study_area,,,-73.592744,45.549259
service_centers,CTR_d410ed22,unmatched_outside_study_area,,,-73.905268,45.494854
service_centers,CTR_f28b58f8,unmatched_outside_study_area,,,-73.599092,45.596898
service_centers,CTR_557960d0,unmatched_outside_study_area,,,-73.612748,45.420245
service_centers,CTR_a2dd9e44,unmatched_outside_study_area,,,-73.654672,45.426084
service_centers,CTR_7726614b,unmatched_outside_study_area,,,-73.672456,45.509324
service_centers,CTR_5b59e179,unmatched_outside_study_area,,,-73.827183,45.507486
service_centers,CTR_511c52bd,unmatched_outside_study_area,,,-73.904256,45.458598
service_centers,CTR_258e3be6,unmatched_outside_study_area,,,-73.884535,45.469685
service_centers,CTR_39ad469b,unmatched_outside_study_area,,,-73.844528,45.492808
service_centers,CTR_5fe56210,unmatched_outside_study_area,,,-73.685172,45.519311
service_centers,CTR_d07f421b,unmatched_outside_study_area,,,-73.561908,45.524747
service_centers,CTR_6b53b637,unmatched_outside_study_area,,,-73.574731,45.544351
service_centers,CTR_b8251506,unmatched_outside_study_area,,,-73.676842,45.528789
service_centers,CTR_fa240b80,unmatched_outside_study_area,,,-73.898293,45.517188
service_centers,CTR_3147feb7,unmatched_outside_study_area,,,-73.68027,45.500987
service_centers,CTR_4c278499,unmatched_outside_study_area,,,-73.604031,45.578249
service_centers,CTR_58b75a39,unmatched_outside_study_area,,,-73.639321,45.432366
service_centers,CTR_680286eb,unmatched_outside_study_area,,,-73.79302,45.503207
service_centers,CTR_19bf2c33,unmatched_outside_study_area,,,-73.587912,45.577444
service_centers,CTR_1e9a6379,unmatched_outside_study_area,,,-73.600851,45.513168
service_centers,CTR_c553f84e,unmatched_outside_study_area,,,-73.624064,45.427956
service_centers,CTR_cc735e0c,unmatched_outside_study_area,,,-73.712287,45.514098
service_centers,CTR_3924d346,unmatched_outside_study_area,,,-73.55912,45.54557
service_centers,CTR_1631a039,unmatched_outside_study_area,,,-73.653586,45.433131
service_centers,CTR_29398c39,unmatched_outside_study_area,,,-73.890319,45.449532
service_centers,CTR_4b7568cb,unmatched_outside_study_area,,,-73.583685,45.603486
service_centers,CTR_a245d720,unmatched_outside_study_area,,,-73.85628,45.474993
service_centers,CTR_8e40f6f9,unmatched_outside_study_area,,,-73.920823,45.461964
service_centers,CTR_6f21c022,unmatched_outside_study_area,,,-73.58764,45.577737
service_centers,CTR_587902ac,unmatched_outside_study_area,,,-73.881717,45.458665
service_centers,CTR_70b34584,unmatched_outside_study_area,,,-73.848225,45.507493
service_centers,CTR_71e6754e,unmatched_outside_study_area,,,-73.783181,45.50481
service_centers,CTR_5aea8612,unmatched_outside_study_area,,,-73.861803,45.474832
service_centers,CTR_4745ba39,unmatched_outside_study_area,,,-73.844815,45.491612
service_centers,CTR_a63d4b15,unmatched_outside_study_area,,,-73.732597,45.509933
service_centers,CTR_81beb163,unmatched_outside_study_area,,,-73.584497,45.495773
service_centers,CTR_36629584,unmatched_outside_study_area,,,-73.592859,45.549316
service_centers,CTR_42dc2ce0,unmatched_outside_study_area,,,-73.685975,45.500822
service_centers,CTR_4a8fc89d,unmatched_outside_study_area,,,-73.69004,45.50326
service_centers,CTR_9c3685a9,unmatched_outside_study_area,,,-73.569679,45.548352
service_centers,CTR_7d74650a,unmatched_outside_study_area,,,-73.715556,45.506785
service_centers,CTR_b1c8c3c9,unmatched_outside_study_area,,,-73.85743,45.514544
service_centers,CTR_479aff72,unmatched_outside_study_area,,,-73.688038,45.527974
service_centers,CTR_f9a0e2ac,unmatched_outside_study_area,,,-73.592469,45.549131
service_centers,CTR_5a4a6df3,unmatched_outside_study_area,,,-73.706203,45.511746
service_centers,CTR_0932f78b,unmatched_outside_study_area,,,-73.626994,45.422328
service_centers,CTR_1b38d9f2,unmatched_outside_study_area,,,-73.691211,45.518834
service_centers,CTR_9c6f3474,unmatched_outside_study_area,,,-73.6264,45.429087
service_centers,CTR_167a8806,unmatched_outside_study_area,,,-73.681242,45.500793
service_centers,CTR_4ea2aaad,unmatched_outside_study_area,,,-73.617362,45.590553
service_centers,CTR_3707d38d,unmatched_outside_study_area,,,-73.583557,45.605072
service_centers,CTR_f0c830ab,unmatched_outside_study_area,,,-73.570852,45.560135
service_centers,CTR_b461e745,unmatched_outside_study_area,,,-73.68018,45.501303
service_centers,CTR_b01f74a8,unmatched_outside_study_area,,,-73.872349,45.500194
service_centers,CTR_729838ec,unmatched_outside_study_area,,,-73.612503,45.521742
service_centers,CTR_d839e503,unmatched_outside_study_area,,,-73.556434,45.532929
service_centers,CTR_eb9cacb8,unmatched_outside_study_area,,,-73.601536,45.540411
service_centers,CTR_729828ed,unmatched_outside_study_area,,,-73.85581,45.476428
service_centers,CTR_23a1b0f9,unmatched_outside_study_area,,,-73.567219,45.493296
service_centers,CTR_a0116447,unmatched_outside_study_area,,,-73.769115,45.500328
service_centers,CTR_23a28db1,unmatched_outside_study_area,,,-73.572232,45.587072
service_centers,CTR_84e1c91b,unmatched_outside_study_area,,,-73.727059,45.514914
service_centers,CTR_60263226,unmatched_outside_study_area,,,-73.76849,45.503701
service_centers,CTR_7f73da1e,unmatched_outside_study_area,,,-73.636385,45.434204
service_centers,CTR_c7fa36f2,unmatched_outside_study_area,,,-73.595111,45.538833
service_centers,CTR_9afba6c5,unmatched_outside_study_area,,,-73.56913,45.552603
service_centers,CTR_dea9ece5,unmatched_outside_study_area,,,-73.554811,45.534857
service_centers,CTR_cbd4941b,unmatched_outside_study_area,,,-73.579864,45.560382
service_centers,CTR_1fcfcb48,unmatched_outside_study_area,,,-73.784471,45.509343
service_centers,CTR_4728400b,unmatched_outside_study_area,,,-73.590076,45.537877
service_centers,CTR_2b22da63,unmatched_outside_study_area,,,-73.591953,45.533767
service_centers,CTR_b4ba6fb6,unmatched_outside_study_area,,,-73.675915,45.516766
service_centers,CTR_538cd157,unmatched_outside_study_area,,,-73.695718,45.519862
service_centers,CTR_e379e233,unmatched_outside_study_area,,,-73.583116,45.582019
service_centers,CTR_33a15174,unmatched_outside_study_area,,,-73.562657,45.625807
service_centers,CTR_2cdea476,unmatched_outside_study_area,,,-73.704348,45.508087
service_centers,CTR_58fcb6ce,unmatched_outside_study_area,,,-73.687655,45.527701
service_centers,CTR_be7874bb,unmatched_outside_study_area,,,-73.724549,45.502117
service_centers,CTR_b09b5286,unmatched_outside_study_area,,,-73.727662,45.516169
service_centers,CTR_f2cde94e,unmatched_outside_study_area,,,-73.619569,45.514549
service_centers,CTR_49e7dbd8,unmatched_outside_study_area,,,-73.593121,45.572641
service_centers,CTR_96f12367,unmatched_outside_study_area,,,-73.584036,45.580901
service_centers,CTR_7cc38c28,unmatched_outside_study_area,,,-73.609447,45.533246
service_centers,CTR_8d2596dd,unmatched_outside_study_area,,,-73.612912,45.510789
service_centers,CTR_50e7aeb4,unmatched_outside_study_area,,,-73.85173,45.480532
service_centers,CTR_55095faa,unmatched_outside_study_area,,,-73.838779,45.510891
service_centers,CTR_45de2d7c,unmatched_outside_study_area,,,-73.588597,45.607149
service_centers,CTR_9df72796,unmatched_outside_study_area,,,-73.564452,45.512527
service_centers,CTR_75c99765,unmatched_outside_study_area,,,-73.586443,45.577629
service_centers,CTR_f0858558,unmatched_outside_study_area,,,-73.58245,45.581799
service_centers,CTR_db3405c9,unmatched_outside_study_area,,,-73.845394,45.502245
service_centers,CTR_34bf6f47,unmatched_outside_study_area,,,-73.68045,45.508193
service_centers,CTR_d2f78ce3,unmatched_outside_study_area,,,-73.724982,45.50092
service_centers,CTR_4c4dd294,unmatched_outside_study_area,,,-73.567178,45.544028
service_centers,CTR_a8f738bb,unmatched_outside_study_area,,,-73.598693,45.586306
service_centers,CTR_faece975,unmatched_outside_study_area,,,-73.580119,45.560547
service_centers,CTR_7664f556,unmatched_outside_study_area,,,-73.662972,45.514125
service_centers,CTR_0e79b78f,unmatched_outside_study_area,,,-73.571582,45.586305
service_centers,CTR_d6fa1425,unmatched_outside_study_area,,,-73.689144,45.502684
service_centers,CTR_c30376ec,unmatched_outside_study_area,,,-73.554715,45.593507
service_centers,CTR_a9acf387,unmatched_outside_study_area,,,-73.662064,45.429915
service_centers,CTR_90e3b747,unmatched_outside_study_area,,,-73.699449,45.509287
service_centers,CTR_08000fce,unmatched_outside_study_area,,,-73.599017,45.585746
service_centers,CTR_1c6d1590,unmatched_outside_study_area,,,-73.762799,45.506578
service_centers,CTR_13c07603,unmatched_outside_study_area,,,-73.599156,45.498698
service_centers,CTR_4bcd4414,unmatched_outside_study_area,,,-73.592776,45.57252
service_centers,CTR_92486b02,unmatched_outside_study_area,,,-73.534753,45.512137
service_centers,CTR_6fa412e2,unmatched_outside_study_area,,,-73.691844,45.518955
service_centers,CTR_f8613ca0,unmatched_outside_study_area,,,-73.780049,45.501664
service_centers,CTR_a16b5e0c,unmatched_outside_study_area,,,-73.580355,45.5606
service_centers,CTR_d0648ccf,unmatched_outside_study_area,,,-73.680939,45.500611
service_centers,CTR_c051d4b5,unmatched_outside_study_area,,,-73.555111,45.562257
service_centers,CTR_de1921b4,unmatched_outside_study_area,,,-73.574182,45.56795
service_centers,CTR_c7d7cd51,unmatched_outside_study_area,,,-73.823397,45.509059
service_centers,CTR_53dc79ca,unmatched_outside_study_area,,,-73.555808,45.533343
service_centers,CTR_c1a2bfdf,unmatched_outside_study_area,,,-73.62137,45.519899
service_centers,CTR_7d929932,unmatched_outside_study_area,,,-73.555304,45.524367
service_centers,CTR_7e44ba3c,unmatched_outside_study_area,,,-73.561459,45.571152
service_centers,CTR_b8eb8ef3,unmatched_outside_study_area,,,-73.662847,45.514305
service_centers,CTR_972b6c28,unmatched_outside_study_area,,,-73.603247,45.427811
service_centers,CTR_c309218e,unmatched_outside_study_area,,,-73.557944,45.562791
service_centers,CTR_c213036e,unmatched_outside_study_area,,,-73.627109,45.4301
service_centers,CTR_1f40bc98,unmatched_outside_study_area,,,-73.606692,45.588995
service_centers,CTR_9e1d62c6,unmatched_outside_study_area,,,-73.62264,45.432499
service_centers,CTR_9241cdc8,unmatched_outside_study_area,,,-73.833086,45.50339
service_centers,CTR_fa3d26fb,unmatched_outside_study_area,,,-73.773611,45.502062
service_centers,CTR_a7b94052,unmatched_outside_study_area,,,-73.877286,45.462642
service_centers,CTR_7183fb3f,unmatched_outside_study_area,,,-73.867682,45.505951
service_centers,CTR_15d8c085,unmatched_outside_study_area,,,-73.629583,45.420846
service_centers,CTR_cde08565,unmatched_outside_study_area,,,-73.633358,45.418852
service_centers,CTR_26d55497,unmatched_outside_study_area,,,-73.559633,45.530136
service_centers,CTR_76fa1088,unmatched_outside_study_area,,,-73.713052,45.511619
service_centers,CTR_69b4c514,unmatched_outside_study_area,,,-73.548762,45.513001
service_centers,CTR_dd150065,unmatched_outside_study_area,,,-73.769762,45.503618
service_centers,CTR_26dc6e7f,unmatched_outside_study_area,,,-73.585659,45.560085
service_centers,CTR_d18f9a0a,unmatched_outside_study_area,,,-73.677175,45.513758
service_centers,CTR_6db693b2,unmatched_outside_study_area,,,-73.690582,45.497391
service_centers,CTR_ebd97d9d,unmatched_outside_study_area,,,-73.677095,45.513255
service_centers,CTR_ffdedb0d,unmatched_outside_study_area,,,-73.689654,45.526767
service_centers,CTR_15131a7b,unmatched_outside_study_area,,,-73.59856,45.595895
service_centers,CTR_05a8c4fc,unmatched_outside_study_area,,,-73.904608,45.45865
service_centers,CTR_700fa2bb,unmatched_outside_study_area,,,-73.534674,45.510343
service_centers,CTR_2a02a6f7,unmatched_outside_study_area,,,-73.592495,45.433816
service_centers,CTR_22d66ee3,unmatched_outside_study_area,,,-73.618571,45.520311
service_centers,CTR_cd3a15df,unmatched_outside_study_area,,,-73.592081,45.5497
service_centers,CTR_dab52d02,unmatched_outside_study_area,,,-73.662601,45.514027
service_centers,CTR_882c05ca,unmatched_outside_study_area,,,-73.615185,45.5152
service_centers,CTR_aa750e4d,unmatched_outside_study_area,,,-73.589809,45.538204
service_centers,CTR_cff7700e,unmatched_outside_study_area,,,-73.69139,45.518832
service_centers,CTR_434258ce,unmatched_outside_study_area,,,-73.687974,45.527529
service_centers,CTR_2c06ef9f,unmatched_outside_study_area,,,-73.871421,45.492639
service_centers,CTR_b1c5e868,unmatched_outside_study_area,,,-73.588257,45.591188
service_centers,CTR_cc1ad9e0,unmatched_outside_study_area,,,-73.569059,45.552709
service_centers,CTR_c66fbc21,unmatched_outside_study_area,,,-73.611705,45.434941
service_centers,CTR_2d50091b,unmatched_outside_study_area,,,-73.774613,45.50177
service_centers,CTR_28fd0d1b,unmatched_outside_study_area,,,-73.636252,45.433518
service_centers,CTR_b6c85852,unmatched_outside_study_area,,,-73.683881,45.492416
service_centers,CTR_5dd8a69b,unmatched_outside_study_area,,,-73.608986,45.515309
service_centers,CTR_00da66d3,unmatched_outside_study_area,,,-73.581704,45.582172
service_centers,CTR_14df7fa6,unmatched_outside_study_area,,,-73.576165,45.54464
service_centers,CTR_71d63cb4,unmatched_outside_study_area,,,-73.729012,45.517487
service_centers,CTR_16894192,unmatched_outside_study_area,,,-73.793841,45.503402
service_centers,CTR_63da10ad,unmatched_outside_study_area,,,-73.54307,45.507726
service_centers,CTR_4581065d,unmatched_outside_study_area,,,-73.584554,45.604114
service_centers,CTR_8fc9e4d1,unmatched_outside_study_area,,,-73.564301,45.512277
service_centers,CTR_4c643609,unmatched_outside_study_area,,,-73.561983,45.518902
service_centers,CTR_159b92f7,unmatched_outside_study_area,,,-73.857313,45.475498
service_centers,CTR_4e66103a,unmatched_outside_study_area,,,-73.883384,45.457517
service_centers,CTR_ddbebbca,unmatched_outside_study_area,,,-73.864842,45.472747
service_centers,CTR_eb4ef2fb,unmatched_outside_study_area,,,-73.610617,45.522197
service_centers,CTR_dccd9272,unmatched_outside_study_area,,,-73.732606,45.509177
service_centers,CTR_0bf58b4f,unmatched_outside_study_area,,,-73.89957,45.516245
service_centers,CTR_e94ba596,unmatched_outside_study_area,,,-73.894677,45.460393
service_centers,CTR_fe0577f7,unmatched_outside_study_area,,,-73.555741,45.610594
service_centers,CTR_fd9ba66f,unmatched_outside_study_area,,,-73.607797,45.588143
service_centers,CTR_ad77bd71,unmatched_outside_study_area,,,-73.888078,45.495167
service_centers,CTR_ea39855b,unmatched_outside_study_area,,,-73.879504,45.500569
service_centers,CTR_3cb51ce4,unmatched_outside_study_area,,,-73.543296,45.602632
service_centers,CTR_c2e481b3,unmatched_outside_study_area,,,-73.884797,45.4566
service_centers,CTR_17cbdad5,unmatched_outside_study_area,,,-73.84201,45.510521
service_centers,CTR_28204c5e,unmatched_outside_study_area,,,-73.83294,45.499809
service_centers,CTR_462cd086,unmatched_outside_study_area,,,-73.577531,45.557249
service_centers,CTR_3f2801f9,unmatched_outside_study_area,,,-73.602319,45.546053
service_centers,CTR_a0ae3b07,unmatched_outside_study_area,,,-73.570254,45.60496
service_centers,CTR_1b8b7dbb,unmatched_outside_study_area,,,-73.920648,45.462029
service_centers,CTR_92bd2bb3,unmatched_outside_study_area,,,-73.60377,45.577957
service_centers,CTR_8c627057,unmatched_outside_study_area,,,-73.571668,45.605477
service_centers,CTR_cbefa05f,unmatched_outside_study_area,,,-73.860997,45.486612
service_centers,CTR_690a641f,unmatched_outside_study_area,,,-73.590804,45.55354
service_centers,CTR_e311142e,unmatched_outside_study_area,,,-73.588241,45.561045
service_centers,CTR_195896c7,unmatched_outside_study_area,,,-73.61778,45.511291
service_centers,CTR_7b0ac0a6,unmatched_outside_study_area,,,-73.552121,45.521189
service_centers,CTR_21f2c479,unmatched_outside_study_area,,,-73.716054,45.511152
service_centers,CTR_fcd52c60,unmatched_outside_study_area,,,-73.63244,45.427987
service_centers,CTR_4b7e6f75,unmatched_outside_study_area,,,-73.557539,45.569092
service_centers,CTR_b063c9d0,unmatched_outside_study_area,,,-73.671637,45.521176
service_centers,CTR_c5fdc601,unmatched_outside_study_area,,,-73.691098,45.497484
service_centers,CTR_fe48693f,unmatched_outside_study_area,,,-73.848777,45.511787
service_centers,CTR_3454f18c,unmatched_outside_study_area,,,-73.561051,45.571255
service_centers,CTR_8e35f1bd,unmatched_outside_study_area,,,-73.564644,45.543398
service_centers,CTR_5fd6351f,unmatched_outside_study_area,,,-73.551998,45.592732
service_centers,CTR_26e1c867,unmatched_outside_study_area,,,-73.570174,45.574614
service_centers,CTR_9a806b51,unmatched_outside_study_area,,,-73.599065,45.595809
service_centers,CTR_3e9ad6ca,unmatched_outside_study_area,,,-73.554151,45.593346
service_centers,CTR_03b40d89,unmatched_outside_study_area,,,-73.569789,45.574822
service_centers,CTR_948de73d,unmatched_outside_study_area,,,-73.593356,45.533296
service_centers,CTR_fa658c52,unmatched_outside_study_area,,,-73.593406,45.428645
service_centers,CTR_20b398d9,unmatched_outside_study_area,,,-73.588956,45.590607
service_centers,CTR_d450aeba,unmatched_outside_study_area,,,-73.587365,45.576739
service_centers,CTR_2e46e0ee,unmatched_outside_study_area,,,-73.581198,45.510135
service_centers,CTR_4e049a59,unmatched_outside_study_area,,,-73.845594,45.500436
service_centers,CTR_0e72e4a8,unmatched_outside_study_area,,,-73.604545,45.517766
service_centers,CTR_93c44e68,unmatched_outside_study_area,,,-73.625193,45.432569
service_centers,CTR_00267e97,unmatched_outside_study_area,,,-73.728993,45.508102
service_centers,CTR_22a17232,unmatched_outside_study_area,,,-73.584175,45.564637
service_centers,CTR_2526d26c,unmatched_outside_study_area,,,-73.678797,45.528652
service_centers,CTR_549e3c96,unmatched_outside_study_area,,,-73.930029,45.473506
service_centers,CTR_64e529e8,unmatched_outside_study_area,,,-73.680729,45.501294
service_centers,CTR_c6888de8,unmatched_outside_study_area,,,-73.570274,45.560181
service_centers,CTR_11713c97,unmatched_outside_study_area,,,-73.888497,45.46821
service_centers,CTR_e3947dc5,unmatched_outside_study_area,,,-73.648138,45.423152
service_centers,CTR_f0159a62,unmatched_outside_study_area,,,-73.916926,45.483388
service_centers,CTR_38eba03f,unmatched_outside_study_area,,,-73.570933,45.569048
service_centers,CTR_0a828de6,unmatched_outside_study_area,,,-73.609783,45.583734
service_centers,CTR_eafe939d,unmatched_outside_study_area,,,-73.603197,45.427866
service_centers,CTR_f423e7d0,unmatched_outside_study_area,,,-73.632581,45.428097
service_centers,CTR_207e5ac5,unmatched_outside_study_area,,,-73.556783,45.526429
service_centers,CTR_a1b03476,unmatched_outside_study_area,,,-73.559126,45.54564
service_centers,CTR_9f137dd5,unmatched_outside_study_area,,,-73.57244,45.586777
service_centers,CTR_ccbd4c2d,unmatched_outside_study_area,,,-73.559721,45.521031
service_centers,CTR_243ee182,unmatched_outside_study_area,,,-73.592391,45.540167
service_centers,CTR_13e8de0f,unmatched_outside_study_area,,,-73.689336,45.497722
service_centers,CTR_24a44c7a,unmatched_outside_study_area,,,-73.841117,45.510285
service_centers,CTR_4513086f,unmatched_outside_study_area,,,-73.802623,45.505627
service_centers,CTR_2045a55d,unmatched_outside_study_area,,,-73.565679,45.512799
service_centers,CTR_8141ce7b,unmatched_outside_study_area,,,-73.703355,45.50149
service_centers,CTR_6d6c166e,unmatched_outside_study_area,,,-73.545675,45.611659
service_centers,CTR_9b2aeaf2,unmatched_outside_study_area,,,-73.594588,45.586697
service_centers,CTR_f2289bc8,unmatched_outside_study_area,,,-73.586687,45.560842
service_centers,CTR_5db63092,unmatched_outside_study_area,,,-73.865177,45.472646
service_centers,CTR_ea81353b,unmatched_outside_study_area,,,-73.590239,45.554285
service_centers,CTR_8195c670,unmatched_outside_study_area,,,-73.592986,45.573122
service_centers,CTR_b5299908,unmatched_outside_study_area,,,-73.835829,45.513521
service_centers,CTR_4cb91ce3,unmatched_outside_study_area,,,-73.875597,45.464722
service_centers,CTR_c8935945,unmatched_outside_study_area,,,-73.62872,45.421373
service_centers,CTR_6ed077e3,unmatched_outside_study_area,,,-73.681599,45.508589
service_centers,CTR_f462c8f0,unmatched_outside_study_area,,,-73.65657,45.430203
service_centers,CTR_4c451847,unmatched_outside_study_area,,,-73.823986,45.508623
service_centers,CTR_beec9400,unmatched_outside_study_area,,,-73.608,45.515812
service_centers,CTR_c01a354f,unmatched_outside_study_area,,,-73.63353,45.419234
service_centers,CTR_ddf86968,unmatched_outside_study_area,,,-73.55096,45.5128
service_centers,CTR_bc8cd5e2,unmatched_outside_study_area,,,-73.929757,45.473492
service_centers,CTR_3ad64fab,unmatched_outside_study_area,,,-73.818107,45.507267
service_centers,CTR_b6089def,unmatched_outside_study_area,,,-73.623157,45.417118
service_centers,CTR_43803b48,unmatched_outside_study_area,,,-73.864165,45.518999
service_centers,CTR_f45cea59,unmatched_outside_study_area,,,-73.899205,45.516251
service_centers,CTR_cbff931a,unmatched_outside_study_area,,,-73.549247,45.60861
service_centers,CTR_a5dcab9c,unmatched_outside_study_area,,,-73.724528,45.501844
service_centers,CTR_ed79b612,unmatched_outside_study_area,,,-73.808602,45.498358
service_centers,CTR_e477b1ae,unmatched_outside_study_area,,,-73.549874,45.608379
service_centers,CTR_f70797e4,unmatched_outside_study_area,,,-73.615935,45.521669
service_centers,CTR_01891ac8,unmatched_outside_study_area,,,-73.85783,45.513594
service_centers,CTR_59aae252,unmatched_outside_study_area,,,-73.727909,45.516047
service_centers,CTR_3ed6cf40,unmatched_outside_study_area,,,-73.84525,45.501947
service_centers,CTR_e01d979a,unmatched_outside_study_area,,,-73.717906,45.513191
service_centers,CTR_2f07ef2c,unmatched_outside_study_area,,,-73.554954,45.593326
service_centers,CTR_28c0b92e,unmatched_outside_study_area,,,-73.634179,45.437702
service_centers,CTR_e7364635,unmatched_outside_study_area,,,-73.604388,45.518026
service_centers,CTR_99896fac,unmatched_outside_study_area,,,-73.899651,45.4696
service_centers,CTR_0bb1bcbc,unmatched_outside_study_area,,,-73.774282,45.501921
service_centers,CTR_15c22955,unmatched_outside_study_area,,,-73.906291,45.506655
service_centers,CTR_e05981b3,unmatched_outside_study_area,,,-73.609788,45.516144
service_centers,CTR_08473709,unmatched_outside_study_area,,,-73.704979,45.506721
service_centers,CTR_aea032b5,unmatched_outside_study_area,,,-73.676981,45.513627
service_centers,CTR_a1bfe353,unmatched_outside_study_area,,,-73.611481,45.419934
service_centers,CTR_b38ca58c,unmatched_outside_study_area,,,-73.680875,45.507862
service_centers,CTR_c3ad0b5c,unmatched_outside_study_area,,,-73.632836,45.422191
service_centers,CTR_72b7cb3f,unmatched_outside_study_area,,,-73.862687,45.515923
service_centers,CTR_ea0a051d,unmatched_outside_study_area,,,-73.622297,45.43384
service_centers,CTR_b1b47e28,unmatched_outside_study_area,,,-73.793219,45.503678
service_centers,CTR_de6cec65,unmatched_outside_study_area,,,-73.590171,45.591749
service_centers,CTR_fe1780c7,unmatched_outside_study_area,,,-73.610476,45.531679
service_centers,CTR_339ea412,unmatched_outside_study_area,,,-73.552612,45.521401
service_centers,CTR_fd3c61ac,unmatched_outside_study_area,,,-73.57196,45.5861
service_centers,CTR_f8de6973,unmatched_outside_study_area,,,-73.693641,45.509062
service_centers,CTR_464b121d,unmatched_outside_study_area,,,-73.853312,45.481598
service_centers,CTR_5bb0f38e,unmatched_outside_study_area,,,-73.595287,45.434585
service_centers,CTR_6d079b57,unmatched_outside_study_area,,,-73.706135,45.508537
service_centers,CTR_72dbfc01,unmatched_outside_study_area,,,-73.812944,45.503075
service_centers,CTR_30a6bb94,unmatched_outside_study_area,,,-73.610449,45.584234
service_centers,CTR_0518db58,unmatched_outside_study_area,,,-73.580998,45.489589
service_centers,CTR_d9c5ae24,unmatched_outside_study_area,,,-73.813576,45.515031
service_centers,CTR_cf4e5744,unmatched_outside_study_area,,,-73.555746,45.535096
service_centers,CTR_e8e8ba24,unmatched_outside_study_area,,,-73.703842,45.501322
service_centers,CTR_ffddc501,unmatched_outside_study_area,,,-73.869327,45.497876
service_centers,CTR_86271b8c,unmatched_outside_study_area,,,-73.90597,45.458954
service_centers,CTR_8d55ef6d,unmatched_outside_study_area,,,-73.552311,45.603056
service_centers,CTR_e0804507,unmatched_outside_study_area,,,-73.597868,45.59623
service_centers,CTR_6cedd58e,unmatched_outside_study_area,,,-73.768626,45.499997
service_centers,CTR_ce738986,unmatched_outside_study_area,,,-73.634593,45.437548
service_centers,CTR_e269f10c,unmatched_outside_study_area,,,-73.826727,45.507559
service_centers,CTR_acf6326f,unmatched_outside_study_area,,,-73.806947,45.512723
service_centers,CTR_9ca7d8d8,unmatched_outside_study_area,,,-73.872056,45.499798
service_centers,CTR_90cb553a,unmatched_outside_study_area,,,-73.855142,45.475777
service_centers,CTR_4a74b145,unmatched_outside_study_area,,,-73.591823,45.553178
service_centers,CTR_f9197253,unmatched_outside_study_area,,,-73.873389,45.493198
service_centers,CTR_93e0bf94,unmatched_outside_study_area,,,-73.67552,45.529144
service_centers,CTR_fe39e954,unmatched_outside_study_area,,,-73.853,45.499538
service_centers,CTR_43b1a2c2,unmatched_outside_study_area,,,-73.888505,45.495185
service_centers,CTR_e78d216c,unmatched_outside_study_area,,,-73.591859,45.553444
service_centers,CTR_678d90a0,unmatched_outside_study_area,,,-73.604362,45.578022
service_centers,CTR_8f12a4df,unmatched_outside_study_area,,,-73.900685,45.517342
service_centers,CTR_975b8408,unmatched_outside_study_area,,,-73.691605,45.518493
service_centers,CTR_2bbd4862,unmatched_outside_study_area,,,-73.890171,45.449491
service_centers,CTR_5630dfdd,unmatched_outside_study_area,,,-73.606354,45.589677
service_centers,CTR_77e42e71,unmatched_outside_study_area,,,-73.875195,45.460802
service_centers,CTR_a8af2328,unmatched_outside_study_area,,,-73.59042,45.538928
service_centers,CTR_35d32da7,unmatched_outside_study_area,,,-73.52304,45.500384
service_centers,CTR_b10ccc81,unmatched_outside_study_area,,,-73.642603,45.419746
service_centers,CTR_174a7390,unmatched_outside_study_area,,,-73.685957,45.500634
service_centers,CTR_506701f8,unmatched_outside_study_area,,,-73.871398,45.481081
service_centers,CTR_8bd52958,unmatched_outside_study_area,,,-73.591861,45.433807
service_centers,CTR_a5d7734a,unmatched_outside_study_area,,,-73.852872,45.499405
service_centers,CTR_234d86e8,unmatched_outside_study_area,,,-73.612264,45.531513
service_centers,CTR_4e57465a,unmatched_outside_study_area,,,-73.689188,45.50272
service_centers,CTR_911db5be,unmatched_outside_study_area,,,-73.69065,45.517296
service_centers,CTR_8664956a,unmatched_outside_study_area,,,-73.69815,45.50558
service_centers,CTR_bd3a4e0d,unmatched_outside_study_area,,,-73.918636,45.462628
service_centers,CTR_71ed441c,unmatched_outside_study_area,,,-73.687593,45.527054
service_centers,CTR_6a5a3b33,unmatched_outside_study_area,,,-73.555332,45.610468
service_centers,CTR_01cc25cf,unmatched_outside_study_area,,,-73.903915,45.515612
service_centers,CTR_27f63f8d,unmatched_outside_study_area,,,-73.564642,45.512611
service_centers,CTR_03fdd186,unmatched_outside_study_area,,,-73.878767,45.468659
service_centers,CTR_0bfd94b1,unmatched_outside_study_area,,,-73.690363,45.496656
service_centers,CTR_b816c26c,unmatched_outside_study_area,,,-73.866966,45.481166
service_centers,CTR_258a3120,unmatched_outside_study_area,,,-73.855715,45.475594
service_centers,CTR_c5b18a06,unmatched_outside_study_area,,,-73.636759,45.433289
service_centers,CTR_ce733416,unmatched_outside_study_area,,,-73.61447,45.592388
service_centers,CTR_c88f5a61,unmatched_outside_study_area,,,-73.781555,45.505699
service_centers,CTR_cfba0f2b,unmatched_outside_study_area,,,-73.622141,45.432277
service_centers,CTR_fad6e6f6,unmatched_outside_study_area,,,-73.579517,45.559437
service_centers,CTR_8cd2a624,unmatched_outside_study_area,,,-73.73188,45.506303
service_centers,CTR_f21ee0fc,unmatched_outside_study_area,,,-73.543513,45.50508
service_centers,CTR_a32ffcf3,unmatched_outside_study_area,,,-73.879225,45.511068
service_centers,CTR_4e1b2c11,unmatched_outside_study_area,,,-73.607054,45.520247
service_centers,CTR_bc23b30b,unmatched_outside_study_area,,,-73.851919,45.480834
service_centers,CTR_1a9c20c8,unmatched_outside_study_area,,,-73.711549,45.514546
service_centers,CTR_5730eba7,unmatched_outside_study_area,,,-73.559334,45.6071
service_centers,CTR_e297015a,unmatched_outside_study_area,,,-73.590942,45.553792
service_centers,CTR_80ea00f7,unmatched_outside_study_area,,,-73.884825,45.457623
service_centers,CTR_f9b970d5,unmatched_outside_study_area,,,-73.59145,45.571874
service_centers,CTR_47029268,unmatched_outside_study_area,,,-73.8376,45.496736
service_centers,CTR_2ab3a706,unmatched_outside_study_area,,,-73.680959,45.508429
service_centers,CTR_62ff1e18,unmatched_outside_study_area,,,-73.846126,45.500571
service_centers,CTR_19173f2e,unmatched_outside_study_area,,,-73.549997,45.514696
service_centers,CTR_a1cc7ab3,unmatched_outside_study_area,,,-73.677806,45.513964
service_centers,CTR_94a14105,unmatched_outside_study_area,,,-73.580844,45.560608
service_centers,CTR_563cd846,unmatched_outside_study_area,,,-73.813606,45.515334
service_centers,CTR_3e8f6c38,unmatched_outside_study_area,,,-73.550094,45.514499
service_centers,CTR_309e51c6,unmatched_outside_study_area,,,-73.843679,45.510114
service_centers,CTR_ead822ee,unmatched_outside_study_area,,,-73.865081,45.49721
service_centers,CTR_b32695a5,unmatched_outside_study_area,,,-73.775614,45.505096
service_centers,CTR_e1e6470b,unmatched_outside_study_area,,,-73.607048,45.588726
service_centers,CTR_17378456,unmatched_outside_study_area,,,-73.580726,45.510085
service_centers,CTR_d5250222,unmatched_outside_study_area,,,-73.609678,45.523837
service_centers,CTR_966c2e05,unmatched_outside_study_area,,,-73.639947,45.432007
service_centers,CTR_cf9980e4,unmatched_outside_study_area,,,-73.852957,45.481216
service_centers,CTR_30adc086,unmatched_outside_study_area,,,-73.635707,45.433915
service_centers,CTR_d00afe64,unmatched_outside_study_area,,,-73.599386,45.584018
service_centers,CTR_7ea86138,unmatched_outside_study_area,,,-73.577454,45.557613
service_centers,CTR_b1e11bcb,unmatched_outside_study_area,,,-73.574987,45.54372
service_centers,CTR_00318d27,unmatched_outside_study_area,,,-73.838055,45.49721
service_centers,CTR_d4fefa9f,unmatched_outside_study_area,,,-73.597433,45.596711
service_centers,CTR_4f2ffe9f,unmatched_outside_study_area,,,-73.662492,45.514738
service_centers,CTR_085cb8b4,unmatched_outside_study_area,,,-73.543213,45.603142
service_centers,CTR_9de19f53,unmatched_outside_study_area,,,-73.818202,45.507493
service_centers,CTR_8e747f82,unmatched_outside_study_area,,,-73.690734,45.496838
service_centers,CTR_917d2179,unmatched_outside_study_area,,,-73.59114,45.592253
service_centers,CTR_a5ce5bb4,unmatched_outside_study_area,,,-73.727265,45.515529
service_centers,CTR_dd8328cf,unmatched_outside_study_area,,,-73.581269,45.558473
service_centers,CTR_8816eacd,unmatched_outside_study_area,,,-73.573487,45.58636
service_centers,CTR_a87743cf,unmatched_outside_study_area,,,-73.712886,45.513594
service_centers,CTR_ac57c506,unmatched_outside_study_area,,,-73.707119,45.508278
service_centers,CTR_c626659d,unmatched_outside_study_area,,,-73.724153,45.50842
service_centers,CTR_1a615315,unmatched_outside_study_area,,,-73.720273,45.522955
service_centers,CTR_44ac0af4,unmatched_outside_study_area,,,-73.591274,45.539148
service_centers,CTR_4502ff4b,unmatched_outside_study_area,,,-73.598428,45.586488
service_centers,CTR_cd871f28,unmatched_outside_study_area,,,-73.648527,45.422487
service_centers,CTR_7b22b507,unmatched_outside_study_area,,,-73.846709,45.491569
service_centers,CTR_8ddcff79,unmatched_outside_study_area,,,-73.69114,45.521799
service_centers,CTR_4e804c20,unmatched_outside_study_area,,,-73.571522,45.569203
service_centers,CTR_846927d6,unmatched_outside_study_area,,,-73.600876,45.421798
service_centers,CTR_1a892ef9,unmatched_outside_study_area,,,-73.605729,45.589592
service_centers,CTR_13799f44,unmatched_outside_study_area,,,-73.564917,45.518714
service_centers,CTR_a7254222,unmatched_outside_study_area,,,-73.584527,45.499138
service_centers,CTR_dd2da213,unmatched_outside_study_area,,,-73.554347,45.523891
service_centers,CTR_2bd5fa80,unmatched_outside_study_area,,,-73.707749,45.50805
service_centers,CTR_624ecb4c,unmatched_outside_study_area,,,-73.652576,45.433547
service_centers,CTR_b4d11e97,unmatched_outside_study_area,,,-73.550948,45.616174
service_centers,CTR_c99f6b8e,unmatched_outside_study_area,,,-73.774546,45.505348
service_centers,CTR_c94fa9a5,unmatched_outside_study_area,,,-73.936966,45.45382
service_centers,CTR_6f52b431,unmatched_outside_study_area,,,-73.842689,45.510308
service_centers,CTR_a0a99c39,unmatched_outside_study_area,,,-73.575894,45.544163
service_centers,CTR_2ea1fef8,unmatched_outside_study_area,,,-73.619367,45.520598
service_centers,CTR_d10e5cda,unmatched_outside_study_area,,,-73.62901,45.438458
service_centers,CTR_0162722e,unmatched_outside_study_area,,,-73.558533,45.602288
service_centers,CTR_981cf27b,unmatched_outside_study_area,,,-73.868474,45.465355
service_centers,CTR_b64301a2,unmatched_outside_study_area,,,-73.610185,45.515711
service_centers,CTR_b2b3b998,unmatched_outside_study_area,,,-73.622222,45.433283
service_centers,CTR_7330fe0c,unmatched_outside_study_area,,,-73.56871,45.560034
service_centers,CTR_5ebdc5c9,unmatched_outside_study_area,,,-73.568018,45.552614
service_centers,CTR_2da1ef66,unmatched_outside_study_area,,,-73.662286,45.514685
service_centers,CTR_993e59a9,unmatched_outside_study_area,,,-73.614948,45.430126
service_centers,CTR_85fe5952,unmatched_outside_study_area,,,-73.657148,45.426085
service_centers,CTR_a11360b3,unmatched_outside_study_area,,,-73.843881,45.509315
service_centers,CTR_3a81914c,unmatched_outside_study_area,,,-73.555932,45.610373
service_centers,CTR_21bb180c,unmatched_outside_study_area,,,-73.940488,45.462412
service_centers,CTR_0e59716f,unmatched_outside_study_area,,,-73.60482,45.520027
service_centers,CTR_a7405c78,unmatched_outside_study_area,,,-73.890189,45.464679
service_centers,CTR_e752dca0,unmatched_outside_study_area,,,-73.883077,45.457089
service_centers,CTR_5e1bc087,unmatched_outside_study_area,,,-73.573244,45.543528
service_centers,CTR_e9ed4d55,unmatched_outside_study_area,,,-73.572979,45.569521
service_centers,CTR_8cd209c6,unmatched_outside_study_area,,,-73.842164,45.50995
service_centers,CTR_cb78f150,unmatched_outside_study_area,,,-73.728336,45.516748
service_centers,CTR_7605af76,unmatched_outside_study_area,,,-73.636059,45.434147
service_centers,CTR_59d803a8,unmatched_outside_study_area,,,-73.558781,45.551291
service_centers,CTR_71b50b84,unmatched_outside_study_area,,,-73.57642,45.544504
service_centers,CTR_aa4be7cc,unmatched_outside_study_area,,,-73.828417,45.507558
service_centers,CTR_3cd2e161,unmatched_outside_study_area,,,-73.884032,45.465122
service_centers,CTR_a5359b61,unmatched_outside_study_area,,,-73.940222,45.462175
service_centers,CTR_c7ebdef7,unmatched_outside_study_area,,,-73.609374,45.510347
service_centers,CTR_6a410b56,unmatched_outside_study_area,,,-73.67538,45.529252
service_centers,CTR_21de79b3,unmatched_outside_study_area,,,-73.572511,45.587134
service_centers,CTR_5f07a670,unmatched_outside_study_area,,,-73.596177,45.434907
service_centers,CTR_d714908a,unmatched_outside_study_area,,,-73.60963,45.516306
service_centers,CTR_23513c91,unmatched_outside_study_area,,,-73.592486,45.429411
service_centers,CTR_18cb447b,unmatched_outside_study_area,,,-73.676353,45.529149
service_centers,CTR_9e0dacbe,unmatched_outside_study_area,,,-73.846064,45.490732
service_centers,CTR_8c129b01,unmatched_outside_study_area,,,-73.703005,45.501535
service_centers,CTR_b073e1c0,unmatched_outside_study_area,,,-73.838649,45.51101
service_centers,CTR_bfa49405,unmatched_outside_study_area,,,-73.561253,45.520229
service_centers,CTR_1d588b6e,unmatched_outside_study_area,,,-73.676852,45.519775
service_centers,CTR_d1d894b2,unmatched_outside_study_area,,,-73.558959,45.606934
service_centers,CTR_24f66509,unmatched_outside_study_area,,,-73.610513,45.538143
service_centers,CTR_5e4cefdc,unmatched_outside_study_area,,,-73.58435,45.604506
service_centers,CTR_551e4092,unmatched_outside_study_area,,,-73.606484,45.589239
service_centers,CTR_07b51c39,unmatched_outside_study_area,,,-73.609926,45.592807
service_centers,CTR_21547f73,unmatched_outside_study_area,,,-73.685441,45.519109
service_centers,CTR_674890a5,unmatched_outside_study_area,,,-73.727521,45.515755
service_centers,CTR_9fcde746,unmatched_outside_study_area,,,-73.557199,45.602478
service_centers,CTR_77dff236,unmatched_outside_study_area,,,-73.812218,45.509206
service_centers,CTR_3b37dfde,unmatched_outside_study_area,,,-73.866338,45.481326
service_centers,CTR_34835576,unmatched_outside_study_area,,,-73.800116,45.510517
service_centers,CTR_5f7d5e92,unmatched_outside_study_area,,,-73.560073,45.530111
service_centers,CTR_afb25f51,unmatched_outside_study_area,,,-73.884069,45.486767
service_centers,CTR_74515d09,unmatched_outside_study_area,,,-73.725754,45.516319
service_centers,CTR_b8559883,unmatched_outside_study_area,,,-73.652914,45.434101
service_centers,CTR_467afc72,unmatched_outside_study_area,,,-73.690651,45.521715
service_centers,CTR_d8b48a08,unmatched_outside_study_area,,,-73.592763,45.539709
service_centers,CTR_8077ade7,unmatched_outside_study_area,,,-73.802981,45.506531
service_centers,CTR_0b3a4176,unmatched_outside_study_area,,,-73.571144,45.568952
service_centers,CTR_8714fe3e,unmatched_outside_study_area,,,-73.672402,45.520715
service_centers,CTR_1597cc11,unmatched_outside_study_area,,,-73.523774,45.498139
service_centers,CTR_996b28a5,unmatched_outside_study_area,,,-73.597513,45.496761
service_centers,CTR_3f8bed8c,unmatched_outside_study_area,,,-73.88421,45.492396
service_centers,CTR_51a4e8bd,unmatched_outside_study_area,,,-73.689684,45.503127
service_centers,CTR_d2e931f3,unmatched_outside_study_area,,,-73.636484,45.420318
service_centers,CTR_88a377f8,unmatched_outside_study_area,,,-73.679012,45.528274
service_centers,CTR_d4203398,unmatched_outside_study_area,,,-73.882182,45.458516
service_centers,CTR_0a46ac6d,unmatched_outside_study_area,,,-73.874359,45.461616
service_centers,CTR_5d59fc89,unmatched_outside_study_area,,,-73.592406,45.533325
service_centers,CTR_4998c079,unmatched_outside_study_area,,,-73.612923,45.419411
service_centers,CTR_ef3577e2,unmatched_outside_study_area,,,-73.763159,45.506792
service_centers,CTR_c1283193,unmatched_outside_study_area,,,-73.716279,45.506762
service_centers,CTR_9d1fa05d,unmatched_outside_study_area,,,-73.582879,45.581722
service_centers,CTR_598a9921,unmatched_outside_study_area,,,-73.720621,45.506836
service_centers,CTR_001379f2,unmatched_outside_study_area,,,-73.807709,45.497901
service_centers,CTR_7d3379dc,unmatched_outside_study_area,,,-73.574158,45.54405
service_centers,CTR_44d3231b,unmatched_outside_study_area,,,-73.656608,45.424074
service_centers,CTR_a9f40c99,unmatched_outside_study_area,,,-73.584006,45.580886
service_centers,CTR_9936271f,unmatched_outside_study_area,,,-73.698614,45.509405
service_centers,CTR_ed6a744b,unmatched_outside_study_area,,,-73.920457,45.462107
service_centers,CTR_e2c569ae,unmatched_outside_study_area,,,-73.8458,45.490424
service_centers,CTR_60ff83f6,unmatched_outside_study_area,,,-73.533963,45.516178
service_centers,CTR_f2d3c288,unmatched_outside_study_area,,,-73.685371,45.513294
service_centers,CTR_1e82e45b,unmatched_outside_study_area,,,-73.546466,45.530638
service_centers,CTR_71fbecbd,unmatched_outside_study_area,,,-73.569258,45.560335
service_centers,CTR_4ba199be,unmatched_outside_study_area,,,-73.767211,45.504054
service_centers,CTR_c7f49ec6,unmatched_outside_study_area,,,-73.533509,45.51299
service_centers,CTR_307e52cd,unmatched_outside_study_area,,,-73.557127,45.526586
service_centers,CTR_6783c6be,unmatched_outside_study_area,,,-73.600158,45.528884
service_centers,CTR_951cf90b,unmatched_outside_study_area,,,-73.560239,45.607098
service_centers,CTR_6e080e68,unmatched_outside_study_area,,,-73.675985,45.528919
service_centers,CTR_948da735,unmatched_outside_study_area,,,-73.616817,45.531227
service_centers,CTR_dae89f42,unmatched_outside_study_area,,,-73.593022,45.573904
service_centers,CTR_24240b43,unmatched_outside_study_area,,,-73.65635,45.429462
service_centers,CTR_1ea7b50c,unmatched_outside_study_area,,,-73.595924,45.539524
service_centers,CTR_a7f4c05d,unmatched_outside_study_area,,,-73.600885,45.51337
service_centers,CTR_346ecbe3,unmatched_outside_study_area,,,-73.717113,45.510393
service_centers,CTR_5ed80b17,unmatched_outside_study_area,,,-73.559155,45.607118
service_centers,CTR_f33b625a,unmatched_outside_study_area,,,-73.595505,45.434861
service_centers,CTR_72d0cfda,unmatched_outside_study_area,,,-73.878648,45.468494
service_centers,CTR_1f6d1a48,unmatched_outside_study_area,,,-73.584956,45.499528
service_centers,CTR_e8a55be7,unmatched_outside_study_area,,,-73.59513,45.540289
service_centers,CTR_342b61f4,unmatched_outside_study_area,,,-73.852563,45.504478
service_centers,CTR_7ae89a1f,unmatched_outside_study_area,,,-73.637497,45.419273
service_centers,CTR_c7856e3f,unmatched_outside_study_area,,,-73.590308,45.538253
service_centers,CTR_022eb053,unmatched_outside_study_area,,,-73.557766,45.528697
service_centers,CTR_abf3b5e1,unmatched_outside_study_area,,,-73.591224,45.553588
service_centers,CTR_16ee01e5,unmatched_outside_study_area,,,-73.885227,45.487755
service_centers,CTR_738a729d,unmatched_outside_study_area,,,-73.720863,45.522413
service_centers,CTR_da855fa6,unmatched_outside_study_area,,,-73.639666,45.432166
service_centers,CTR_fdf20f3a,unmatched_outside_study_area,,,-73.615113,45.429998
service_centers,CTR_b7bc3682,unmatched_outside_study_area,,,-73.589522,45.5912
service_centers,CTR_51a51ce1,unmatched_outside_study_area,,,-73.881388,45.457903
service_centers,CTR_ae1cf4ae,unmatched_outside_study_area,,,-73.869157,45.498395
service_centers,CTR_86fc0302,unmatched_outside_study_area,,,-73.558654,45.546453
service_centers,CTR_58327b3c,unmatched_outside_study_area,,,-73.54956,45.61774
service_centers,CTR_5d8f4737,unmatched_outside_study_area,,,-73.673436,45.505149
service_centers,CTR_e951e1b5,unmatched_outside_study_area,,,-73.693914,45.50895
service_centers,CTR_4ee8c12f,unmatched_outside_study_area,,,-73.648054,45.422386
service_centers,CTR_f64f99f3,unmatched_outside_study_area,,,-73.586377,45.561289
service_centers,CTR_29d5dbb5,unmatched_outside_study_area,,,-73.86945,45.466819
service_centers,CTR_144d8515,unmatched_outside_study_area,,,-73.610791,45.531902
service_centers,CTR_abfa5767,unmatched_outside_study_area,,,-73.729449,45.507648
service_centers,CTR_eaee0b81,unmatched_outside_study_area,,,-73.550246,45.617306
service_centers,CTR_ef6706eb,unmatched_outside_study_area,,,-73.570013,45.560561
service_centers,CTR_87cb9330,unmatched_outside_study_area,,,-73.714245,45.512669
service_centers,CTR_696b30db,unmatched_outside_study_area,,,-73.726319,45.516021
service_centers,CTR_df9b22b2,unmatched_outside_study_area,,,-73.690899,45.518454
service_centers,CTR_aa25f836,unmatched_outside_study_area,,,-73.803043,45.506001
service_centers,CTR_009d836a,unmatched_outside_study_area,,,-73.59437,45.573098
service_centers,CTR_a72aa60d,unmatched_outside_study_area,,,-73.844943,45.502441
service_centers,CTR_228c187b,unmatched_outside_study_area,,,-73.695579,45.520176
service_centers,CTR_ac696905,unmatched_outside_study_area,,,-73.713858,45.512963
service_centers,CTR_166e813e,unmatched_outside_study_area,,,-73.575563,45.544518
service_centers,CTR_8f1819de,unmatched_outside_study_area,,,-73.682034,45.508166
service_centers,CTR_b72a78a9,unmatched_outside_study_area,,,-73.623736,45.516821
service_centers,CTR_c2cdfe9e,unmatched_outside_study_area,,,-73.587204,45.57794
service_centers,CTR_7cb3c71b,unmatched_outside_study_area,,,-73.576391,45.544732
service_centers,CTR_6acabcba,unmatched_outside_study_area,,,-73.597628,45.59648
service_centers,CTR_549ac553,unmatched_outside_study_area,,,-73.845571,45.492587
service_centers,CTR_c41ba012,unmatched_outside_study_area,,,-73.592566,45.510494
service_centers,CTR_2103b605,unmatched_outside_study_area,,,-73.592856,45.538807
service_centers,CTR_8937d0f5,unmatched_outside_study_area,,,-73.606871,45.538888
service_centers,CTR_cb22d654,unmatched_outside_study_area,,,-73.567702,45.55192
service_centers,CTR_2262c773,unmatched_outside_study_area,,,-73.598593,45.498182
service_centers,CTR_e4831956,unmatched_outside_study_area,,,-73.762238,45.50998
service_centers,CTR_445c962c,unmatched_outside_study_area,,,-73.708274,45.508377
service_centers,CTR_126bbd88,unmatched_outside_study_area,,,-73.707672,45.505934
service_centers,CTR_d825d0d1,unmatched_outside_study_area,,,-73.832766,45.499866
service_centers,CTR_6f823ee5,unmatched_outside_study_area,,,-73.871547,45.478541
service_centers,CTR_82a42a28,unmatched_outside_study_area,,,-73.866916,45.481023
service_centers,CTR_0b1d036a,unmatched_outside_study_area,,,-73.780512,45.501829
service_centers,CTR_671e8af2,unmatched_outside_study_area,,,-73.525217,45.503097
service_centers,CTR_1a58fd34,unmatched_outside_study_area,,,-73.594334,45.585752
service_centers,CTR_e9dcd1eb,unmatched_outside_study_area,,,-73.570666,45.588472
service_centers,CTR_0548704a,unmatched_outside_study_area,,,-73.775441,45.504982
service_centers,CTR_4fbc4079,unmatched_outside_study_area,,,-73.556334,45.533354
service_centers,CTR_3fd72164,unmatched_outside_study_area,,,-73.693576,45.509217
service_centers,CTR_19acf811,unmatched_outside_study_area,,,-73.552971,45.53436
service_centers,CTR_f1fbce98,unmatched_outside_study_area,,,-73.70272,45.502034
service_centers,CTR_242eb99b,unmatched_outside_study_area,,,-73.549343,45.528434
service_centers,CTR_7945e7c1,unmatched_outside_study_area,,,-73.608946,45.533041
service_centers,CTR_231387ea,unmatched_outside_study_area,,,-73.555387,45.614953
service_centers,CTR_b660d992,unmatched_outside_study_area,,,-73.598492,45.597181
service_centers,CTR_5cf10c99,unmatched_outside_study_area,,,-73.894586,45.459422
service_centers,CTR_1541f090,unmatched_outside_study_area,,,-73.782928,45.504568
service_centers,CTR_d94f6a34,unmatched_outside_study_area,,,-73.571464,45.567899
service_centers,CTR_fa34c8e5,unmatched_outside_study_area,,,-73.639403,45.418798
service_centers,CTR_3161a99d,unmatched_outside_study_area,,,-73.608115,45.515648
service_centers,CTR_7dbd15d2,unmatched_outside_study_area,,,-73.595246,45.426868
service_centers,CTR_835ab49e,unmatched_outside_study_area,,,-73.794105,45.502869
service_centers,CTR_581460ed,unmatched_outside_study_area,,,-73.559031,45.595761
service_centers,CTR_5bd72a84,unmatched_outside_study_area,,,-73.542928,45.603066
service_centers,CTR_b41b2a19,unmatched_outside_study_area,,,-73.703587,45.509044
service_centers,CTR_0d4c6286,unmatched_outside_study_area,,,-73.591042,45.426449
service_centers,CTR_28804e32,unmatched_outside_study_area,,,-73.581425,45.544985
service_centers,CTR_8f9a25f9,unmatched_outside_study_area,,,-73.610854,45.421073
service_centers,CTR_1a57501e,unmatched_outside_study_area,,,-73.568264,45.551616
service_centers,CTR_92cdff3c,unmatched_outside_study_area,,,-73.690315,45.520932
service_centers,CTR_0e173f28,unmatched_outside_study_area,,,-73.587178,45.560286
service_centers,CTR_1b12b6cf,unmatched_outside_study_area,,,-73.600768,45.513311
service_centers,CTR_a6ffddb9,unmatched_outside_study_area,,,-73.547974,45.592892
service_centers,CTR_eadcf999,unmatched_outside_study_area,,,-73.891969,45.472641
service_centers,CTR_8390a96b,unmatched_outside_study_area,,,-73.86969,45.46739
service_centers,CTR_859c00f1,unmatched_outside_study_area,,,-73.61951,45.421157
service_centers,CTR_c10c307a,unmatched_outside_study_area,,,-73.865657,45.469082
service_centers,CTR_107f8083,unmatched_outside_study_area,,,-73.660333,45.431152
service_centers,CTR_946a9f17,unmatched_outside_study_area,,,-73.593307,45.428732
service_centers,CTR_a965fdeb,unmatched_outside_study_area,,,-73.688156,45.52762
service_centers,CTR_09299640,unmatched_outside_study_area,,,-73.853523,45.499381
service_centers,CTR_84a064ca,unmatched_outside_study_area,,,-73.921223,45.461091
service_centers,CTR_f9195b96,unmatched_outside_study_area,,,-73.637264,45.418933
service_centers,CTR_6ed24acb,unmatched_outside_study_area,,,-73.616672,45.531411
service_centers,CTR_5fc6adb4,unmatched_outside_study_area,,,-73.589504,45.553311
service_centers,CTR_a42e1ab9,unmatched_outside_study_area,,,-73.609679,45.58503
service_centers,CTR_eedd985c,unmatched_outside_study_area,,,-73.893936,45.503796
service_centers,CTR_cd4199f6,unmatched_outside_study_area,,,-73.824389,45.508469
service_centers,CTR_c6499ec0,unmatched_outside_study_area,,,-73.664236,45.429117
service_centers,CTR_89c695fc,unmatched_outside_study_area,,,-73.888104,45.468355
service_centers,CTR_b5d06f4c,unmatched_outside_study_area,,,-73.62106,45.433121
service_centers,CTR_313a2b5c,unmatched_outside_study_area,,,-73.63544,45.434653
service_centers,CTR_7e96dde2,unmatched_outside_study_area,,,-73.632625,45.422175
service_centers,CTR_735e719b,unmatched_outside_study_area,,,-73.681387,45.508765
service_centers,CTR_a94e8866,unmatched_outside_study_area,,,-73.549905,45.616132
service_centers,CTR_df5e49b8,unmatched_outside_study_area,,,-73.552307,45.592832
service_centers,CTR_3ceb7207,unmatched_outside_study_area,,,-73.88171,45.485547
service_centers,CTR_ba43ab58,unmatched_outside_study_area,,,-73.71504,45.515432
service_centers,CTR_cd99744a,unmatched_outside_study_area,,,-73.583259,45.511527
service_centers,CTR_c6e22f45,unmatched_outside_study_area,,,-73.882706,45.497093
service_centers,CTR_f391e8a9,unmatched_outside_study_area,,,-73.570946,45.568596
service_centers,CTR_a65d82ad,unmatched_outside_study_area,,,-73.717151,45.506034
service_centers,CTR_1f3918bb,unmatched_outside_study_area,,,-73.58727,45.560138
service_centers,CTR_3f13a0e2,unmatched_outside_study_area,,,-73.689862,45.520779
service_centers,CTR_2956e075,unmatched_outside_study_area,,,-73.852097,45.497596
service_centers,CTR_ba0dce13,unmatched_outside_study_area,,,-73.578295,45.554077
service_centers,CTR_e7db1aea,unmatched_outside_study_area,,,-73.60898,45.533304
service_centers,CTR_6620343a,unmatched_outside_study_area,,,-73.883903,45.457217
service_centers,CTR_8a580748,unmatched_outside_study_area,,,-73.572495,45.543386
service_centers,CTR_ab58a7db,unmatched_outside_study_area,,,-73.688813,45.526503
service_centers,CTR_73cb104d,unmatched_outside_study_area,,,-73.703143,45.501538
service_centers,CTR_cc91d156,unmatched_outside_study_area,,,-73.676466,45.528792
service_centers,CTR_38f79979,unmatched_outside_study_area,,,-73.5606,45.5119
service_centers,CTR_a6ca7d4b,unmatched_outside_study_area,,,-73.5559,45.5168
service_centers,CTR_1e3aa5e7,unmatched_outside_study_area,,,-73.5512,45.5096
service_centers,CTR_2777c9f9,unmatched_outside_study_area,,,-73.5808,45.4931
service_centers,CTR_a90f5e45,unmatched_outside_study_area,,,-73.5662,45.5086
service_centers,CTR_0e4b5031,unmatched_outside_study_area,,,-73.552,45.5263
service_centers,CTR_5404afc4,unmatched_outside_study_area,,,-73.5559,45.5241
service_centers,CTR_71177492,unmatched_outside_study_area,,,-73.579,45.4965
service_centers,CTR_b61e17f1,unmatched_outside_study_area,,,-73.5739,45.5009
service_centers,CTR_31430001,unmatched_outside_study_area,,,-73.6679,45.488
service_centers,CTR_3d860986,unmatched_outside_study_area,,,-73.672,45.5157
service_centers,CTR_0feb154b,unmatched_outside_study_area,,,-73.601,45.536
service_centers,CTR_e17ebf8d,unmatched_outside_study_area,,,-73.565,45.5045
service_centers,CTR_6d88bcb9,unmatched_outside_study_area,,,-73.579,45.5481
service_centers,CTR_7cf1dafa,unmatched_outside_study_area,,,-73.679,45.5301
service_centers,CTR_fc52e760,unmatched_outside_study_area,,,-73.584,45.49
service_centers,CTR_22e3a69a,unmatched_outside_study_area,,,-73.595,45.517
service_centers,CTR_261c339b,unmatched_outside_study_area,,,-73.564,45.523
service_centers,CTR_88197aec,unmatched_outside_study_area,,,-73.685,45.516
service_centers,CTR_f8b5d07f,unmatched_outside_study_area,,,-73.5591,45.5196
service_centers,CTR_9610bd80,unmatched_outside_study_area,,,-73.689,45.5078
service_centers,CTR_6805d0ca,unmatched_outside_study_area,,,-73.5955,45.5481
service_centers,CTR_57533edc,unmatched_outside_study_area,,,-73.689519,45.410093
service_centers,CTR_2f7f29c4,unmatched_outside_study_area,,,-73.588338,45.497461
service_centers,CTR_b0cd71cd,unmatched_outside_study_area,,,-73.561152,45.513356
service_centers,CTR_f7f0ffd4,unmatched_outside_study_area,,,-73.583943,45.494067
service_centers,CTR_a8c4861f,unmatched_outside_study_area,,,-73.701833,45.496184
service_centers,CTR_a7d6edc6,unmatched_outside_study_area,,,-73.674643,45.51465
service_centers,CTR_8c9dacaa,unmatched_outside_study_area,,,-73.566879,45.511521
service_centers,CTR_b7399903,unmatched_outside_study_area,,,-73.583386,45.491172
service_centers,CTR_990b9bb1,unmatched_outside_study_area,,,-73.582547,45.490614
service_centers,CTR_2b2d4516,unmatched_outside_study_area,,,-73.56107,45.512874
service_centers,CTR_b1ba1572,unmatched_outside_study_area,,,-73.600414,45.535072
service_centers,CTR_04424bcf,unmatched_outside_study_area,,,-73.505878,45.634438
service_centers,CTR_68967eb3,unmatched_outside_study_area,,,-73.558502,45.5742
service_centers,CTR_4fa764cd,unmatched_outside_study_area,,,-73.558899,45.521099
service_centers,CTR_175e8fe5,unmatched_outside_study_area,,,-73.633102,45.419998
service_centers,CTR_756b555e,unmatched_outside_study_area,,,-73.824097,45.473801
service_centers,CTR_bb530b3c,unmatched_outside_study_area,,,-73.562599,45.570099
service_centers,CTR_d0817bad,unmatched_outside_study_area,,,-73.581398,45.544102
service_centers,CTR_546832e3,unmatched_outside_study_area,,,-73.8041,45.469898
service_centers,CTR_08e9aed4,unmatched_outside_study_area,,,-73.5588,45.542702
service_centers,CTR_c9a376e9,unmatched_outside_study_area,,,-73.867897,45.477901
service_centers,CTR_c5568c53,unmatched_outside_study_area,,,-73.556801,45.574001
service_centers,CTR_841dc35e,unmatched_outside_study_area,,,-73.581398,45.508999
service_centers,CTR_e3b625ee,unmatched_outside_study_area,,,-73.623398,45.420799
service_centers,CTR_6cfc8c18,unmatched_outside_study_area,,,-73.853798,45.4468
service_centers,CTR_6f4f505e,unmatched_outside_study_area,,,-73.557999,45.593601
service_centers,CTR_e50b71ae,unmatched_outside_study_area,,,-73.827499,45.438999
service_centers,CTR_44e4fcd6,unmatched_outside_study_area,,,-73.848396,45.4972
service_centers,CTR_9b876e03,unmatched_outside_study_area,,,-73.833702,45.448601
service_centers,CTR_c903dadc,unmatched_outside_study_area,,,-73.665497,45.4758
service_centers,CTR_9ca02025,unmatched_outside_study_area,,,-73.581001,45.494598
service_centers,CTR_1ce79041,unmatched_outside_study_area,,,-73.605202,45.534801
service_centers,CTR_995faa2c,unmatched_outside_study_area,,,-73.589897,45.5853
service_centers,CTR_ab595360,unmatched_outside_study_area,,,-73.598198,45.530201
service_centers,CTR_29fd48e8,unmatched_outside_study_area,,,-73.555496,45.530899
service_centers,CTR_e9afb461,unmatched_outside_study_area,,,-73.682999,45.5065
service_centers,CTR_4e7e9966,unmatched_outside_study_area,,,-73.797699,45.507099
service_centers,CTR_d3dbb179,unmatched_outside_study_area,,,-73.562103,45.5425
service_centers,CTR_ad38602d,unmatched_outside_study_area,,,-73.622398,45.522301
service_centers,CTR_9062f388,unmatched_outside_study_area,,,-73.843697,45.4505
service_centers,CTR_6dbd6495,unmatched_outside_study_area,,,-73.826401,45.437698
service_centers,CTR_fa17583f,unmatched_outside_study_area,,,-73.8284,45.469002
service_centers,CTR_0b9296ea,unmatched_outside_study_area,,,-73.562599,45.530998
service_centers,CTR_678f88ac,unmatched_outside_study_area,,,-73.571701,45.580101
service_centers,CTR_5adad74d,unmatched_outside_study_area,,,-73.558701,45.5261
service_centers,CTR_ed8a6c33,unmatched_outside_study_area,,,-73.562698,45.510502
service_centers,CTR_248b4d45,unmatched_outside_study_area,,,-73.556297,45.511799
service_centers,CTR_aa28584f,unmatched_outside_study_area,,,-73.563599,45.525398
service_centers,CTR_19a27476,unmatched_outside_study_area,,,-73.558601,45.511101
service_centers,CTR_6fa71a7c,unmatched_outside_study_area,,,-73.555901,45.510799
service_centers,CTR_eb7b4829,unmatched_outside_study_area,,,-73.860397,45.4328
service_centers,CTR_846359ea,unmatched_outside_study_area,,,-73.741798,45.4417
service_centers,CTR_3ecb7800,unmatched_outside_study_area,,,-73.582603,45.505901
service_centers,CTR_973c3c8c,unmatched_outside_study_area,,,-73.577797,45.573799
service_centers,CTR_d75839e5,unmatched_outside_study_area,,,-73.588997,45.497002
service_centers,CTR_cedd0aa5,unmatched_outside_study_area,,,-73.661903,45.496399
service_centers,CTR_1bf879ba,unmatched_outside_study_area,,,-73.657303,45.473801
service_centers,CTR_a1d544e2,unmatched_outside_study_area,,,-73.559303,45.518101
service_centers,CTR_f0ade6f9,unmatched_outside_study_area,,,-73.561096,45.518902
service_centers,CTR_9eff7b68,unmatched_outside_study_area,,,-73.832397,45.450699
service_centers,CTR_4addcf54,unmatched_outside_study_area,,,-73.596901,45.432999
service_centers,CTR_9bdffade,unmatched_outside_study_area,,,-73.827202,45.4697
service_centers,CTR_083118a0,unmatched_outside_study_area,,,-73.562103,45.577499
service_centers,CTR_c7dc4419,unmatched_outside_study_area,,,-73.9487,45.412399
service_centers,CTR_f6a14ac8,unmatched_outside_study_area,,,-73.684898,45.527802
service_centers,CTR_04d518e5,unmatched_outside_study_area,,,-73.590897,45.431599
service_centers,CTR_021b867b,unmatched_outside_study_area,,,-73.6008,45.5326
service_centers,CTR_c4120434,unmatched_outside_study_area,,,-73.614403,45.437099
service_centers,CTR_16a9eab7,unmatched_outside_study_area,,,-73.560097,45.530998
service_centers,CTR_13cf2a8e,unmatched_outside_study_area,,,-73.742302,45.442001
service_centers,CTR_b439b658,unmatched_outside_study_area,,,-73.6576,45.456402
service_centers,CTR_0273c14c,unmatched_outside_study_area,,,-73.587799,45.555199
service_centers,CTR_e9b55f8c,unmatched_outside_study_area,,,-73.613998,45.5219
service_centers,CTR_39337fee,unmatched_outside_study_area,,,-73.597198,45.553299
service_centers,CTR_a8ba6a10,unmatched_outside_study_area,,,-73.624802,45.444302
service_centers,CTR_8a800a73,unmatched_outside_study_area,,,-73.773598,45.507301
service_centers,CTR_3496cc4b,unmatched_outside_study_area,,,-73.6315,45.431198
service_centers,CTR_99e85083,unmatched_outside_study_area,,,-73.680901,45.5172
service_centers,CTR_d4d908e6,unmatched_outside_study_area,,,-73.57,45.613098
service_centers,CTR_895eb69b,unmatched_outside_study_area,,,-73.597397,45.606899
service_centers,CTR_f6f44776,unmatched_outside_study_area,,,-73.576302,45.578499
service_centers,CTR_05febee2,unmatched_outside_study_area,,,-73.61177,45.536135
service_centers,CTR_da2a1590,unmatched_outside_study_area,,,-73.561795,45.521857
service_centers,CTR_32fdd962,unmatched_outside_study_area,,,-73.560623,45.519189
service_centers,CTR_2f47e55b,unmatched_outside_study_area,,,-73.559065,45.518474
service_centers,CTR_942ac702,unmatched_outside_study_area,,,-73.589886,45.550331
service_centers,CTR_52ff228a,unmatched_outside_study_area,,,-73.690889,45.514159
service_centers,CTR_70b08b50,unmatched_outside_study_area,,,-73.578073,45.503401
service_centers,CTR_bae0c38f,unmatched_outside_study_area,,,-73.555519,45.512286
service_centers,CTR_db507f6f,unmatched_outside_study_area,,,-73.559668,45.525234
service_centers,CTR_be1b8ae1,unmatched_outside_study_area,,,-73.679669,45.517184
service_centers,CTR_6cdf8b98,unmatched_outside_study_area,,,-73.679412,45.517528
service_centers,CTR_7011312a,unmatched_outside_study_area,,,-73.667156,45.517219
service_centers,CTR_ed88903a,unmatched_outside_study_area,,,-73.667434,45.516656
service_centers,CTR_4aa408d2,unmatched_outside_study_area,,,-73.876216,45.503944
service_centers,CTR_6ea72894,unmatched_outside_study_area,,,-73.881775,45.488149
service_centers,CTR_49cd6069,unmatched_outside_study_area,,,-73.609943,45.535292
service_centers,CTR_9b34b30f,unmatched_outside_study_area,,,-73.561834,45.524307
service_centers,CTR_00c2cbdf,unmatched_outside_study_area,,,-73.869823,45.480088
service_centers,CTR_0c96c919,unmatched_outside_study_area,,,-73.56662,45.512418
service_centers,CTR_3b9354ba,unmatched_outside_study_area,,,-73.55952,45.520192
service_centers,CTR_3e6ed19e,unmatched_outside_study_area,,,-73.898759,45.462993
service_centers,CTR_fa3e34fc,unmatched_outside_study_area,,,-73.692259,45.521948
service_centers,CTR_c6676fa3,unmatched_outside_study_area,,,-73.676207,45.510375
service_centers,CTR_4612c3c7,unmatched_outside_study_area,,,-73.547134,45.52844
service_centers,CTR_9ccdcd17,unmatched_outside_study_area,,,-73.593464,45.585452
service_centers,CTR_b6522042,unmatched_outside_study_area,,,-73.874403,45.477913
service_centers,CTR_a314ecbd,unmatched_outside_study_area,,,-73.680274,45.516779
service_centers,CTR_f50a3349,unmatched_outside_study_area,,,-73.874807,45.47644
service_centers,CTR_a3e52633,unmatched_outside_study_area,,,-73.622893,45.421396
service_centers,CTR_382d93b1,unmatched_outside_study_area,,,-73.805728,45.508708
service_centers,CTR_ab0b5d31,unmatched_outside_study_area,,,-73.806356,45.509799
service_centers,CTR_a4a17932,unmatched_outside_study_area,,,-73.810097,45.51054
service_centers,CTR_546318fd,unmatched_outside_study_area,,,-73.578792,45.583586
service_centers,CTR_154ad4d1,unmatched_outside_study_area,,,-73.555861,45.513575
service_centers,CTR_4a14a8e2,unmatched_outside_study_area,,,-73.578945,45.557576
service_centers,CTR_d7de5095,unmatched_outside_study_area,,,-73.567463,45.578814
service_centers,CTR_1096262e,unmatched_outside_study_area,,,-73.622237,45.518626
service_centers,CTR_5e11388f,unmatched_outside_study_area,,,-73.6086,45.539536
service_centers,CTR_f475e4c1,unmatched_outside_study_area,,,-73.585436,45.583211
service_centers,CTR_53a37326,unmatched_outside_study_area,,,-73.861803,45.48193
service_centers,CTR_4c6d7162,unmatched_outside_study_area,,,-73.547456,45.604472
service_centers,CTR_368ee94b,unmatched_outside_study_area,,,-73.564306,45.521245
service_centers,CTR_01ab5453,unmatched_outside_study_area,,,-73.575777,45.573418
service_centers,CTR_ae5fc077,unmatched_outside_study_area,,,-73.588773,45.606061
service_centers,CTR_ba69a3d4,unmatched_outside_study_area,,,-73.586606,45.552574
service_centers,CTR_f63c658b,unmatched_outside_study_area,,,-73.674381,45.50568
service_centers,CTR_5a760bb8,unmatched_outside_study_area,,,-73.70944,45.51387
service_centers,CTR_d4c2a5b8,unmatched_outside_study_area,,,-73.561724,45.526615
service_centers,CTR_4f3a31da,unmatched_outside_study_area,,,-73.582629,45.582996
service_centers,CTR_54dcb176,unmatched_outside_study_area,,,-73.642976,45.43199
service_centers,CTR_6c66d5ca,unmatched_outside_study_area,,,-73.589858,45.541965
service_centers,CTR_031609e5,unmatched_outside_study_area,,,-73.609026,45.519225
service_centers,CTR_33c291af,unmatched_outside_study_area,,,-73.577735,45.494791
service_centers,CTR_36d3a303,unmatched_outside_study_area,,,-73.574546,45.560719
service_centers,CTR_e3deaeb9,unmatched_outside_study_area,,,-73.61309,45.430093
service_centers,CTR_68116cf7,unmatched_outside_study_area,,,-73.609831,45.425396
service_centers,CTR_ff30aa9e,unmatched_outside_study_area,,,-73.845912,45.489868
service_centers,CTR_607ab43b,unmatched_outside_study_area,,,-73.616662,45.534529
service_centers,CTR_f94ed806,unmatched_outside_study_area,,,-73.657066,45.425915
service_centers,CTR_db86caf5,unmatched_outside_study_area,,,-73.635904,45.433158
service_centers,CTR_540592cf,unmatched_outside_study_area,,,-73.604651,45.545744
service_centers,CTR_9dd79a94,unmatched_outside_study_area,,,-73.885635,45.462888
service_centers,CTR_161190a0,unmatched_outside_study_area,,,-73.576022,45.546583
service_centers,CTR_5eefc739,unmatched_outside_study_area,,,-73.576764,45.554237
service_centers,CTR_2ad27eaf,unmatched_outside_study_area,,,-73.591242,45.541864
service_centers,CTR_272e1d62,unmatched_outside_study_area,,,-73.591476,45.541841
service_centers,CTR_8d08151c,unmatched_outside_study_area,,,-73.568447,45.512356
service_centers,CTR_fffd9e24,unmatched_outside_study_area,,,-73.564221,45.517665
service_centers,CTR_27ba4fef,unmatched_outside_study_area,,,-73.550996,45.510256
service_centers,CTR_ff03af12,unmatched_outside_study_area,,,-73.579758,45.495659
service_centers,CTR_490cf5a9,unmatched_outside_study_area,,,-73.601496,45.537556
service_centers,CTR_5a58e419,unmatched_outside_study_area,,,-73.619301,45.519944
service_centers,CTR_dfbeeee2,unmatched_outside_study_area,,,-73.55133,45.504647
service_centers,CTR_8110fd2d,unmatched_outside_study_area,,,-73.581539,45.48927
service_centers,CTR_962a8204,unmatched_outside_study_area,,,-73.702274,45.519912
service_centers,CTR_b2fa5177,unmatched_outside_study_area,,,-73.701743,45.519764
service_centers,CTR_bd024f2b,unmatched_outside_study_area,,,-73.647949,45.432782
service_centers,CTR_f66d0781,unmatched_outside_study_area,,,-73.648013,45.432604
service_centers,CTR_d6001605,unmatched_outside_study_area,,,-73.562317,45.521483
service_centers,CTR_297a09a5,unmatched_outside_study_area,,,-73.557719,45.506922
service_centers,CTR_a863598b,unmatched_outside_study_area,,,-73.554067,45.498697
service_centers,CTR_2fab8cf2,unmatched_outside_study_area,,,-73.551077,45.57283
service_centers,CTR_1ec82b82,unmatched_outside_study_area,,,-73.558247,45.543118
service_centers,CTR_d2ef4f75,unmatched_outside_study_area,,,-73.559028,45.542689
service_centers,CTR_734b7300,unmatched_outside_study_area,,,-73.560028,45.509333
service_centers,CTR_b8716015,unmatched_outside_study_area,,,-73.870003,45.490686
service_centers,CTR_d46af379,unmatched_outside_study_area,,,-73.858715,45.485453
service_centers,CTR_157dfefa,unmatched_outside_study_area,,,-73.850797,45.495365
service_centers,CTR_aadd6e88,unmatched_outside_study_area,,,-73.562228,45.513502
service_centers,CTR_7cfa79f1,unmatched_outside_study_area,,,-73.546159,45.614306
service_centers,CTR_626f7a11,unmatched_outside_study_area,,,-73.784378,45.504884
service_centers,CTR_96a4a2f1,unmatched_outside_study_area,,,-73.683715,45.523452
service_centers,CTR_a703ded4,unmatched_outside_study_area,,,-73.570837,45.49312
service_centers,CTR_74321724,unmatched_outside_study_area,,,-73.561098,45.512586
service_centers,CTR_a47ce9cb,unmatched_outside_study_area,,,-73.581658,45.493821
service_centers,CTR_d4be50c9,unmatched_outside_study_area,,,-73.555995,45.515718
service_centers,CTR_e771e843,unmatched_outside_study_area,,,-73.548647,45.527899
service_centers,CTR_f432f544,unmatched_outside_study_area,,,-73.54824,45.52843
service_centers,CTR_a78e2e69,unmatched_outside_study_area,,,-73.547054,45.52783
service_centers,CTR_66280ea7,unmatched_outside_study_area,,,-73.827962,45.506912
service_centers,CTR_9e15ce57,unmatched_outside_study_area,,,-73.599827,45.532223
service_centers,CTR_3e86bc7e,unmatched_outside_study_area,,,-73.597093,45.585478
service_centers,CTR_dd718030,unmatched_outside_study_area,,,-73.593519,45.428827
service_centers,CTR_74174743,unmatched_outside_study_area,,,-73.574508,45.542734
service_centers,CTR_60d95d4f,unmatched_outside_study_area,,,-73.675966,45.529221
service_centers,CTR_edfc84fd,unmatched_outside_study_area,,,-73.547726,45.617383
service_centers,CTR_58661fb0,unmatched_outside_study_area,,,-73.608885,45.424054
service_centers,CTR_22fbb6f9,unmatched_outside_study_area,,,-73.620498,45.416332
service_centers,CTR_45702f9d,unmatched_outside_study_area,,,-73.597198,45.536206
service_centers,CTR_79b58906,unmatched_outside_study_area,,,-73.599629,45.534353
service_centers,CTR_6645f6fa,unmatched_outside_study_area,,,-73.678786,45.518445
service_centers,CTR_650799a4,unmatched_outside_study_area,,,-73.600591,45.546194
service_centers,CTR_7f09a935,unmatched_outside_study_area,,,-73.607518,45.446391
service_centers,CTR_e491bc14,unmatched_outside_study_area,,,-73.557412,45.59594
service_centers,CTR_58aea3e9,unmatched_outside_study_area,,,-73.599071,45.544037
service_centers,CTR_50a11b9e,unmatched_outside_study_area,,,-73.606764,45.540413
service_centers,CTR_ea919eac,unmatched_outside_study_area,,,-73.602564,45.543043
service_centers,CTR_0e169b16,unmatched_outside_study_area,,,-73.603107,45.545854
service_centers,CTR_8111b9d1,unmatched_outside_study_area,,,-73.59543,45.542403
service_centers,CTR_6e9b923c,unmatched_outside_study_area,,,-73.556184,45.513868
census_tract_centroids,4620725.07,unmatched_outside_study_area,,,-73.932369,45.576147
census_tract_centroids,4620652.04,unmatched_outside_study_area,,,-73.812231,45.528124
census_tract_centroids,4620887.05,unmatched_outside_study_area,,,-73.438509,45.581269
census_tract_centroids,4620887.06,unmatched_outside_study_area,,,-73.426285,45.574641
census_tract_centroids,4620887.07,unmatched_outside_study_area,,,-73.411391,45.556335
census_tract_centroids,4620688.03,unmatched_outside_study_area,,,-73.819921,45.76567
census_tract_centroids,4620688.04,unmatched_outside_study_area,,,-73.807423,45.763682
census_tract_centroids,4620032.00,unmatched_outside_study_area,,,-73.558763,45.537628
census_tract_centroids,4620033.00,unmatched_outside_study_area,,,-73.555866,45.536849
census_tract_centroids,4620034.00,unmatched_outside_study_area,,,-73.55258,45.536038
census_tract_centroids,4620035.00,unmatched_outside_study_area,,,-73.557841,45.533109
census_tract_centroids,4620036.00,unmatched_outside_study_area,,,-73.559362,45.530766
census_tract_centroids,4620037.00,unmatched_outside_study_area,,,-73.549542,45.532775
census_tract_centroids,4620038.00,unmatched_outside_study_area,,,-73.550633,45.528978
census_tract_centroids,4620039.00,unmatched_outside_study_area,,,-73.545885,45.5273
census_tract_centroids,4620040.00,unmatched_outside_study_area,,,-73.530914,45.513738
census_tract_centroids,4620041.00,unmatched_outside_study_area,,,-73.549495,45.522788
census_tract_centroids,4620042.00,unmatched_outside_study_area,,,-73.552665,45.520352
census_tract_centroids,4620043.00,unmatched_outside_study_area,,,-73.550319,45.517923
census_tract_centroids,4620044.00,unmatched_outside_study_area,,,-73.559305,45.51978
census_tract_centroids,4620045.00,unmatched_outside_study_area,,,-73.555317,45.521589
census_tract_centroids,4620046.00,unmatched_outside_study_area,,,-73.558625,45.523196
census_tract_centroids,4620047.00,unmatched_outside_study_area,,,-73.556271,45.526006
census_tract_centroids,4620048.00,unmatched_outside_study_area,,,-73.560924,45.528223
census_tract_centroids,4620049.00,unmatched_outside_study_area,,,-73.562543,45.525054
census_tract_centroids,4620050.00,unmatched_outside_study_area,,,-73.563879,45.521957
census_tract_centroids,4620051.00,unmatched_outside_study_area,,,-73.56376,45.517212
census_tract_centroids,4620052.00,unmatched_outside_study_area,,,-73.560806,45.517758
census_tract_centroids,4620053.00,unmatched_outside_study_area,,,-73.557617,45.515063
census_tract_centroids,4620054.00,unmatched_outside_study_area,,,-73.554846,45.513722
census_tract_centroids,4620056.00,unmatched_outside_study_area,,,-73.562101,45.506551
census_tract_centroids,4620057.00,unmatched_outside_study_area,,,-73.559789,45.509317
census_tract_centroids,4620058.00,unmatched_outside_study_area,,,-73.558216,45.511293
census_tract_centroids,4620059.00,unmatched_outside_study_area,,,-73.565566,45.513634
census_tract_centroids,4620060.00,unmatched_outside_study_area,,,-73.564508,45.512639
census_tract_centroids,4620061.00,unmatched_outside_study_area,,,-73.567802,45.509337
census_tract_centroids,4620062.00,unmatched_outside_study_area,,,-73.568474,45.502503
census_tract_centroids,4620063.00,unmatched_outside_study_area,,,-73.572419,45.496201
census_tract_centroids,4620064.00,unmatched_outside_study_area,,,-73.577266,45.498389
census_tract_centroids,4620128.00,unmatched_outside_study_area,,,-73.590386,45.503193
census_tract_centroids,4620166.00,unmatched_outside_study_area,,,-73.612986,45.528237
census_tract_centroids,4620179.00,unmatched_outside_study_area,,,-73.584598,45.542336
census_tract_centroids,4620180.00,unmatched_outside_study_area,,,-73.580901,45.546104
census_tract_centroids,4620181.00,unmatched_outside_study_area,,,-73.57372,45.545364
census_tract_centroids,4620182.00,unmatched_outside_study_area,,,-73.579449,45.548457
census_tract_centroids,4620183.00,unmatched_outside_study_area,,,-73.578253,45.550066
census_tract_centroids,4620184.00,unmatched_outside_study_area,,,-73.576627,45.552288
census_tract_centroids,4620185.00,unmatched_outside_study_area,,,-73.57347,45.556739
census_tract_centroids,4620186.00,unmatched_outside_study_area,,,-73.569263,45.55225
census_tract_centroids,4620189.00,unmatched_outside_study_area,,,-73.562311,45.562102
census_tract_centroids,4620196.00,unmatched_outside_study_area,,,-73.567561,45.572144
census_tract_centroids,4620197.00,unmatched_outside_study_area,,,-73.574733,45.574592
census_tract_centroids,4620198.00,unmatched_outside_study_area,,,-73.576232,45.56846
census_tract_centroids,4620199.00,unmatched_outside_study_area,,,-73.575183,45.563425
census_tract_centroids,4620200.00,unmatched_outside_study_area,,,-73.582243,45.565658
census_tract_centroids,4620201.00,unmatched_outside_study_area,,,-73.583258,45.55977
census_tract_centroids,4620202.00,unmatched_outside_study_area,,,-73.587789,45.554574
census_tract_centroids,4620203.00,unmatched_outside_study_area,,,-73.593591,45.551928
census_tract_centroids,4620204.00,unmatched_outside_study_area,,,-73.58724,45.549507
census_tract_centroids,4620205.00,unmatched_outside_study_area,,,-73.590102,45.546368
census_tract_centroids,4620206.00,unmatched_outside_study_area,,,-73.596235,45.54921
census_tract_centroids,4620207.00,unmatched_outside_study_area,,,-73.598689,45.546257
census_tract_centroids,4620208.00,unmatched_outside_study_area,,,-73.592624,45.543456
census_tract_centroids,4620209.00,unmatched_outside_study_area,,,-73.597774,45.541805
census_tract_centroids,4620210.00,unmatched_outside_study_area,,,-73.594572,45.535281
census_tract_centroids,4620211.00,unmatched_outside_study_area,,,-73.599422,45.537703
census_tract_centroids,4620212.00,unmatched_outside_study_area,,,-73.602728,45.539197
census_tract_centroids,4620213.00,unmatched_outside_study_area,,,-73.606185,45.540741
census_tract_centroids,4620214.00,unmatched_outside_study_area,,,-73.608896,45.537279
census_tract_centroids,4620215.00,unmatched_outside_study_area,,,-73.599487,45.533016
census_tract_centroids,4620216.00,unmatched_outside_study_area,,,-73.6029,45.530643
census_tract_centroids,4620217.00,unmatched_outside_study_area,,,-73.608491,45.532887
census_tract_centroids,4620218.00,unmatched_outside_study_area,,,-73.613242,45.535045
census_tract_centroids,4620219.00,unmatched_outside_study_area,,,-73.614527,45.531306
census_tract_centroids,4620247.00,unmatched_outside_study_area,,,-73.609644,45.542311
census_tract_centroids,4620320.00,unmatched_outside_study_area,,,-73.594008,45.433842
census_tract_centroids,4620321.00,unmatched_outside_study_area,,,-73.587115,45.426236
census_tract_centroids,4620323.00,unmatched_outside_study_area,,,-73.624638,45.417886
census_tract_centroids,4620327.00,unmatched_outside_study_area,,,-73.648615,45.423976
census_tract_centroids,4620329.00,unmatched_outside_study_area,,,-73.660012,45.429778
census_tract_centroids,4620340.00,unmatched_outside_study_area,,,-73.649431,45.452919
census_tract_centroids,4620360.00,unmatched_outside_study_area,,,-73.602001,45.51071
census_tract_centroids,4620361.00,unmatched_outside_study_area,,,-73.615907,45.508966
census_tract_centroids,4620362.00,unmatched_outside_study_area,,,-73.609298,45.51588
census_tract_centroids,4620363.00,unmatched_outside_study_area,,,-73.600709,45.51895
census_tract_centroids,4620364.00,unmatched_outside_study_area,,,-73.612365,45.524438
census_tract_centroids,4620365.00,unmatched_outside_study_area,,,-73.613908,45.522527
census_tract_centroids,4620366.00,unmatched_outside_study_area,,,-73.615037,45.517121
census_tract_centroids,4620367.00,unmatched_outside_study_area,,,-73.620539,45.51895
census_tract_centroids,4620370.00,unmatched_outside_study_area,,,-73.64547,45.480892
census_tract_centroids,4620380.00,unmatched_outside_study_area,,,-73.652411,45.472083
census_tract_centroids,4620381.00,unmatched_outside_study_area,,,-73.66141,45.460103
census_tract_centroids,4620385.00,unmatched_outside_study_area,,,-73.63486,45.481424
census_tract_centroids,4620400.00,unmatched_outside_study_area,,,-73.632082,45.520228
census_tract_centroids,4620401.00,unmatched_outside_study_area,,,-73.644413,45.509719
census_tract_centroids,4620402.00,unmatched_outside_study_area,,,-73.668073,45.494992
census_tract_centroids,4620403.00,unmatched_outside_study_area,,,-73.653617,45.512353
census_tract_centroids,4620404.00,unmatched_outside_study_area,,,-73.645281,45.523505
census_tract_centroids,4620412.00,unmatched_outside_study_area,,,-73.678211,45.503865
census_tract_centroids,4620418.00,unmatched_outside_study_area,,,-73.678048,45.510445
census_tract_centroids,4620419.00,unmatched_outside_study_area,,,-73.689948,45.518328
census_tract_centroids,4620420.00,unmatched_outside_study_area,,,-73.687845,45.52225
census_tract_centroids,4620733.01,unmatched_outside_study_area,,,-74.135672,45.611117
census_tract_centroids,4620430.00,unmatched_outside_study_area,,,-73.730763,45.443175
census_tract_centroids,4620431.00,unmatched_outside_study_area,,,-73.751268,45.443527
census_tract_centroids,4620432.00,unmatched_outside_study_area,,,-73.7701,45.444987
census_tract_centroids,4620433.00,unmatched_outside_study_area,,,-73.754173,45.466096
census_tract_centroids,4620440.00,unmatched_outside_study_area,,,-73.741591,45.432355
census_tract_centroids,4620450.00,unmatched_outside_study_area,,,-73.814452,45.438447
census_tract_centroids,4620451.00,unmatched_outside_study_area,,,-73.797025,45.453826
census_tract_centroids,4620452.00,unmatched_outside_study_area,,,-73.82791,45.450537
census_tract_centroids,4620460.00,unmatched_outside_study_area,,,-73.857562,45.428319
census_tract_centroids,4620461.00,unmatched_outside_study_area,,,-73.888322,45.420776
census_tract_centroids,4620480.00,unmatched_outside_study_area,,,-73.914466,45.417748
census_tract_centroids,4620490.00,unmatched_outside_study_area,,,-73.950367,45.406011
census_tract_centroids,4620491.00,unmatched_outside_study_area,,,-73.931584,45.427583
census_tract_centroids,4620500.00,unmatched_outside_study_area,,,-73.954979,45.432589
census_tract_centroids,4620733.02,unmatched_outside_study_area,,,-74.19592,45.542399
census_tract_centroids,4620903.13,unmatched_outside_study_area,,,-73.252879,45.605413
census_tract_centroids,4620903.14,unmatched_outside_study_area,,,-73.326996,45.612645
census_tract_centroids,4620652.06,unmatched_outside_study_area,,,-73.862294,45.530005
census_tract_centroids,4620652.07,unmatched_outside_study_area,,,-73.828537,45.534441
census_tract_centroids,4620523.00,unmatched_outside_study_area,,,-73.826592,45.500286
census_tract_centroids,4620530.00,unmatched_outside_study_area,,,-73.806698,45.505886
census_tract_centroids,4620540.00,unmatched_outside_study_area,,,-73.869337,45.480547
census_tract_centroids,4620570.00,unmatched_outside_study_area,,,-73.528496,45.629312
census_tract_centroids,4620592.00,unmatched_outside_study_area,,,-73.557841,45.60698
census_tract_centroids,4620511.01,unmatched_outside_study_area,,,-73.787481,45.509081
census_tract_centroids,4620511.02,unmatched_outside_study_area,,,-73.770417,45.503743
census_tract_centroids,4620830.03,unmatched_outside_study_area,,,-73.553476,45.398085
census_tract_centroids,4620830.04,unmatched_outside_study_area,,,-73.557622,45.390783
census_tract_centroids,4620626.00,unmatched_outside_study_area,,,-73.622161,45.65124
census_tract_centroids,4620627.00,unmatched_outside_study_area,,,-73.651596,45.619274
census_tract_centroids,4620629.00,unmatched_outside_study_area,,,-73.667055,45.586842
census_tract_centroids,4620631.00,unmatched_outside_study_area,,,-73.683375,45.633755
census_tract_centroids,4620633.00,unmatched_outside_study_area,,,-73.680512,45.582501
census_tract_centroids,4620634.00,unmatched_outside_study_area,,,-73.678371,45.571336
census_tract_centroids,4620635.00,unmatched_outside_study_area,,,-73.682084,45.565918
census_tract_centroids,4620636.00,unmatched_outside_study_area,,,-73.692873,45.58043
census_tract_centroids,4620639.00,unmatched_outside_study_area,,,-73.691082,45.555182
census_tract_centroids,4620640.00,unmatched_outside_study_area,,,-73.709771,45.547639
census_tract_centroids,4620642.00,unmatched_outside_study_area,,,-73.738843,45.580127
census_tract_centroids,4620644.00,unmatched_outside_study_area,,,-73.726476,45.548659
census_tract_centroids,4620645.00,unmatched_outside_study_area,,,-73.744014,45.547698
census_tract_centroids,4620648.00,unmatched_outside_study_area,,,-73.755306,45.534771
census_tract_centroids,4620653.00,unmatched_outside_study_area,,,-73.853918,45.518412
census_tract_centroids,4620654.00,unmatched_outside_study_area,,,-73.876164,45.526589
census_tract_centroids,4620662.00,unmatched_outside_study_area,,,-73.630919,45.678309
census_tract_centroids,4620675.00,unmatched_outside_study_area,,,-73.462261,45.721403
census_tract_centroids,4620683.00,unmatched_outside_study_area,,,-73.490814,45.725735
census_tract_centroids,4620706.00,unmatched_outside_study_area,,,-73.834811,45.633092
census_tract_centroids,4620707.00,unmatched_outside_study_area,,,-73.840326,45.640865
census_tract_centroids,4620729.00,unmatched_outside_study_area,,,-73.893399,45.535937
census_tract_centroids,4620731.00,unmatched_outside_study_area,,,-73.972792,45.500159
census_tract_centroids,4620801.00,unmatched_outside_study_area,,,-73.742598,45.369378
census_tract_centroids,4620802.00,unmatched_outside_study_area,,,-73.761353,45.379612
census_tract_centroids,4620829.00,unmatched_outside_study_area,,,-73.539709,45.374155
census_tract_centroids,4620832.00,unmatched_outside_study_area,,,-73.67211,45.384934
census_tract_centroids,4620851.00,unmatched_outside_study_area,,,-73.283831,45.452375
census_tract_centroids,4620755.01,unmatched_outside_study_area,,,-74.010844,45.354857
census_tract_centroids,4620856.00,unmatched_outside_study_area,,,-73.410716,45.527121
census_tract_centroids,4620859.00,unmatched_outside_study_area,,,-73.456188,45.473824
census_tract_centroids,4620861.00,unmatched_outside_study_area,,,-73.484389,45.491004
census_tract_centroids,4620862.00,unmatched_outside_study_area,,,-73.494979,45.481593
census_tract_centroids,4620864.00,unmatched_outside_study_area,,,-73.512491,45.509095
census_tract_centroids,4620865.00,unmatched_outside_study_area,,,-73.495122,45.508018
census_tract_centroids,4620866.00,unmatched_outside_study_area,,,-73.494144,45.497738
census_tract_centroids,4620867.00,unmatched_outside_study_area,,,-73.476431,45.501335
census_tract_centroids,4620869.00,unmatched_outside_study_area,,,-73.449797,45.511045
census_tract_centroids,4620872.00,unmatched_outside_study_area,,,-73.482818,45.51045
census_tract_centroids,4620874.00,unmatched_outside_study_area,,,-73.474617,45.532421
census_tract_centroids,4620875.00,unmatched_outside_study_area,,,-73.46723,45.529271
census_tract_centroids,4620878.00,unmatched_outside_study_area,,,-73.486517,45.535805
census_tract_centroids,4620880.00,unmatched_outside_study_area,,,-73.498062,45.526243
census_tract_centroids,4620882.00,unmatched_outside_study_area,,,-73.49952,45.515503
census_tract_centroids,4620883.00,unmatched_outside_study_area,,,-73.513955,45.518366
census_tract_centroids,4620885.00,unmatched_outside_study_area,,,-73.500432,45.543503
census_tract_centroids,4620900.00,unmatched_outside_study_area,,,-73.216165,45.555877
census_tract_centroids,4620902.00,unmatched_outside_study_area,,,-73.233051,45.547179
census_tract_centroids,4621000.00,unmatched_outside_study_area,,,-73.48358,45.849485
census_tract_centroids,4621001.00,unmatched_outside_study_area,,,-73.507043,45.848199
census_tract_centroids,4621002.00,unmatched_outside_study_area,,,-73.327857,45.745997
census_tract_centroids,4621003.00,unmatched_outside_study_area,,,-74.192446,45.30735
census_tract_centroids,4621004.00,unmatched_outside_study_area,,,-74.237442,45.271798
census_tract_centroids,4621005.00,unmatched_outside_study_area,,,-74.27861,45.247453
census_tract_centroids,4620704.08,unmatched_outside_study_area,,,-73.879576,45.623229
census_tract_centroids,4620704.09,unmatched_outside_study_area,,,-73.854694,45.628035
census_tract_centroids,4620325.05,unmatched_outside_study_area,,,-73.614745,45.441069
census_tract_centroids,4620325.06,unmatched_outside_study_area,,,-73.60872,45.434782
census_tract_centroids,4620593.01,unmatched_outside_study_area,,,-73.561986,45.598955
census_tract_centroids,4620593.02,unmatched_outside_study_area,,,-73.55232,45.594009
census_tract_centroids,4620413.01,unmatched_outside_study_area,,,-73.692291,45.500966
census_tract_centroids,4620413.02,unmatched_outside_study_area,,,-73.687175,45.496585
census_tract_centroids,4620187.03,unmatched_outside_study_area,,,-73.562163,45.551414
census_tract_centroids,4620187.04,unmatched_outside_study_area,,,-73.565701,45.544886
census_tract_centroids,4620929.01,unmatched_outside_study_area,,,-73.198836,45.543779
census_tract_centroids,4620929.02,unmatched_outside_study_area,,,-73.215474,45.535348
census_tract_centroids,4620855.03,unmatched_outside_study_area,,,-73.350549,45.518748
census_tract_centroids,4620855.04,unmatched_outside_study_area,,,-73.343172,45.502501
census_tract_centroids,4620677.09,unmatched_outside_study_area,,,-73.419978,45.770463
census_tract_centroids,4620677.10,unmatched_outside_study_area,,,-73.409748,45.777773
census_tract_centroids,4620777.01,unmatched_outside_study_area,,,-73.922347,45.292228
census_tract_centroids,4620777.02,unmatched_outside_study_area,,,-73.855082,45.281314
census_tract_centroids,4620643.01,unmatched_outside_study_area,,,-73.76904,45.573664
census_tract_centroids,4620643.02,unmatched_outside_study_area,,,-73.75067,45.563552
census_tract_centroids,4620643.03,unmatched_outside_study_area,,,-73.758751,45.556703
census_tract_centroids,4620652.08,unmatched_outside_study_area,,,-73.794852,45.531188
census_tract_centroids,4620652.09,unmatched_outside_study_area,,,-73.788035,45.525048
census_tract_centroids,4620656.03,unmatched_outside_study_area,,,-73.822971,45.560774
census_tract_centroids,4620656.04,unmatched_outside_study_area,,,-73.842018,45.566612
census_tract_centroids,4620659.08,unmatched_outside_study_area,,,-73.793766,45.6002
census_tract_centroids,4620659.09,unmatched_outside_study_area,,,-73.796042,45.593343
census_tract_centroids,4620661.03,unmatched_outside_study_area,,,-73.720356,45.658117
census_tract_centroids,4620661.04,unmatched_outside_study_area,,,-73.750313,45.634085
census_tract_centroids,4620804.01,unmatched_outside_study_area,,,-73.754282,45.356264
census_tract_centroids,4620804.02,unmatched_outside_study_area,,,-73.780742,45.332192
census_tract_centroids,4620701.01,unmatched_outside_study_area,,,-73.770248,45.678249
census_tract_centroids,4620701.02,unmatched_outside_study_area,,,-73.758942,45.667646
census_tract_centroids,4620758.03,unmatched_outside_study_area,,,-74.197074,45.419991
census_tract_centroids,4620758.04,unmatched_outside_study_area,,,-74.180886,45.400018
census_tract_centroids,4620758.05,unmatched_outside_study_area,,,-74.147009,45.401367
census_tract_centroids,4620758.06,unmatched_outside_study_area,,,-74.113006,45.394385
census_tract_centroids,4620740.01,unmatched_outside_study_area,,,-74.255659,45.764739
census_tract_centroids,4620750.04,unmatched_outside_study_area,,,-73.987471,45.390947
census_tract_centroids,4620903.11,unmatched_outside_study_area,,,-73.360589,45.597556
census_tract_centroids,4620903.12,unmatched_outside_study_area,,,-73.343746,45.58157
census_tract_centroids,4620858.04,unmatched_outside_study_area,,,-73.42335,45.472749
census_tract_centroids,4620858.05,unmatched_outside_study_area,,,-73.393032,45.455097
census_tract_centroids,4620876.06,unmatched_outside_study_area,,,-73.450854,45.52281
census_tract_centroids,4620876.07,unmatched_outside_study_area,,,-73.441233,45.518495
census_tract_centroids,4620750.06,unmatched_outside_study_area,,,-73.964557,45.393644
census_tract_centroids,4620750.07,unmatched_outside_study_area,,,-73.947729,45.386089
census_tract_centroids,4620825.06,unmatched_outside_study_area,,,-73.44533,45.465306
census_tract_centroids,4620825.07,unmatched_outside_study_area,,,-73.435658,45.46022
census_tract_centroids,4620825.08,unmatched_outside_study_area,,,-73.406744,45.438831
census_tract_centroids,4620685.07,unmatched_outside_study_area,,,-73.615331,45.758954
census_tract_centroids,4620684.08,unmatched_outside_study_area,,,-73.587485,45.702234
census_tract_centroids,4620684.09,unmatched_outside_study_area,,,-73.550482,45.711281
census_tract_centroids,4620734.06,unmatched_outside_study_area,,,-74.085663,45.711801
census_tract_centroids,4620734.07,unmatched_outside_study_area,,,-74.039618,45.68623
census_tract_centroids,4620650.04,unmatched_outside_study_area,,,-73.780484,45.539074
census_tract_centroids,4620650.05,unmatched_outside_study_area,,,-73.766885,45.545927
census_tract_centroids,4620681.00,unmatched_outside_study_area,,,-73.359064,45.826592
census_tract_centroids,4620833.00,unmatched_outside_study_area,,,-73.458611,45.340095
census_tract_centroids,4620322.02,unmatched_outside_study_area,,,-73.614525,45.420216
census_tract_centroids,4620325.01,unmatched_outside_study_area,,,-73.633724,45.427568
census_tract_centroids,4620325.02,unmatched_outside_study_area,,,-73.621811,45.428534
census_tract_centroids,4620325.03,unmatched_outside_study_area,,,-73.621852,45.433415
census_tract_centroids,4620326.01,unmatched_outside_study_area,,,-73.619796,45.44746
census_tract_centroids,4620326.02,unmatched_outside_study_area,,,-73.644307,45.433232
census_tract_centroids,4620328.00,unmatched_outside_study_area,,,-73.652732,45.43283
census_tract_centroids,4620520.02,unmatched_outside_study_area,,,-73.79626,45.497577
census_tract_centroids,4620590.01,unmatched_outside_study_area,,,-73.546229,45.617753
census_tract_centroids,4620590.02,unmatched_outside_study_area,,,-73.549999,45.611094
census_tract_centroids,4620591.01,unmatched_outside_study_area,,,-73.543566,45.602469
census_tract_centroids,4620591.02,unmatched_outside_study_area,,,-73.549976,45.603861
census_tract_centroids,4620603.01,unmatched_outside_study_area,,,-73.596387,45.583251
census_tract_centroids,4620603.02,unmatched_outside_study_area,,,-73.599426,45.57695
census_tract_centroids,4620604.01,unmatched_outside_study_area,,,-73.607736,45.593478
census_tract_centroids,4620604.02,unmatched_outside_study_area,,,-73.615079,45.581758
census_tract_centroids,4620605.01,unmatched_outside_study_area,,,-73.583332,45.595848
census_tract_centroids,4620605.02,unmatched_outside_study_area,,,-73.59823,45.593459
census_tract_centroids,4620630.01,unmatched_outside_study_area,,,-73.673508,45.591823
census_tract_centroids,4620630.02,unmatched_outside_study_area,,,-73.681801,45.598598
census_tract_centroids,4620632.01,unmatched_outside_study_area,,,-73.71799,45.600516
census_tract_centroids,4620632.02,unmatched_outside_study_area,,,-73.729769,45.597885
census_tract_centroids,4620638.01,unmatched_outside_study_area,,,-73.703127,45.567475
census_tract_centroids,4620638.02,unmatched_outside_study_area,,,-73.694518,45.565448
census_tract_centroids,4620638.03,unmatched_outside_study_area,,,-73.689834,45.561794
census_tract_centroids,4620646.01,unmatched_outside_study_area,,,-73.740974,45.540234
census_tract_centroids,4620646.02,unmatched_outside_study_area,,,-73.731941,45.544009
census_tract_centroids,4620646.03,unmatched_outside_study_area,,,-73.727499,45.538779
census_tract_centroids,4620650.01,unmatched_outside_study_area,,,-73.766659,45.538169
census_tract_centroids,4620650.02,unmatched_outside_study_area,,,-73.755931,45.542962
census_tract_centroids,4620652.01,unmatched_outside_study_area,,,-73.7938,45.519571
census_tract_centroids,4620700.01,unmatched_outside_study_area,,,-73.628717,45.697225
census_tract_centroids,4620756.02,unmatched_outside_study_area,,,-74.206492,45.44729
census_tract_centroids,4620757.00,unmatched_outside_study_area,,,-74.155075,45.456118
census_tract_centroids,4620775.00,unmatched_outside_study_area,,,-73.799035,45.342687
census_tract_centroids,4620825.02,unmatched_outside_study_area,,,-73.450899,45.47073
census_tract_centroids,4620825.03,unmatched_outside_study_area,,,-73.461275,45.47591
census_tract_centroids,4620825.04,unmatched_outside_study_area,,,-73.479859,45.469335
census_tract_centroids,4620740.03,unmatched_outside_study_area,,,-74.143948,45.759843
census_tract_centroids,4620827.02,unmatched_outside_study_area,,,-73.496893,45.416768
census_tract_centroids,4620852.02,unmatched_outside_study_area,,,-73.266361,45.400772
census_tract_centroids,4620857.01,unmatched_outside_study_area,,,-73.417194,45.495203
census_tract_centroids,4620857.02,unmatched_outside_study_area,,,-73.422985,45.493049
census_tract_centroids,4620868.01,unmatched_outside_study_area,,,-73.458673,45.495056
census_tract_centroids,4620868.02,unmatched_outside_study_area,,,-73.468234,45.495334
census_tract_centroids,4620879.01,unmatched_outside_study_area,,,-73.488361,45.528428
census_tract_centroids,4620879.02,unmatched_outside_study_area,,,-73.499034,45.532705
census_tract_centroids,4620881.01,unmatched_outside_study_area,,,-73.499505,45.523094
census_tract_centroids,4620881.02,unmatched_outside_study_area,,,-73.499794,45.520054
census_tract_centroids,4620889.01,unmatched_outside_study_area,,,-73.449039,45.608829
census_tract_centroids,4620889.02,unmatched_outside_study_area,,,-73.435497,45.629403
census_tract_centroids,4620889.03,unmatched_outside_study_area,,,-73.446038,45.634377
census_tract_centroids,4620740.04,unmatched_outside_study_area,,,-74.134882,45.720572
census_tract_centroids,4620684.10,unmatched_outside_study_area,,,-73.608718,45.712772
census_tract_centroids,4620684.11,unmatched_outside_study_area,,,-73.604969,45.701911
census_tract_centroids,4620888.01,unmatched_outside_study_area,,,-73.396472,45.590784
census_tract_centroids,4620888.02,unmatched_outside_study_area,,,-73.435195,45.601622
census_tract_centroids,4620888.03,unmatched_outside_study_area,,,-73.424179,45.592762
census_tract_centroids,4620687.09,unmatched_outside_study_area,,,-73.720927,45.73342
census_tract_centroids,4620065.01,unmatched_outside_study_area,,,-73.581276,45.494308
census_tract_centroids,4620065.02,unmatched_outside_study_area,,,-73.585068,45.491265
census_tract_centroids,4620066.01,unmatched_outside_study_area,,,-73.57715,45.492191
census_tract_centroids,4620066.02,unmatched_outside_study_area,,,-73.580873,45.489185
census_tract_centroids,4620188.01,unmatched_outside_study_area,,,-73.566342,45.556912
census_tract_centroids,4620188.02,unmatched_outside_study_area,,,-73.559055,45.554548
census_tract_centroids,4620195.01,unmatched_outside_study_area,,,-73.567732,45.578579
census_tract_centroids,4620324.01,unmatched_outside_study_area,,,-73.637397,45.418758
census_tract_centroids,4620324.02,unmatched_outside_study_area,,,-73.632249,45.423682
census_tract_centroids,4620382.01,unmatched_outside_study_area,,,-73.660321,45.470809
census_tract_centroids,4620382.02,unmatched_outside_study_area,,,-73.672936,45.459461
census_tract_centroids,4620462.01,unmatched_outside_study_area,,,-73.851003,45.439185
census_tract_centroids,4620462.02,unmatched_outside_study_area,,,-73.881745,45.433521
census_tract_centroids,4620470.01,unmatched_outside_study_area,,,-73.856719,45.447123
census_tract_centroids,4620512.02,unmatched_outside_study_area,,,-73.850786,45.504723
census_tract_centroids,4620514.01,unmatched_outside_study_area,,,-73.855978,45.482361
census_tract_centroids,4620514.02,unmatched_outside_study_area,,,-73.866429,45.470418
census_tract_centroids,4620521.01,unmatched_outside_study_area,,,-73.834794,45.478786
census_tract_centroids,4620600.01,unmatched_outside_study_area,,,-73.571463,45.591077
census_tract_centroids,4620600.02,unmatched_outside_study_area,,,-73.571083,45.584804
census_tract_centroids,4620600.03,unmatched_outside_study_area,,,-73.580739,45.586811
census_tract_centroids,4620601.01,unmatched_outside_study_area,,,-73.577342,45.580887
census_tract_centroids,4620601.02,unmatched_outside_study_area,,,-73.58404,45.572731
census_tract_centroids,4620602.01,unmatched_outside_study_area,,,-73.586422,45.578891
census_tract_centroids,4620602.02,unmatched_outside_study_area,,,-73.59177,45.572696
census_tract_centroids,4620603.03,unmatched_outside_study_area,,,-73.603739,45.580655
census_tract_centroids,4620604.03,unmatched_outside_study_area,,,-73.607549,45.58556
census_tract_centroids,4620604.04,unmatched_outside_study_area,,,-73.619288,45.587161
census_tract_centroids,4620604.05,unmatched_outside_study_area,,,-73.615068,45.591983
census_tract_centroids,4620605.03,unmatched_outside_study_area,,,-73.593039,45.600472
census_tract_centroids,4620605.04,unmatched_outside_study_area,,,-73.604785,45.603471
census_tract_centroids,4620605.05,unmatched_outside_study_area,,,-73.590363,45.587109
census_tract_centroids,4620628.01,unmatched_outside_study_area,,,-73.659482,45.602287
census_tract_centroids,4620628.02,unmatched_outside_study_area,,,-73.667791,45.60295
census_tract_centroids,4620638.04,unmatched_outside_study_area,,,-73.702971,45.559909
census_tract_centroids,4620641.01,unmatched_outside_study_area,,,-73.714801,45.559461
census_tract_centroids,4620641.02,unmatched_outside_study_area,,,-73.721079,45.554352
census_tract_centroids,4620657.01,unmatched_outside_study_area,,,-73.789858,45.578284
census_tract_centroids,4620657.02,unmatched_outside_study_area,,,-73.803382,45.571288
census_tract_centroids,4620658.01,unmatched_outside_study_area,,,-73.798539,45.585961
census_tract_centroids,4620658.02,unmatched_outside_study_area,,,-73.808776,45.582742
census_tract_centroids,4620658.03,unmatched_outside_study_area,,,-73.818507,45.589121
census_tract_centroids,4620661.01,unmatched_outside_study_area,,,-73.762236,45.638775
census_tract_centroids,4620676.01,unmatched_outside_study_area,,,-73.471965,45.723125
census_tract_centroids,4620676.02,unmatched_outside_study_area,,,-73.476603,45.729858
census_tract_centroids,4620676.03,unmatched_outside_study_area,,,-73.45976,45.738438
census_tract_centroids,4620676.04,unmatched_outside_study_area,,,-73.470376,45.742383
census_tract_centroids,4620687.01,unmatched_outside_study_area,,,-73.671219,45.700964
census_tract_centroids,4620704.01,unmatched_outside_study_area,,,-73.824835,45.622613
census_tract_centroids,4620825.05,unmatched_outside_study_area,,,-73.487759,45.474508
census_tract_centroids,4620826.02,unmatched_outside_study_area,,,-73.456745,45.457147
census_tract_centroids,4620855.01,unmatched_outside_study_area,,,-73.37235,45.52298
census_tract_centroids,4620858.01,unmatched_outside_study_area,,,-73.431725,45.483958
census_tract_centroids,4620858.02,unmatched_outside_study_area,,,-73.441975,45.479621
census_tract_centroids,4620860.01,unmatched_outside_study_area,,,-73.449145,45.48909
census_tract_centroids,4620860.02,unmatched_outside_study_area,,,-73.471069,45.482638
census_tract_centroids,4620863.01,unmatched_outside_study_area,,,-73.503826,45.490265
census_tract_centroids,4620863.02,unmatched_outside_study_area,,,-73.505622,45.500411
census_tract_centroids,4620870.01,unmatched_outside_study_area,,,-73.465415,45.509296
census_tract_centroids,4620870.02,unmatched_outside_study_area,,,-73.459469,45.516768
census_tract_centroids,4620871.01,unmatched_outside_study_area,,,-73.469952,45.520255
census_tract_centroids,4620871.02,unmatched_outside_study_area,,,-73.47315,45.514988
census_tract_centroids,4620873.01,unmatched_outside_study_area,,,-73.48329,45.518607
census_tract_centroids,4620873.02,unmatched_outside_study_area,,,-73.479403,45.524168
census_tract_centroids,4620876.01,unmatched_outside_study_area,,,-73.460069,45.525833
census_tract_centroids,4620884.01,unmatched_outside_study_area,,,-73.522066,45.52658
census_tract_centroids,4620884.02,unmatched_outside_study_area,,,-73.513115,45.533147
census_tract_centroids,4620725.09,unmatched_outside_study_area,,,-73.92184,45.573938
census_tract_centroids,4620903.01,unmatched_outside_study_area,,,-73.317315,45.571482
census_tract_centroids,4620725.10,unmatched_outside_study_area,,,-73.902761,45.578712
census_tract_centroids,4620070.01,unmatched_outside_study_area,,,-73.556398,45.497829
census_tract_centroids,4620069.01,unmatched_outside_study_area,,,-73.565763,45.495363
census_tract_centroids,4620732.03,unmatched_outside_study_area,,,-74.118001,45.492834
census_tract_centroids,4620732.04,unmatched_outside_study_area,,,-74.069983,45.495032
census_tract_centroids,4620129.01,unmatched_outside_study_area,,,-73.583251,45.499581
census_tract_centroids,4620129.02,unmatched_outside_study_area,,,-73.578523,45.503576
census_tract_centroids,4620326.03,unmatched_outside_study_area,,,-73.635368,45.438054
census_tract_centroids,4620383.01,unmatched_outside_study_area,,,-73.6753,45.467225
census_tract_centroids,4620383.02,unmatched_outside_study_area,,,-73.668208,45.477934
census_tract_centroids,4620410.01,unmatched_outside_study_area,,,-73.681088,45.524378
census_tract_centroids,4620410.02,unmatched_outside_study_area,,,-73.672553,45.517326
census_tract_centroids,4620522.01,unmatched_outside_study_area,,,-73.842326,45.469619
census_tract_centroids,4620522.02,unmatched_outside_study_area,,,-73.847654,45.476523
census_tract_centroids,4620594.01,unmatched_outside_study_area,,,-73.571837,45.602289
census_tract_centroids,4620594.02,unmatched_outside_study_area,,,-73.573936,45.617037
census_tract_centroids,4620632.03,unmatched_outside_study_area,,,-73.704905,45.599023
census_tract_centroids,4620647.01,unmatched_outside_study_area,,,-73.751852,45.522879
census_tract_centroids,4620647.02,unmatched_outside_study_area,,,-73.745908,45.531443
census_tract_centroids,4620649.01,unmatched_outside_study_area,,,-73.765776,45.521134
census_tract_centroids,4620649.02,unmatched_outside_study_area,,,-73.771397,45.529843
census_tract_centroids,4620655.01,unmatched_outside_study_area,,,-73.875745,45.550006
census_tract_centroids,4620655.02,unmatched_outside_study_area,,,-73.866009,45.544491
census_tract_centroids,4620677.01,unmatched_outside_study_area,,,-73.435636,45.751171
census_tract_centroids,4620677.02,unmatched_outside_study_area,,,-73.444896,45.754791
census_tract_centroids,4620685.02,unmatched_outside_study_area,,,-73.582792,45.778699
census_tract_centroids,4620703.02,unmatched_outside_study_area,,,-73.806956,45.627503
census_tract_centroids,4620726.01,unmatched_outside_study_area,,,-73.883713,45.566851
census_tract_centroids,4620751.01,unmatched_outside_study_area,,,-73.983389,45.38196
census_tract_centroids,4620751.02,unmatched_outside_study_area,,,-73.980942,45.366998
census_tract_centroids,4620756.03,unmatched_outside_study_area,,,-74.07491,45.408505
census_tract_centroids,4620853.02,unmatched_outside_study_area,,,-73.267043,45.537291
census_tract_centroids,4620854.01,unmatched_outside_study_area,,,-73.327914,45.527232
census_tract_centroids,4620854.02,unmatched_outside_study_area,,,-73.333367,45.548949
census_tract_centroids,4620901.01,unmatched_outside_study_area,,,-73.211631,45.568316
census_tract_centroids,4620901.02,unmatched_outside_study_area,,,-73.203884,45.578346
census_tract_centroids,4620901.03,unmatched_outside_study_area,,,-73.218075,45.587296
census_tract_centroids,4620930.02,unmatched_outside_study_area,,,-73.170878,45.593324
census_tract_centroids,4620776.00,unmatched_outside_study_area,,,-73.83729,45.316686
census_tract_centroids,4620834.00,unmatched_outside_study_area,,,-73.681634,45.295188
census_tract_centroids,4620659.10,unmatched_outside_study_area,,,-73.769619,45.619478
census_tract_centroids,4620659.11,unmatched_outside_study_area,,,-73.781455,45.609328
census_tract_centroids,4620828.05,unmatched_outside_study_area,,,-73.499703,45.384223
census_tract_centroids,4620828.06,unmatched_outside_study_area,,,-73.508598,45.360496
census_tract_centroids,4620120.01,unmatched_outside_study_area,,,-73.660153,45.49164
census_tract_centroids,4620120.02,unmatched_outside_study_area,,,-73.652609,45.488701
census_tract_centroids,4620710.05,unmatched_outside_study_area,,,-73.847012,45.69324
census_tract_centroids,4620710.06,unmatched_outside_study_area,,,-73.876357,45.684499
census_tract_centroids,4620826.13,unmatched_outside_study_area,,,-73.466913,45.440253
census_tract_centroids,4620734.03,unmatched_outside_study_area,,,-74.00273,45.628327
census_tract_centroids,4620734.04,unmatched_outside_study_area,,,-73.953194,45.626926
census_tract_centroids,4620734.05,unmatched_outside_study_area,,,-73.929828,45.664249
census_tract_centroids,4620710.07,unmatched_outside_study_area,,,-73.90876,45.681909
census_tract_centroids,4620710.08,unmatched_outside_study_area,,,-73.893458,45.676053
census_tract_centroids,4620710.09,unmatched_outside_study_area,,,-73.816253,45.665746
census_tract_centroids,4620710.10,unmatched_outside_study_area,,,-73.816193,45.656128
census_tract_centroids,4620710.11,unmatched_outside_study_area,,,-73.816939,45.649741
census_tract_centroids,4620831.08,unmatched_outside_study_area,,,-73.59134,45.373585
census_tract_centroids,4620831.09,unmatched_outside_study_area,,,-73.56426,45.364979
census_tract_centroids,4620055.01,unmatched_outside_study_area,,,-73.554233,45.507159
census_tract_centroids,4620055.02,unmatched_outside_study_area,,,-73.54722,45.498339
census_tract_centroids,4620190.02,unmatched_outside_study_area,,,-73.557446,45.571611
census_tract_centroids,4620187.01,unmatched_outside_study_area,,,-73.558276,45.545717
census_tract_centroids,4620677.05,unmatched_outside_study_area,,,-73.454368,45.757756
census_tract_centroids,4620702.01,unmatched_outside_study_area,,,-73.77396,45.661132
census_tract_centroids,4620702.02,unmatched_outside_study_area,,,-73.788823,45.671533
census_tract_centroids,4620687.04,unmatched_outside_study_area,,,-73.660899,45.706999
census_tract_centroids,4620806.01,unmatched_outside_study_area,,,-73.706558,45.35935
census_tract_centroids,4620806.02,unmatched_outside_study_area,,,-73.700932,45.347174
census_tract_centroids,4620682.02,unmatched_outside_study_area,,,-73.501557,45.75264
census_tract_centroids,4620904.02,unmatched_outside_study_area,,,-73.443761,45.692717
census_tract_centroids,4620637.01,unmatched_outside_study_area,,,-73.715847,45.583551
census_tract_centroids,4620637.02,unmatched_outside_study_area,,,-73.706974,45.573974
census_tract_centroids,4620625.01,unmatched_outside_study_area,,,-73.563176,45.677876
census_tract_centroids,4620625.02,unmatched_outside_study_area,,,-73.587243,45.66944
census_tract_centroids,4620656.01,unmatched_outside_study_area,,,-73.844253,45.552835
census_tract_centroids,4620632.04,unmatched_outside_study_area,,,-73.72159,45.612876
census_tract_centroids,4620657.03,unmatched_outside_study_area,,,-73.812553,45.564429
census_tract_centroids,4620660.01,unmatched_outside_study_area,,,-73.746769,45.614722
census_tract_centroids,4620660.02,unmatched_outside_study_area,,,-73.73822,45.619037
census_tract_centroids,4620660.03,unmatched_outside_study_area,,,-73.730111,45.624539
census_tract_centroids,4620550.02,unmatched_outside_study_area,,,-73.909176,45.486518
census_tract_centroids,4620470.03,unmatched_outside_study_area,,,-73.891052,45.443772
census_tract_centroids,4620453.01,unmatched_outside_study_area,,,-73.810266,45.459186
census_tract_centroids,4620453.02,unmatched_outside_study_area,,,-73.810946,45.469197
census_tract_centroids,4620410.03,unmatched_outside_study_area,,,-73.662011,45.520121
census_tract_centroids,4620417.01,unmatched_outside_study_area,,,-73.70037,45.522426
census_tract_centroids,4620417.02,unmatched_outside_study_area,,,-73.693615,45.515967
census_tract_centroids,4621006.01,unmatched_outside_study_area,,,-73.789481,45.871968
census_tract_centroids,4621006.02,unmatched_outside_study_area,,,-73.743259,45.830398
census_tract_centroids,4621006.03,unmatched_outside_study_area,,,-73.740876,45.815796
census_tract_centroids,4620755.03,unmatched_outside_study_area,,,-74.050756,45.394116
census_tract_centroids,4620755.04,unmatched_outside_study_area,,,-74.028707,45.389237
census_tract_centroids,4620755.05,unmatched_outside_study_area,,,-74.042376,45.381546
census_tract_centroids,4620690.00,unmatched_outside_study_area,,,-73.326898,45.90598
census_tract_centroids,4620691.00,unmatched_outside_study_area,,,-73.283991,45.884983
census_tract_centroids,4620693.00,unmatched_outside_study_area,,,-73.423551,45.825533
census_tract_centroids,4620760.00,unmatched_outside_study_area,,,-74.091879,45.339154
census_tract_centroids,4620781.00,unmatched_outside_study_area,,,-74.003356,45.769963
census_tract_centroids,4620782.00,unmatched_outside_study_area,,,-74.019907,45.77221
census_tract_centroids,4620783.00,unmatched_outside_study_area,,,-74.02323,45.790903
census_tract_centroids,4620784.00,unmatched_outside_study_area,,,-74.00305,45.78865
census_tract_centroids,4620785.00,unmatched_outside_study_area,,,-73.981893,45.794546
census_tract_centroids,4620786.00,unmatched_outside_study_area,,,-73.985491,45.7577
census_tract_centroids,4620788.00,unmatched_outside_study_area,,,-74.007161,45.801188
census_tract_centroids,4620792.00,unmatched_outside_study_area,,,-74.088407,45.81087
census_tract_centroids,4622200.00,unmatched_outside_study_area,,,-73.294758,45.340378
census_tract_centroids,4622201.00,unmatched_outside_study_area,,,-73.304444,45.355823
census_tract_centroids,4622202.00,unmatched_outside_study_area,,,-73.277956,45.350118
census_tract_centroids,4622203.00,unmatched_outside_study_area,,,-73.257492,45.363419
census_tract_centroids,4622204.00,unmatched_outside_study_area,,,-73.2723,45.371296
census_tract_centroids,4622205.00,unmatched_outside_study_area,,,-73.295914,45.3648
census_tract_centroids,4622206.00,unmatched_outside_study_area,,,-73.323314,45.369271
census_tract_centroids,4622207.00,unmatched_outside_study_area,,,-73.370976,45.390037
census_tract_centroids,4622100.00,unmatched_outside_study_area,,,-73.31804,45.300066
census_tract_centroids,4622102.00,unmatched_outside_study_area,,,-73.363651,45.309708
census_tract_centroids,4622103.00,unmatched_outside_study_area,,,-73.384079,45.371509
census_tract_centroids,4622400.00,unmatched_outside_study_area,,,-73.214235,45.313911
census_tract_centroids,4622401.00,unmatched_outside_study_area,,,-73.236391,45.278234
census_tract_centroids,4622300.00,unmatched_outside_study_area,,,-73.238637,45.297743
census_tract_centroids,4622301.00,unmatched_outside_study_area,,,-73.239056,45.307381
census_tract_centroids,4622302.00,unmatched_outside_study_area,,,-73.22787,45.306792
census_tract_centroids,4622303.00,unmatched_outside_study_area,,,-73.215879,45.305763
census_tract_centroids,4622304.00,unmatched_outside_study_area,,,-73.240889,45.31402
census_tract_centroids,4622001.00,unmatched_outside_study_area,,,-73.256533,45.270494
census_tract_centroids,4622002.00,unmatched_outside_study_area,,,-73.290587,45.268397
census_tract_centroids,4622003.00,unmatched_outside_study_area,,,-73.282025,45.296595
census_tract_centroids,4622004.00,unmatched_outside_study_area,,,-73.271997,45.300389
census_tract_centroids,4622005.00,unmatched_outside_study_area,,,-73.260803,45.29741
census_tract_centroids,4622006.00,unmatched_outside_study_area,,,-73.250851,45.296175
census_tract_centroids,4622007.00,unmatched_outside_study_area,,,-73.251629,45.306018
census_tract_centroids,4622008.00,unmatched_outside_study_area,,,-73.261123,45.306075
census_tract_centroids,4622009.00,unmatched_outside_study_area,,,-73.295238,45.308308
census_tract_centroids,4622010.00,unmatched_outside_study_area,,,-73.283428,45.316554
census_tract_centroids,4622011.00,unmatched_outside_study_area,,,-73.257749,45.31205
census_tract_centroids,4622012.00,unmatched_outside_study_area,,,-73.25958,45.319889
census_tract_centroids,4622013.00,unmatched_outside_study_area,,,-73.274988,45.322203
census_tract_centroids,4622014.00,unmatched_outside_study_area,,,-73.280742,45.334156
census_tract_centroids,4622015.00,unmatched_outside_study_area,,,-73.268076,45.333582
census_tract_centroids,4622101.00,unmatched_outside_study_area,,,-73.337878,45.306851
census_tract_centroids,4622402.00,unmatched_outside_study_area,,,-73.235712,45.319153
census_tract_centroids,4620780.00,unmatched_outside_study_area,,,-73.989641,45.778546
census_tract_centroids,4620322.03,unmatched_outside_study_area,,,-73.602484,45.425393
census_tract_centroids,4620322.04,unmatched_outside_study_area,,,-73.607284,45.42246
census_tract_centroids,4620470.04,unmatched_outside_study_area,,,-73.870555,45.452325
census_tract_centroids,4620470.05,unmatched_outside_study_area,,,-73.854575,45.460535
census_tract_centroids,4620550.03,unmatched_outside_study_area,,,-73.871482,45.507751
census_tract_centroids,4620550.04,unmatched_outside_study_area,,,-73.887315,45.502898
census_tract_centroids,4620688.02,unmatched_outside_study_area,,,-73.820654,45.761603
census_tract_centroids,4620703.03,unmatched_outside_study_area,,,-73.786021,45.649896
census_tract_centroids,4620703.04,unmatched_outside_study_area,,,-73.798168,45.643433
census_tract_centroids,4620710.03,unmatched_outside_study_area,,,-73.895854,45.688979
census_tract_centroids,4620730.01,unmatched_outside_study_area,,,-73.944436,45.534775
census_tract_centroids,4620730.02,unmatched_outside_study_area,,,-73.936653,45.52513
census_tract_centroids,4620732.01,unmatched_outside_study_area,,,-74.016633,45.532344
census_tract_centroids,4620735.01,unmatched_outside_study_area,,,-73.936135,45.7411
census_tract_centroids,4620735.02,unmatched_outside_study_area,,,-73.899751,45.711147
census_tract_centroids,4620750.01,unmatched_outside_study_area,,,-73.898983,45.371048
census_tract_centroids,4620750.02,unmatched_outside_study_area,,,-73.946364,45.369243
census_tract_centroids,4620756.04,unmatched_outside_study_area,,,-74.025548,45.403136
census_tract_centroids,4620756.05,unmatched_outside_study_area,,,-74.039375,45.401236
census_tract_centroids,4620853.03,unmatched_outside_study_area,,,-73.301106,45.522361
census_tract_centroids,4620853.04,unmatched_outside_study_area,,,-73.28314,45.502991
census_tract_centroids,4620857.06,unmatched_outside_study_area,,,-73.412858,45.505308
census_tract_centroids,4620857.07,unmatched_outside_study_area,,,-73.37035,45.490616
census_tract_centroids,4620857.08,unmatched_outside_study_area,,,-73.378471,45.480763
census_tract_centroids,4620857.09,unmatched_outside_study_area,,,-73.406262,45.484383
census_tract_centroids,4620857.10,unmatched_outside_study_area,,,-73.375396,45.466728
census_tract_centroids,4620857.11,unmatched_outside_study_area,,,-73.443369,45.502436
census_tract_centroids,4620857.12,unmatched_outside_study_area,,,-73.430887,45.497043
census_tract_centroids,4620887.03,unmatched_outside_study_area,,,-73.469318,45.60541
census_tract_centroids,4620887.04,unmatched_outside_study_area,,,-73.449691,45.595014
census_tract_centroids,4620926.01,unmatched_outside_study_area,,,-73.22658,45.409483
census_tract_centroids,4620926.02,unmatched_outside_study_area,,,-73.225008,45.482781
census_tract_centroids,4620416.01,unmatched_outside_study_area,,,-73.72484,45.521592
census_tract_centroids,4620416.02,unmatched_outside_study_area,,,-73.720744,45.517509
census_tract_centroids,4620415.03,unmatched_outside_study_area,,,-73.701632,45.502588
census_tract_centroids,4620415.04,unmatched_outside_study_area,,,-73.694936,45.507514
census_tract_centroids,4620708.01,unmatched_outside_study_area,,,-73.822927,45.641097
census_tract_centroids,4620708.02,unmatched_outside_study_area,,,-73.830658,45.649769
census_tract_centroids,4620651.01,unmatched_outside_study_area,,,-73.777703,45.549726
census_tract_centroids,4620651.02,unmatched_outside_study_area,,,-73.790344,45.558465
census_tract_centroids,4620659.04,unmatched_outside_study_area,,,-73.760521,45.603194
census_tract_centroids,4620659.05,unmatched_outside_study_area,,,-73.77866,45.591487
census_tract_centroids,4620659.06,unmatched_outside_study_area,,,-73.787612,45.617435
census_tract_centroids,4620677.07,unmatched_outside_study_area,,,-73.431939,45.769811
census_tract_centroids,4620705.01,unmatched_outside_study_area,,,-73.869117,45.655357
census_tract_centroids,4620705.02,unmatched_outside_study_area,,,-73.85682,45.645834
census_tract_centroids,4620725.03,unmatched_outside_study_area,,,-73.868157,45.577128
census_tract_centroids,4620725.04,unmatched_outside_study_area,,,-73.859122,45.585906
census_tract_centroids,4620725.06,unmatched_outside_study_area,,,-73.947581,45.577922
census_tract_centroids,4620726.03,unmatched_outside_study_area,,,-73.897927,45.569237
census_tract_centroids,4620726.04,unmatched_outside_study_area,,,-73.883462,45.574573
census_tract_centroids,4620727.01,unmatched_outside_study_area,,,-73.904614,45.562354
census_tract_centroids,4620727.02,unmatched_outside_study_area,,,-73.902333,45.556542
census_tract_centroids,4620830.01,unmatched_outside_study_area,,,-73.584199,45.399634
census_tract_centroids,4620930.03,unmatched_outside_study_area,,,-73.185522,45.527529
census_tract_centroids,4620930.04,unmatched_outside_study_area,,,-73.161895,45.556652
census_tract_centroids,4620512.03,unmatched_outside_study_area,,,-73.829386,45.51427
census_tract_centroids,4620512.04,unmatched_outside_study_area,,,-73.835173,45.50929
census_tract_centroids,4620513.01,unmatched_outside_study_area,,,-73.831502,45.50344
census_tract_centroids,4620513.02,unmatched_outside_study_area,,,-73.841327,45.49589
census_tract_centroids,4620515.01,unmatched_outside_study_area,,,-73.91787,45.457149
census_tract_centroids,4620515.02,unmatched_outside_study_area,,,-73.887535,45.459437
census_tract_centroids,4620515.03,unmatched_outside_study_area,,,-73.875364,45.460315
census_tract_centroids,4620515.04,unmatched_outside_study_area,,,-73.881674,45.464724
census_tract_centroids,4620520.03,unmatched_outside_study_area,,,-73.78117,45.494188
census_tract_centroids,4620520.04,unmatched_outside_study_area,,,-73.79302,45.48813
census_tract_centroids,4620682.04,unmatched_outside_study_area,,,-73.468921,45.758202
census_tract_centroids,4620682.05,unmatched_outside_study_area,,,-73.468029,45.762876
census_tract_centroids,4620682.06,unmatched_outside_study_area,,,-73.458513,45.77073
census_tract_centroids,4620684.05,unmatched_outside_study_area,,,-73.641903,45.717529
census_tract_centroids,4620685.03,unmatched_outside_study_area,,,-73.594182,45.731956
census_tract_centroids,4620685.04,unmatched_outside_study_area,,,-73.606905,45.736386
census_tract_centroids,4620685.05,unmatched_outside_study_area,,,-73.602805,45.759649
census_tract_centroids,4620686.01,unmatched_outside_study_area,,,-73.663245,45.762981
census_tract_centroids,4620686.02,unmatched_outside_study_area,,,-73.660767,45.741339
census_tract_centroids,4620686.03,unmatched_outside_study_area,,,-73.658885,45.729426
census_tract_centroids,4620687.06,unmatched_outside_study_area,,,-73.691247,45.717422
census_tract_centroids,4620687.07,unmatched_outside_study_area,,,-73.66627,45.718564
census_tract_centroids,4620689.01,unmatched_outside_study_area,,,-73.70221,45.764649
census_tract_centroids,4620689.02,unmatched_outside_study_area,,,-73.715883,45.772922
census_tract_centroids,4620689.04,unmatched_outside_study_area,,,-73.751878,45.795269
census_tract_centroids,4620700.03,unmatched_outside_study_area,,,-73.644283,45.705488
census_tract_centroids,4620700.04,unmatched_outside_study_area,,,-73.644109,45.696262
census_tract_centroids,4620704.04,unmatched_outside_study_area,,,-73.834931,45.618628
census_tract_centroids,4620704.05,unmatched_outside_study_area,,,-73.847766,45.603805
census_tract_centroids,4620704.06,unmatched_outside_study_area,,,-73.833237,45.598712
census_tract_centroids,4620709.01,unmatched_outside_study_area,,,-73.879156,45.667384
census_tract_centroids,4620709.02,unmatched_outside_study_area,,,-73.852605,45.657669
census_tract_centroids,4620728.01,unmatched_outside_study_area,,,-73.909025,45.550966
census_tract_centroids,4620728.02,unmatched_outside_study_area,,,-73.910693,45.539651
census_tract_centroids,4620728.03,unmatched_outside_study_area,,,-73.897314,45.544762
census_tract_centroids,4620800.01,unmatched_outside_study_area,,,-73.73369,45.379511
census_tract_centroids,4620800.02,unmatched_outside_study_area,,,-73.726297,45.367121
census_tract_centroids,4620826.05,unmatched_outside_study_area,,,-73.489344,45.461759
census_tract_centroids,4620826.06,unmatched_outside_study_area,,,-73.4731,45.46007
census_tract_centroids,4620826.07,unmatched_outside_study_area,,,-73.49006,45.451082
census_tract_centroids,4620826.08,unmatched_outside_study_area,,,-73.477392,45.453407
census_tract_centroids,4620826.09,unmatched_outside_study_area,,,-73.48304,45.445445
census_tract_centroids,4620826.10,unmatched_outside_study_area,,,-73.485178,45.437723
census_tract_centroids,4620826.11,unmatched_outside_study_area,,,-73.461059,45.448477
census_tract_centroids,4620828.03,unmatched_outside_study_area,,,-73.52565,45.380637
census_tract_centroids,4620828.04,unmatched_outside_study_area,,,-73.52165,45.397237
census_tract_centroids,4620877.01,unmatched_outside_study_area,,,-73.463844,45.549524
census_tract_centroids,4620877.02,unmatched_outside_study_area,,,-73.481248,45.543041
census_tract_centroids,4620886.01,unmatched_outside_study_area,,,-73.467648,45.568987
census_tract_centroids,4620886.02,unmatched_outside_study_area,,,-73.487048,45.555214
census_tract_centroids,4620886.03,unmatched_outside_study_area,,,-73.485955,45.573525
census_tract_centroids,4620903.04,unmatched_outside_study_area,,,-73.333505,45.591962
census_tract_centroids,4620903.05,unmatched_outside_study_area,,,-73.346008,45.593271
census_tract_centroids,4620903.08,unmatched_outside_study_area,,,-73.342594,45.601487
census_tract_centroids,4620903.09,unmatched_outside_study_area,,,-73.280683,45.652401
census_tract_centroids,4620903.10,unmatched_outside_study_area,,,-73.311015,45.662407
census_tract_centroids,4620904.03,unmatched_outside_study_area,,,-73.381735,45.675992
census_tract_centroids,4620904.04,unmatched_outside_study_area,,,-73.420574,45.67678
census_tract_centroids,4620904.05,unmatched_outside_study_area,,,-73.42844,45.682341
census_tract_centroids,4620904.06,unmatched_outside_study_area,,,-73.4169,45.685559
census_tract_centroids,4620521.04,unmatched_outside_study_area,,,-73.820955,45.495688
census_tract_centroids,4620521.05,unmatched_outside_study_area,,,-73.83821,45.488207
census_tract_centroids,4620521.06,unmatched_outside_study_area,,,-73.815703,45.4877
census_tract_centroids,4620521.07,unmatched_outside_study_area,,,-73.816415,45.479871
census_tract_centroids,4620807.01,unmatched_outside_study_area,,,-73.72887,45.326688
census_tract_centroids,4620807.02,unmatched_outside_study_area,,,-73.75122,45.294481
census_tract_centroids,4620827.03,unmatched_outside_study_area,,,-73.469512,45.416936
census_tract_centroids,4620827.04,unmatched_outside_study_area,,,-73.433869,45.394578
census_tract_centroids,4620831.03,unmatched_outside_study_area,,,-73.564844,45.380564
census_tract_centroids,4620831.04,unmatched_outside_study_area,,,-73.5802,45.38359
census_tract_centroids,4620831.05,unmatched_outside_study_area,,,-73.590614,45.388419
census_tract_centroids,4620850.03,unmatched_outside_study_area,,,-73.295892,45.440443
census_tract_centroids,4620850.04,unmatched_outside_study_area,,,-73.293783,45.417553
census_tract_centroids,4620850.05,unmatched_outside_study_area,,,-73.267766,45.426112
census_tract_centroids,4620876.04,unmatched_outside_study_area,,,-73.440933,45.532374
census_tract_centroids,4620876.05,unmatched_outside_study_area,,,-73.443175,45.548389
census_tract_centroids,4620831.07,unmatched_outside_study_area,,,-73.569245,45.33012
census_tract_centroids,4620415.07,unmatched_outside_study_area,,,-73.712986,45.514859
census_tract_centroids,4620415.08,unmatched_outside_study_area,,,-73.715107,45.483866
census_tract_centroids,4620415.09,unmatched_outside_study_area,,,-73.745188,45.495787
census_tract_centroids,4620415.10,unmatched_outside_study_area,,,-73.727887,45.507333
census_tract_centroids,4620421.03,unmatched_outside_study_area,,,-73.67001,45.52784
census_tract_centroids,4620421.04,unmatched_outside_study_area,,,-73.675024,45.527958
census_tract_centroids,4620421.05,unmatched_outside_study_area,,,-73.675969,45.530255
census_tract_centroids,4620421.06,unmatched_outside_study_area,,,-73.677374,45.530766
census_tract_centroids,4620826.15,unmatched_outside_study_area,,,-73.434962,45.427584
census_tract_centroids,4620826.16,unmatched_outside_study_area,,,-73.444401,45.443425
census_tract_centroids,4620682.07,unmatched_outside_study_area,,,-73.503087,45.789251
census_tract_centroids,4620682.08,unmatched_outside_study_area,,,-73.475195,45.778782
census_tract_centroids,4620677.11,unmatched_outside_study_area,,,-73.443499,45.77877
census_tract_centroids,4620677.12,unmatched_outside_study_area,,,-73.436629,45.777311
census_tract_centroids,4620677.13,unmatched_outside_study_area,,,-73.417606,45.788458
census_tract_centroids,4620677.14,unmatched_outside_study_area,,,-73.424294,45.777856
census_tract_centroids,4620852.03,unmatched_outside_study_area,,,-73.285874,45.471588
census_tract_centroids,4620852.04,unmatched_outside_study_area,,,-73.320957,45.474522
census_tract_centroids,4620852.05,unmatched_outside_study_area,,,-73.345775,45.418276
census_tract_centroids,4620687.11,unmatched_outside_study_area,,,-73.777123,45.705875
census_tract_centroids,4620687.12,unmatched_outside_study_area,,,-73.791097,45.691225
census_tract_centroids,4620687.13,unmatched_outside_study_area,,,-73.735214,45.685676
census_tract_centroids,4620687.14,unmatched_outside_study_area,,,-73.7115,45.698348
census_tract_centroids,4620684.12,unmatched_outside_study_area,,,-73.531171,45.736652
census_tract_centroids,4620684.13,unmatched_outside_study_area,,,-73.519542,45.717909
census_tract_centroids,4620684.14,unmatched_outside_study_area,,,-73.500044,45.715056
census_tract_centroids,4620689.05,unmatched_outside_study_area,,,-73.731475,45.761755
census_tract_centroids,4620689.06,unmatched_outside_study_area,,,-73.711404,45.759872
census_tract_centroids,4620692.01,unmatched_outside_study_area,,,-73.428564,45.83899
census_tract_centroids,4620692.02,unmatched_outside_study_area,,,-73.4206,45.838764
census_tract_centroids,4620694.01,unmatched_outside_study_area,,,-73.442609,45.901899
census_tract_centroids,4620694.02,unmatched_outside_study_area,,,-73.422683,45.878435
census_tract_centroids,4620787.01,unmatched_outside_study_area,,,-73.966693,45.786365
census_tract_centroids,4620787.02,unmatched_outside_study_area,,,-73.980688,45.769649
census_tract_centroids,4620789.01,unmatched_outside_study_area,,,-74.018543,45.820059
census_tract_centroids,4620789.02,unmatched_outside_study_area,,,-73.988747,45.806728
census_tract_centroids,4620790.01,unmatched_outside_study_area,,,-74.053452,45.778946
census_tract_centroids,4620790.02,unmatched_outside_study_area,,,-74.026181,45.756808
census_tract_centroids,4620791.01,unmatched_outside_study_area,,,-74.040525,45.798722
census_tract_centroids,4620791.02,unmatched_outside_study_area,,,-74.051517,45.812816
census_tract_centroids,4620850.06,unmatched_outside_study_area,,,-73.305963,45.442964
census_tract_centroids,4620850.07,unmatched_outside_study_area,,,-73.314701,45.43041
census_tract_centroids,4620805.01,unmatched_outside_study_area,,,-73.737755,45.352813
census_tract_centroids,4620805.02,unmatched_outside_study_area,,,-73.725454,45.352046
census_tract_centroids,4620685.09,unmatched_outside_study_area,,,-73.619615,45.739667
census_tract_centroids,4620685.10,unmatched_outside_study_area,,,-73.62569,45.731395
census_tract_centroids,4620685.11,unmatched_outside_study_area,,,-73.627956,45.724739
census_tract_centroids,4621009.00,unmatched_outside_study_area,,,-73.607645,45.845469
