{"type":"FeatureCollection","name":"community_area_boundaries_real_v1","source_url":"https://donnees.montreal.ca/fr/dataset/9797a946-9da8-41ec-8815-f6b276dec7e9","license":"CC BY 4.0","features":[{"type":"Feature","properties":{"area_id":"A001","area_name":"Parc Extension","borough_name":"Villeray-Saint-Michel-Parc-Extension","boundary_type":"centroid_partition_within_official_boundary","boundary_source":"Ville de Montreal administrative boundaries","source_downloaded_date":"2026-06-23"},"geometry":{"type":"Polygon","coordinates":[[[-73.612928,45.541129],[-73.613103,45.540763],[-73.613346,45.540313],[-73.613479,45.540017],[-73.613584,45.539785],[-73.613602,45.539742],[-73.613621,45.539699],[-73.613639,45.539655],[-73.613658,45.539612],[-73.613676,45.539569],[-73.613694,45.539525],[-73.613713,45.539482],[-73.61374,45.539424],[-73.613768,45.539365],[-73.613795,45.539307],[-73.613823,45.539249],[-73.613851,45.539191],[-73.613879,45.539133],[-73.613907,45.539075],[-73.613918,45.539052],[-73.613929,45.539028],[-73.61394,45.539005],[-73.613952,45.538982],[-73.613963,45.538959],[-73.613975,45.538936],[-73.613986,45.538913],[-73.613997,45.538889],[-73.614009,45.538865],[-73.614021,45.538842],[-73.614034,45.538818],[-73.614047,45.538795],[-73.61406,45.538772],[-73.614074,45.538749],[-73.614078,45.538741],[-73.614083,45.538734],[-73.614087,45.538727],[-73.614092,45.538719],[-73.614096,45.538712],[-73.614101,45.538705],[-73.614105,45.538698],[-73.614118,45.538678],[-73.614131,45.538658],[-73.614145,45.538639],[-73.61416,45.53862],[-73.614175,45.538601],[-73.614192,45.538583],[-73.614209,45.538565],[-73.61422,45.538552],[-73.614231,45.538539],[-73.614242,45.538526],[-73.614253,45.538513],[-73.614264,45.5385],[-73.614275,45.538487],[-73.614286,45.538474],[-73.614364,45.538389],[-73.614541,45.538195],[-73.615237,45.537448],[-73.616796,45.535775],[-73.617319,45.535213],[-73.618208,45.534777],[-73.620923,45.531821],[-73.621527,45.531121],[-73.62137,45.531095],[-73.62106,45.531044],[-73.620892,45.531016],[-73.620761,45.530996],[-73.620623,45.530974],[-73.620503,45.530954],[-73.620378,45.530933],[-73.620268,45.530916],[-73.620239,45.530911],[-73.620209,45.530906],[-73.62018,45.530901],[-73.620151,45.530896],[-73.620121,45.530891],[-73.620092,45.530886],[-73.620063,45.530881],[-73.620034,45.530875],[-73.620004,45.53087],[-73.619975,45.530865],[-73.619946,45.530859],[-73.619916,45.530854],[-73.619887,45.530849],[-73.619858,45.530844],[-73.619816,45.530836],[-73.619775,45.530828],[-73.619734,45.530821],[-73.619693,45.530813],[-73.619652,45.530805],[-73.619611,45.530796],[-73.61957,45.530788],[-73.619528,45.530779],[-73.619486,45.53077],[-73.619444,45.530761],[-73.619402,45.530751],[-73.61936,45.530742],[-73.619318,45.530732],[-73.619276,45.530722],[-73.619248,45.530716],[-73.61922,45.530709],[-73.619193,45.530702],[-73.619165,45.530695],[-73.619138,45.530688],[-73.61911,45.53068],[-73.619083,45.530673],[-73.61906,45.530666],[-73.619038,45.53066],[-73.619016,45.530654],[-73.618994,45.530647],[-73.618971,45.53064],[-73.618949,45.530634],[-73.618927,45.530627],[-73.618904,45.53062],[-73.618882,45.530613],[-73.618859,45.530605],[-73.618836,45.530598],[-73.618814,45.53059],[-73.618792,45.530583],[-73.618769,45.530575],[-73.618746,45.530567],[-73.618722,45.530558],[-73.618699,45.53055],[-73.618676,45.530541],[-73.618653,45.530532],[-73.61863,45.530523],[-73.618607,45.530514],[-73.618584,45.530506],[-73.618561,45.530497],[-73.618538,45.530487],[-73.618515,45.530478],[-73.618493,45.530468],[-73.618471,45.530458],[-73.618449,45.530448],[-73.618427,45.530438],[-73.618405,45.530428],[-73.618384,45.530417],[-73.618362,45.530407],[-73.618341,45.530396],[-73.61832,45.530386],[-73.618299,45.530375],[-73.618274,45.530362],[-73.61825,45.53035],[-73.618226,45.530337],[-73.618202,45.530324],[-73.618178,45.530311],[-73.618155,45.530297],[-73.618131,45.530284],[-73.618106,45.530269],[-73.618081,45.530253],[-73.618056,45.530238],[-73.618031,45.530222],[-73.618006,45.530207],[-73.617981,45.530191],[-73.617957,45.530175],[-73.617936,45.53016],[-73.617916,45.530146],[-73.617895,45.530131],[-73.617875,45.530117],[-73.617854,45.530102],[-73.617834,45.530087],[-73.617814,45.530073],[-73.617794,45.530057],[-73.617774,45.53004],[-73.617754,45.530024],[-73.617734,45.530008],[-73.617714,45.529992],[-73.617694,45.529975],[-73.617674,45.529959],[-73.617655,45.529941],[-73.617635,45.529923],[-73.617616,45.529905],[-73.617597,45.529887],[-73.617577,45.529868],[-73.617558,45.52985],[-73.61754,45.529832],[-73.61752,45.529812],[-73.617501,45.529793],[-73.617482,45.529774],[-73.617463,45.529754],[-73.617445,45.529734],[-73.617428,45.529714],[-73.61741,45.529694],[-73.617392,45.529672],[-73.617373,45.52965],[-73.617355,45.529628],[-73.617338,45.529606],[-73.617321,45.529583],[-73.617304,45.529561],[-73.617288,45.529538],[-73.617271,45.529515],[-73.617255,45.529492],[-73.617239,45.529469],[-73.617224,45.529445],[-73.617209,45.529422],[-73.617194,45.529398],[-73.617179,45.529374],[-73.617165,45.52935],[-73.617151,45.529325],[-73.617137,45.5293],[-73.617124,45.529274],[-73.617112,45.529249],[-73.617099,45.529224],[-73.617088,45.529198],[-73.617076,45.529172],[-73.617064,45.529146],[-73.617053,45.52912],[-73.617043,45.529094],[-73.617032,45.529068],[-73.617023,45.529042],[-73.617013,45.529016],[-73.617006,45.528993],[-73.616999,45.52897],[-73.616992,45.528947],[-73.616985,45.528924],[-73.616979,45.528901],[-73.616973,45.528878],[-73.616967,45.528855],[-73.616963,45.528836],[-73.616958,45.528816],[-73.616954,45.528797],[-73.61695,45.528777],[-73.616946,45.528758],[-73.616943,45.528738],[-73.61694,45.528719],[-73.616937,45.528701],[-73.616934,45.528683],[-73.616932,45.528666],[-73.61693,45.528648],[-73.616928,45.528631],[-73.616926,45.528613],[-73.616924,45.528595],[-73.616923,45.528569],[-73.616921,45.528542],[-73.61692,45.528515],[-73.616919,45.528489],[-73.616919,45.528462],[-73.616919,45.528435],[-73.616919,45.528409],[-73.61692,45.528382],[-73.616921,45.528354],[-73.616923,45.528327],[-73.616925,45.5283],[-73.616927,45.528273],[-73.61693,45.528246],[-73.616933,45.528219],[-73.616937,45.528189],[-73.616941,45.528159],[-73.616946,45.52813],[-73.616951,45.528101],[-73.616957,45.528071],[-73.616963,45.528042],[-73.616969,45.528012],[-73.616977,45.527979],[-73.616986,45.527946],[-73.616995,45.527912],[-73.617004,45.527879],[-73.617014,45.527846],[-73.617025,45.527813],[-73.617036,45.52778],[-73.617041,45.527766],[-73.617046,45.527752],[-73.617051,45.527739],[-73.617056,45.527725],[-73.617062,45.527711],[-73.617067,45.527697],[-73.617073,45.527684],[-73.617229,45.527753],[-73.617279,45.527775],[-73.617305,45.527742],[-73.617492,45.527499],[-73.617533,45.527513],[-73.618074,45.52676],[-73.618272,45.526502],[-73.618446,45.526289],[-73.618969,45.525699],[-73.61939,45.525218],[-73.619388,45.525218],[-73.619533,45.525065],[-73.619687,45.52489],[-73.619787,45.524771],[-73.619926,45.524586],[-73.619955,45.524559],[-73.620122,45.524379],[-73.620202,45.5243],[-73.620686,45.523753],[-73.620776,45.523652],[-73.621667,45.523899],[-73.622146,45.524024],[-73.622293,45.523865],[-73.622612,45.52352],[-73.622767,45.523353],[-73.62308,45.523443],[-73.629461,45.525289],[-73.632099,45.526053],[-73.637511,45.527618],[-73.641481,45.528767],[-73.64241,45.529037],[-73.64819,45.53072],[-73.648311,45.530755],[-73.648618,45.530844],[-73.648596,45.53088],[-73.648416,45.531174],[-73.648383,45.531227],[-73.648203,45.531513],[-73.648164,45.531576],[-73.647965,45.531887],[-73.647751,45.53221],[-73.647564,45.532486],[-73.647364,45.532773],[-73.647135,45.533095],[-73.646952,45.533354],[-73.646794,45.533575],[-73.646667,45.533757],[-73.646529,45.533961],[-73.646413,45.53414],[-73.646165,45.534528],[-73.645971,45.534831],[-73.645911,45.534924],[-73.645855,45.53501],[-73.645671,45.535296],[-73.645659,45.535314],[-73.645647,45.535332],[-73.645636,45.535351],[-73.645624,45.535369],[-73.645613,45.535387],[-73.6454,45.53572],[-73.645189,45.536047],[-73.644977,45.536376],[-73.644755,45.536722],[-73.644554,45.537033],[-73.644311,45.537414],[-73.644257,45.537499],[-73.644098,45.53775],[-73.643895,45.538066],[-73.643689,45.538386],[-73.643513,45.53866],[-73.643342,45.538928],[-73.643156,45.539216],[-73.642941,45.539552],[-73.642727,45.539881],[-73.642527,45.540196],[-73.642337,45.540496],[-73.641949,45.541102],[-73.641565,45.5417],[-73.64118,45.5423],[-73.640789,45.542905],[-73.64038,45.543501],[-73.64032,45.543577],[-73.64026,45.543653],[-73.6402,45.543729],[-73.64014,45.543805],[-73.640081,45.543881],[-73.640021,45.543956],[-73.639961,45.544032],[-73.639514,45.544555],[-73.639294,45.54481],[-73.639047,45.545097],[-73.638805,45.545378],[-73.638307,45.545954],[-73.637847,45.546489],[-73.637426,45.546977],[-73.637335,45.547084],[-73.637244,45.54719],[-73.637152,45.547297],[-73.63706,45.547403],[-73.636967,45.547509],[-73.636875,45.547615],[-73.636781,45.547721],[-73.636734,45.547775],[-73.636685,45.547829],[-73.636636,45.547882],[-73.636587,45.547936],[-73.636536,45.547989],[-73.636486,45.548041],[-73.636434,45.548094],[-73.636427,45.548101],[-73.636419,45.548109],[-73.636411,45.548116],[-73.636403,45.548124],[-73.636395,45.548131],[-73.636387,45.548139],[-73.636379,45.548146],[-73.636346,45.548177],[-73.636313,45.548208],[-73.636279,45.548239],[-73.636245,45.54827],[-73.63621,45.5483],[-73.636176,45.548331],[-73.636141,45.548361],[-73.636102,45.548392],[-73.636063,45.548424],[-73.636023,45.548455],[-73.635984,45.548486],[-73.635945,45.548518],[-73.635907,45.548549],[-73.635868,45.548581],[-73.635859,45.548587],[-73.63585,45.548594],[-73.635841,45.5486],[-73.635832,45.548607],[-73.635823,45.548614],[-73.635813,45.54862],[-73.635804,45.548626],[-73.635765,45.548654],[-73.635725,45.548682],[-73.635686,45.548709],[-73.635646,45.548737],[-73.635606,45.548764],[-73.635566,45.548791],[-73.635525,45.548818],[-73.635478,45.548847],[-73.635431,45.548877],[-73.635383,45.548906],[-73.635335,45.548935],[-73.635287,45.548964],[-73.635238,45.548992],[-73.63519,45.549021],[-73.635126,45.549055],[-73.635063,45.549089],[-73.634998,45.549123],[-73.634934,45.549156],[-73.634868,45.549189],[-73.634803,45.549221],[-73.634737,45.549253],[-73.6347,45.549271],[-73.634663,45.549288],[-73.63466,45.549289],[-73.612817,45.54134],[-73.612928,45.541129]]]}},{"type":"Feature","properties":{"area_id":"A002","area_name":"Saint-Michel","borough_name":"Villeray-Saint-Michel-Parc-Extension","boundary_type":"centroid_partition_within_official_boundary","boundary_source":"Ville de Montreal administrative boundaries","source_downloaded_date":"2026-06-23"},"geometry":{"type":"Polygon","coordinates":[[[-73.634625,45.549305],[-73.634588,45.549322],[-73.634551,45.549339],[-73.634513,45.549356],[-73.634475,45.549372],[-73.634416,45.549397],[-73.634357,45.549421],[-73.634297,45.549445],[-73.634238,45.549469],[-73.634178,45.549493],[-73.634118,45.549517],[-73.634058,45.54954],[-73.633998,45.549561],[-73.633938,45.549583],[-73.633878,45.549604],[-73.633818,45.549625],[-73.633758,45.549646],[-73.633697,45.549667],[-73.633637,45.549688],[-73.633625,45.549691],[-73.633613,45.549695],[-73.633601,45.549699],[-73.633589,45.549702],[-73.633577,45.549706],[-73.633564,45.54971],[-73.633552,45.549713],[-73.633502,45.549729],[-73.633451,45.549744],[-73.6334,45.549759],[-73.633349,45.549774],[-73.633298,45.549788],[-73.633247,45.549803],[-73.633196,45.549818],[-73.633133,45.549834],[-73.633069,45.54985],[-73.633006,45.549866],[-73.632942,45.549881],[-73.632878,45.549897],[-73.632815,45.549913],[-73.632751,45.549929],[-73.632709,45.549938],[-73.632668,45.549947],[-73.632626,45.549956],[-73.632585,45.549965],[-73.632543,45.549974],[-73.632501,45.549983],[-73.632459,45.549991],[-73.632433,45.549996],[-73.632407,45.550001],[-73.632381,45.550006],[-73.632355,45.550011],[-73.632329,45.550016],[-73.632303,45.550021],[-73.632277,45.550027],[-73.632196,45.55004],[-73.632115,45.550053],[-73.632033,45.550066],[-73.631952,45.550078],[-73.63187,45.55009],[-73.631788,45.550102],[-73.631706,45.550113],[-73.631627,45.550125],[-73.631548,45.550136],[-73.631469,45.550148],[-73.63139,45.55016],[-73.631311,45.550173],[-73.631232,45.550185],[-73.631153,45.550198],[-73.631089,45.550209],[-73.631026,45.550221],[-73.630962,45.550232],[-73.630899,45.550244],[-73.630835,45.550255],[-73.630772,45.550267],[-73.630708,45.550279],[-73.630643,45.550293],[-73.630578,45.550307],[-73.630513,45.550321],[-73.630448,45.550335],[-73.630383,45.550349],[-73.630318,45.550364],[-73.630253,45.550378],[-73.630204,45.55039],[-73.630155,45.550402],[-73.630107,45.550414],[-73.630058,45.550426],[-73.63001,45.550439],[-73.629961,45.550452],[-73.629913,45.550466],[-73.629838,45.550488],[-73.629763,45.55051],[-73.629688,45.550533],[-73.629613,45.550556],[-73.629538,45.550579],[-73.629463,45.550602],[-73.629389,45.550626],[-73.629373,45.550631],[-73.629357,45.550637],[-73.629341,45.550643],[-73.629326,45.550648],[-73.62931,45.550654],[-73.629294,45.55066],[-73.629279,45.550666],[-73.62921,45.550691],[-73.62914,45.550716],[-73.629072,45.550741],[-73.629003,45.550767],[-73.628935,45.550794],[-73.628867,45.550821],[-73.6288,45.550848],[-73.628734,45.550875],[-73.628668,45.550902],[-73.628603,45.550929],[-73.628539,45.550957],[-73.628474,45.550985],[-73.62841,45.551014],[-73.628346,45.551043],[-73.628265,45.551079],[-73.628184,45.551116],[-73.628104,45.551154],[-73.628025,45.551193],[-73.627946,45.551232],[-73.627868,45.551272],[-73.627791,45.551313],[-73.627722,45.551349],[-73.627654,45.551385],[-73.627585,45.551422],[-73.627516,45.551459],[-73.627448,45.551495],[-73.62738,45.551532],[-73.627311,45.551569],[-73.627243,45.551607],[-73.627174,45.551645],[-73.627106,45.551682],[-73.627037,45.55172],[-73.626968,45.551757],[-73.626899,45.551795],[-73.62683,45.551832],[-73.626758,45.551871],[-73.626686,45.55191],[-73.626614,45.55195],[-73.626543,45.551989],[-73.626471,45.552029],[-73.6264,45.552068],[-73.626328,45.552108],[-73.626149,45.552205],[-73.625957,45.55231],[-73.625589,45.552512],[-73.625405,45.552612],[-73.625152,45.55275],[-73.624997,45.552836],[-73.624855,45.552915],[-73.624627,45.553039],[-73.624403,45.553162],[-73.624127,45.553312],[-73.623785,45.553498],[-73.623573,45.553614],[-73.623395,45.553711],[-73.623267,45.553781],[-73.623209,45.553812],[-73.623151,45.553842],[-73.623092,45.553873],[-73.623034,45.553903],[-73.622975,45.553933],[-73.622916,45.553963],[-73.622857,45.553992],[-73.622812,45.554015],[-73.622767,45.554037],[-73.622722,45.554059],[-73.622676,45.554081],[-73.622631,45.554103],[-73.622585,45.554125],[-73.622539,45.554147],[-73.62248,45.554174],[-73.622421,45.554201],[-73.622361,45.554228],[-73.622302,45.554255],[-73.622242,45.554282],[-73.622183,45.554309],[-73.622123,45.554336],[-73.622069,45.554359],[-73.622015,45.554382],[-73.621961,45.554405],[-73.621906,45.554428],[-73.621852,45.554451],[-73.621798,45.554474],[-73.621743,45.554496],[-73.62393,45.555474],[-73.626527,45.556599],[-73.626855,45.556741],[-73.626919,45.556769],[-73.627557,45.557041],[-73.628771,45.557571],[-73.630559,45.558345],[-73.631515,45.558759],[-73.633799,45.559753],[-73.636347,45.560862],[-73.636558,45.560954],[-73.636969,45.561131],[-73.637349,45.561297],[-73.637524,45.561373],[-73.639076,45.562047],[-73.639553,45.562252],[-73.639655,45.562296],[-73.640099,45.56249],[-73.640637,45.562724],[-73.641031,45.562896],[-73.641285,45.563006],[-73.641775,45.563218],[-73.642087,45.563356],[-73.642331,45.563462],[-73.642706,45.563625],[-73.642866,45.563694],[-73.643344,45.563902],[-73.64346,45.563952],[-73.64387,45.564131],[-73.644281,45.56431],[-73.64437,45.56435],[-73.644505,45.564409],[-73.644597,45.564449],[-73.644752,45.564516],[-73.644963,45.564609],[-73.645057,45.564649],[-73.645363,45.564779],[-73.645288,45.564897],[-73.645254,45.56495],[-73.645179,45.565062],[-73.645082,45.565204],[-73.644992,45.565335],[-73.644876,45.565496],[-73.644768,45.565645],[-73.644659,45.565789],[-73.644532,45.565951],[-73.644418,45.566094],[-73.644304,45.566236],[-73.644184,45.566384],[-73.643994,45.566612],[-73.643866,45.566766],[-73.643715,45.566947],[-73.643624,45.567057],[-73.64349,45.567218],[-73.643352,45.567382],[-73.643242,45.567513],[-73.643113,45.567667],[-73.642978,45.567828],[-73.64281,45.568032],[-73.642662,45.56821],[-73.64255,45.568344],[-73.642404,45.568517],[-73.642248,45.568703],[-73.642114,45.568865],[-73.641994,45.569007],[-73.641865,45.569162],[-73.641758,45.569289],[-73.64161,45.569466],[-73.641491,45.569609],[-73.64137,45.569753],[-73.641257,45.56989],[-73.641108,45.570065],[-73.640982,45.570216],[-73.640871,45.570349],[-73.640765,45.570475],[-73.640656,45.570606],[-73.640519,45.570771],[-73.640382,45.570934],[-73.640238,45.571106],[-73.640156,45.571204],[-73.640071,45.571306],[-73.639989,45.571403],[-73.639898,45.571512],[-73.639806,45.571622],[-73.639706,45.571741],[-73.639624,45.571839],[-73.639544,45.571934],[-73.639467,45.572028],[-73.639379,45.572132],[-73.6393,45.572227],[-73.639225,45.572315],[-73.639151,45.572404],[-73.63907,45.572502],[-73.638986,45.572602],[-73.638918,45.572683],[-73.638831,45.572787],[-73.638738,45.572898],[-73.63863,45.573026],[-73.638529,45.573147],[-73.638422,45.573275],[-73.638354,45.573356],[-73.638236,45.573497],[-73.638126,45.573628],[-73.638024,45.573752],[-73.637902,45.573896],[-73.63782,45.573994],[-73.63772,45.574114],[-73.637631,45.57422],[-73.637547,45.574321],[-73.637466,45.574417],[-73.637373,45.574528],[-73.63729,45.574628],[-73.637202,45.574733],[-73.637113,45.57484],[-73.637024,45.574945],[-73.636934,45.575053],[-73.63686,45.575143],[-73.636765,45.575255],[-73.636646,45.575397],[-73.636431,45.575655],[-73.636239,45.575888],[-73.636515,45.576003],[-73.636493,45.576026],[-73.636407,45.576121],[-73.636342,45.576192],[-73.635347,45.577288],[-73.634888,45.577794],[-73.634901,45.5778],[-73.63424,45.578506],[-73.634216,45.578533],[-73.633797,45.578994],[-73.633586,45.579226],[-73.633611,45.579249],[-73.633588,45.57925],[-73.632912,45.580015],[-73.632651,45.579902],[-73.632226,45.579718],[-73.632003,45.579621],[-73.631277,45.580405],[-73.630716,45.581011],[-73.630763,45.581061],[-73.630448,45.581416],[-73.630256,45.581604],[-73.629941,45.581959],[-73.629513,45.582376],[-73.629313,45.582618],[-73.628999,45.583001],[-73.628818,45.58325],[-73.628192,45.583886],[-73.627809,45.584289],[-73.62738,45.584772],[-73.626762,45.585466],[-73.625327,45.584834],[-73.62456,45.584691],[-73.624239,45.584636],[-73.623977,45.584523],[-73.623719,45.584358],[-73.62365,45.584313],[-73.623632,45.584301],[-73.623606,45.58428],[-73.623451,45.584172],[-73.623405,45.58414],[-73.623264,45.584003],[-73.623244,45.58399],[-73.623026,45.583851],[-73.622763,45.583728],[-73.622592,45.583661],[-73.622319,45.583554],[-73.622054,45.583433],[-73.621892,45.583356],[-73.62173,45.583273],[-73.621452,45.583131],[-73.62145,45.58313],[-73.621297,45.583045],[-73.621252,45.583024],[-73.621068,45.582938],[-73.621045,45.582927],[-73.620841,45.582831],[-73.62084,45.582831],[-73.620675,45.582758],[-73.620674,45.582758],[-73.620466,45.582666],[-73.620402,45.582638],[-73.620178,45.58254],[-73.620128,45.582519],[-73.619961,45.582449],[-73.619909,45.582427],[-73.619635,45.582307],[-73.619596,45.58229],[-73.619284,45.582153],[-73.619118,45.58208],[-73.61882,45.581949],[-73.618524,45.581818],[-73.618517,45.581815],[-73.618357,45.581745],[-73.618073,45.581621],[-73.618059,45.581615],[-73.617788,45.581496],[-73.617761,45.581484],[-73.617596,45.581409],[-73.617571,45.581397],[-73.617247,45.581256],[-73.61721,45.581239],[-73.616955,45.581128],[-73.616954,45.581127],[-73.616788,45.581057],[-73.616787,45.581056],[-73.616623,45.580983],[-73.61649,45.580924],[-73.616481,45.580919],[-73.616195,45.580791],[-73.616194,45.580791],[-73.61603,45.580718],[-73.616029,45.580718],[-73.615821,45.580625],[-73.615762,45.580599],[-73.615495,45.580479],[-73.615329,45.580406],[-73.615065,45.58029],[-73.615062,45.580289],[-73.614794,45.580171],[-73.614648,45.580076],[-73.614402,45.579966],[-73.614157,45.579856],[-73.614001,45.579794],[-73.614015,45.579778],[-73.614002,45.579772],[-73.613607,45.579595],[-73.613469,45.579533],[-73.613377,45.579491],[-73.613304,45.579459],[-73.613102,45.579368],[-73.612964,45.579305],[-73.612845,45.579251],[-73.612827,45.579243],[-73.612689,45.57918],[-73.612681,45.579176],[-73.612551,45.579118],[-73.612414,45.579055],[-73.612276,45.578992],[-73.612131,45.578927],[-73.612129,45.578926],[-73.611918,45.578824],[-73.611916,45.578824],[-73.611622,45.578691],[-73.611326,45.578558],[-73.611324,45.578556],[-73.611107,45.578462],[-73.611104,45.578461],[-73.610723,45.578294],[-73.610674,45.578273],[-73.610607,45.578244],[-73.610229,45.578083],[-73.610039,45.578003],[-73.609848,45.577922],[-73.609658,45.577841],[-73.609468,45.57776],[-73.609277,45.577679],[-73.609137,45.577619],[-73.608996,45.57756],[-73.608856,45.5775],[-73.608716,45.57744],[-73.608496,45.577346],[-73.608348,45.577283],[-73.608208,45.577224],[-73.608067,45.577164],[-73.607927,45.577105],[-73.607786,45.577046],[-73.607644,45.576988],[-73.607503,45.576929],[-73.607362,45.576871],[-73.60722,45.576812],[-73.60708,45.576752],[-73.606941,45.576692],[-73.606801,45.576632],[-73.606661,45.576571],[-73.606521,45.576511],[-73.606381,45.576451],[-73.606237,45.576392],[-73.606066,45.576323],[-73.60593,45.576268],[-73.605711,45.576167],[-73.605216,45.575938],[-73.604834,45.575761],[-73.604635,45.575669],[-73.604575,45.575647],[-73.604362,45.575573],[-73.604312,45.575546],[-73.604171,45.575471],[-73.60403,45.575396],[-73.60389,45.575321],[-73.60375,45.575247],[-73.60361,45.575172],[-73.60347,45.575098],[-73.60333,45.575023],[-73.603117,45.57491],[-73.602758,45.574748],[-73.602694,45.574675],[-73.602642,45.574616],[-73.602414,45.574357],[-73.602407,45.574348],[-73.602399,45.57434],[-73.602392,45.574331],[-73.602384,45.574323],[-73.602377,45.574314],[-73.602369,45.574306],[-73.602361,45.574297],[-73.602354,45.574289],[-73.602346,45.574281],[-73.602338,45.574272],[-73.602019,45.57441],[-73.601841,45.574488],[-73.60182,45.574464],[-73.601754,45.574389],[-73.601679,45.574303],[-73.601669,45.574292],[-73.601533,45.574249],[-73.601261,45.574163],[-73.601244,45.574158],[-73.60103,45.574066],[-73.600873,45.573996],[-73.600803,45.574075],[-73.600694,45.574024],[-73.60065,45.574065],[-73.600543,45.574016],[-73.600546,45.574012],[-73.600778,45.573739],[-73.601232,45.573236],[-73.601169,45.573207],[-73.601581,45.572748],[-73.601426,45.57268],[-73.600791,45.5724],[-73.599763,45.571947],[-73.599044,45.57163],[-73.598889,45.571561],[-73.598542,45.571408],[-73.598384,45.571335],[-73.59784,45.571096],[-73.597702,45.571036],[-73.597564,45.570975],[-73.597426,45.570914],[-73.597288,45.570853],[-73.59715,45.570792],[-73.597012,45.570732],[-73.596873,45.570671],[-73.596738,45.570611],[-73.596596,45.570549],[-73.596461,45.570489],[-73.596322,45.570428],[-73.596183,45.570367],[-73.596046,45.570306],[-73.595906,45.570245],[-73.595689,45.570149],[-73.595516,45.570073],[-73.595377,45.570011],[-73.595239,45.56995],[-73.5951,45.569889],[-73.594963,45.569828],[-73.594825,45.569767],[-73.594686,45.569706],[-73.594547,45.569644],[-73.594382,45.569571],[-73.59423,45.569504],[-73.59408,45.569438],[-73.593912,45.569364],[-73.593749,45.569292],[-73.593583,45.569218],[-73.593419,45.569146],[-73.593254,45.569072],[-73.593115,45.569011],[-73.592921,45.568926],[-73.592703,45.568829],[-73.590387,45.567807],[-73.590169,45.56771],[-73.587144,45.566372],[-73.587114,45.566406],[-73.586291,45.566151],[-73.586711,45.565666],[-73.587217,45.565085],[-73.5885,45.563609],[-73.589193,45.562812],[-73.589819,45.562096],[-73.590426,45.5614],[-73.590996,45.560744],[-73.591591,45.560062],[-73.592192,45.559371],[-73.592794,45.558681],[-73.593339,45.558064],[-73.593965,45.557352],[-73.594617,45.556603],[-73.595099,45.556049],[-73.595574,45.555495],[-73.596379,45.554577],[-73.596675,45.554237],[-73.597269,45.553556],[-73.597864,45.552871],[-73.598469,45.552175],[-73.599054,45.551484],[-73.599568,45.550888],[-73.600082,45.550287],[-73.600535,45.549755],[-73.600986,45.549224],[-73.601373,45.548768],[-73.601508,45.548613],[-73.601868,45.548182],[-73.601992,45.548023],[-73.602386,45.547581],[-73.60253,45.54743],[-73.602913,45.547023],[-73.603055,45.546872],[-73.603453,45.546449],[-73.603539,45.546357],[-73.605185,45.547112],[-73.606923,45.547882],[-73.607056,45.54794],[-73.607139,45.547848],[-73.607538,45.547407],[-73.607676,45.547254],[-73.608081,45.546806],[-73.608218,45.546652],[-73.608611,45.546229],[-73.608753,45.546078],[-73.609359,45.545434],[-73.6095,45.545282],[-73.610012,45.54471],[-73.610149,45.544558],[-73.610661,45.543986],[-73.610799,45.543833],[-73.611255,45.543323],[-73.611392,45.54317],[-73.611928,45.542576],[-73.612103,45.542381],[-73.612266,45.542199],[-73.61258,45.541763],[-73.612683,45.541595],[-73.612817,45.54134],[-73.63466,45.549289],[-73.634625,45.549305]]]}},{"type":"Feature","properties":{"area_id":"A003","area_name":"Cote-des-Neiges","borough_name":"Cote-des-Neiges-Notre-Dame-de-Grace","boundary_type":"official_administrative_boundary","boundary_source":"Ville de Montreal administrative boundaries","source_downloaded_date":"2026-06-23"},"geometry":{"type":"MultiPolygon","coordinates":[[[[-73.63082,45.479345],[-73.631168,45.478967],[-73.631124,45.478947],[-73.63107,45.478923],[-73.631025,45.478902],[-73.630917,45.478854],[-73.63081,45.478806],[-73.630711,45.478762],[-73.630613,45.478717],[-73.630506,45.478669],[-73.630398,45.478621],[-73.630283,45.478569],[-73.629915,45.478404],[-73.629924,45.478365],[-73.630371,45.478283],[-73.632019,45.477982],[-73.632559,45.477883],[-73.632832,45.477785],[-73.633485,45.477557],[-73.63371,45.477478],[-73.634636,45.477193],[-73.634965,45.477105],[-73.6353,45.477033],[-73.635669,45.476972],[-73.636015,45.476932],[-73.636423,45.476904],[-73.63668,45.476893],[-73.63708,45.476886],[-73.637249,45.476878],[-73.6376,45.476866],[-73.637955,45.476852],[-73.638249,45.476845],[-73.638566,45.476846],[-73.638674,45.476845],[-73.638872,45.476842],[-73.639037,45.476856],[-73.639323,45.476863],[-73.639504,45.476835],[-73.639607,45.476804],[-73.639735,45.476747],[-73.640378,45.476334],[-73.641002,45.475933],[-73.641626,45.475533],[-73.642087,45.475236],[-73.642281,45.475104],[-73.642716,45.47483],[-73.642917,45.474716],[-73.64312,45.474603],[-73.643358,45.474491],[-73.643888,45.47422],[-73.64446,45.473967],[-73.64439,45.473937],[-73.645922,45.473276],[-73.645887,45.473091],[-73.647034,45.472172],[-73.647207,45.472033],[-73.647668,45.471674],[-73.647874,45.471503],[-73.648315,45.471153],[-73.648489,45.471013],[-73.648936,45.470652],[-73.64911,45.470513],[-73.649335,45.470335],[-73.649453,45.470382],[-73.649834,45.469681],[-73.650348,45.468733],[-73.650886,45.468371],[-73.651767,45.467877],[-73.652214,45.467626],[-73.653232,45.466292],[-73.653308,45.466315],[-73.653567,45.465959],[-73.654161,45.465148],[-73.655759,45.462955],[-73.655861,45.462898],[-73.655871,45.462893],[-73.656247,45.462685],[-73.657471,45.462],[-73.657403,45.461972],[-73.658273,45.461454],[-73.658064,45.461387],[-73.657713,45.46125],[-73.657718,45.461239],[-73.657722,45.461227],[-73.657724,45.461215],[-73.657725,45.461203],[-73.657724,45.461191],[-73.657722,45.46118],[-73.657718,45.461168],[-73.657713,45.461157],[-73.657706,45.461146],[-73.657698,45.461135],[-73.657689,45.461125],[-73.657679,45.461116],[-73.657667,45.461107],[-73.657635,45.461078],[-73.657607,45.461048],[-73.657582,45.461016],[-73.657582,45.460985],[-73.657584,45.46098],[-73.657586,45.460974],[-73.657589,45.460969],[-73.657592,45.460964],[-73.657596,45.460959],[-73.657601,45.460954],[-73.657606,45.46095],[-73.657612,45.460946],[-73.657648,45.460924],[-73.657656,45.460918],[-73.657664,45.460912],[-73.657671,45.460905],[-73.657677,45.460899],[-73.657712,45.460857],[-73.657745,45.460818],[-73.657747,45.460815],[-73.657749,45.460812],[-73.657751,45.460809],[-73.657752,45.460805],[-73.657753,45.460802],[-73.657753,45.460799],[-73.657753,45.460795],[-73.657752,45.460792],[-73.657729,45.460671],[-73.657728,45.460669],[-73.657728,45.460666],[-73.657727,45.460663],[-73.657721,45.460645],[-73.657713,45.460628],[-73.657703,45.460611],[-73.657695,45.460601],[-73.657685,45.460591],[-73.657675,45.460582],[-73.657663,45.460574],[-73.65765,45.460566],[-73.657635,45.460559],[-73.657575,45.460527],[-73.657561,45.460521],[-73.657546,45.460515],[-73.657531,45.46051],[-73.657515,45.460507],[-73.657498,45.460504],[-73.657482,45.460503],[-73.657465,45.460502],[-73.657457,45.460502],[-73.657449,45.460502],[-73.65744,45.460501],[-73.657434,45.4605],[-73.657428,45.460499],[-73.657422,45.460498],[-73.657379,45.460489],[-73.657306,45.460474],[-73.657301,45.460472],[-73.657296,45.460471],[-73.657291,45.460469],[-73.657287,45.460467],[-73.657283,45.460464],[-73.657279,45.460462],[-73.657275,45.460459],[-73.657272,45.460456],[-73.65727,45.460452],[-73.657267,45.460449],[-73.657265,45.460445],[-73.657265,45.460445],[-73.657265,45.460444],[-73.657265,45.460444],[-73.65726,45.460432],[-73.657256,45.460419],[-73.657253,45.460407],[-73.657252,45.460401],[-73.657251,45.460394],[-73.657251,45.460388],[-73.657251,45.460375],[-73.657253,45.460362],[-73.657256,45.460348],[-73.657261,45.460328],[-73.657282,45.460254],[-73.657286,45.460241],[-73.657293,45.460216],[-73.657293,45.460215],[-73.657293,45.460213],[-73.657293,45.460212],[-73.657293,45.46021],[-73.657293,45.460209],[-73.657292,45.460208],[-73.657292,45.460206],[-73.657291,45.460205],[-73.65729,45.460204],[-73.657288,45.460202],[-73.657287,45.460201],[-73.657285,45.4602],[-73.657284,45.460199],[-73.657282,45.460198],[-73.65728,45.460197],[-73.657253,45.460187],[-73.657245,45.460183],[-73.657238,45.46018],[-73.657231,45.460176],[-73.657225,45.460171],[-73.657219,45.460167],[-73.657214,45.460162],[-73.65721,45.460156],[-73.657208,45.460154],[-73.657206,45.460151],[-73.657205,45.460148],[-73.657204,45.460145],[-73.657204,45.460142],[-73.657203,45.460139],[-73.657204,45.460135],[-73.657204,45.460132],[-73.657205,45.460129],[-73.657207,45.460126],[-73.65721,45.46012],[-73.657214,45.460114],[-73.657219,45.460108],[-73.657225,45.460103],[-73.657232,45.460098],[-73.657238,45.460094],[-73.657246,45.46009],[-73.657249,45.460089],[-73.657484,45.459985],[-73.657531,45.459954],[-73.657538,45.459949],[-73.657545,45.459943],[-73.657551,45.459937],[-73.657556,45.45993],[-73.65756,45.459924],[-73.657564,45.459917],[-73.657567,45.45991],[-73.657569,45.459902],[-73.657574,45.459882],[-73.657585,45.459846],[-73.657586,45.45984],[-73.657587,45.459835],[-73.657587,45.459829],[-73.657586,45.459823],[-73.657584,45.459817],[-73.657582,45.459811],[-73.657579,45.459806],[-73.657575,45.4598],[-73.65757,45.459794],[-73.657566,45.459787],[-73.657564,45.45978],[-73.657561,45.459772],[-73.65756,45.459765],[-73.65756,45.459757],[-73.657561,45.45975],[-73.657562,45.459743],[-73.657565,45.459736],[-73.657568,45.459729],[-73.657572,45.459722],[-73.657577,45.459715],[-73.657583,45.459709],[-73.65759,45.459703],[-73.657597,45.459698],[-73.657604,45.459693],[-73.657612,45.459688],[-73.657616,45.459686],[-73.65762,45.459685],[-73.657624,45.459683],[-73.657629,45.459682],[-73.657633,45.459681],[-73.657638,45.459681],[-73.657682,45.459676],[-73.657709,45.459675],[-73.657736,45.459674],[-73.657762,45.459676],[-73.657928,45.459691],[-73.65806,45.4597],[-73.658078,45.459702],[-73.658095,45.459705],[-73.658112,45.459709],[-73.658129,45.459714],[-73.658145,45.45972],[-73.65816,45.459727],[-73.658174,45.459735],[-73.658187,45.459743],[-73.65829,45.459819],[-73.658292,45.459821],[-73.658295,45.459822],[-73.658297,45.459823],[-73.6583,45.459824],[-73.658303,45.459825],[-73.658306,45.459826],[-73.65831,45.459827],[-73.658313,45.459827],[-73.658316,45.459827],[-73.658319,45.459827],[-73.658323,45.459827],[-73.658327,45.459826],[-73.658332,45.459825],[-73.658336,45.459824],[-73.65834,45.459823],[-73.658344,45.459821],[-73.658348,45.459819],[-73.658352,45.459817],[-73.658355,45.459815],[-73.658367,45.459804],[-73.658378,45.459793],[-73.658388,45.459782],[-73.65843,45.459727],[-73.658438,45.459717],[-73.658443,45.459711],[-73.658094,45.459581],[-73.657963,45.45953],[-73.65785,45.459487],[-73.657804,45.45947],[-73.657632,45.459406],[-73.65746,45.459342],[-73.657328,45.459293],[-73.657287,45.459278],[-73.657115,45.459214],[-73.656905,45.459135],[-73.656771,45.459085],[-73.656679,45.459051],[-73.656672,45.459049],[-73.656325,45.458919],[-73.65623,45.458883],[-73.655739,45.458694],[-73.655406,45.458565],[-73.655397,45.458562],[-73.655188,45.458469],[-73.655185,45.458467],[-73.655088,45.45843],[-73.654975,45.458386],[-73.654906,45.45836],[-73.654862,45.458343],[-73.654761,45.458304],[-73.654735,45.458294],[-73.654676,45.458271],[-73.65459,45.458238],[-73.654564,45.458228],[-73.654489,45.458199],[-73.654444,45.458182],[-73.65439,45.458161],[-73.654291,45.458123],[-73.654192,45.458085],[-73.654092,45.458046],[-73.654085,45.458044],[-73.653992,45.458008],[-73.653965,45.457998],[-73.653845,45.457952],[-73.653821,45.457942],[-73.653691,45.457892],[-73.653606,45.457859],[-73.653558,45.457841],[-73.653486,45.457813],[-73.653428,45.457791],[-73.653366,45.457767],[-73.6533,45.457742],[-73.653194,45.457701],[-73.653172,45.457692],[-73.653043,45.457643],[-73.653025,45.457636],[-73.652917,45.457594],[-73.652854,45.45757],[-73.652789,45.457545],[-73.652703,45.457512],[-73.652683,45.457504],[-73.652618,45.457479],[-73.652512,45.457438],[-73.652447,45.457413],[-73.652341,45.457373],[-73.652307,45.457359],[-73.652177,45.457309],[-73.65217,45.457307],[-73.652021,45.457249],[-73.651999,45.457241],[-73.651935,45.457216],[-73.651829,45.457175],[-73.651816,45.45717],[-73.651658,45.457109],[-73.651595,45.457085],[-73.651369,45.456998],[-73.651313,45.456976],[-73.651142,45.45691],[-73.650971,45.456844],[-73.6508,45.456778],[-73.650629,45.456713],[-73.650458,45.456646],[-73.650287,45.456581],[-73.650115,45.456514],[-73.649943,45.456448],[-73.649771,45.456381],[-73.649598,45.456315],[-73.649426,45.456248],[-73.64926,45.456182],[-73.649088,45.456116],[-73.64908,45.456113],[-73.648916,45.456049],[-73.648875,45.456034],[-73.648747,45.455984],[-73.648739,45.455981],[-73.648588,45.455923],[-73.648574,45.455917],[-73.648452,45.45587],[-73.648403,45.455851],[-73.648315,45.455817],[-73.648232,45.455785],[-73.648165,45.455759],[-73.648062,45.455719],[-73.648015,45.455701],[-73.647891,45.455653],[-73.647878,45.455648],[-73.647741,45.455595],[-73.647714,45.455584],[-73.647591,45.455537],[-73.647542,45.455518],[-73.647441,45.455479],[-73.64737,45.455452],[-73.647192,45.455382],[-73.647113,45.455352],[-73.647021,45.455316],[-73.64686,45.455254],[-73.646855,45.455252],[-73.646683,45.455186],[-73.646682,45.455185],[-73.646568,45.455141],[-73.646441,45.455092],[-73.646439,45.455091],[-73.646197,45.454998],[-73.646027,45.454931],[-73.646027,45.454931],[-73.645771,45.454831],[-73.645765,45.454828],[-73.645601,45.454764],[-73.645589,45.45476],[-73.645432,45.454698],[-73.645419,45.454693],[-73.645261,45.454631],[-73.645248,45.454626],[-73.645089,45.454564],[-73.645078,45.45456],[-73.644918,45.454497],[-73.644908,45.454493],[-73.644746,45.45443],[-73.644738,45.454426],[-73.644567,45.45436],[-73.644482,45.454326],[-73.644439,45.454309],[-73.644397,45.454293],[-73.644274,45.454245],[-73.644227,45.454226],[-73.644146,45.454195],[-73.644057,45.45416],[-73.643891,45.454095],[-73.643886,45.454093],[-73.642867,45.453694],[-73.642737,45.453643],[-73.6427,45.453629],[-73.642475,45.453543],[-73.642345,45.453495],[-73.642042,45.45338],[-73.642005,45.453366],[-73.641864,45.453311],[-73.641765,45.453273],[-73.641664,45.453233],[-73.641639,45.453224],[-73.641493,45.453167],[-73.641322,45.453101],[-73.64115,45.453034],[-73.640825,45.452908],[-73.640637,45.452835],[-73.640466,45.452769],[-73.640295,45.452703],[-73.639995,45.452586],[-73.639954,45.45257],[-73.639762,45.452495],[-73.63972,45.452479],[-73.639453,45.45237],[-73.639077,45.452225],[-73.639031,45.452208],[-73.638973,45.452185],[-73.638802,45.45212],[-73.63863,45.452054],[-73.638459,45.451989],[-73.638288,45.451923],[-73.638117,45.451858],[-73.637946,45.451792],[-73.637775,45.451726],[-73.637604,45.451661],[-73.637347,45.451562],[-73.637091,45.451464],[-73.636919,45.451398],[-73.636748,45.451333],[-73.636577,45.451267],[-73.636406,45.451202],[-73.636293,45.451158],[-73.636235,45.451136],[-73.636064,45.451071],[-73.635893,45.451005],[-73.635722,45.450939],[-73.635551,45.450874],[-73.635463,45.45084],[-73.635296,45.450776],[-73.634663,45.451093],[-73.63146,45.452758],[-73.628534,45.455345],[-73.628534,45.455403],[-73.626205,45.457491],[-73.624325,45.458659],[-73.619962,45.46175],[-73.619793,45.461675],[-73.618228,45.46223],[-73.615179,45.463518],[-73.612118,45.464886],[-73.612063,45.464858],[-73.611817,45.464917],[-73.611607,45.464764],[-73.608266,45.466288],[-73.607201,45.466663],[-73.606607,45.467054],[-73.605846,45.467287],[-73.605628,45.467603],[-73.604715,45.468183],[-73.603169,45.469103],[-73.60259,45.469051],[-73.601804,45.469634],[-73.601272,45.470054],[-73.600728,45.470533],[-73.599376,45.471729],[-73.599089,45.471881],[-73.598884,45.47209],[-73.597992,45.472566],[-73.597938,45.472578],[-73.596485,45.473317],[-73.596484,45.473319],[-73.596483,45.473321],[-73.596482,45.473323],[-73.596481,45.473325],[-73.59648,45.473327],[-73.596479,45.47333],[-73.596478,45.473332],[-73.596478,45.473334],[-73.596477,45.473336],[-73.596476,45.473338],[-73.596475,45.47334],[-73.596474,45.473342],[-73.596473,45.473344],[-73.596472,45.473346],[-73.596471,45.473349],[-73.59647,45.473351],[-73.596469,45.473353],[-73.596468,45.473355],[-73.596467,45.473357],[-73.596466,45.473359],[-73.596466,45.473361],[-73.596465,45.473363],[-73.596464,45.473366],[-73.596463,45.473368],[-73.596462,45.47337],[-73.596431,45.47344],[-73.5964,45.473509],[-73.59637,45.473579],[-73.59634,45.473649],[-73.596309,45.473719],[-73.59628,45.473786],[-73.596251,45.473854],[-73.596222,45.473921],[-73.596193,45.473988],[-73.596164,45.474056],[-73.596137,45.474117],[-73.59611,45.474179],[-73.596084,45.47424],[-73.596057,45.474302],[-73.596031,45.474364],[-73.596004,45.474425],[-73.595977,45.474487],[-73.595951,45.474549],[-73.595924,45.47461],[-73.595897,45.474672],[-73.595869,45.474738],[-73.595841,45.474804],[-73.595812,45.47487],[-73.595783,45.474936],[-73.595754,45.475002],[-73.595128,45.476451],[-73.595578,45.476139],[-73.595765,45.476009],[-73.598473,45.474103],[-73.60054,45.475025],[-73.601171,45.475307],[-73.601228,45.475333],[-73.601394,45.475407],[-73.602185,45.47576],[-73.602403,45.475858],[-73.602892,45.476076],[-73.603111,45.476174],[-73.603243,45.476233],[-73.603381,45.476295],[-73.603519,45.476356],[-73.603687,45.476431],[-73.603727,45.47645],[-73.603762,45.476465],[-73.603851,45.476505],[-73.60399,45.476567],[-73.604335,45.476721],[-73.604681,45.476876],[-73.604845,45.476949],[-73.604997,45.477017],[-73.605405,45.476573],[-73.605488,45.476612],[-73.605803,45.476755],[-73.605805,45.476755],[-73.606057,45.476872],[-73.606067,45.476876],[-73.606402,45.477029],[-73.606539,45.477091],[-73.606647,45.47714],[-73.606755,45.477189],[-73.606863,45.477238],[-73.606974,45.477289],[-73.607085,45.47734],[-73.607197,45.47739],[-73.607308,45.477441],[-73.607421,45.477493],[-73.607489,45.477523],[-73.607533,45.477543],[-73.607644,45.477594],[-73.607755,45.477644],[-73.607865,45.477694],[-73.608198,45.477841],[-73.608205,45.477844],[-73.608316,45.477896],[-73.608429,45.477948],[-73.60854,45.478],[-73.608631,45.478042],[-73.608815,45.478122],[-73.608876,45.47815],[-73.608988,45.4782],[-73.608994,45.478202],[-73.6091,45.478249],[-73.609212,45.478299],[-73.609324,45.478349],[-73.609334,45.478354],[-73.609442,45.478403],[-73.609547,45.47845],[-73.609658,45.478501],[-73.609734,45.478535],[-73.609783,45.478557],[-73.609881,45.478601],[-73.609993,45.478652],[-73.6103,45.478791],[-73.610466,45.478866],[-73.610459,45.47887],[-73.610847,45.479045],[-73.610958,45.479095],[-73.61107,45.479145],[-73.611293,45.479246],[-73.611405,45.479296],[-73.612408,45.479743],[-73.612628,45.479841],[-73.614376,45.480622],[-73.61434,45.480671],[-73.613975,45.481029],[-73.613838,45.481163],[-73.613026,45.481959],[-73.612378,45.482607],[-73.61245,45.48264],[-73.612573,45.482695],[-73.612696,45.48275],[-73.612819,45.482806],[-73.612943,45.482861],[-73.613066,45.482917],[-73.613189,45.482972],[-73.613312,45.483028],[-73.613435,45.483083],[-73.613557,45.483138],[-73.613681,45.483194],[-73.613811,45.483252],[-73.614015,45.483344],[-73.614138,45.4834],[-73.614265,45.483457],[-73.614429,45.483531],[-73.614461,45.483545],[-73.614593,45.483605],[-73.614921,45.483753],[-73.615003,45.48379],[-73.615248,45.483902],[-73.615276,45.483914],[-73.615576,45.48405],[-73.615692,45.484102],[-73.615699,45.484105],[-73.615822,45.48416],[-73.615938,45.484213],[-73.615958,45.484222],[-73.616068,45.484271],[-73.61607,45.484272],[-73.616178,45.484321],[-73.616561,45.484493],[-73.616725,45.484567],[-73.616848,45.484623],[-73.616971,45.484678],[-73.617094,45.484734],[-73.617115,45.484743],[-73.61721,45.484785],[-73.617218,45.484789],[-73.617216,45.48479],[-73.617005,45.485021],[-73.616968,45.485062],[-73.616867,45.485174],[-73.61683,45.485214],[-73.616577,45.485487],[-73.616422,45.48565],[-73.616254,45.485812],[-73.615972,45.486097],[-73.615932,45.486137],[-73.615685,45.486389],[-73.615538,45.486538],[-73.615292,45.486789],[-73.615331,45.486806],[-73.615454,45.486862],[-73.615477,45.486873],[-73.615556,45.486909],[-73.615583,45.486921],[-73.615659,45.486955],[-73.61569,45.486969],[-73.615767,45.487004],[-73.615801,45.48702],[-73.615878,45.487055],[-73.615926,45.487076],[-73.615986,45.487104],[-73.616027,45.487123],[-73.616094,45.487153],[-73.61613,45.487169],[-73.616206,45.487204],[-73.616252,45.487225],[-73.616314,45.487253],[-73.616455,45.487317],[-73.616478,45.487327],[-73.616565,45.487367],[-73.616601,45.487383],[-73.616674,45.487417],[-73.616723,45.487439],[-73.616846,45.487495],[-73.616969,45.48755],[-73.616997,45.487563],[-73.617093,45.487607],[-73.617112,45.487615],[-73.617217,45.487663],[-73.617339,45.487719],[-73.617463,45.487775],[-73.617626,45.487849],[-73.617682,45.487874],[-73.617792,45.487924],[-73.617902,45.487974],[-73.618012,45.488024],[-73.618121,45.488074],[-73.618211,45.488115],[-73.618375,45.488189],[-73.618423,45.488211],[-73.618392,45.488346],[-73.618343,45.488561],[-73.61833,45.488617],[-73.618318,45.488671],[-73.618356,45.4888],[-73.618365,45.48883],[-73.618408,45.488976],[-73.618311,45.489084],[-73.618074,45.489345],[-73.617933,45.489497],[-73.61764,45.489817],[-73.617462,45.490011],[-73.617368,45.490131],[-73.61715,45.490368],[-73.617014,45.490522],[-73.616894,45.490657],[-73.616743,45.490827],[-73.616577,45.491013],[-73.616408,45.491203],[-73.616304,45.49132],[-73.616031,45.491639],[-73.615815,45.49189],[-73.615593,45.492142],[-73.6154,45.492359],[-73.615169,45.49262],[-73.615033,45.492774],[-73.614757,45.49303],[-73.614579,45.492953],[-73.614371,45.492864],[-73.614247,45.49281],[-73.614122,45.492756],[-73.61371,45.492573],[-73.613463,45.492463],[-73.613216,45.492353],[-73.613131,45.492318],[-73.612875,45.492215],[-73.612619,45.492111],[-73.612348,45.492001],[-73.612313,45.491987],[-73.611605,45.491714],[-73.611558,45.491761],[-73.611458,45.491861],[-73.61091,45.492411],[-73.610472,45.492851],[-73.610467,45.492856],[-73.610463,45.49286],[-73.609894,45.493501],[-73.609472,45.493973],[-73.6094,45.494054],[-73.608817,45.493829],[-73.608386,45.493666],[-73.60755,45.494428],[-73.6074,45.494571],[-73.607197,45.494813],[-73.607031,45.495027],[-73.60696,45.495122],[-73.606842,45.495274],[-73.606649,45.495218],[-73.60658,45.495198],[-73.606531,45.495184],[-73.606483,45.495171],[-73.606435,45.495157],[-73.606386,45.495144],[-73.606338,45.495131],[-73.60629,45.495117],[-73.606241,45.495104],[-73.606192,45.495091],[-73.606143,45.495078],[-73.606094,45.495064],[-73.606045,45.495051],[-73.605996,45.495038],[-73.605947,45.495025],[-73.605898,45.495012],[-73.605849,45.494999],[-73.605795,45.494985],[-73.605742,45.494971],[-73.605688,45.494957],[-73.605634,45.494943],[-73.60558,45.494929],[-73.605526,45.494915],[-73.605472,45.494901],[-73.604609,45.495766],[-73.603715,45.496681],[-73.602373,45.49799],[-73.602075,45.498268],[-73.601469,45.498819],[-73.600155,45.499991],[-73.599546,45.500515],[-73.599542,45.500512],[-73.599415,45.500614],[-73.59942,45.500617],[-73.59912,45.500856],[-73.597984,45.501547],[-73.597903,45.501596],[-73.597883,45.501608],[-73.597862,45.50162],[-73.597842,45.501632],[-73.597822,45.501643],[-73.597801,45.501655],[-73.597781,45.501667],[-73.597761,45.501679],[-73.59774,45.50169],[-73.597719,45.501702],[-73.597699,45.501713],[-73.597678,45.501725],[-73.597657,45.501736],[-73.597636,45.501747],[-73.597615,45.501759],[-73.597594,45.50177],[-73.597573,45.501781],[-73.597552,45.501792],[-73.597531,45.501803],[-73.59751,45.501814],[-73.597488,45.501825],[-73.597467,45.501836],[-73.597446,45.501847],[-73.597424,45.501857],[-73.597403,45.501868],[-73.597381,45.501879],[-73.597359,45.501889],[-73.597338,45.5019],[-73.597316,45.50191],[-73.597294,45.501921],[-73.597272,45.501931],[-73.59725,45.501941],[-73.597228,45.501952],[-73.597206,45.501962],[-73.597184,45.501972],[-73.597162,45.501982],[-73.59714,45.501992],[-73.597117,45.502002],[-73.597095,45.502012],[-73.597073,45.502022],[-73.59705,45.502031],[-73.597028,45.502041],[-73.597005,45.502051],[-73.596983,45.50206],[-73.59696,45.50207],[-73.596937,45.502079],[-73.596915,45.502089],[-73.596892,45.502098],[-73.596869,45.502107],[-73.596846,45.502116],[-73.596823,45.502125],[-73.5968,45.502135],[-73.596777,45.502144],[-73.596754,45.502152],[-73.596731,45.502161],[-73.596708,45.50217],[-73.596684,45.502179],[-73.596661,45.502188],[-73.596638,45.502196],[-73.596614,45.502205],[-73.596591,45.502213],[-73.596568,45.502222],[-73.596544,45.50223],[-73.59652,45.502239],[-73.596497,45.502247],[-73.596473,45.502255],[-73.59645,45.502263],[-73.596426,45.502271],[-73.596402,45.502279],[-73.596378,45.502287],[-73.596354,45.502295],[-73.59633,45.502303],[-73.596306,45.502311],[-73.596282,45.502318],[-73.596258,45.502326],[-73.596234,45.502333],[-73.59621,45.502341],[-73.596186,45.502348],[-73.596162,45.502356],[-73.595552,45.50254],[-73.595483,45.502562],[-73.595467,45.502567],[-73.595451,45.502572],[-73.595435,45.502577],[-73.595419,45.502583],[-73.595403,45.502588],[-73.595387,45.502594],[-73.595372,45.5026],[-73.595356,45.502605],[-73.59534,45.502611],[-73.595324,45.502617],[-73.595309,45.502623],[-73.595293,45.502629],[-73.595278,45.502635],[-73.595262,45.502641],[-73.595247,45.502647],[-73.595231,45.502653],[-73.595216,45.502659],[-73.595201,45.502665],[-73.595185,45.502672],[-73.59517,45.502678],[-73.595155,45.502685],[-73.59514,45.502691],[-73.595125,45.502698],[-73.59511,45.502705],[-73.595095,45.502711],[-73.59508,45.502718],[-73.595065,45.502725],[-73.59505,45.502732],[-73.595036,45.502739],[-73.595021,45.502746],[-73.595006,45.502753],[-73.594992,45.50276],[-73.594977,45.502767],[-73.594963,45.502774],[-73.594948,45.502782],[-73.594934,45.502789],[-73.59492,45.502796],[-73.594906,45.502804],[-73.594892,45.502811],[-73.594877,45.502819],[-73.594863,45.502827],[-73.594849,45.502834],[-73.594836,45.502842],[-73.594822,45.50285],[-73.594808,45.502858],[-73.594794,45.502866],[-73.594781,45.502874],[-73.594767,45.502882],[-73.594754,45.50289],[-73.59474,45.502898],[-73.594727,45.502906],[-73.594713,45.502914],[-73.5947,45.502923],[-73.594687,45.502931],[-73.594674,45.502939],[-73.594661,45.502948],[-73.594648,45.502956],[-73.594635,45.502965],[-73.594622,45.502974],[-73.594609,45.502982],[-73.594597,45.502991],[-73.594584,45.503],[-73.594571,45.503009],[-73.594559,45.503017],[-73.594547,45.503026],[-73.594534,45.503035],[-73.594522,45.503044],[-73.594385,45.503146],[-73.594375,45.503153],[-73.594365,45.503161],[-73.594355,45.503168],[-73.594345,45.503175],[-73.594335,45.503183],[-73.594326,45.503191],[-73.594316,45.503198],[-73.594307,45.503206],[-73.594297,45.503214],[-73.594288,45.503221],[-73.594279,45.503229],[-73.594269,45.503237],[-73.59426,45.503245],[-73.594251,45.503253],[-73.594242,45.503261],[-73.594234,45.503269],[-73.594225,45.503277],[-73.594216,45.503285],[-73.594207,45.503293],[-73.594199,45.503302],[-73.59419,45.50331],[-73.594182,45.503318],[-73.594174,45.503326],[-73.594165,45.503335],[-73.594157,45.503343],[-73.594149,45.503352],[-73.594141,45.50336],[-73.594133,45.503369],[-73.594126,45.503377],[-73.594118,45.503386],[-73.59411,45.503394],[-73.594103,45.503403],[-73.594095,45.503412],[-73.594088,45.50342],[-73.59408,45.503429],[-73.594073,45.503438],[-73.594066,45.503447],[-73.594059,45.503456],[-73.594052,45.503465],[-73.594045,45.503474],[-73.594038,45.503483],[-73.594032,45.503492],[-73.594025,45.503501],[-73.594019,45.50351],[-73.594012,45.503519],[-73.594006,45.503528],[-73.594003,45.503532],[-73.595745,45.504327],[-73.598974,45.505799],[-73.599069,45.505695],[-73.599298,45.5058],[-73.599562,45.50558],[-73.602256,45.506797],[-73.603298,45.505663],[-73.606178,45.506991],[-73.606362,45.50752],[-73.608469,45.50846],[-73.608981,45.508664],[-73.609567,45.508896],[-73.609611,45.508916],[-73.610996,45.509537],[-73.613051,45.510461],[-73.613307,45.510181],[-73.613453,45.510008],[-73.613484,45.50997],[-73.613591,45.509839],[-73.613636,45.509783],[-73.613702,45.50971],[-73.61377,45.509634],[-73.613822,45.509582],[-73.613868,45.509536],[-73.613918,45.509486],[-73.614129,45.509256],[-73.614247,45.509126],[-73.614289,45.50908],[-73.61433,45.509036],[-73.614395,45.508966],[-73.61442,45.508938],[-73.614501,45.508849],[-73.614502,45.508848],[-73.614586,45.508758],[-73.614662,45.508676],[-73.614752,45.508579],[-73.614822,45.508504],[-73.614836,45.508489],[-73.614919,45.5084],[-73.614928,45.508389],[-73.615002,45.50831],[-73.615035,45.508275],[-73.615085,45.508221],[-73.615153,45.508148],[-73.615169,45.508131],[-73.615252,45.508042],[-73.615256,45.508037],[-73.615335,45.507952],[-73.615373,45.507911],[-73.615418,45.507863],[-73.615513,45.507761],[-73.615565,45.507704],[-73.615674,45.507587],[-73.615812,45.507435],[-73.615916,45.507318],[-73.615966,45.507263],[-73.615972,45.507256],[-73.616051,45.507168],[-73.616072,45.507145],[-73.616129,45.507081],[-73.616171,45.507034],[-73.616209,45.506992],[-73.616252,45.506944],[-73.616288,45.506903],[-73.616333,45.506853],[-73.616367,45.506815],[-73.616431,45.506744],[-73.616512,45.506653],[-73.616525,45.506639],[-73.616593,45.506562],[-73.616683,45.506462],[-73.616716,45.506425],[-73.616841,45.506285],[-73.616853,45.506271],[-73.617062,45.506039],[-73.617177,45.50591],[-73.617237,45.505843],[-73.617291,45.505783],[-73.617374,45.505689],[-73.617478,45.505573],[-73.617616,45.50542],[-73.61772,45.505304],[-73.61777,45.505248],[-73.617824,45.505187],[-73.617923,45.505076],[-73.617928,45.505071],[-73.617981,45.505011],[-73.618059,45.504924],[-73.618076,45.504905],[-73.618136,45.504838],[-73.61824,45.504721],[-73.61825,45.50471],[-73.618259,45.5047],[-73.618292,45.50472],[-73.618347,45.504753],[-73.618591,45.504898],[-73.618798,45.505015],[-73.618805,45.505019],[-73.618954,45.505108],[-73.618918,45.505148],[-73.61881,45.505262],[-73.6186,45.505495],[-73.618602,45.505496],[-73.618487,45.505621],[-73.618365,45.505755],[-73.618224,45.505907],[-73.618103,45.506041],[-73.61799,45.506166],[-73.617877,45.506291],[-73.617756,45.506425],[-73.617626,45.506581],[-73.617391,45.506839],[-73.61728,45.506964],[-73.617157,45.507097],[-73.617024,45.507251],[-73.616903,45.507386],[-73.616792,45.507511],[-73.61656,45.507771],[-73.616423,45.507924],[-73.616242,45.508128],[-73.616151,45.50823],[-73.616061,45.508332],[-73.616036,45.50836],[-73.616148,45.508409],[-73.616191,45.508428],[-73.616261,45.508459],[-73.616354,45.5085],[-73.616374,45.508508],[-73.616488,45.508559],[-73.616623,45.508618],[-73.616939,45.508757],[-73.617053,45.508808],[-73.617165,45.508857],[-73.617279,45.508907],[-73.617391,45.508957],[-73.617795,45.509136],[-73.61792,45.509191],[-73.616927,45.510285],[-73.617066,45.510346],[-73.617355,45.510473],[-73.617442,45.510512],[-73.617555,45.510561],[-73.617687,45.51062],[-73.617819,45.510678],[-73.617951,45.510736],[-73.618083,45.510794],[-73.618214,45.510852],[-73.618346,45.51091],[-73.618353,45.510913],[-73.618478,45.510968],[-73.618611,45.511027],[-73.618744,45.511085],[-73.618876,45.511144],[-73.618711,45.51133],[-73.618646,45.511403],[-73.61843,45.511641],[-73.618281,45.511805],[-73.618178,45.511919],[-73.618108,45.511995],[-73.61802,45.512092],[-73.617879,45.512243],[-73.617643,45.512508],[-73.617836,45.512593],[-73.61805,45.512694],[-73.618386,45.512844],[-73.61855,45.512918],[-73.618741,45.513003],[-73.618905,45.513077],[-73.619123,45.513174],[-73.619366,45.513283],[-73.619531,45.513357],[-73.619695,45.513431],[-73.619853,45.513501],[-73.620011,45.513572],[-73.620169,45.513643],[-73.620663,45.513863],[-73.620878,45.513965],[-73.621238,45.514129],[-73.621343,45.514177],[-73.621441,45.514221],[-73.621539,45.514266],[-73.621638,45.51431],[-73.621736,45.514355],[-73.621852,45.514406],[-73.621964,45.514454],[-73.622072,45.514501],[-73.622181,45.514548],[-73.622288,45.514594],[-73.622396,45.51464],[-73.622505,45.514689],[-73.62273,45.514777],[-73.622842,45.514827],[-73.622957,45.514881],[-73.62307,45.514935],[-73.62318,45.514994],[-73.623289,45.51505],[-73.623402,45.515104],[-73.623515,45.515158],[-73.623644,45.515219],[-73.623771,45.515277],[-73.623898,45.515334],[-73.624024,45.515391],[-73.624149,45.515447],[-73.624244,45.51549],[-73.624462,45.515587],[-73.624713,45.515698],[-73.624755,45.515698],[-73.62526,45.515925],[-73.625313,45.515948],[-73.625418,45.515995],[-73.625583,45.516069],[-73.626241,45.516364],[-73.626675,45.516559],[-73.626761,45.516451],[-73.626878,45.516305],[-73.627016,45.516152],[-73.627052,45.516089],[-73.627122,45.516009],[-73.627182,45.515935],[-73.627236,45.515869],[-73.62771,45.515344],[-73.627677,45.515365],[-73.627725,45.515305],[-73.627811,45.515217],[-73.62789,45.515131],[-73.627967,45.515045],[-73.628045,45.514958],[-73.628125,45.514872],[-73.62821,45.51479],[-73.628277,45.514722],[-73.628321,45.514675],[-73.628389,45.514602],[-73.62847,45.514516],[-73.62855,45.51443],[-73.628629,45.514345],[-73.62871,45.514259],[-73.628789,45.514173],[-73.628867,45.51409],[-73.628902,45.514052],[-73.62919,45.514133],[-73.629192,45.514131],[-73.629194,45.514128],[-73.629196,45.514126],[-73.629201,45.514121],[-73.629206,45.514116],[-73.629211,45.514111],[-73.629216,45.514106],[-73.629425,45.514211],[-73.62975,45.514313],[-73.629829,45.514329],[-73.63015,45.514436],[-73.630393,45.514505],[-73.630755,45.514628],[-73.630825,45.514652],[-73.631346,45.514702],[-73.631584,45.514771],[-73.632271,45.51497],[-73.632509,45.515038],[-73.632859,45.51514],[-73.6332,45.515238],[-73.633438,45.515307],[-73.63376,45.5154],[-73.633804,45.515412],[-73.634126,45.515505],[-73.634364,45.515574],[-73.634644,45.515655],[-73.634654,45.515644],[-73.63471,45.515577],[-73.634783,45.515491],[-73.634967,45.515274],[-73.635059,45.515165],[-73.635165,45.51504],[-73.635266,45.514921],[-73.635367,45.514802],[-73.635468,45.514683],[-73.635561,45.514573],[-73.635691,45.514421],[-73.635893,45.514182],[-73.636647,45.5144],[-73.636706,45.514298],[-73.636893,45.513977],[-73.637189,45.51347],[-73.638078,45.511945],[-73.638176,45.511778],[-73.638523,45.511182],[-73.638556,45.511144],[-73.638789,45.510893],[-73.639023,45.510604],[-73.639154,45.510452],[-73.639246,45.510346],[-73.639315,45.510267],[-73.63948,45.51008],[-73.639645,45.509882],[-73.639819,45.509673],[-73.639968,45.509495],[-73.640082,45.509365],[-73.640221,45.509209],[-73.640839,45.508497],[-73.640969,45.508351],[-73.6413,45.507968],[-73.641325,45.50794],[-73.64143,45.507818],[-73.641535,45.507696],[-73.641666,45.507545],[-73.64173,45.507427],[-73.641868,45.507188],[-73.64186,45.507157],[-73.641722,45.507098],[-73.641539,45.507019],[-73.642269,45.506183],[-73.642289,45.506183],[-73.642272,45.505925],[-73.642267,45.50585],[-73.642245,45.505527],[-73.64224,45.505456],[-73.642293,45.50539],[-73.642422,45.505249],[-73.64259,45.505064],[-73.642713,45.504928],[-73.642801,45.504831],[-73.642902,45.504721],[-73.643003,45.50461],[-73.643111,45.504491],[-73.643207,45.504386],[-73.643543,45.504016],[-73.643766,45.503771],[-73.643903,45.503621],[-73.644174,45.503322],[-73.644272,45.503215],[-73.644681,45.502765],[-73.644752,45.502687],[-73.64473,45.502681],[-73.644803,45.502604],[-73.645012,45.502381],[-73.645116,45.502271],[-73.645232,45.502148],[-73.645443,45.501917],[-73.645495,45.501858],[-73.645565,45.501783],[-73.645605,45.50174],[-73.645734,45.501599],[-73.645746,45.501604],[-73.64596,45.501702],[-73.64604,45.501739],[-73.646079,45.501757],[-73.646124,45.501777],[-73.646205,45.501814],[-73.646287,45.501852],[-73.646399,45.501903],[-73.646573,45.501983],[-73.646823,45.502098],[-73.647011,45.502187],[-73.647203,45.502277],[-73.647402,45.50237],[-73.647596,45.502461],[-73.647791,45.502552],[-73.647986,45.502644],[-73.648124,45.502708],[-73.648292,45.502786],[-73.648317,45.502798],[-73.648369,45.502819],[-73.649551,45.503364],[-73.649698,45.503432],[-73.649844,45.503499],[-73.64999,45.503566],[-73.650135,45.503633],[-73.650281,45.5037],[-73.650426,45.503767],[-73.650572,45.503834],[-73.650718,45.503901],[-73.650863,45.503968],[-73.651009,45.504035],[-73.651154,45.504102],[-73.6513,45.504169],[-73.65146,45.504243],[-73.651493,45.504258],[-73.651599,45.504307],[-73.651618,45.504306],[-73.651837,45.50428],[-73.651889,45.504272],[-73.652146,45.504243],[-73.652178,45.504239],[-73.652367,45.504216],[-73.652565,45.504192],[-73.652774,45.504166],[-73.652983,45.50414],[-73.653181,45.504116],[-73.653379,45.504092],[-73.653523,45.504075],[-73.653589,45.504067],[-73.653777,45.504044],[-73.653798,45.504041],[-73.653996,45.504017],[-73.654192,45.503993],[-73.654386,45.503969],[-73.654538,45.503951],[-73.654583,45.503945],[-73.654792,45.50392],[-73.655001,45.503894],[-73.655045,45.503889],[-73.655199,45.50387],[-73.655293,45.503859],[-73.655305,45.503857],[-73.655397,45.503846],[-73.655552,45.503827],[-73.655607,45.50382],[-73.655806,45.503796],[-73.655816,45.503795],[-73.656012,45.503771],[-73.65606,45.503765],[-73.656392,45.503724],[-73.656636,45.503791],[-73.656809,45.503839],[-73.656982,45.503886],[-73.657127,45.503926],[-73.657273,45.503966],[-73.657309,45.503976],[-73.657418,45.504005],[-73.657491,45.504025],[-73.657563,45.504045],[-73.657673,45.504075],[-73.657709,45.504085],[-73.657855,45.504125],[-73.658001,45.504165],[-73.658036,45.504175],[-73.658146,45.504205],[-73.658218,45.504225],[-73.658291,45.504245],[-73.6584,45.504274],[-73.658437,45.504284],[-73.658582,45.504324],[-73.658727,45.504364],[-73.658764,45.504374],[-73.658873,45.504404],[-73.658946,45.504424],[-73.659018,45.504444],[-73.659127,45.504474],[-73.659164,45.504484],[-73.659309,45.504523],[-73.659454,45.504563],[-73.6596,45.504603],[-73.659745,45.504643],[-73.659754,45.504645],[-73.65989,45.504683],[-73.659972,45.504705],[-73.659988,45.504534],[-73.659989,45.504413],[-73.660003,45.504222],[-73.660013,45.504056],[-73.660013,45.504054],[-73.660021,45.503906],[-73.660023,45.503881],[-73.660029,45.503758],[-73.660032,45.503706],[-73.660037,45.50361],[-73.660041,45.503531],[-73.660045,45.503463],[-73.660052,45.503342],[-73.660054,45.503315],[-73.660125,45.503195],[-73.660224,45.503028],[-73.660329,45.502851],[-73.660579,45.502431],[-73.660652,45.502422],[-73.660906,45.502392],[-73.661237,45.502353],[-73.661286,45.502347],[-73.661672,45.502301],[-73.661739,45.502293],[-73.661993,45.502263],[-73.662057,45.502255],[-73.662403,45.502214],[-73.662449,45.502209],[-73.662349,45.501783],[-73.662313,45.501636],[-73.66228,45.501491],[-73.662231,45.501288],[-73.662218,45.501234],[-73.662186,45.501098],[-73.662048,45.500587],[-73.661992,45.50027],[-73.661831,45.49959],[-73.661785,45.499377],[-73.66175,45.49922],[-73.662478,45.499181],[-73.662816,45.499163],[-73.663719,45.499115],[-73.663257,45.498817],[-73.663083,45.498706],[-73.662721,45.498473],[-73.661921,45.497959],[-73.661727,45.49784],[-73.661279,45.497565],[-73.660989,45.497385],[-73.660706,45.497208],[-73.660567,45.497121],[-73.659416,45.496381],[-73.659222,45.496262],[-73.659226,45.496258],[-73.657846,45.495384],[-73.65711,45.494922],[-73.656919,45.494801],[-73.65692,45.4948],[-73.656759,45.494698],[-73.65618,45.494331],[-73.656539,45.49405],[-73.656844,45.493811],[-73.657661,45.493173],[-73.658479,45.492532],[-73.66474,45.487635],[-73.664766,45.487615],[-73.665429,45.487096],[-73.66586,45.486759],[-73.666185,45.486766],[-73.668042,45.486811],[-73.668217,45.486921],[-73.668328,45.486987],[-73.669505,45.487731],[-73.669698,45.487852],[-73.671218,45.488807],[-73.672344,45.489514],[-73.672537,45.489635],[-73.675073,45.491228],[-73.675135,45.491267],[-73.676456,45.486451],[-73.677002,45.484455],[-73.677212,45.483689],[-73.676301,45.483078],[-73.674635,45.481961],[-73.669756,45.483714],[-73.669455,45.483583],[-73.669257,45.483496],[-73.669058,45.483409],[-73.66886,45.483322],[-73.668661,45.483235],[-73.668462,45.483148],[-73.668263,45.483061],[-73.668064,45.482974],[-73.667865,45.482888],[-73.667667,45.482801],[-73.667163,45.48258],[-73.666857,45.482447],[-73.666658,45.48236],[-73.666459,45.482273],[-73.66626,45.482186],[-73.666062,45.482099],[-73.665863,45.482012],[-73.665664,45.481925],[-73.665466,45.481838],[-73.665317,45.481773],[-73.665168,45.481708],[-73.664969,45.481621],[-73.66477,45.481534],[-73.664621,45.481469],[-73.664455,45.481397],[-73.664237,45.4813],[-73.663484,45.480972],[-73.662564,45.48057],[-73.661881,45.480272],[-73.661805,45.480239],[-73.661304,45.480762],[-73.66097,45.481152],[-73.658403,45.480031],[-73.658142,45.479917],[-73.657946,45.479831],[-73.657788,45.479762],[-73.656486,45.479192],[-73.65635,45.479132],[-73.655963,45.478961],[-73.655963,45.478983],[-73.655965,45.479252],[-73.655965,45.479372],[-73.655966,45.479493],[-73.655967,45.479614],[-73.655968,45.479734],[-73.655969,45.479855],[-73.655969,45.479975],[-73.65597,45.480095],[-73.655971,45.480215],[-73.655972,45.480335],[-73.655972,45.480455],[-73.655973,45.480578],[-73.655978,45.481379],[-73.65598,45.481563],[-73.655981,45.481817],[-73.655992,45.484092],[-73.655994,45.484424],[-73.655993,45.484446],[-73.655993,45.484468],[-73.655992,45.484489],[-73.655992,45.484511],[-73.655991,45.484533],[-73.65599,45.484555],[-73.655989,45.484576],[-73.655988,45.484598],[-73.655987,45.48462],[-73.655986,45.484641],[-73.655985,45.484663],[-73.655984,45.48468],[-73.655982,45.484696],[-73.655981,45.484713],[-73.65598,45.48473],[-73.655979,45.484747],[-73.655978,45.484763],[-73.655976,45.48478],[-73.655975,45.484797],[-73.655974,45.484813],[-73.655972,45.48483],[-73.65597,45.484847],[-73.655969,45.484863],[-73.655967,45.48488],[-73.655966,45.484897],[-73.655964,45.484913],[-73.655962,45.48493],[-73.65596,45.484947],[-73.655958,45.484963],[-73.655956,45.48498],[-73.655954,45.484997],[-73.655952,45.485013],[-73.65595,45.48503],[-73.655948,45.485046],[-73.655946,45.485063],[-73.655944,45.48508],[-73.655941,45.485096],[-73.655939,45.485113],[-73.655936,45.48513],[-73.655934,45.485146],[-73.655931,45.485163],[-73.655929,45.485179],[-73.655926,45.485196],[-73.655924,45.485213],[-73.655921,45.485229],[-73.655918,45.485246],[-73.655915,45.485262],[-73.655912,45.485279],[-73.65591,45.485296],[-73.655907,45.485312],[-73.655904,45.485329],[-73.6559,45.485345],[-73.655897,45.485362],[-73.655894,45.485378],[-73.655891,45.485395],[-73.655888,45.485411],[-73.655884,45.485428],[-73.655881,45.485445],[-73.655878,45.485461],[-73.655874,45.485478],[-73.655871,45.485494],[-73.655867,45.485511],[-73.655863,45.485527],[-73.65586,45.485544],[-73.655856,45.48556],[-73.655852,45.485577],[-73.655848,45.485594],[-73.655844,45.48561],[-73.65584,45.485627],[-73.655836,45.485643],[-73.655832,45.48566],[-73.655828,45.485676],[-73.655824,45.485692],[-73.65582,45.485709],[-73.655816,45.485725],[-73.655811,45.485742],[-73.655807,45.485758],[-73.655803,45.485775],[-73.655798,45.485791],[-73.655794,45.485808],[-73.655789,45.485824],[-73.655784,45.485841],[-73.65578,45.485857],[-73.655775,45.485873],[-73.65577,45.48589],[-73.655765,45.485906],[-73.655761,45.485923],[-73.655756,45.485939],[-73.655751,45.485955],[-73.655746,45.485972],[-73.655741,45.485988],[-73.655736,45.486004],[-73.65573,45.486021],[-73.655725,45.486037],[-73.65572,45.486053],[-73.655715,45.48607],[-73.655709,45.486086],[-73.655704,45.486102],[-73.655698,45.486119],[-73.655693,45.486135],[-73.655687,45.486151],[-73.655682,45.486167],[-73.655676,45.486184],[-73.65567,45.4862],[-73.655665,45.486216],[-73.655659,45.486232],[-73.655653,45.486248],[-73.655647,45.486265],[-73.655641,45.486281],[-73.655635,45.486297],[-73.655629,45.486313],[-73.655623,45.486329],[-73.655617,45.486345],[-73.655611,45.486362],[-73.655604,45.486378],[-73.655598,45.486394],[-73.655592,45.48641],[-73.655585,45.486426],[-73.655579,45.486442],[-73.655572,45.486458],[-73.655566,45.486474],[-73.655557,45.486496],[-73.655548,45.486517],[-73.655539,45.486538],[-73.65553,45.486559],[-73.655521,45.486581],[-73.655512,45.486602],[-73.655503,45.486623],[-73.655493,45.486644],[-73.655484,45.486665],[-73.655474,45.486686],[-73.655465,45.486708],[-73.655456,45.486725],[-73.655792,45.486876],[-73.652483,45.49052],[-73.650535,45.492684],[-73.650519,45.492678],[-73.65,45.492473],[-73.649308,45.492201],[-73.649031,45.492055],[-73.648559,45.491869],[-73.648893,45.4915],[-73.64905,45.491329],[-73.649841,45.490445],[-73.64997,45.490308],[-73.65048,45.489755],[-73.650592,45.489611],[-73.6511,45.489054],[-73.651164,45.488985],[-73.645019,45.486225],[-73.638831,45.483439],[-73.635166,45.481791],[-73.630402,45.479647],[-73.630457,45.479588],[-73.630721,45.479301],[-73.63082,45.479345]]]]}},{"type":"Feature","properties":{"area_id":"A004","area_name":"Montreal-Nord","borough_name":"Montreal-Nord","boundary_type":"official_administrative_boundary","boundary_source":"Ville de Montreal administrative boundaries","source_downloaded_date":"2026-06-23"},"geometry":{"type":"MultiPolygon","coordinates":[[[[-73.60314,45.611126],[-73.60271,45.611358],[-73.602224,45.611622],[-73.60225,45.611646],[-73.601693,45.61195],[-73.601656,45.61197],[-73.602198,45.612479],[-73.602205,45.612486],[-73.602324,45.612598],[-73.602447,45.612709],[-73.602789,45.61303],[-73.602797,45.613037],[-73.603083,45.613305],[-73.60311,45.613331],[-73.603351,45.613557],[-73.604789,45.614906],[-73.605861,45.615912],[-73.609781,45.619599],[-73.610015,45.619819],[-73.610134,45.619927],[-73.611515,45.621183],[-73.616528,45.625937],[-73.616941,45.626326],[-73.617863,45.627197],[-73.618403,45.627707],[-73.618532,45.627828],[-73.61906,45.628321],[-73.619258,45.628506],[-73.619668,45.628889],[-73.619785,45.628998],[-73.620459,45.629649],[-73.620679,45.629862],[-73.624635,45.633683],[-73.624689,45.633638],[-73.625017,45.633369],[-73.625677,45.632827],[-73.628346,45.630509],[-73.63043,45.628602],[-73.631964,45.626719],[-73.634247,45.623763],[-73.635817,45.621399],[-73.637313,45.619178],[-73.638316,45.617429],[-73.638897,45.615524],[-73.639333,45.613836],[-73.639986,45.611544],[-73.640433,45.610585],[-73.641289,45.609065],[-73.642201,45.607449],[-73.642947,45.6057],[-73.643566,45.604337],[-73.644158,45.603233],[-73.644723,45.602111],[-73.645233,45.600989],[-73.645835,45.600157],[-73.646675,45.599276],[-73.64757,45.598515],[-73.648776,45.597609],[-73.649844,45.596734],[-73.650666,45.595828],[-73.651304,45.594984],[-73.651815,45.594139],[-73.65279,45.592734],[-73.653392,45.591877],[-73.654286,45.590766],[-73.654797,45.590091],[-73.65549,45.589222],[-73.656493,45.588075],[-73.657487,45.586633],[-73.658252,45.585427],[-73.658356,45.585282],[-73.658469,45.585124],[-73.65817,45.585016],[-73.657885,45.58489],[-73.657617,45.584747],[-73.657367,45.584588],[-73.657282,45.584523],[-73.657206,45.584452],[-73.65714,45.584376],[-73.657099,45.584325],[-73.657053,45.584276],[-73.657001,45.584229],[-73.656945,45.584182],[-73.656885,45.584138],[-73.656819,45.584097],[-73.65675,45.584058],[-73.656676,45.584021],[-73.656599,45.583989],[-73.656519,45.583959],[-73.656437,45.583934],[-73.656352,45.583912],[-73.656267,45.583894],[-73.65618,45.58388],[-73.656093,45.58387],[-73.656005,45.583864],[-73.655919,45.583862],[-73.655834,45.583864],[-73.65575,45.583869],[-73.655669,45.583878],[-73.655519,45.583895],[-73.655368,45.583903],[-73.655217,45.5839],[-73.655066,45.583886],[-73.65495,45.583868],[-73.654836,45.583842],[-73.654726,45.583809],[-73.654621,45.583768],[-73.654443,45.583692],[-73.654332,45.583644],[-73.654303,45.583632],[-73.654089,45.58354],[-73.653861,45.583442],[-73.653782,45.58341],[-73.653684,45.583369],[-73.653568,45.58332],[-73.653453,45.583271],[-73.653352,45.583229],[-73.653252,45.583186],[-73.653152,45.583144],[-73.653051,45.583101],[-73.652904,45.583039],[-73.65257,45.582898],[-73.652478,45.582859],[-73.652556,45.582693],[-73.652486,45.582664],[-73.652224,45.582549],[-73.652077,45.582487],[-73.65194,45.582429],[-73.651802,45.582373],[-73.651667,45.582314],[-73.65153,45.582257],[-73.651316,45.58217],[-73.651256,45.582145],[-73.650852,45.58198],[-73.650618,45.58189],[-73.650573,45.581867],[-73.650382,45.581789],[-73.650228,45.581726],[-73.650097,45.581665],[-73.649744,45.58151],[-73.649736,45.581516],[-73.649685,45.581494],[-73.649352,45.581353],[-73.649307,45.581334],[-73.649167,45.581279],[-73.649123,45.581261],[-73.648808,45.58113],[-73.648756,45.581107],[-73.648422,45.580966],[-73.648378,45.580948],[-73.648243,45.580889],[-73.648198,45.58087],[-73.647817,45.580709],[-73.647774,45.580693],[-73.647394,45.580528],[-73.647174,45.580432],[-73.646875,45.580309],[-73.64673,45.580249],[-73.646627,45.580207],[-73.646524,45.580165],[-73.646421,45.580122],[-73.646318,45.58008],[-73.646215,45.580037],[-73.646112,45.579995],[-73.646008,45.579952],[-73.645905,45.57991],[-73.64578,45.579858],[-73.645242,45.579637],[-73.64493,45.57951],[-73.644812,45.579464],[-73.644454,45.579321],[-73.644227,45.579228],[-73.643938,45.579103],[-73.641533,45.578103],[-73.641312,45.57801],[-73.641231,45.577976],[-73.640505,45.577672],[-73.640454,45.57771],[-73.640155,45.577522],[-73.636515,45.576003],[-73.636493,45.576026],[-73.636407,45.576121],[-73.636342,45.576192],[-73.635347,45.577288],[-73.634888,45.577794],[-73.634901,45.5778],[-73.63424,45.578506],[-73.634216,45.578533],[-73.633797,45.578994],[-73.633586,45.579226],[-73.633611,45.579249],[-73.633588,45.57925],[-73.632912,45.580015],[-73.632651,45.579902],[-73.632226,45.579718],[-73.632003,45.579621],[-73.631277,45.580405],[-73.630716,45.581011],[-73.630763,45.581061],[-73.630448,45.581416],[-73.630256,45.581604],[-73.629941,45.581959],[-73.629513,45.582376],[-73.629313,45.582618],[-73.628999,45.583001],[-73.628818,45.58325],[-73.628833,45.583258],[-73.628848,45.583266],[-73.628863,45.583275],[-73.628877,45.583283],[-73.628892,45.583292],[-73.628907,45.583301],[-73.628921,45.583309],[-73.628936,45.583318],[-73.62895,45.583327],[-73.628965,45.583335],[-73.628979,45.583344],[-73.628994,45.583353],[-73.629008,45.583362],[-73.62902,45.58337],[-73.629032,45.583377],[-73.629044,45.583385],[-73.629056,45.583393],[-73.629068,45.5834],[-73.629083,45.58341],[-73.629099,45.58342],[-73.629114,45.583431],[-73.629129,45.583441],[-73.629144,45.583451],[-73.629159,45.583461],[-73.629174,45.583472],[-73.629189,45.583482],[-73.629204,45.583493],[-73.629219,45.583503],[-73.629234,45.583514],[-73.629248,45.583524],[-73.629263,45.583535],[-73.629278,45.583546],[-73.629292,45.583556],[-73.629306,45.583567],[-73.629321,45.583578],[-73.629335,45.583589],[-73.629349,45.5836],[-73.629363,45.583611],[-73.629377,45.583622],[-73.629391,45.583633],[-73.629405,45.583644],[-73.629419,45.583655],[-73.629433,45.583667],[-73.629446,45.583678],[-73.62946,45.583689],[-73.629473,45.5837],[-73.629486,45.583711],[-73.629498,45.583721],[-73.62951,45.583732],[-73.629522,45.583742],[-73.629534,45.583752],[-73.629545,45.583763],[-73.629557,45.583774],[-73.629569,45.583784],[-73.629581,45.583795],[-73.629592,45.583805],[-73.629604,45.583816],[-73.629609,45.58382],[-73.627706,45.586095],[-73.625852,45.58831],[-73.625826,45.588342],[-73.625633,45.588573],[-73.625526,45.588701],[-73.625114,45.589193],[-73.624135,45.590365],[-73.624027,45.590493],[-73.623634,45.590963],[-73.623527,45.591092],[-73.623135,45.59156],[-73.623028,45.591688],[-73.622841,45.591912],[-73.622203,45.592665],[-73.621811,45.593134],[-73.621597,45.59339],[-73.621383,45.593645],[-73.621208,45.593854],[-73.621185,45.593829],[-73.619105,45.596312],[-73.619046,45.596383],[-73.618658,45.596846],[-73.618556,45.596968],[-73.618356,45.597212],[-73.618276,45.597303],[-73.618148,45.597453],[-73.617823,45.597841],[-73.61712,45.598682],[-73.616165,45.599821],[-73.61583,45.600222],[-73.615597,45.600501],[-73.615425,45.600708],[-73.615359,45.600786],[-73.61526,45.600904],[-73.614901,45.601333],[-73.614747,45.601519],[-73.614488,45.601828],[-73.61445,45.601874],[-73.6142,45.602171],[-73.614099,45.602291],[-73.613997,45.602411],[-73.613898,45.60253],[-73.613884,45.602546],[-73.613652,45.602822],[-73.613654,45.602824],[-73.613601,45.602886],[-73.613502,45.603004],[-73.613402,45.603123],[-73.613098,45.603485],[-73.613049,45.603544],[-73.612423,45.604291],[-73.61215,45.604618],[-73.61155,45.60534],[-73.61134,45.605587],[-73.610682,45.606362],[-73.610104,45.607075],[-73.609498,45.607787],[-73.609427,45.607866],[-73.609355,45.607943],[-73.609282,45.608021],[-73.609209,45.608098],[-73.609135,45.608175],[-73.609061,45.608252],[-73.608985,45.608328],[-73.608909,45.608404],[-73.608833,45.60848],[-73.608756,45.608555],[-73.608336,45.608936],[-73.608168,45.609086],[-73.608156,45.609097],[-73.608144,45.609108],[-73.608131,45.609119],[-73.608119,45.60913],[-73.608107,45.609142],[-73.608014,45.609226],[-73.60792,45.60931],[-73.607825,45.609393],[-73.607729,45.609476],[-73.607632,45.609558],[-73.607534,45.60964],[-73.607435,45.609721],[-73.607335,45.609801],[-73.607234,45.609881],[-73.607132,45.60996],[-73.60708,45.61],[-73.607027,45.61004],[-73.606974,45.61008],[-73.60692,45.61012],[-73.606867,45.61016],[-73.606854,45.610169],[-73.606842,45.610178],[-73.606829,45.610187],[-73.606816,45.610196],[-73.606804,45.610205],[-73.606084,45.610754],[-73.605986,45.61066],[-73.605902,45.610579],[-73.605639,45.610329],[-73.6055,45.610198],[-73.605382,45.610087],[-73.605097,45.609819],[-73.604884,45.609619],[-73.604761,45.609504],[-73.603519,45.610169],[-73.603655,45.610295],[-73.604032,45.610646],[-73.603381,45.611],[-73.603174,45.611108],[-73.60314,45.611126]]]]}},{"type":"Feature","properties":{"area_id":"A005","area_name":"Hochelaga","borough_name":"Mercier-Hochelaga-Maisonneuve","boundary_type":"official_administrative_boundary","boundary_source":"Ville de Montreal administrative boundaries","source_downloaded_date":"2026-06-23"},"geometry":{"type":"MultiPolygon","coordinates":[[[[-73.568496,45.581443],[-73.565372,45.580403],[-73.565122,45.58032],[-73.560124,45.578655],[-73.559843,45.578561],[-73.558805,45.578235],[-73.558732,45.57821],[-73.55866,45.578183],[-73.558589,45.578153],[-73.55852,45.578121],[-73.558454,45.578087],[-73.558389,45.578051],[-73.558327,45.578013],[-73.558268,45.577973],[-73.558211,45.577931],[-73.558158,45.577888],[-73.557869,45.577627],[-73.557705,45.577474],[-73.556982,45.576806],[-73.556803,45.57664],[-73.556216,45.576088],[-73.555998,45.575886],[-73.555967,45.57586],[-73.555935,45.575836],[-73.555901,45.575812],[-73.555866,45.57579],[-73.55583,45.575768],[-73.555792,45.575748],[-73.555752,45.575729],[-73.555712,45.575712],[-73.555671,45.575695],[-73.555629,45.57568],[-73.55423,45.575212],[-73.554223,45.57521],[-73.548987,45.573465],[-73.549979,45.571994],[-73.550913,45.570608],[-73.551079,45.570378],[-73.551746,45.569393],[-73.552252,45.568647],[-73.552345,45.56851],[-73.552596,45.568138],[-73.552819,45.567807],[-73.553017,45.567512],[-73.553313,45.567061],[-73.553439,45.566866],[-73.553581,45.566649],[-73.55373,45.566388],[-73.55378,45.56631],[-73.553835,45.566224],[-73.554163,45.565723],[-73.554261,45.565573],[-73.554275,45.565551],[-73.554288,45.56553],[-73.5543,45.565508],[-73.554312,45.565486],[-73.554323,45.565464],[-73.554482,45.565181],[-73.554509,45.565099],[-73.554534,45.565017],[-73.554555,45.564934],[-73.554573,45.56485],[-73.554588,45.564767],[-73.554599,45.564683],[-73.554607,45.564598],[-73.554612,45.564514],[-73.554613,45.56443],[-73.554611,45.564346],[-73.554596,45.564006],[-73.554489,45.561619],[-73.554465,45.56103],[-73.554378,45.559076],[-73.554292,45.557123],[-73.554288,45.557031],[-73.554287,45.556939],[-73.554289,45.556847],[-73.554294,45.556755],[-73.554303,45.556664],[-73.554436,45.555389],[-73.554458,45.555257],[-73.554478,45.555125],[-73.554499,45.554992],[-73.554518,45.55486],[-73.554537,45.554728],[-73.554566,45.554436],[-73.554696,45.553174],[-73.554711,45.553028],[-73.554762,45.552526],[-73.554782,45.552333],[-73.554833,45.551834],[-73.554853,45.551641],[-73.554881,45.551365],[-73.555033,45.549853],[-73.555068,45.549516],[-73.555125,45.548943],[-73.555147,45.548724],[-73.555217,45.548032],[-73.555243,45.547825],[-73.555317,45.547363],[-73.555665,45.546661],[-73.555733,45.546533],[-73.555999,45.546014],[-73.556069,45.545886],[-73.556699,45.544678],[-73.55678,45.544524],[-73.557053,45.544003],[-73.557134,45.543848],[-73.557703,45.542765],[-73.559131,45.540116],[-73.559233,45.539925],[-73.559017,45.539902],[-73.55717,45.539721],[-73.556005,45.539606],[-73.554016,45.53941],[-73.552218,45.539234],[-73.55033,45.539048],[-73.550261,45.539041],[-73.550193,45.539033],[-73.550125,45.539024],[-73.550057,45.539015],[-73.549989,45.539006],[-73.549922,45.538996],[-73.549855,45.538985],[-73.549821,45.538979],[-73.549787,45.538972],[-73.549754,45.538966],[-73.54972,45.538959],[-73.549687,45.538953],[-73.549653,45.538946],[-73.54962,45.538939],[-73.549586,45.538931],[-73.549553,45.538923],[-73.549519,45.538915],[-73.549486,45.538907],[-73.549453,45.538898],[-73.54942,45.53889],[-73.549387,45.53888],[-73.549356,45.538872],[-73.549324,45.538863],[-73.549292,45.538854],[-73.549261,45.538845],[-73.549229,45.538835],[-73.549198,45.538825],[-73.549167,45.538815],[-73.549136,45.538804],[-73.549105,45.538794],[-73.549074,45.538783],[-73.549043,45.538772],[-73.549012,45.53876],[-73.548981,45.538749],[-73.548951,45.538737],[-73.548926,45.538728],[-73.548901,45.538718],[-73.548877,45.538708],[-73.548852,45.538698],[-73.548828,45.538688],[-73.548804,45.538677],[-73.54878,45.538667],[-73.548754,45.538656],[-73.548729,45.538645],[-73.548704,45.538633],[-73.548679,45.538622],[-73.548654,45.53861],[-73.548629,45.538599],[-73.548604,45.538587],[-73.548577,45.538573],[-73.548549,45.538559],[-73.548522,45.538545],[-73.548495,45.538531],[-73.548468,45.538516],[-73.548442,45.538502],[-73.548415,45.538487],[-73.548387,45.538471],[-73.54836,45.538455],[-73.548333,45.538439],[-73.548306,45.538422],[-73.548279,45.538406],[-73.548252,45.538389],[-73.548225,45.538373],[-73.548197,45.538354],[-73.548169,45.538336],[-73.548141,45.538317],[-73.548114,45.538298],[-73.548086,45.538279],[-73.548059,45.53826],[-73.548033,45.538241],[-73.548004,45.538219],[-73.547976,45.538198],[-73.547948,45.538176],[-73.54792,45.538153],[-73.547893,45.538131],[-73.547866,45.538108],[-73.54784,45.538086],[-73.547817,45.538066],[-73.547795,45.538045],[-73.547772,45.538025],[-73.54775,45.538005],[-73.547729,45.537984],[-73.547707,45.537963],[-73.547686,45.537942],[-73.547656,45.537912],[-73.547627,45.537881],[-73.547598,45.53785],[-73.547569,45.537819],[-73.547541,45.537788],[-73.547514,45.537757],[-73.547487,45.537725],[-73.547461,45.537694],[-73.547435,45.537662],[-73.547409,45.537631],[-73.547383,45.5376],[-73.547357,45.537568],[-73.547332,45.537537],[-73.547307,45.537505],[-73.545986,45.535866],[-73.545245,45.534945],[-73.544767,45.534349],[-73.544539,45.534066],[-73.54437,45.533848],[-73.544206,45.533621],[-73.544183,45.533589],[-73.544161,45.533556],[-73.54414,45.533523],[-73.544118,45.53349],[-73.544096,45.533457],[-73.544075,45.533424],[-73.544054,45.533391],[-73.544012,45.533325],[-73.543971,45.533259],[-73.54393,45.533192],[-73.543891,45.533126],[-73.543853,45.533059],[-73.543816,45.532991],[-73.543779,45.532924],[-73.543747,45.532864],[-73.543717,45.532805],[-73.543687,45.532745],[-73.543657,45.532685],[-73.543629,45.532624],[-73.543602,45.532564],[-73.543575,45.532503],[-73.543554,45.532454],[-73.543533,45.532405],[-73.543513,45.532356],[-73.543492,45.532307],[-73.543472,45.532257],[-73.543451,45.532208],[-73.543431,45.532159],[-73.543295,45.53182],[-73.5406,45.531315],[-73.530115,45.534793],[-73.530024,45.535007],[-73.529806,45.53539],[-73.52954,45.535757],[-73.529226,45.536105],[-73.513138,45.552287],[-73.522013,45.555187],[-73.520688,45.556525],[-73.518579,45.558666],[-73.519096,45.558918],[-73.519545,45.558468],[-73.520838,45.557151],[-73.521718,45.557622],[-73.521807,45.557732],[-73.521778,45.557871],[-73.521373,45.558214],[-73.521247,45.558443],[-73.52096,45.558723],[-73.520885,45.558847],[-73.520964,45.558944],[-73.521299,45.559013],[-73.521486,45.559091],[-73.520477,45.560313],[-73.520635,45.560376],[-73.523606,45.556779],[-73.523757,45.556845],[-73.52376,45.556846],[-73.523763,45.556847],[-73.523766,45.556847],[-73.523769,45.556848],[-73.523772,45.556848],[-73.523775,45.556848],[-73.523778,45.556848],[-73.523782,45.556848],[-73.523785,45.556848],[-73.523788,45.556847],[-73.523791,45.556846],[-73.523794,45.556845],[-73.523796,45.556844],[-73.523799,45.556843],[-73.523801,45.556841],[-73.523803,45.556839],[-73.523805,45.556838],[-73.523807,45.556836],[-73.524097,45.556482],[-73.525049,45.556875],[-73.524953,45.556989],[-73.52532,45.557136],[-73.525117,45.557375],[-73.525116,45.557377],[-73.525115,45.557379],[-73.525114,45.557381],[-73.525113,45.557383],[-73.525113,45.557385],[-73.525113,45.557387],[-73.525113,45.557389],[-73.525113,45.557391],[-73.525114,45.557393],[-73.525115,45.557395],[-73.525116,45.557396],[-73.525117,45.557398],[-73.525119,45.5574],[-73.525121,45.557401],[-73.525123,45.557403],[-73.525125,45.557404],[-73.525127,45.557405],[-73.525129,45.557406],[-73.525263,45.557459],[-73.525265,45.55746],[-73.525268,45.557461],[-73.52527,45.557462],[-73.525272,45.557464],[-73.525274,45.557465],[-73.525275,45.557467],[-73.525276,45.557469],[-73.525278,45.557471],[-73.525278,45.557473],[-73.525279,45.557475],[-73.525279,45.557477],[-73.525279,45.557479],[-73.525279,45.557481],[-73.525279,45.557483],[-73.525278,45.557485],[-73.525277,45.557487],[-73.525276,45.557488],[-73.525275,45.55749],[-73.524887,45.557941],[-73.524564,45.558324],[-73.524113,45.558864],[-73.523765,45.559289],[-73.521222,45.562354],[-73.520579,45.563123],[-73.518888,45.565151],[-73.518067,45.566137],[-73.518057,45.566132],[-73.518031,45.566164],[-73.515917,45.56728],[-73.515815,45.567325],[-73.515495,45.567505],[-73.51561,45.567613],[-73.515751,45.567532],[-73.515789,45.567541],[-73.515943,45.567658],[-73.51593,45.567748],[-73.515546,45.56818],[-73.515546,45.568243],[-73.515597,45.568297],[-73.517506,45.569062],[-73.514112,45.570898],[-73.514086,45.570943],[-73.51383,45.570979],[-73.513997,45.57106],[-73.50918,45.575766],[-73.505913,45.580527],[-73.505836,45.580671],[-73.505977,45.580707],[-73.504645,45.584],[-73.505414,45.584225],[-73.505593,45.584288],[-73.505683,45.584459],[-73.505632,45.584612],[-73.50544,45.585098],[-73.505222,45.585368],[-73.505029,45.585323],[-73.504978,45.585314],[-73.503927,45.587743],[-73.50412,45.58777],[-73.505556,45.592062],[-73.505735,45.592035],[-73.505684,45.591855],[-73.505812,45.591837],[-73.506094,45.591972],[-73.506876,45.591837],[-73.506824,45.591927],[-73.506888,45.591954],[-73.506978,45.592089],[-73.507055,45.592395],[-73.507106,45.592512],[-73.507222,45.592593],[-73.507273,45.592629],[-73.507299,45.592683],[-73.507337,45.593196],[-73.507504,45.593502],[-73.507491,45.593754],[-73.507517,45.593835],[-73.507683,45.594069],[-73.507735,45.594195],[-73.507773,45.594429],[-73.507889,45.594888],[-73.507914,45.595212],[-73.508004,45.595383],[-73.508094,45.5955],[-73.508145,45.595635],[-73.508235,45.595788],[-73.50835,45.595895],[-73.508389,45.596012],[-73.508658,45.596381],[-73.508671,45.596786],[-73.508735,45.597146],[-73.50885,45.597362],[-73.508889,45.597533],[-73.509004,45.597839],[-73.509055,45.598199],[-73.509145,45.598424],[-73.509145,45.598901],[-73.509171,45.599189],[-73.509235,45.599378],[-73.509197,45.599639],[-73.509287,45.600008],[-73.509287,45.600314],[-73.509466,45.600673],[-73.509479,45.600772],[-73.509466,45.600871],[-73.509389,45.60097],[-73.509351,45.601222],[-73.509377,45.602122],[-73.509351,45.602194],[-73.509313,45.603157],[-73.509326,45.603202],[-73.5093,45.603535],[-73.509236,45.603661],[-73.509185,45.60412],[-73.509146,45.60421],[-73.509133,45.604408],[-73.509044,45.604669],[-73.509044,45.604822],[-73.508941,45.605002],[-73.508916,45.605326],[-73.508852,45.605641],[-73.5088,45.605758],[-73.508749,45.606019],[-73.508685,45.606145],[-73.508659,45.606261],[-73.508493,45.60672],[-73.508442,45.60681],[-73.508403,45.607233],[-73.508108,45.607665],[-73.508044,45.6078],[-73.507967,45.607908],[-73.507903,45.608106],[-73.507852,45.60816],[-73.507724,45.608439],[-73.507711,45.608538],[-73.50766,45.608655],[-73.507544,45.608817],[-73.507455,45.60906],[-73.507442,45.609195],[-73.507314,45.609573],[-73.507262,45.609753],[-73.507173,45.609915],[-73.507121,45.610194],[-73.507084,45.610237],[-73.50713,45.610297],[-73.507262,45.61047],[-73.507296,45.6106],[-73.506972,45.610642],[-73.506929,45.610645],[-73.50688,45.610652],[-73.50863,45.610954],[-73.508734,45.610968],[-73.508746,45.61097],[-73.508881,45.610993],[-73.50929,45.611063],[-73.509404,45.611083],[-73.509595,45.611116],[-73.509691,45.611132],[-73.509881,45.611165],[-73.509938,45.611174],[-73.51028,45.611233],[-73.510584,45.611285],[-73.510963,45.61135],[-73.51102,45.611359],[-73.51121,45.611392],[-73.511305,45.611408],[-73.5114,45.611424],[-73.511496,45.611441],[-73.511553,45.61145],[-73.511648,45.611467],[-73.511942,45.611517],[-73.511952,45.611518],[-73.512133,45.611549],[-73.512143,45.611551],[-73.512285,45.611575],[-73.512292,45.611577],[-73.512438,45.611601],[-73.512442,45.611602],[-73.512629,45.611634],[-73.512633,45.611635],[-73.512814,45.611666],[-73.512988,45.611696],[-73.513045,45.611706],[-73.513214,45.611735],[-73.513369,45.611761],[-73.513527,45.611789],[-73.513649,45.61181],[-73.513772,45.611831],[-73.513927,45.611857],[-73.513984,45.611867],[-73.514291,45.61192],[-73.514593,45.61197],[-73.514597,45.611971],[-73.514861,45.612014],[-73.514977,45.612034],[-73.515034,45.612044],[-73.515147,45.612064],[-73.515466,45.612119],[-73.515845,45.612184],[-73.51597,45.612206],[-73.516027,45.612215],[-73.516409,45.612281],[-73.516639,45.612319],[-73.517019,45.612383],[-73.517076,45.612393],[-73.518093,45.61257],[-73.518151,45.61258],[-73.51853,45.612646],[-73.51876,45.612681],[-73.519135,45.612746],[-73.519192,45.612755],[-73.51932,45.612777],[-73.519415,45.612793],[-73.51951,45.612809],[-73.520201,45.612927],[-73.520258,45.612936],[-73.520641,45.613001],[-73.520869,45.61304],[-73.521247,45.613106],[-73.521305,45.613116],[-73.522309,45.613288],[-73.522366,45.613297],[-73.52275,45.613364],[-73.522979,45.613403],[-73.523356,45.613467],[-73.523414,45.613477],[-73.524434,45.613651],[-73.524491,45.613661],[-73.52487,45.613725],[-73.525252,45.613791],[-73.537187,45.615837],[-73.537519,45.614894],[-73.537554,45.614796],[-73.53784,45.613986],[-73.537868,45.613906],[-73.538686,45.61405],[-73.540838,45.614426],[-73.541158,45.614482],[-73.541507,45.614543],[-73.541536,45.614548],[-73.541936,45.614618],[-73.542148,45.614655],[-73.542725,45.614757],[-73.542766,45.614764],[-73.54283,45.614775],[-73.542988,45.614803],[-73.543147,45.614831],[-73.543305,45.614859],[-73.543463,45.614886],[-73.543527,45.614898],[-73.543767,45.61494],[-73.543829,45.614951],[-73.544097,45.615054],[-73.544224,45.614961],[-73.544429,45.614812],[-73.544668,45.614638],[-73.544879,45.614485],[-73.544896,45.614472],[-73.545396,45.614109],[-73.545432,45.614053],[-73.545658,45.613695],[-73.545725,45.613511],[-73.545755,45.61332],[-73.545959,45.613035],[-73.5463,45.612728],[-73.546318,45.612703],[-73.546157,45.612657],[-73.545537,45.61248],[-73.545297,45.612409],[-73.545296,45.612408],[-73.54505,45.612335],[-73.544946,45.612305],[-73.544934,45.612301],[-73.544817,45.612266],[-73.544701,45.612232],[-73.544587,45.612198],[-73.544715,45.611925],[-73.544794,45.611753],[-73.544933,45.611456],[-73.544975,45.611366],[-73.545083,45.611134],[-73.545163,45.610961],[-73.545187,45.61091],[-73.545336,45.610741],[-73.545262,45.610709],[-73.545035,45.610614],[-73.544962,45.610583],[-73.544828,45.610527],[-73.544736,45.610489],[-73.544659,45.610457],[-73.544493,45.610384],[-73.544313,45.610313],[-73.544134,45.610258],[-73.544057,45.610237],[-73.543948,45.610209],[-73.54376,45.610162],[-73.543648,45.610135],[-73.543569,45.610117],[-73.543279,45.610042],[-73.542999,45.609971],[-73.542966,45.609961],[-73.542693,45.609879],[-73.54264,45.609867],[-73.542307,45.609788],[-73.542297,45.609785],[-73.542069,45.609733],[-73.542062,45.609731],[-73.541698,45.609648],[-73.541697,45.60965],[-73.541328,45.609567],[-73.541325,45.609567],[-73.541082,45.609507],[-73.541369,45.608871],[-73.541435,45.608638],[-73.541502,45.608406],[-73.541572,45.608159],[-73.541548,45.608149],[-73.541492,45.608125],[-73.541317,45.608049],[-73.541279,45.608033],[-73.541141,45.607974],[-73.541047,45.607933],[-73.540963,45.607896],[-73.540931,45.607883],[-73.540826,45.607837],[-73.540973,45.607661],[-73.541078,45.607558],[-73.54122,45.607387],[-73.541362,45.607215],[-73.541442,45.607102],[-73.541584,45.606931],[-73.54152,45.606904],[-73.541437,45.606867],[-73.541338,45.606825],[-73.541171,45.606753],[-73.541063,45.606706],[-73.540972,45.606667],[-73.540881,45.606627],[-73.54079,45.606587],[-73.540698,45.606548],[-73.540607,45.606508],[-73.540516,45.606469],[-73.540425,45.606429],[-73.540334,45.60639],[-73.540211,45.606336],[-73.540088,45.606283],[-73.539997,45.606243],[-73.539905,45.606204],[-73.539814,45.606164],[-73.539723,45.606125],[-73.539632,45.606085],[-73.53954,45.606046],[-73.539449,45.606006],[-73.539348,45.605962],[-73.539128,45.605867],[-73.539013,45.605817],[-73.538921,45.605777],[-73.53883,45.605737],[-73.538738,45.605698],[-73.538647,45.605658],[-73.538555,45.605618],[-73.538464,45.605579],[-73.538372,45.605539],[-73.538281,45.605499],[-73.538135,45.605436],[-73.538018,45.605385],[-73.537928,45.605346],[-73.537838,45.605307],[-73.537747,45.605268],[-73.537657,45.605229],[-73.537546,45.60518],[-73.537771,45.604784],[-73.537631,45.604737],[-73.537306,45.604637],[-73.537158,45.604591],[-73.537134,45.604518],[-73.53711,45.604446],[-73.537083,45.604375],[-73.537057,45.604303],[-73.537051,45.604288],[-73.537031,45.604231],[-73.53702,45.604199],[-73.53703,45.604202],[-73.537008,45.604135],[-73.536977,45.604039],[-73.536953,45.603967],[-73.53693,45.603894],[-73.536906,45.603821],[-73.536882,45.603749],[-73.536831,45.603593],[-73.536717,45.603245],[-73.53663,45.603023],[-73.536565,45.602799],[-73.536519,45.602631],[-73.536746,45.602698],[-73.536653,45.60238],[-73.536586,45.602138],[-73.539302,45.603262],[-73.539493,45.603036],[-73.5396,45.603082],[-73.539697,45.603123],[-73.539794,45.603164],[-73.53989,45.603206],[-73.539987,45.603247],[-73.540101,45.603295],[-73.540214,45.603344],[-73.540311,45.603385],[-73.540408,45.603427],[-73.540504,45.603468],[-73.540601,45.603509],[-73.540718,45.603559],[-73.540835,45.603609],[-73.540932,45.603651],[-73.541029,45.603692],[-73.541125,45.603733],[-73.541222,45.603775],[-73.541346,45.603827],[-73.541473,45.603882],[-73.541569,45.603923],[-73.541666,45.603964],[-73.541762,45.604005],[-73.541858,45.604046],[-73.541954,45.604087],[-73.542051,45.604128],[-73.542183,45.604182],[-73.542949,45.603197],[-73.54279,45.603124],[-73.542006,45.60278],[-73.539798,45.60181],[-73.540125,45.601331],[-73.540701,45.600679],[-73.541086,45.600794],[-73.542444,45.601206],[-73.542683,45.601274],[-73.544473,45.60182],[-73.544471,45.601828],[-73.544727,45.601906],[-73.544797,45.601798],[-73.545248,45.601102],[-73.545042,45.601013],[-73.545009,45.600998],[-73.544879,45.600943],[-73.544818,45.600832],[-73.544811,45.60076],[-73.544809,45.600741],[-73.544483,45.600652],[-73.544496,45.60061],[-73.544542,45.600459],[-73.544601,45.600265],[-73.544655,45.600089],[-73.544734,45.59983],[-73.544767,45.599732],[-73.544828,45.59955],[-73.54454,45.599411],[-73.544298,45.598484],[-73.544228,45.598206],[-73.544201,45.598197],[-73.543996,45.598132],[-73.543854,45.598087],[-73.543947,45.597939],[-73.544041,45.597785],[-73.544143,45.597619],[-73.544232,45.597473],[-73.54432,45.597328],[-73.54441,45.597181],[-73.544454,45.597111],[-73.544501,45.597035],[-73.544591,45.596889],[-73.544681,45.596743],[-73.544772,45.596597],[-73.544907,45.596378],[-73.544908,45.596379],[-73.545176,45.595943],[-73.545248,45.595829],[-73.545479,45.595468],[-73.545507,45.595424],[-73.545578,45.595312],[-73.545813,45.594889],[-73.546285,45.595059],[-73.546631,45.595182],[-73.547313,45.595424],[-73.547349,45.595386],[-73.547351,45.595384],[-73.547414,45.595319],[-73.547507,45.595224],[-73.547599,45.595129],[-73.547665,45.595061],[-73.547732,45.594993],[-73.547824,45.594898],[-73.547917,45.594803],[-73.547983,45.594735],[-73.548049,45.594667],[-73.548142,45.594572],[-73.548147,45.594567],[-73.548037,45.594529],[-73.547932,45.594493],[-73.547827,45.594457],[-73.547721,45.594421],[-73.547616,45.594385],[-73.54751,45.594349],[-73.547405,45.594313],[-73.547265,45.594265],[-73.547124,45.594217],[-73.547019,45.594181],[-73.546913,45.594145],[-73.546808,45.594109],[-73.546703,45.594073],[-73.546597,45.594037],[-73.546457,45.593989],[-73.546603,45.593771],[-73.546713,45.593608],[-73.546771,45.593519],[-73.546818,45.59345],[-73.546864,45.59338],[-73.546911,45.593311],[-73.546957,45.593241],[-73.547004,45.593172],[-73.54705,45.593102],[-73.547096,45.593033],[-73.547143,45.592963],[-73.547189,45.592894],[-73.547236,45.592824],[-73.547315,45.592706],[-73.547335,45.592677],[-73.547527,45.592397],[-73.547552,45.59236],[-73.547628,45.592249],[-73.547675,45.592181],[-73.547746,45.592078],[-73.547858,45.591915],[-73.547918,45.591825],[-73.547984,45.591728],[-73.548111,45.591543],[-73.548246,45.591344],[-73.548389,45.591133],[-73.548407,45.591107],[-73.548452,45.591041],[-73.548558,45.590884],[-73.54866,45.590733],[-73.548741,45.590614],[-73.548831,45.590481],[-73.548948,45.590309],[-73.549218,45.590399],[-73.549383,45.590454],[-73.549545,45.590508],[-73.549669,45.590549],[-73.549794,45.590591],[-73.549918,45.590632],[-73.550043,45.590673],[-73.550167,45.590715],[-73.550292,45.590756],[-73.550417,45.590798],[-73.550541,45.590839],[-73.550666,45.590881],[-73.55079,45.590922],[-73.550949,45.590975],[-73.551143,45.59104],[-73.551373,45.591116],[-73.551582,45.591186],[-73.551775,45.59125],[-73.551943,45.591306],[-73.552068,45.591348],[-73.552171,45.591382],[-73.552237,45.591404],[-73.552303,45.591426],[-73.552405,45.59146],[-73.552508,45.591494],[-73.552574,45.591516],[-73.55264,45.591538],[-73.552706,45.59156],[-73.552771,45.591582],[-73.552874,45.591616],[-73.552977,45.59165],[-73.553042,45.591672],[-73.553108,45.591694],[-73.553174,45.591716],[-73.55324,45.591738],[-73.553343,45.591772],[-73.553445,45.591806],[-73.553511,45.591828],[-73.553577,45.59185],[-73.553643,45.591872],[-73.553709,45.591894],[-73.553811,45.591928],[-73.55393,45.591968],[-73.554048,45.592007],[-73.554169,45.592048],[-73.554295,45.59209],[-73.556739,45.592905],[-73.557447,45.593138],[-73.557798,45.593257],[-73.55873,45.593569],[-73.55928,45.593753],[-73.559571,45.59385],[-73.559842,45.59394],[-73.560125,45.594034],[-73.560397,45.594124],[-73.560407,45.594128],[-73.560673,45.594216],[-73.560989,45.594322],[-73.561369,45.594449],[-73.561789,45.594589],[-73.563114,45.59503],[-73.564262,45.595413],[-73.564489,45.595497],[-73.56456,45.595528],[-73.56895,45.596988],[-73.569407,45.597143],[-73.569702,45.596605],[-73.569705,45.5966],[-73.569475,45.596041],[-73.569124,45.595516],[-73.568984,45.595292],[-73.568676,45.594884],[-73.568871,45.594221],[-73.56898,45.59385],[-73.569021,45.593535],[-73.568913,45.593193],[-73.56882,45.593017],[-73.568627,45.592641],[-73.568495,45.592078],[-73.568453,45.591811],[-73.568262,45.591482],[-73.568026,45.591017],[-73.567986,45.590939],[-73.567958,45.590883],[-73.567722,45.590503],[-73.567721,45.590502],[-73.56768,45.590436],[-73.567431,45.590155],[-73.567418,45.590141],[-73.56728,45.589876],[-73.567277,45.589872],[-73.567212,45.589747],[-73.567187,45.589699],[-73.567147,45.589621],[-73.567106,45.589543],[-73.567095,45.589525],[-73.567079,45.589498],[-73.567037,45.589431],[-73.56698,45.589336],[-73.566922,45.589241],[-73.566872,45.589159],[-73.566864,45.589147],[-73.566806,45.589053],[-73.566748,45.588958],[-73.566689,45.588864],[-73.566631,45.58877],[-73.566623,45.588757],[-73.566573,45.588675],[-73.566514,45.588581],[-73.566441,45.588461],[-73.566416,45.588422],[-73.566337,45.588352],[-73.566268,45.588291],[-73.566208,45.588255],[-73.566071,45.588172],[-73.565959,45.588105],[-73.565917,45.58808],[-73.565842,45.588043],[-73.565722,45.587984],[-73.565603,45.587925],[-73.565483,45.587866],[-73.565363,45.587807],[-73.565243,45.587748],[-73.565123,45.587688],[-73.565003,45.587629],[-73.564883,45.58757],[-73.564763,45.587511],[-73.564728,45.587494],[-73.564643,45.587452],[-73.564519,45.587392],[-73.564399,45.587333],[-73.564279,45.587275],[-73.564215,45.587244],[-73.564208,45.587218],[-73.564197,45.58718],[-73.564186,45.587141],[-73.564177,45.586963],[-73.564172,45.586866],[-73.564167,45.586771],[-73.564167,45.586769],[-73.564171,45.586675],[-73.564175,45.586578],[-73.564179,45.586482],[-73.56418,45.586467],[-73.564185,45.586386],[-73.564188,45.586353],[-73.564192,45.58629],[-73.564199,45.586194],[-73.5642,45.586171],[-73.564205,45.586097],[-73.564212,45.586001],[-73.564218,45.585904],[-73.564224,45.585817],[-73.564225,45.585808],[-73.564232,45.585711],[-73.564238,45.585613],[-73.564245,45.585516],[-73.564252,45.585405],[-73.56411,45.58521],[-73.563954,45.584988],[-73.564091,45.584943],[-73.564215,45.584903],[-73.564339,45.584863],[-73.564463,45.584822],[-73.564587,45.584782],[-73.564711,45.584742],[-73.564835,45.584701],[-73.56496,45.584661],[-73.565084,45.584621],[-73.565208,45.58458],[-73.565437,45.584506],[-73.565731,45.58441],[-73.565911,45.584349],[-73.566033,45.584308],[-73.56613,45.584275],[-73.566161,45.584264],[-73.566006,45.584147],[-73.565991,45.584135],[-73.565883,45.584039],[-73.565841,45.584003],[-73.565759,45.583932],[-73.565625,45.583832],[-73.565579,45.583789],[-73.565531,45.583743],[-73.565506,45.583716],[-73.565466,45.583671],[-73.565397,45.58362],[-73.565342,45.583563],[-73.565233,45.583449],[-73.565195,45.583386],[-73.565145,45.583327],[-73.564844,45.583049],[-73.56478,45.583001],[-73.564895,45.582959],[-73.564902,45.582956],[-73.56492,45.582932],[-73.56507,45.582841],[-73.565114,45.582827],[-73.565146,45.582839],[-73.565169,45.582853],[-73.56529,45.582843],[-73.565492,45.582811],[-73.565604,45.582823],[-73.565781,45.582843],[-73.565901,45.582833],[-73.566,45.582802],[-73.566022,45.582733],[-73.566019,45.582583],[-73.566028,45.582511],[-73.566071,45.582488],[-73.566139,45.582519],[-73.566228,45.582492],[-73.56629,45.582491],[-73.56631,45.582439],[-73.566391,45.582373],[-73.566483,45.582455],[-73.566529,45.582483],[-73.566625,45.582479],[-73.566636,45.582479],[-73.566647,45.582478],[-73.566659,45.582478],[-73.56667,45.582477],[-73.566681,45.582478],[-73.566695,45.582478],[-73.566708,45.582479],[-73.566721,45.582479],[-73.566732,45.582479],[-73.566743,45.582477],[-73.566752,45.582475],[-73.566757,45.582471],[-73.566761,45.582466],[-73.566764,45.58246],[-73.566765,45.582453],[-73.566764,45.582445],[-73.566763,45.582436],[-73.566761,45.582427],[-73.56676,45.582417],[-73.566758,45.582408],[-73.566756,45.582398],[-73.566756,45.582388],[-73.566756,45.582377],[-73.566758,45.58237],[-73.566761,45.582362],[-73.566765,45.582355],[-73.56677,45.582347],[-73.566776,45.582341],[-73.566783,45.582334],[-73.56679,45.582328],[-73.566798,45.582322],[-73.566805,45.582317],[-73.566814,45.58231],[-73.566822,45.582305],[-73.566831,45.582299],[-73.566839,45.582294],[-73.566848,45.582289],[-73.566858,45.582283],[-73.566866,45.582279],[-73.566875,45.582273],[-73.566885,45.582266],[-73.566889,45.582261],[-73.566895,45.582254],[-73.566899,45.582247],[-73.566901,45.582239],[-73.566903,45.582231],[-73.566904,45.582223],[-73.566905,45.582214],[-73.566905,45.582206],[-73.566904,45.582197],[-73.566904,45.582189],[-73.566903,45.582181],[-73.566902,45.582173],[-73.566901,45.582157],[-73.566936,45.582132],[-73.566993,45.582034],[-73.567046,45.582013],[-73.567063,45.582007],[-73.567071,45.582003],[-73.567079,45.582001],[-73.567089,45.581998],[-73.567097,45.581997],[-73.567106,45.581996],[-73.567115,45.581996],[-73.567124,45.581997],[-73.567133,45.581998],[-73.567142,45.582],[-73.567151,45.582003],[-73.56716,45.582006],[-73.567168,45.58201],[-73.567177,45.582015],[-73.567188,45.582021],[-73.567193,45.582025],[-73.567201,45.582031],[-73.567216,45.582044],[-73.56723,45.582057],[-73.567237,45.582063],[-73.567244,45.582068],[-73.567251,45.582073],[-73.567258,45.582076],[-73.567265,45.582079],[-73.567272,45.58208],[-73.567279,45.58208],[-73.567283,45.58208],[-73.567287,45.582078],[-73.567294,45.582075],[-73.567302,45.582071],[-73.567383,45.582035],[-73.567445,45.581897],[-73.567432,45.581882],[-73.567436,45.581873],[-73.567441,45.581864],[-73.567446,45.581856],[-73.567451,45.581848],[-73.567457,45.581841],[-73.567463,45.581836],[-73.56747,45.581832],[-73.567474,45.581831],[-73.567485,45.58183],[-73.567494,45.581831],[-73.567503,45.581834],[-73.567513,45.581838],[-73.567523,45.581842],[-73.567533,45.581848],[-73.567544,45.581854],[-73.567554,45.581861],[-73.567565,45.581868],[-73.567617,45.581928],[-73.567623,45.581927],[-73.56763,45.581926],[-73.567637,45.581925],[-73.567644,45.581924],[-73.567651,45.581923],[-73.567658,45.581922],[-73.567665,45.581922],[-73.567672,45.581921],[-73.567679,45.581921],[-73.567686,45.581921],[-73.567788,45.581888],[-73.567813,45.581874],[-73.567823,45.581877],[-73.567967,45.581909],[-73.567975,45.581907],[-73.567986,45.581904],[-73.567991,45.581902],[-73.568,45.5819],[-73.568009,45.581897],[-73.568018,45.581895],[-73.568026,45.581892],[-73.568035,45.581889],[-73.568043,45.581886],[-73.56805,45.581882],[-73.568056,45.581878],[-73.568061,45.581874],[-73.568065,45.581869],[-73.568067,45.581865],[-73.568069,45.581859],[-73.568068,45.581853],[-73.568068,45.581847],[-73.568067,45.58184],[-73.568066,45.581834],[-73.568065,45.581828],[-73.568067,45.58182],[-73.568068,45.581816],[-73.568071,45.581811],[-73.568076,45.581805],[-73.56808,45.5818],[-73.568085,45.581795],[-73.568089,45.58179],[-73.568093,45.581784],[-73.568095,45.581779],[-73.568096,45.581773],[-73.568097,45.581767],[-73.568096,45.581761],[-73.568096,45.581755],[-73.568094,45.581748],[-73.568093,45.581742],[-73.568081,45.581729],[-73.568061,45.581677],[-73.568143,45.581655],[-73.568152,45.581656],[-73.568162,45.581657],[-73.568171,45.581658],[-73.56818,45.58166],[-73.56819,45.581661],[-73.5682,45.581664],[-73.568208,45.581666],[-73.568216,45.581669],[-73.568225,45.581673],[-73.568234,45.581676],[-73.568243,45.581679],[-73.568251,45.581682],[-73.56826,45.581684],[-73.568271,45.581685],[-73.568278,45.581685],[-73.568288,45.581684],[-73.568297,45.581683],[-73.568307,45.581682],[-73.568317,45.58168],[-73.568326,45.581679],[-73.568335,45.581678],[-73.568345,45.581678],[-73.568352,45.581677],[-73.568364,45.581675],[-73.568373,45.581673],[-73.568382,45.581671],[-73.568391,45.581668],[-73.5684,45.581665],[-73.568409,45.581662],[-73.568417,45.581658],[-73.568425,45.581654],[-73.568432,45.58165],[-73.568441,45.581644],[-73.568446,45.58164],[-73.568452,45.581635],[-73.568458,45.58163],[-73.568463,45.581624],[-73.568468,45.581619],[-73.568472,45.581613],[-73.568477,45.581606],[-73.568481,45.5816],[-73.568486,45.581591],[-73.568488,45.581588],[-73.568491,45.581581],[-73.568494,45.581575],[-73.568497,45.581568],[-73.5685,45.581561],[-73.568502,45.581555],[-73.568504,45.581548],[-73.568506,45.581542],[-73.568507,45.581535],[-73.568508,45.581528],[-73.568509,45.581522],[-73.568509,45.581514],[-73.568509,45.581509],[-73.568509,45.581502],[-73.568508,45.581496],[-73.568507,45.581489],[-73.568506,45.581482],[-73.568504,45.581476],[-73.568502,45.581469],[-73.568501,45.581462],[-73.568498,45.581455],[-73.568497,45.581448],[-73.568496,45.581443]]]]}},{"type":"Feature","properties":{"area_id":"A006","area_name":"Verdun","borough_name":"Verdun","boundary_type":"official_administrative_boundary","boundary_source":"Ville de Montreal administrative boundaries","source_downloaded_date":"2026-06-23"},"geometry":{"type":"MultiPolygon","coordinates":[[[[-73.539798,45.428049],[-73.539336,45.428376],[-73.538808,45.428737],[-73.536308,45.430681],[-73.534808,45.431959],[-73.533474,45.433153],[-73.531252,45.435431],[-73.529697,45.437154],[-73.528363,45.438876],[-73.527391,45.440154],[-73.52603,45.442292],[-73.524169,45.445765],[-73.523224,45.447876],[-73.522613,45.449515],[-73.522252,45.450626],[-73.522214,45.450724],[-73.522177,45.450823],[-73.52214,45.450921],[-73.522103,45.45102],[-73.522067,45.451118],[-73.52203,45.451217],[-73.521994,45.451316],[-73.521958,45.451414],[-73.521922,45.451513],[-73.521887,45.451612],[-73.521852,45.451711],[-73.521817,45.45181],[-73.521782,45.451909],[-73.521747,45.452008],[-73.521713,45.452107],[-73.521679,45.452206],[-73.521644,45.452305],[-73.52161,45.452404],[-73.521577,45.452503],[-73.521543,45.452602],[-73.521509,45.452701],[-73.521476,45.4528],[-73.521442,45.452899],[-73.521409,45.452999],[-73.521376,45.453098],[-73.521344,45.453197],[-73.521311,45.453296],[-73.521279,45.453396],[-73.521246,45.453495],[-73.521214,45.453594],[-73.521182,45.453694],[-73.521151,45.453793],[-73.521119,45.453893],[-73.521088,45.453992],[-73.521056,45.454092],[-73.521025,45.454191],[-73.520994,45.454291],[-73.520963,45.45439],[-73.520933,45.45449],[-73.520903,45.45459],[-73.520873,45.454689],[-73.520843,45.454789],[-73.520813,45.454889],[-73.520784,45.454989],[-73.520755,45.455088],[-73.520726,45.455188],[-73.520697,45.455288],[-73.520668,45.455388],[-73.52064,45.455488],[-73.520611,45.455588],[-73.520583,45.455688],[-73.520555,45.455788],[-73.520527,45.455888],[-73.520499,45.455988],[-73.520471,45.456088],[-73.520444,45.456188],[-73.520416,45.456288],[-73.520389,45.456388],[-73.520363,45.456488],[-73.520336,45.456588],[-73.52031,45.456689],[-73.520284,45.456789],[-73.520257,45.456889],[-73.520231,45.456989],[-73.520205,45.457089],[-73.520179,45.45719],[-73.520153,45.45729],[-73.520128,45.45739],[-73.520102,45.457491],[-73.520077,45.457591],[-73.520052,45.457691],[-73.520027,45.457792],[-73.520002,45.457892],[-73.519978,45.457993],[-73.519954,45.458093],[-73.51993,45.458194],[-73.519907,45.458294],[-73.519884,45.458395],[-73.519862,45.458496],[-73.519839,45.458596],[-73.519817,45.458697],[-73.519794,45.458798],[-73.519772,45.458898],[-73.51975,45.458999],[-73.519727,45.4591],[-73.519705,45.4592],[-73.519683,45.459301],[-73.519661,45.459402],[-73.519639,45.459503],[-73.519618,45.459603],[-73.519597,45.459704],[-73.519575,45.459805],[-73.519555,45.459906],[-73.519534,45.460007],[-73.519513,45.460108],[-73.519493,45.460208],[-73.519473,45.460309],[-73.519453,45.46041],[-73.519434,45.460511],[-73.519414,45.460612],[-73.519394,45.460713],[-73.51936,45.460893],[-73.519326,45.461073],[-73.519293,45.461254],[-73.519261,45.461434],[-73.519229,45.461614],[-73.519198,45.461795],[-73.519167,45.461975],[-73.519137,45.462155],[-73.519107,45.462336],[-73.519078,45.462517],[-73.51905,45.462697],[-73.519022,45.462878],[-73.518995,45.463058],[-73.518968,45.463239],[-73.518942,45.46342],[-73.518916,45.463601],[-73.518891,45.463782],[-73.518867,45.463962],[-73.518843,45.464143],[-73.51882,45.464324],[-73.518813,45.464404],[-73.518807,45.464484],[-73.518803,45.464564],[-73.518799,45.464645],[-73.518795,45.464725],[-73.518793,45.464805],[-73.518792,45.464885],[-73.518791,45.464965],[-73.518791,45.465046],[-73.518792,45.465126],[-73.518794,45.465206],[-73.518797,45.465286],[-73.5188,45.465367],[-73.518805,45.465447],[-73.51881,45.465527],[-73.518816,45.465607],[-73.518823,45.465687],[-73.51883,45.465767],[-73.518839,45.465847],[-73.518848,45.465927],[-73.518906,45.466182],[-73.518967,45.466437],[-73.519031,45.466691],[-73.519098,45.466945],[-73.519168,45.467199],[-73.519242,45.467453],[-73.519318,45.467706],[-73.519398,45.467958],[-73.519481,45.46821],[-73.519567,45.468462],[-73.519657,45.468713],[-73.519749,45.468963],[-73.519845,45.469213],[-73.519943,45.469462],[-73.520045,45.469711],[-73.52015,45.469958],[-73.520258,45.470206],[-73.520368,45.470452],[-73.520482,45.470698],[-73.520599,45.470942],[-73.520652,45.471058],[-73.520704,45.471173],[-73.520757,45.471288],[-73.52081,45.471404],[-73.520863,45.471519],[-73.520916,45.471634],[-73.52097,45.471749],[-73.521023,45.471865],[-73.521077,45.47198],[-73.52113,45.472095],[-73.521184,45.47221],[-73.521238,45.472325],[-73.521292,45.47244],[-73.521346,45.472555],[-73.521401,45.47267],[-73.521455,45.472785],[-73.52151,45.4729],[-73.521564,45.473015],[-73.521619,45.47313],[-73.521674,45.473245],[-73.529715,45.475068],[-73.534184,45.476081],[-73.534905,45.476238],[-73.535398,45.476326],[-73.535551,45.476354],[-73.536116,45.476426],[-73.536838,45.476504],[-73.537384,45.476559],[-73.537774,45.476594],[-73.538163,45.4766],[-73.538445,45.476594],[-73.538909,45.476535],[-73.539167,45.47647],[-73.540931,45.475866],[-73.54206,45.475346],[-73.542847,45.474898],[-73.546021,45.473118],[-73.549262,45.470825],[-73.550037,45.470267],[-73.550878,45.469758],[-73.551779,45.469303],[-73.55199,45.469207],[-73.552166,45.469143],[-73.552344,45.469081],[-73.552523,45.469021],[-73.552705,45.468963],[-73.552887,45.468908],[-73.553071,45.468855],[-73.553257,45.468805],[-73.553443,45.468757],[-73.553631,45.468712],[-73.55382,45.468669],[-73.55629,45.469594],[-73.558785,45.470529],[-73.560442,45.47115],[-73.560701,45.471244],[-73.560863,45.471303],[-73.561503,45.471546],[-73.562893,45.472074],[-73.562957,45.472099],[-73.563001,45.472116],[-73.563092,45.47215],[-73.562986,45.472291],[-73.563076,45.472325],[-73.563079,45.472326],[-73.563903,45.472638],[-73.564109,45.472716],[-73.564806,45.47298],[-73.56484,45.472993],[-73.567063,45.473851],[-73.568211,45.474294],[-73.568227,45.4743],[-73.568242,45.474306],[-73.568258,45.474312],[-73.568274,45.474317],[-73.568289,45.474323],[-73.568305,45.474329],[-73.568321,45.474334],[-73.568337,45.47434],[-73.568352,45.474345],[-73.568368,45.474351],[-73.568384,45.474356],[-73.5684,45.474361],[-73.568416,45.474366],[-73.568432,45.474372],[-73.568449,45.474377],[-73.568465,45.474382],[-73.568481,45.474387],[-73.568497,45.474391],[-73.568513,45.474396],[-73.56853,45.474401],[-73.568546,45.474406],[-73.568562,45.47441],[-73.568579,45.474415],[-73.568595,45.474419],[-73.568612,45.474424],[-73.568628,45.474428],[-73.568645,45.474433],[-73.568662,45.474437],[-73.568678,45.474441],[-73.568695,45.474445],[-73.568712,45.474449],[-73.568728,45.474453],[-73.568745,45.474457],[-73.568762,45.474461],[-73.568779,45.474465],[-73.568795,45.474468],[-73.568812,45.474472],[-73.568829,45.474476],[-73.568846,45.474479],[-73.568863,45.474483],[-73.56888,45.474486],[-73.568897,45.474489],[-73.568914,45.474493],[-73.568931,45.474496],[-73.568948,45.474499],[-73.568966,45.474502],[-73.568983,45.474505],[-73.569,45.474508],[-73.569017,45.474511],[-73.569034,45.474513],[-73.569051,45.474516],[-73.569069,45.474519],[-73.569086,45.474521],[-73.569103,45.474524],[-73.569121,45.474526],[-73.569138,45.474529],[-73.569155,45.474531],[-73.569173,45.474533],[-73.56919,45.474536],[-73.569206,45.474537],[-73.569221,45.474539],[-73.569236,45.474541],[-73.569252,45.474543],[-73.569267,45.474544],[-73.569283,45.474546],[-73.569298,45.474547],[-73.569314,45.474549],[-73.56933,45.47455],[-73.569345,45.474552],[-73.569361,45.474553],[-73.569369,45.474554],[-73.569427,45.474559],[-73.569932,45.4746],[-73.569934,45.4746],[-73.570192,45.474608],[-73.570202,45.474609],[-73.570225,45.474608],[-73.570249,45.474608],[-73.570273,45.474607],[-73.570296,45.474607],[-73.57032,45.474606],[-73.570344,45.474605],[-73.570367,45.474604],[-73.570391,45.474603],[-73.570415,45.474602],[-73.570438,45.474601],[-73.570462,45.4746],[-73.570486,45.474599],[-73.570509,45.474598],[-73.570533,45.474596],[-73.570557,45.474595],[-73.57058,45.474594],[-73.570604,45.474592],[-73.57062,45.474591],[-73.570636,45.47459],[-73.570652,45.474589],[-73.570668,45.474588],[-73.570692,45.474586],[-73.570716,45.474584],[-73.570741,45.474582],[-73.570765,45.47458],[-73.570789,45.474578],[-73.570813,45.474576],[-73.570838,45.474574],[-73.570862,45.474572],[-73.570886,45.474569],[-73.57091,45.474567],[-73.570934,45.474564],[-73.570959,45.474562],[-73.570983,45.474559],[-73.571007,45.474557],[-73.571031,45.474554],[-73.571055,45.474551],[-73.571079,45.474548],[-73.571103,45.474545],[-73.571127,45.474542],[-73.571151,45.474539],[-73.571176,45.474536],[-73.5712,45.474533],[-73.571224,45.474529],[-73.571248,45.474526],[-73.571271,45.474523],[-73.571295,45.474519],[-73.571319,45.474516],[-73.571343,45.474512],[-73.571367,45.474508],[-73.571391,45.474505],[-73.571415,45.474501],[-73.571439,45.474497],[-73.571462,45.474493],[-73.571486,45.474489],[-73.57151,45.474485],[-73.571534,45.474481],[-73.571557,45.474476],[-73.571581,45.474472],[-73.571605,45.474468],[-73.571628,45.474463],[-73.571652,45.474459],[-73.571675,45.474454],[-73.571699,45.47445],[-73.571722,45.474445],[-73.571746,45.47444],[-73.571769,45.474435],[-73.571793,45.47443],[-73.571816,45.474425],[-73.57184,45.47442],[-73.571863,45.474415],[-73.571886,45.47441],[-73.57191,45.474405],[-73.571933,45.4744],[-73.571956,45.474394],[-73.571979,45.474389],[-73.572002,45.474383],[-73.572026,45.474378],[-73.572049,45.474372],[-73.572072,45.474367],[-73.572095,45.474361],[-73.572118,45.474355],[-73.572141,45.474349],[-73.572164,45.474343],[-73.572187,45.474337],[-73.572209,45.474331],[-73.572232,45.474325],[-73.572255,45.474319],[-73.572278,45.474312],[-73.572301,45.474306],[-73.572024,45.473608],[-73.571722,45.472848],[-73.571399,45.472538],[-73.571451,45.472499],[-73.571719,45.472298],[-73.571724,45.47224],[-73.572028,45.468834],[-73.572228,45.466607],[-73.572231,45.466585],[-73.572237,45.466564],[-73.572246,45.466543],[-73.572257,45.466523],[-73.57227,45.466504],[-73.572286,45.466485],[-73.572304,45.466468],[-73.572324,45.466452],[-73.572346,45.466437],[-73.57237,45.466423],[-73.572395,45.466411],[-73.572422,45.466401],[-73.57245,45.466392],[-73.572479,45.466385],[-73.572508,45.46638],[-73.572539,45.466377],[-73.572569,45.466375],[-73.5726,45.466376],[-73.575492,45.466502],[-73.575951,45.466522],[-73.576076,45.466527],[-73.575969,45.46773],[-73.577457,45.467795],[-73.577696,45.467531],[-73.578764,45.467578],[-73.578861,45.466483],[-73.579054,45.466492],[-73.579494,45.466511],[-73.580125,45.466538],[-73.580727,45.466565],[-73.580788,45.466334],[-73.580838,45.466123],[-73.580883,45.465911],[-73.580922,45.465698],[-73.580963,45.465456],[-73.581055,45.464311],[-73.581046,45.463967],[-73.581043,45.46383],[-73.58104,45.463776],[-73.581023,45.463467],[-73.581006,45.463324],[-73.580894,45.462592],[-73.580872,45.4625],[-73.580854,45.462426],[-73.580594,45.461513],[-73.580425,45.460761],[-73.580398,45.460594],[-73.580355,45.460144],[-73.580329,45.45987],[-73.580303,45.459292],[-73.580408,45.458244],[-73.58065,45.45727],[-73.580657,45.457245],[-73.580664,45.457221],[-73.580671,45.457196],[-73.580678,45.457171],[-73.580686,45.457147],[-73.580693,45.457122],[-73.5807,45.457098],[-73.580708,45.457073],[-73.580716,45.457049],[-73.580723,45.457024],[-73.580731,45.457],[-73.580739,45.456975],[-73.580747,45.456951],[-73.580755,45.456927],[-73.580763,45.456902],[-73.580772,45.456878],[-73.58078,45.456853],[-73.580789,45.456829],[-73.580797,45.456805],[-73.580806,45.45678],[-73.580815,45.456756],[-73.580823,45.456732],[-73.580832,45.456708],[-73.580842,45.456683],[-73.580851,45.456659],[-73.58086,45.456635],[-73.580869,45.456611],[-73.580879,45.456586],[-73.580888,45.456562],[-73.580898,45.456538],[-73.580908,45.456514],[-73.580917,45.45649],[-73.580927,45.456466],[-73.580937,45.456442],[-73.580948,45.456418],[-73.580958,45.456394],[-73.580968,45.45637],[-73.580978,45.456346],[-73.580989,45.456322],[-73.580999,45.456298],[-73.58101,45.456274],[-73.581021,45.45625],[-73.58103,45.456229],[-73.58104,45.456209],[-73.581049,45.456188],[-73.581059,45.456167],[-73.581069,45.456146],[-73.581079,45.456126],[-73.581088,45.456105],[-73.581098,45.456085],[-73.581112,45.456058],[-73.581126,45.45603],[-73.58114,45.456003],[-73.581154,45.455976],[-73.581168,45.455949],[-73.581183,45.455923],[-73.581197,45.455896],[-73.581212,45.455869],[-73.581226,45.455842],[-73.581241,45.455815],[-73.581256,45.455788],[-73.58127,45.455761],[-73.581285,45.455735],[-73.5813,45.455708],[-73.581316,45.455681],[-73.581331,45.455654],[-73.581346,45.455628],[-73.581361,45.455601],[-73.581377,45.455575],[-73.581393,45.455548],[-73.581408,45.455521],[-73.581424,45.455495],[-73.58144,45.455468],[-73.581456,45.455442],[-73.581472,45.455415],[-73.581488,45.455389],[-73.581504,45.455363],[-73.581521,45.455336],[-73.581537,45.45531],[-73.581554,45.455284],[-73.58157,45.455257],[-73.581587,45.455231],[-73.581604,45.455205],[-73.581621,45.455179],[-73.581638,45.455153],[-73.581655,45.455126],[-73.581672,45.4551],[-73.581689,45.455074],[-73.581707,45.455048],[-73.581724,45.455022],[-73.581742,45.454996],[-73.58176,45.45497],[-73.581777,45.454944],[-73.581795,45.454919],[-73.581813,45.454893],[-73.581831,45.454867],[-73.581849,45.454841],[-73.581867,45.454815],[-73.581886,45.45479],[-73.581904,45.454764],[-73.581922,45.454738],[-73.581941,45.454713],[-73.58196,45.454687],[-73.581978,45.454661],[-73.581997,45.454636],[-73.582016,45.45461],[-73.582035,45.454585],[-73.582054,45.454559],[-73.582073,45.454534],[-73.582093,45.454509],[-73.582112,45.454483],[-73.582131,45.454458],[-73.582151,45.454433],[-73.582171,45.454408],[-73.58219,45.454382],[-73.58221,45.454357],[-73.58223,45.454332],[-73.58225,45.454307],[-73.58227,45.454282],[-73.58229,45.454257],[-73.58231,45.454232],[-73.582331,45.454207],[-73.582351,45.454182],[-73.582372,45.454157],[-73.582392,45.454132],[-73.582413,45.454108],[-73.582434,45.454083],[-73.582455,45.454058],[-73.582476,45.454033],[-73.582497,45.454009],[-73.582518,45.453984],[-73.582539,45.453959],[-73.58256,45.453935],[-73.582582,45.45391],[-73.582603,45.453886],[-73.582625,45.453861],[-73.582646,45.453837],[-73.582668,45.453813],[-73.58269,45.453788],[-73.582712,45.453764],[-73.582734,45.45374],[-73.582756,45.453716],[-73.582778,45.453691],[-73.5828,45.453667],[-73.582822,45.453643],[-73.582845,45.453619],[-73.582867,45.453595],[-73.58289,45.453571],[-73.582913,45.453547],[-73.582935,45.453523],[-73.582958,45.453499],[-73.582981,45.453476],[-73.583004,45.453452],[-73.583027,45.453428],[-73.58305,45.453404],[-73.583073,45.453381],[-73.583097,45.453357],[-73.583248,45.453211],[-73.583512,45.452956],[-73.583583,45.452896],[-73.58393,45.452622],[-73.584302,45.452348],[-73.584697,45.452073],[-73.585106,45.451799],[-73.585516,45.451524],[-73.585931,45.45125],[-73.586329,45.450976],[-73.586726,45.450672],[-73.586998,45.450427],[-73.587517,45.449963],[-73.587945,45.449557],[-73.588971,45.448506],[-73.589206,45.448232],[-73.589348,45.448038],[-73.5894,45.447965],[-73.589742,45.447914],[-73.590359,45.447821],[-73.59047,45.447804],[-73.590539,45.447794],[-73.590567,45.447757],[-73.590754,45.447509],[-73.590932,45.447274],[-73.591025,45.447152],[-73.591421,45.446628],[-73.591599,45.446394],[-73.592093,45.445741],[-73.592149,45.445667],[-73.592238,45.44568],[-73.592612,45.445317],[-73.594228,45.44375],[-73.594324,45.443656],[-73.594545,45.443222],[-73.599432,45.4375],[-73.599329,45.437492],[-73.599263,45.437487],[-73.597984,45.437249],[-73.59798,45.437248],[-73.597742,45.437212],[-73.597714,45.437207],[-73.597457,45.437167],[-73.597303,45.437143],[-73.597287,45.43714],[-73.597118,45.437114],[-73.597022,45.437098],[-73.596949,45.437087],[-73.59682,45.437066],[-73.59678,45.43706],[-73.596615,45.437034],[-73.596611,45.437033],[-73.596442,45.437006],[-73.596412,45.437002],[-73.596273,45.43698],[-73.596213,45.43697],[-73.596104,45.436953],[-73.596016,45.436939],[-73.595934,45.436926],[-73.595816,45.436907],[-73.595765,45.436899],[-73.595619,45.436876],[-73.595596,45.436873],[-73.595427,45.436846],[-73.595418,45.436844],[-73.595258,45.436819],[-73.595228,45.436814],[-73.595089,45.436792],[-73.595038,45.436784],[-73.59492,45.436765],[-73.594848,45.436754],[-73.594751,45.436739],[-73.594658,45.436724],[-73.594581,45.436712],[-73.594468,45.436694],[-73.594412,45.436685],[-73.594278,45.436664],[-73.594164,45.436646],[-73.594086,45.436634],[-73.593999,45.43662],[-73.593895,45.436603],[-73.593828,45.436593],[-73.593705,45.436573],[-73.593662,45.436566],[-73.593513,45.436543],[-73.593495,45.43654],[-73.593328,45.436514],[-73.593321,45.436512],[-73.593162,45.436487],[-73.593131,45.436482],[-73.592995,45.436461],[-73.592941,45.436452],[-73.592829,45.436434],[-73.592751,45.436422],[-73.592662,45.436408],[-73.592561,45.436392],[-73.592495,45.436382],[-73.592371,45.436362],[-73.592329,45.436355],[-73.592181,45.436332],[-73.592162,45.436329],[-73.591995,45.436302],[-73.591991,45.436302],[-73.591829,45.436276],[-73.5918,45.436272],[-73.59161,45.436241],[-73.591601,45.43624],[-73.591434,45.436214],[-73.59142,45.436211],[-73.591268,45.436187],[-73.591197,45.436176],[-73.591101,45.436161],[-73.590834,45.436119],[-73.590832,45.436118],[-73.590581,45.436078],[-73.590315,45.436036],[-73.590194,45.436017],[-73.59015,45.43601],[-73.590004,45.435987],[-73.589984,45.435984],[-73.589819,45.435957],[-73.589814,45.435957],[-73.589654,45.435931],[-73.589624,45.435927],[-73.589488,45.435905],[-73.589433,45.435896],[-73.589323,45.435879],[-73.589242,45.435866],[-73.589093,45.435843],[-73.589048,45.435836],[-73.588928,45.435817],[-73.588855,45.435805],[-73.588762,45.43579],[-73.588665,45.435775],[-73.588597,45.435764],[-73.588475,45.435745],[-73.588432,45.435738],[-73.588332,45.435722],[-73.588267,45.435712],[-73.588189,45.4357],[-73.588101,45.435686],[-73.58797,45.435665],[-73.587936,45.43566],[-73.58764,45.435613],[-73.587615,45.435609],[-73.587388,45.435575],[-73.587386,45.435575],[-73.587156,45.435538],[-73.587056,45.435522],[-73.586932,45.435502],[-73.586809,45.435483],[-73.586619,45.435452],[-73.586495,45.435432],[-73.586422,45.435421],[-73.586134,45.435374],[-73.58608,45.435366],[-73.58586,45.435331],[-73.585785,45.435319],[-73.585591,45.435288],[-73.539798,45.428049]]]]}},{"type":"Feature","properties":{"area_id":"A007","area_name":"Ahuntsic","borough_name":"Ahuntsic-Cartierville","boundary_type":"official_administrative_boundary","boundary_source":"Ville de Montreal administrative boundaries","source_downloaded_date":"2026-06-23"},"geometry":{"type":"MultiPolygon","coordinates":[[[[-73.654303,45.583632],[-73.654318,45.583602],[-73.654329,45.583581],[-73.654355,45.583554],[-73.654444,45.583482],[-73.654508,45.58332],[-73.654636,45.583185],[-73.654763,45.582932],[-73.654814,45.582788],[-73.654916,45.582509],[-73.654928,45.58241],[-73.655107,45.582167],[-73.655222,45.581915],[-73.655286,45.58187],[-73.655414,45.581834],[-73.655503,45.581735],[-73.655515,45.581573],[-73.655579,45.5816],[-73.655644,45.58159],[-73.655772,45.581527],[-73.656194,45.581248],[-73.656322,45.581221],[-73.656526,45.581139],[-73.656667,45.581112],[-73.656949,45.581013],[-73.657103,45.580932],[-73.657601,45.580499],[-73.65801,45.580237],[-73.658151,45.580129],[-73.658343,45.579868],[-73.658342,45.579814],[-73.658317,45.579769],[-73.658227,45.579688],[-73.658252,45.579643],[-73.658316,45.579679],[-73.658316,45.579625],[-73.65838,45.579652],[-73.658458,45.579751],[-73.658458,45.579805],[-73.658483,45.57985],[-73.658547,45.579841],[-73.658688,45.579652],[-73.658841,45.579543],[-73.658969,45.579489],[-73.659072,45.579399],[-73.659097,45.579354],[-73.659097,45.579291],[-73.65902,45.579201],[-73.659058,45.579156],[-73.659186,45.57912],[-73.659404,45.578967],[-73.659532,45.578931],[-73.659685,45.578867],[-73.659736,45.578831],[-73.659902,45.578624],[-73.660042,45.578354],[-73.660158,45.578264],[-73.660183,45.578102],[-73.660028,45.577922],[-73.660054,45.577877],[-73.660208,45.577841],[-73.660515,45.577678],[-73.660643,45.577597],[-73.660732,45.577507],[-73.66077,45.57739],[-73.660782,45.57712],[-73.660679,45.576724],[-73.660678,45.576553],[-73.660703,45.576454],[-73.660626,45.57632],[-73.6606,45.576293],[-73.6606,45.576194],[-73.660664,45.576185],[-73.660728,45.576148],[-73.660843,45.576049],[-73.660881,45.575941],[-73.661073,45.575725],[-73.661137,45.575581],[-73.661175,45.575536],[-73.661251,45.575284],[-73.661212,45.575167],[-73.661174,45.575122],[-73.661161,45.575001],[-73.661434,45.575059],[-73.66139,45.575159],[-73.661533,45.575189],[-73.661578,45.575089],[-73.661729,45.575121],[-73.661585,45.575427],[-73.661827,45.5755],[-73.661777,45.575544],[-73.661764,45.575607],[-73.661791,45.575787],[-73.661715,45.576066],[-73.661728,45.576219],[-73.661702,45.576318],[-73.661614,45.576597],[-73.661499,45.576813],[-73.661435,45.576993],[-73.661435,45.577065],[-73.661461,45.57711],[-73.661513,45.577164],[-73.661641,45.577227],[-73.661654,45.577281],[-73.661603,45.577362],[-73.661399,45.577713],[-73.661374,45.577956],[-73.661297,45.578073],[-73.660991,45.578443],[-73.660812,45.578551],[-73.66062,45.578794],[-73.660608,45.578902],[-73.660685,45.579109],[-73.660609,45.579271],[-73.660341,45.579586],[-73.660175,45.57983],[-73.660034,45.579983],[-73.659945,45.580172],[-73.659805,45.580343],[-73.659677,45.580442],[-73.659523,45.580514],[-73.659383,45.580604],[-73.659063,45.580731],[-73.658755,45.580875],[-73.658461,45.581047],[-73.657936,45.581146],[-73.65759,45.581282],[-73.657539,45.581327],[-73.657463,45.581507],[-73.657246,45.581777],[-73.657169,45.581822],[-73.657157,45.581921],[-73.656964,45.581895],[-73.656913,45.581931],[-73.656888,45.581985],[-73.656849,45.582048],[-73.656913,45.582057],[-73.656952,45.582102],[-73.656901,45.582246],[-73.656889,45.582363],[-73.656812,45.582471],[-73.656876,45.582507],[-73.656953,45.582471],[-73.657004,45.582227],[-73.65708,45.582137],[-73.657144,45.582092],[-73.657221,45.582092],[-73.657272,45.582137],[-73.657337,45.582137],[-73.65772,45.581822],[-73.65882,45.5811],[-73.659025,45.580992],[-73.659255,45.580938],[-73.659499,45.580901],[-73.659473,45.580964],[-73.659281,45.581037],[-73.659307,45.581082],[-73.659563,45.581],[-73.659704,45.580883],[-73.659896,45.580793],[-73.660421,45.580657],[-73.660536,45.580585],[-73.660638,45.580396],[-73.660714,45.580297],[-73.660893,45.580161],[-73.661021,45.57999],[-73.661149,45.579918],[-73.661187,45.579783],[-73.661442,45.579279],[-73.661455,45.579234],[-73.661429,45.57918],[-73.661429,45.579108],[-73.661492,45.578964],[-73.661658,45.578811],[-73.661697,45.578748],[-73.661824,45.578639],[-73.661888,45.578603],[-73.661914,45.578648],[-73.661978,45.578639],[-73.662004,45.578594],[-73.662068,45.578549],[-73.662157,45.578405],[-73.66217,45.578351],[-73.662169,45.578288],[-73.662105,45.578225],[-73.662105,45.578135],[-73.66236,45.577856],[-73.662642,45.577675],[-73.662859,45.577513],[-73.663153,45.577351],[-73.663345,45.577198],[-73.663422,45.577161],[-73.663486,45.577179],[-73.66355,45.577152],[-73.663741,45.576918],[-73.663959,45.576765],[-73.664214,45.576413],[-73.664444,45.575999],[-73.664648,45.575711],[-73.66475,45.575612],[-73.664865,45.575459],[-73.664916,45.575423],[-73.664979,45.575261],[-73.665044,45.575242],[-73.665095,45.575197],[-73.665133,45.575098],[-73.665324,45.574909],[-73.665478,45.574693],[-73.665541,45.574657],[-73.665784,45.574369],[-73.665873,45.574161],[-73.665911,45.574116],[-73.665975,45.574089],[-73.665975,45.574082],[-73.665991,45.574057],[-73.665986,45.574024],[-73.666004,45.573985],[-73.666032,45.573953],[-73.666057,45.573916],[-73.666075,45.573871],[-73.666082,45.573839],[-73.666097,45.573821],[-73.666108,45.573785],[-73.666078,45.573704],[-73.666045,45.573637],[-73.666029,45.573617],[-73.666018,45.573599],[-73.666002,45.57358],[-73.665947,45.573531],[-73.665899,45.57345],[-73.665881,45.573427],[-73.665863,45.5734],[-73.665844,45.573384],[-73.665819,45.573359],[-73.665799,45.573342],[-73.665751,45.573293],[-73.665698,45.573242],[-73.665638,45.573181],[-73.665615,45.573161],[-73.665608,45.573137],[-73.665585,45.573097],[-73.665526,45.573025],[-73.665498,45.572987],[-73.665463,45.572955],[-73.665436,45.572904],[-73.665388,45.572878],[-73.665296,45.572831],[-73.665203,45.572809],[-73.665125,45.572794],[-73.665025,45.572771],[-73.664921,45.572778],[-73.664812,45.572781],[-73.664787,45.572783],[-73.664766,45.572785],[-73.664584,45.5728],[-73.664534,45.572806],[-73.664448,45.572812],[-73.664376,45.572824],[-73.664309,45.572852],[-73.664253,45.572858],[-73.664179,45.572878],[-73.664129,45.572897],[-73.664056,45.572914],[-73.663997,45.572941],[-73.663966,45.572964],[-73.663942,45.572977],[-73.663926,45.572999],[-73.663905,45.573012],[-73.663649,45.573387],[-73.663495,45.573545],[-73.663464,45.573576],[-73.663396,45.573624],[-73.663362,45.573652],[-73.66333,45.573685],[-73.663311,45.573709],[-73.663283,45.573792],[-73.663259,45.573833],[-73.663233,45.57386],[-73.66322,45.573883],[-73.663165,45.573929],[-73.663139,45.573971],[-73.663117,45.573989],[-73.663073,45.574033],[-73.663066,45.574052],[-73.663063,45.574077],[-73.663048,45.574109],[-73.663033,45.574125],[-73.663007,45.574134],[-73.662996,45.574176],[-73.662975,45.574212],[-73.662943,45.574245],[-73.662932,45.574269],[-73.662882,45.574318],[-73.662864,45.574332],[-73.662845,45.574361],[-73.662832,45.574387],[-73.662813,45.574408],[-73.662807,45.574428],[-73.662788,45.574452],[-73.662751,45.574514],[-73.662742,45.574536],[-73.662716,45.574559],[-73.662689,45.574592],[-73.662629,45.57469],[-73.662601,45.574715],[-73.662582,45.574749],[-73.662577,45.574769],[-73.662566,45.574788],[-73.662548,45.574806],[-73.662536,45.574832],[-73.662536,45.574854],[-73.662534,45.574874],[-73.662521,45.574892],[-73.662497,45.574905],[-73.662485,45.574908],[-73.662406,45.574989],[-73.661112,45.574716],[-73.661123,45.574693],[-73.661201,45.574701],[-73.661231,45.574632],[-73.661259,45.57457],[-73.661275,45.574536],[-73.661323,45.57444],[-73.66137,45.574344],[-73.661386,45.574311],[-73.661415,45.574247],[-73.661457,45.574152],[-73.6615,45.574056],[-73.66154,45.57396],[-73.661579,45.573863],[-73.661612,45.573785],[-73.661619,45.573767],[-73.661658,45.573671],[-73.661697,45.573574],[-73.661718,45.573521],[-73.661733,45.573477],[-73.661767,45.57338],[-73.661809,45.57326],[-73.661824,45.573203],[-73.661843,45.57312],[-73.661868,45.573011],[-73.661887,45.572932],[-73.66189,45.57291],[-73.661905,45.572813],[-73.661929,45.572659],[-73.661931,45.572611],[-73.661937,45.572453],[-73.661939,45.572214],[-73.661755,45.572128],[-73.661758,45.572024],[-73.661759,45.572],[-73.661923,45.571446],[-73.661917,45.571399],[-73.661929,45.57134],[-73.661975,45.571232],[-73.662097,45.570993],[-73.662165,45.570871],[-73.662199,45.570828],[-73.662247,45.570776],[-73.662304,45.570726],[-73.662358,45.57069],[-73.662551,45.570547],[-73.662571,45.570524],[-73.662506,45.570459],[-73.662466,45.570153],[-73.662466,45.56991],[-73.662567,45.569478],[-73.662554,45.569424],[-73.662553,45.569253],[-73.662642,45.568929],[-73.662948,45.568362],[-73.663587,45.567947],[-73.663534,45.567371],[-73.663431,45.567038],[-73.663199,45.566427],[-73.663376,45.565779],[-73.663439,45.565446],[-73.663503,45.565329],[-73.663886,45.564797],[-73.664192,45.564464],[-73.664345,45.564337],[-73.664448,45.564283],[-73.664998,45.563995],[-73.66519,45.563913],[-73.665625,45.563742],[-73.665766,45.56376],[-73.665919,45.56375],[-73.666111,45.563723],[-73.666304,45.563696],[-73.666649,45.563722],[-73.66679,45.563695],[-73.666995,45.563605],[-73.667136,45.563524],[-73.667238,45.563442],[-73.667366,45.563406],[-73.667417,45.56337],[-73.668465,45.562595],[-73.669104,45.562189],[-73.66945,45.561999],[-73.670076,45.561549],[-73.670498,45.561188],[-73.670638,45.561116],[-73.670766,45.561026],[-73.67115,45.560701],[-73.671418,45.560557],[-73.671699,45.560313],[-73.671916,45.56016],[-73.672772,45.559142],[-73.67304,45.558827],[-73.673256,45.558466],[-73.673333,45.558304],[-73.673383,45.558133],[-73.673651,45.557602],[-73.67374,45.557386],[-73.67379,45.557161],[-73.673866,45.556945],[-73.673878,45.556657],[-73.673904,45.55654],[-73.673902,45.555946],[-73.673991,45.555649],[-73.674067,45.555559],[-73.674207,45.55528],[-73.674475,45.554883],[-73.674552,45.554856],[-73.674641,45.554757],[-73.674743,45.554487],[-73.674857,45.554325],[-73.674921,45.554298],[-73.675177,45.554072],[-73.675394,45.553811],[-73.675649,45.553595],[-73.675687,45.553541],[-73.675854,45.553396],[-73.676071,45.553153],[-73.676326,45.552946],[-73.676364,45.552892],[-73.676492,45.552784],[-73.676747,45.55245],[-73.676964,45.552126],[-73.677117,45.551919],[-73.677385,45.551693],[-73.677883,45.551198],[-73.678049,45.550999],[-73.678304,45.55081],[-73.678649,45.550485],[-73.678764,45.550386],[-73.678994,45.550233],[-73.679096,45.550143],[-73.679198,45.549963],[-73.679249,45.549819],[-73.679325,45.54945],[-73.679337,45.549351],[-73.679311,45.549225],[-73.679234,45.549117],[-73.679144,45.549054],[-73.679105,45.548946],[-73.679233,45.54882],[-73.679246,45.548766],[-73.67922,45.548721],[-73.679258,45.548676],[-73.679322,45.548703],[-73.679386,45.548685],[-73.679437,45.54864],[-73.679476,45.548712],[-73.679566,45.548792],[-73.679643,45.548819],[-73.679835,45.548837],[-73.679899,45.548864],[-73.680002,45.548963],[-73.680028,45.549017],[-73.680002,45.549062],[-73.679951,45.549107],[-73.679874,45.549143],[-73.679823,45.549197],[-73.679798,45.549287],[-73.679862,45.549386],[-73.679927,45.549413],[-73.680144,45.549421],[-73.680835,45.549294],[-73.681373,45.549213],[-73.682103,45.54904],[-73.682448,45.549004],[-73.682845,45.548931],[-73.683332,45.548885],[-73.683741,45.548795],[-73.683895,45.548786],[-73.6841,45.548848],[-73.684215,45.54892],[-73.684356,45.54892],[-73.68442,45.548947],[-73.68469,45.54918],[-73.684818,45.549216],[-73.685177,45.549278],[-73.685625,45.549341],[-73.685741,45.54934],[-73.686048,45.549304],[-73.686214,45.549268],[-73.686355,45.549213],[-73.686598,45.549159],[-73.687135,45.54896],[-73.687404,45.548825],[-73.687762,45.548572],[-73.688157,45.548167],[-73.68826,45.548086],[-73.68854,45.547734],[-73.688655,45.547662],[-73.688745,45.547653],[-73.689027,45.547697],[-73.689142,45.547697],[-73.690243,45.547506],[-73.690307,45.547479],[-73.690665,45.547407],[-73.690908,45.547379],[-73.691356,45.547289],[-73.691625,45.547279],[-73.691907,45.547297],[-73.692022,45.547278],[-73.692291,45.547197],[-73.692444,45.547179],[-73.692649,45.547178],[-73.69279,45.547214],[-73.692841,45.547214],[-73.69297,45.547259],[-73.693162,45.547367],[-73.693252,45.547384],[-73.693393,45.547393],[-73.693738,45.547375],[-73.694174,45.547374],[-73.694673,45.547427],[-73.694904,45.547418],[-73.695365,45.547336],[-73.695685,45.547263],[-73.695889,45.5472],[-73.696964,45.547009],[-73.697412,45.5469],[-73.697656,45.5469],[-73.698129,45.546917],[-73.698462,45.546845],[-73.699371,45.546609],[-73.699626,45.546492],[-73.699793,45.546464],[-73.699895,45.546473],[-73.700074,45.546482],[-73.700498,45.546625],[-73.700587,45.546607],[-73.700817,45.546489],[-73.701098,45.546264],[-73.701124,45.546192],[-73.701085,45.546138],[-73.70111,45.546093],[-73.701238,45.545985],[-73.701366,45.545958],[-73.701648,45.545966],[-73.701891,45.545957],[-73.701994,45.545938],[-73.702402,45.545641],[-73.702466,45.545569],[-73.70258,45.545344],[-73.702644,45.545289],[-73.702682,45.545217],[-73.702682,45.545136],[-73.702631,45.545038],[-73.702374,45.544858],[-73.702386,45.544813],[-73.702489,45.544732],[-73.702642,45.544669],[-73.702757,45.544677],[-73.702911,45.544758],[-73.703027,45.544794],[-73.703142,45.544803],[-73.703257,45.544802],[-73.7035,45.544766],[-73.703615,45.544712],[-73.703807,45.544586],[-73.703947,45.544405],[-73.70419,45.54427],[-73.705047,45.543989],[-73.70556,45.544141],[-73.705649,45.544123],[-73.705777,45.544006],[-73.705956,45.543943],[-73.706212,45.543825],[-73.706391,45.543789],[-73.70666,45.543771],[-73.706813,45.543743],[-73.706916,45.543707],[-73.707043,45.543617],[-73.707196,45.543428],[-73.707286,45.543274],[-73.707349,45.54313],[-73.707374,45.543004],[-73.707489,45.542824],[-73.70754,45.542788],[-73.707756,45.542392],[-73.707862,45.542289],[-73.707866,45.542292],[-73.709275,45.543176],[-73.709437,45.543018],[-73.710166,45.542124],[-73.711077,45.54123],[-73.711989,45.540529],[-73.713321,45.539876],[-73.714928,45.539246],[-73.716133,45.538689],[-73.717559,45.53847],[-73.718913,45.538395],[-73.720119,45.538272],[-73.721288,45.537932],[-73.722347,45.537351],[-73.724026,45.536432],[-73.725376,45.535513],[-73.726214,45.534812],[-73.726761,45.53428],[-73.727453,45.533676],[-73.728,45.533241],[-73.728803,45.532733],[-73.729788,45.532201],[-73.730848,45.531909],[-73.732419,45.53152],[-73.734356,45.531131],[-73.736474,45.530451],[-73.738116,45.529604],[-73.739867,45.528467],[-73.741253,45.527451],[-73.74209,45.526533],[-73.742636,45.525857],[-73.743143,45.524771],[-73.744015,45.523419],[-73.744741,45.522284],[-73.745724,45.52127],[-73.746635,45.520399],[-73.747619,45.519746],[-73.748678,45.519334],[-73.749738,45.519139],[-73.751054,45.519064],[-73.752553,45.51906],[-73.753576,45.518938],[-73.754635,45.518646],[-73.755876,45.518137],[-73.757007,45.517435],[-73.758136,45.516468],[-73.759191,45.515381],[-73.759699,45.514487],[-73.760318,45.513859],[-73.761229,45.513182],[-73.762469,45.512504],[-73.763544,45.511979],[-73.763632,45.511936],[-73.763681,45.511912],[-73.763691,45.511907],[-73.758513,45.508612],[-73.7584,45.50854],[-73.758056,45.50832],[-73.757851,45.50819],[-73.755482,45.506682],[-73.755173,45.506485],[-73.754108,45.50687],[-73.748834,45.508773],[-73.748778,45.508793],[-73.748723,45.508813],[-73.74734,45.509312],[-73.745851,45.50985],[-73.742399,45.511096],[-73.741858,45.511291],[-73.740924,45.511627],[-73.740406,45.511814],[-73.738786,45.512399],[-73.735547,45.513568],[-73.734981,45.513772],[-73.73421,45.51405],[-73.732766,45.514571],[-73.732543,45.514652],[-73.732061,45.514825],[-73.731887,45.514888],[-73.731714,45.514951],[-73.73154,45.515014],[-73.731366,45.515077],[-73.731191,45.515139],[-73.731018,45.515202],[-73.730844,45.515265],[-73.73067,45.515328],[-73.730496,45.51539],[-73.730323,45.515453],[-73.730149,45.515515],[-73.729976,45.515578],[-73.729802,45.515641],[-73.729629,45.515703],[-73.729455,45.515766],[-73.729282,45.515828],[-73.72911,45.51589],[-73.728938,45.515952],[-73.728765,45.516015],[-73.728592,45.516078],[-73.728513,45.516106],[-73.728826,45.516301],[-73.729396,45.516657],[-73.729623,45.5168],[-73.73001,45.517042],[-73.730272,45.517206],[-73.730459,45.517323],[-73.73066,45.517449],[-73.730879,45.517585],[-73.731098,45.517722],[-73.731284,45.517839],[-73.731471,45.517956],[-73.731689,45.518092],[-73.731876,45.518209],[-73.732063,45.518326],[-73.732267,45.518454],[-73.732501,45.5186],[-73.732822,45.518801],[-73.73307,45.518956],[-73.733318,45.519111],[-73.733725,45.519366],[-73.733974,45.519521],[-73.734115,45.51961],[-73.734197,45.519661],[-73.734552,45.519883],[-73.734743,45.520003],[-73.734963,45.52014],[-73.735147,45.520256],[-73.735332,45.520371],[-73.735517,45.520487],[-73.735737,45.520625],[-73.735901,45.520727],[-73.735758,45.520828],[-73.735596,45.520944],[-73.735575,45.520958],[-73.735433,45.521059],[-73.735271,45.521174],[-73.735218,45.521212],[-73.735109,45.521289],[-73.735067,45.521319],[-73.734947,45.521404],[-73.734916,45.521426],[-73.734785,45.52152],[-73.734765,45.521534],[-73.734618,45.521638],[-73.734468,45.521745],[-73.734448,45.521759],[-73.734306,45.52186],[-73.734292,45.52187],[-73.734144,45.521975],[-73.734128,45.521987],[-73.733982,45.52209],[-73.733968,45.5221],[-73.733808,45.522214],[-73.733586,45.522369],[-73.733462,45.522457],[-73.733458,45.52246],[-73.733339,45.522544],[-73.733337,45.522546],[-73.733179,45.522658],[-73.733172,45.522663],[-73.733021,45.52277],[-73.733013,45.522776],[-73.732848,45.522893],[-73.732835,45.522902],[-73.732683,45.52301],[-73.732648,45.523035],[-73.732461,45.523167],[-73.732435,45.523186],[-73.732316,45.523271],[-73.732176,45.52337],[-73.731992,45.523496],[-73.731744,45.523673],[-73.731613,45.52359],[-73.731596,45.52358],[-73.731467,45.523499],[-73.731428,45.523474],[-73.731322,45.523407],[-73.731268,45.523373],[-73.731177,45.523316],[-73.731128,45.523286],[-73.731031,45.523224],[-73.730989,45.523198],[-73.730886,45.523133],[-73.730835,45.523101],[-73.730741,45.523041],[-73.730652,45.522985],[-73.730478,45.522876],[-73.730471,45.522872],[-73.730303,45.522766],[-73.730296,45.522761],[-73.730129,45.522656],[-73.730121,45.522651],[-73.729954,45.522546],[-73.729947,45.522542],[-73.729792,45.522444],[-73.729773,45.522432],[-73.728816,45.521829],[-73.728814,45.521828],[-73.728751,45.521789],[-73.728727,45.521773],[-73.728653,45.521727],[-73.728491,45.521624],[-73.728451,45.521599],[-73.728328,45.521522],[-73.728172,45.521423],[-73.728061,45.521354],[-73.727819,45.52156],[-73.72775,45.521619],[-73.727614,45.521735],[-73.727478,45.521851],[-73.727441,45.521883],[-73.727304,45.522],[-73.727292,45.52201],[-73.727131,45.522148],[-73.726997,45.522262],[-73.726981,45.522276],[-73.72686,45.522379],[-73.726832,45.522403],[-73.726727,45.522492],[-73.726695,45.52252],[-73.726594,45.522606],[-73.726546,45.522647],[-73.72646,45.52272],[-73.726398,45.522774],[-73.726327,45.522834],[-73.726261,45.52289],[-73.726231,45.522916],[-73.726135,45.522998],[-73.726112,45.523017],[-73.726041,45.523078],[-73.725963,45.523145],[-73.725948,45.523158],[-73.725854,45.523237],[-73.725827,45.523261],[-73.725761,45.523317],[-73.725678,45.523388],[-73.725636,45.523424],[-73.725529,45.523515],[-73.725512,45.52353],[-73.725329,45.523686],[-73.725167,45.523827],[-73.724945,45.524015],[-73.724938,45.524021],[-73.724876,45.524074],[-73.724845,45.5241],[-73.724815,45.524126],[-73.724745,45.524185],[-73.724625,45.524288],[-73.72459,45.524317],[-73.7245,45.524394],[-73.724453,45.524434],[-73.724406,45.524474],[-73.724366,45.524508],[-73.724358,45.524515],[-73.724311,45.524555],[-73.724274,45.524586],[-73.724264,45.524595],[-73.72419,45.524657],[-73.724117,45.52472],[-73.72407,45.52476],[-73.724026,45.524798],[-73.724023,45.5248],[-73.723975,45.52484],[-73.72393,45.524879],[-73.723928,45.524881],[-73.723881,45.524921],[-73.72384,45.524956],[-73.723833,45.524961],[-73.72376,45.525024],[-73.723749,45.525033],[-73.723687,45.525086],[-73.723659,45.52511],[-73.72364,45.525126],[-73.723593,45.525166],[-73.723568,45.525187],[-73.723545,45.525207],[-73.723498,45.525247],[-73.723482,45.52526],[-73.723451,45.525287],[-73.723403,45.525327],[-73.723397,45.525333],[-73.72333,45.52539],[-73.723306,45.52541],[-73.723257,45.525452],[-73.723216,45.525487],[-73.72321,45.525492],[-73.723162,45.525532],[-73.723115,45.525573],[-73.723068,45.525613],[-73.723045,45.525633],[-73.72302,45.525653],[-73.722973,45.525693],[-73.722954,45.52571],[-73.722867,45.525784],[-73.722859,45.52579],[-73.722714,45.525908],[-73.722698,45.525921],[-73.722476,45.526109],[-73.722169,45.52636],[-73.722041,45.526464],[-73.721692,45.526748],[-73.721541,45.526653],[-73.721495,45.526624],[-73.72141,45.526571],[-73.721308,45.526507],[-73.721305,45.526505],[-73.721192,45.526434],[-73.721075,45.526361],[-73.721072,45.526359],[-73.720959,45.526288],[-73.720842,45.526215],[-73.720803,45.52619],[-73.720726,45.526142],[-73.720702,45.526126],[-73.72061,45.526068],[-73.720494,45.525994],[-73.720379,45.525921],[-73.720257,45.525844],[-73.720215,45.525817],[-73.720141,45.52577],[-73.72007,45.525725],[-73.720025,45.525697],[-73.719925,45.525633],[-73.719794,45.52555],[-73.719787,45.525546],[-73.719678,45.525476],[-73.719652,45.52546],[-73.719562,45.525403],[-73.719446,45.525329],[-73.719444,45.525328],[-73.71933,45.525256],[-73.719233,45.525194],[-73.719214,45.525182],[-73.719098,45.525109],[-73.719088,45.525102],[-73.718897,45.524981],[-73.718867,45.524962],[-73.718751,45.524888],[-73.718715,45.524866],[-73.718635,45.524815],[-73.718534,45.524751],[-73.718517,45.52474],[-73.718366,45.524858],[-73.718106,45.525063],[-73.71793,45.525195],[-73.71751,45.525528],[-73.717514,45.52553],[-73.717448,45.525581],[-73.717303,45.525692],[-73.717092,45.525558],[-73.71658,45.525232],[-73.715801,45.524738],[-73.71561,45.524616],[-73.714625,45.523991],[-73.713091,45.52516],[-73.712879,45.525081],[-73.71285,45.52507],[-73.712821,45.525059],[-73.712793,45.525049],[-73.712764,45.525038],[-73.712735,45.525027],[-73.712707,45.525016],[-73.712678,45.525005],[-73.71265,45.524993],[-73.712621,45.524982],[-73.712593,45.524971],[-73.712565,45.524959],[-73.712536,45.524948],[-73.712508,45.524937],[-73.71248,45.524925],[-73.712452,45.524914],[-73.712424,45.524902],[-73.712396,45.52489],[-73.712369,45.524879],[-73.712342,45.524867],[-73.712315,45.524856],[-73.712288,45.524845],[-73.712261,45.524833],[-73.712234,45.524821],[-73.712208,45.52481],[-73.712181,45.524798],[-73.712154,45.524786],[-73.712128,45.524774],[-73.712101,45.524763],[-73.712075,45.524751],[-73.712062,45.524745],[-73.71205,45.524739],[-73.712037,45.524734],[-73.712025,45.524728],[-73.712017,45.524724],[-73.712009,45.52472],[-73.712,45.524717],[-73.711992,45.524713],[-73.711965,45.5247],[-73.711938,45.524688],[-73.711911,45.524675],[-73.711885,45.524663],[-73.711858,45.52465],[-73.711831,45.524637],[-73.711804,45.524624],[-73.711778,45.524612],[-73.711751,45.524599],[-73.711724,45.524586],[-73.711698,45.524573],[-73.711672,45.524559],[-73.711645,45.524546],[-73.711619,45.524533],[-73.711593,45.52452],[-73.711566,45.524507],[-73.71154,45.524493],[-73.711514,45.52448],[-73.711488,45.524466],[-73.711462,45.524453],[-73.711436,45.524439],[-73.71141,45.524426],[-73.711384,45.524412],[-73.711359,45.524398],[-73.711333,45.524384],[-73.711307,45.52437],[-73.711282,45.524357],[-73.711256,45.524343],[-73.711231,45.524329],[-73.711206,45.524315],[-73.711181,45.524301],[-73.711156,45.524287],[-73.711131,45.524273],[-73.711106,45.524259],[-73.711081,45.524245],[-73.711057,45.524231],[-73.711032,45.524216],[-73.711007,45.524202],[-73.710983,45.524188],[-73.710958,45.524173],[-73.710934,45.524159],[-73.71091,45.524145],[-73.710885,45.52413],[-73.710861,45.524115],[-73.710837,45.524101],[-73.710813,45.524086],[-73.710793,45.524074],[-73.710773,45.524062],[-73.710754,45.52405],[-73.710734,45.524038],[-73.710715,45.524026],[-73.710695,45.524014],[-73.710678,45.524003],[-73.71066,45.523992],[-73.710642,45.52398],[-73.710624,45.523969],[-73.709207,45.523065],[-73.70891,45.523171],[-73.708893,45.523177],[-73.707219,45.523781],[-73.707089,45.523827],[-73.706976,45.523867],[-73.706759,45.523945],[-73.705669,45.524338],[-73.704584,45.524728],[-73.703789,45.525015],[-73.703721,45.525039],[-73.702783,45.525377],[-73.701703,45.525765],[-73.699639,45.526505],[-73.699529,45.526547],[-73.699232,45.526654],[-73.699046,45.52672],[-73.698749,45.526827],[-73.698497,45.526918],[-73.698408,45.52695],[-73.698371,45.526963],[-73.698222,45.527017],[-73.697849,45.527151],[-73.697753,45.527186],[-73.69765,45.527223],[-73.697524,45.527268],[-73.697278,45.527356],[-73.69704,45.527442],[-73.696905,45.527491],[-73.69678,45.527536],[-73.696751,45.527546],[-73.696618,45.527594],[-73.696527,45.527626],[-73.696435,45.527659],[-73.696344,45.527692],[-73.696201,45.527743],[-73.696061,45.527793],[-73.696037,45.527801],[-73.696014,45.527809],[-73.695991,45.527817],[-73.695967,45.527825],[-73.695943,45.527833],[-73.69592,45.527841],[-73.695896,45.527849],[-73.695872,45.527857],[-73.695848,45.527864],[-73.695824,45.527872],[-73.6958,45.52788],[-73.695776,45.527888],[-73.695751,45.527896],[-73.695727,45.527904],[-73.695702,45.527912],[-73.695677,45.527919],[-73.695652,45.527927],[-73.695623,45.527937],[-73.695593,45.527946],[-73.695564,45.527955],[-73.695534,45.527964],[-73.695505,45.527973],[-73.695475,45.527982],[-73.695446,45.527991],[-73.695416,45.528],[-73.695385,45.528009],[-73.695354,45.528018],[-73.695323,45.528028],[-73.695291,45.528037],[-73.69526,45.528046],[-73.695237,45.528053],[-73.695214,45.528059],[-73.695191,45.528066],[-73.695167,45.528073],[-73.695144,45.528079],[-73.695121,45.528086],[-73.695098,45.528092],[-73.695074,45.528099],[-73.695051,45.528105],[-73.695028,45.528112],[-73.695004,45.528118],[-73.694981,45.528125],[-73.694954,45.528132],[-73.694928,45.528139],[-73.694901,45.528146],[-73.694874,45.528153],[-73.694848,45.528161],[-73.694821,45.528168],[-73.694794,45.528175],[-73.694768,45.528182],[-73.694741,45.528189],[-73.694714,45.528196],[-73.69469,45.528202],[-73.694666,45.528208],[-73.694643,45.528214],[-73.694619,45.52822],[-73.694595,45.528226],[-73.694571,45.528232],[-73.694548,45.528238],[-73.694524,45.528244],[-73.694497,45.52825],[-73.694471,45.528257],[-73.694444,45.528263],[-73.694417,45.52827],[-73.694391,45.528276],[-73.694364,45.528283],[-73.694337,45.528289],[-73.69431,45.528295],[-73.694283,45.528302],[-73.694255,45.528308],[-73.694232,45.528313],[-73.694208,45.528319],[-73.694184,45.528324],[-73.69416,45.52833],[-73.694136,45.528335],[-73.694113,45.528341],[-73.694089,45.528346],[-73.694065,45.528351],[-73.694041,45.528357],[-73.694017,45.528362],[-73.693993,45.528367],[-73.693969,45.528372],[-73.693942,45.528378],[-73.693915,45.528384],[-73.693887,45.52839],[-73.69386,45.528395],[-73.693833,45.528401],[-73.693806,45.528407],[-73.693778,45.528412],[-73.693751,45.528418],[-73.693724,45.528424],[-73.693696,45.528429],[-73.693672,45.528434],[-73.693647,45.528439],[-73.693623,45.528444],[-73.693598,45.528449],[-73.693574,45.528453],[-73.69355,45.528458],[-73.693525,45.528463],[-73.693501,45.528468],[-73.693484,45.528471],[-73.693468,45.528474],[-73.693452,45.528477],[-73.693436,45.52848],[-73.693406,45.528485],[-73.693377,45.528491],[-73.693347,45.528496],[-73.693318,45.528502],[-73.693288,45.528507],[-73.693251,45.528514],[-73.693213,45.52852],[-73.693176,45.528527],[-73.693138,45.528533],[-73.693101,45.52854],[-73.693063,45.528546],[-73.693025,45.528552],[-73.692988,45.528559],[-73.69295,45.528565],[-73.692912,45.528571],[-73.692875,45.528577],[-73.692837,45.528583],[-73.692799,45.528589],[-73.692761,45.528594],[-73.692724,45.5286],[-73.692686,45.528606],[-73.692648,45.528611],[-73.69261,45.528617],[-73.692572,45.528622],[-73.692534,45.528628],[-73.692496,45.528633],[-73.692459,45.528638],[-73.692421,45.528643],[-73.692383,45.528649],[-73.692345,45.528654],[-73.692307,45.528659],[-73.692269,45.528663],[-73.692231,45.528668],[-73.692192,45.528673],[-73.692154,45.528678],[-73.692116,45.528682],[-73.692078,45.528687],[-73.69204,45.528691],[-73.692002,45.528696],[-73.691964,45.5287],[-73.691926,45.528704],[-73.691887,45.528708],[-73.691849,45.528713],[-73.691811,45.528717],[-73.691773,45.528721],[-73.691734,45.528724],[-73.691696,45.528728],[-73.691658,45.528732],[-73.69162,45.528736],[-73.691581,45.528739],[-73.691543,45.528743],[-73.691505,45.528746],[-73.691466,45.52875],[-73.691428,45.528753],[-73.691389,45.528756],[-73.691351,45.52876],[-73.691313,45.528763],[-73.691274,45.528766],[-73.691236,45.528769],[-73.691197,45.528772],[-73.691159,45.528774],[-73.691121,45.528777],[-73.691082,45.52878],[-73.691044,45.528783],[-73.691005,45.528785],[-73.690967,45.528788],[-73.690928,45.52879],[-73.69089,45.528792],[-73.690851,45.528795],[-73.690813,45.528797],[-73.690774,45.528799],[-73.690735,45.528801],[-73.690697,45.528803],[-73.690658,45.528805],[-73.69062,45.528807],[-73.690581,45.528808],[-73.690543,45.52881],[-73.690504,45.528812],[-73.690465,45.528813],[-73.690427,45.528815],[-73.690388,45.528816],[-73.69035,45.528818],[-73.690311,45.528819],[-73.690272,45.52882],[-73.690234,45.528821],[-73.690195,45.528822],[-73.690157,45.528823],[-73.690118,45.528824],[-73.690079,45.528825],[-73.690041,45.528826],[-73.690002,45.528826],[-73.689963,45.528827],[-73.689925,45.528828],[-73.689886,45.528828],[-73.689847,45.528829],[-73.689809,45.528829],[-73.68977,45.528829],[-73.689731,45.528829],[-73.689693,45.52883],[-73.689654,45.52883],[-73.689615,45.52883],[-73.689577,45.528829],[-73.689538,45.528829],[-73.689499,45.528829],[-73.689461,45.528829],[-73.689422,45.528828],[-73.689383,45.528828],[-73.689345,45.528827],[-73.689306,45.528827],[-73.689268,45.528826],[-73.689229,45.528825],[-73.68919,45.528825],[-73.689152,45.528824],[-73.689113,45.528823],[-73.689074,45.528822],[-73.689036,45.528821],[-73.688997,45.52882],[-73.688958,45.528818],[-73.68892,45.528817],[-73.688881,45.528816],[-73.688843,45.528814],[-73.688804,45.528813],[-73.688765,45.528811],[-73.688727,45.52881],[-73.688688,45.528808],[-73.68865,45.528806],[-73.688611,45.528804],[-73.688573,45.528802],[-73.688534,45.5288],[-73.688496,45.528798],[-73.688457,45.528796],[-73.688418,45.528794],[-73.68838,45.528791],[-73.688341,45.528789],[-73.688303,45.528787],[-73.688264,45.528784],[-73.688226,45.528782],[-73.688187,45.528779],[-73.688149,45.528776],[-73.688111,45.528773],[-73.688073,45.528771],[-73.688035,45.528768],[-73.687997,45.528765],[-73.687959,45.528762],[-73.687921,45.528758],[-73.687883,45.528755],[-73.687845,45.528752],[-73.687807,45.528749],[-73.687769,45.528745],[-73.687731,45.528742],[-73.687693,45.528738],[-73.687655,45.528735],[-73.687617,45.528731],[-73.687579,45.528727],[-73.687541,45.528724],[-73.687504,45.52872],[-73.687466,45.528716],[-73.687428,45.528712],[-73.68739,45.528708],[-73.687352,45.528703],[-73.687314,45.528699],[-73.687277,45.528695],[-73.687239,45.528691],[-73.687201,45.528686],[-73.687163,45.528682],[-73.687126,45.528677],[-73.687098,45.528674],[-73.686796,45.528914],[-73.686745,45.528954],[-73.686371,45.529252],[-73.685743,45.529663],[-73.685585,45.529767],[-73.685103,45.530082],[-73.68498,45.530163],[-73.684412,45.530283],[-73.680466,45.531196],[-73.680446,45.531201],[-73.677064,45.531983],[-73.677033,45.53199],[-73.677002,45.531997],[-73.676972,45.532004],[-73.676941,45.532011],[-73.67691,45.532018],[-73.676879,45.532024],[-73.676848,45.532031],[-73.676818,45.532038],[-73.676787,45.532044],[-73.676756,45.532051],[-73.676725,45.532057],[-73.676694,45.532063],[-73.676663,45.53207],[-73.676632,45.532076],[-73.676601,45.532082],[-73.67657,45.532088],[-73.676538,45.532094],[-73.676507,45.5321],[-73.676476,45.532106],[-73.676445,45.532112],[-73.676414,45.532118],[-73.676382,45.532123],[-73.676351,45.532129],[-73.67632,45.532135],[-73.676288,45.53214],[-73.676257,45.532145],[-73.676226,45.532151],[-73.676194,45.532156],[-73.676163,45.532161],[-73.676132,45.532167],[-73.6761,45.532172],[-73.676069,45.532177],[-73.676037,45.532182],[-73.676006,45.532186],[-73.675974,45.532191],[-73.675942,45.532196],[-73.675911,45.532201],[-73.675879,45.532205],[-73.675848,45.53221],[-73.675816,45.532215],[-73.675784,45.532219],[-73.675753,45.532223],[-73.675721,45.532228],[-73.675689,45.532232],[-73.675658,45.532236],[-73.675626,45.53224],[-73.675594,45.532244],[-73.675562,45.532248],[-73.67553,45.532252],[-73.675498,45.532256],[-73.675465,45.53226],[-73.675433,45.532264],[-73.6754,45.532267],[-73.675367,45.532271],[-73.675335,45.532275],[-73.675302,45.532278],[-73.675269,45.532281],[-73.675236,45.532285],[-73.675204,45.532288],[-73.675171,45.532291],[-73.675138,45.532294],[-73.675105,45.532298],[-73.675072,45.532301],[-73.67504,45.532304],[-73.675007,45.532306],[-73.674974,45.532309],[-73.674941,45.532312],[-73.674908,45.532315],[-73.674875,45.532317],[-73.674843,45.53232],[-73.67481,45.532322],[-73.674777,45.532324],[-73.674744,45.532327],[-73.674711,45.532329],[-73.674678,45.532331],[-73.674645,45.532333],[-73.674612,45.532335],[-73.674579,45.532337],[-73.674546,45.532339],[-73.674513,45.532341],[-73.67448,45.532343],[-73.674447,45.532344],[-73.674414,45.532346],[-73.674381,45.532347],[-73.674348,45.532349],[-73.674315,45.53235],[-73.674282,45.532352],[-73.674249,45.532353],[-73.674216,45.532354],[-73.674183,45.532355],[-73.67415,45.532356],[-73.674117,45.532357],[-73.674084,45.532358],[-73.674051,45.532359],[-73.674018,45.532359],[-73.673985,45.53236],[-73.673951,45.532361],[-73.673918,45.532361],[-73.673885,45.532362],[-73.673852,45.532362],[-73.673819,45.532362],[-73.673786,45.532363],[-73.673753,45.532363],[-73.67372,45.532363],[-73.673687,45.532363],[-73.673654,45.532363],[-73.673621,45.532363],[-73.673588,45.532363],[-73.673555,45.532362],[-73.673521,45.532362],[-73.673488,45.532362],[-73.673455,45.532361],[-73.673422,45.532361],[-73.673389,45.53236],[-73.673356,45.532359],[-73.673323,45.532358],[-73.67329,45.532358],[-73.673257,45.532357],[-73.673224,45.532356],[-73.673191,45.532355],[-73.673158,45.532354],[-73.673125,45.532352],[-73.673092,45.532351],[-73.673059,45.53235],[-73.673026,45.532348],[-73.672993,45.532347],[-73.67296,45.532345],[-73.672927,45.532344],[-73.672894,45.532342],[-73.672861,45.53234],[-73.672828,45.532339],[-73.672795,45.532337],[-73.672762,45.532335],[-73.672729,45.532333],[-73.672696,45.532331],[-73.672663,45.532328],[-73.67263,45.532326],[-73.672597,45.532324],[-73.672564,45.532321],[-73.672531,45.532319],[-73.672498,45.532316],[-73.672465,45.532314],[-73.672433,45.532311],[-73.6724,45.532308],[-73.672367,45.532305],[-73.672334,45.532303],[-73.672301,45.5323],[-73.672268,45.532297],[-73.672236,45.532294],[-73.672203,45.53229],[-73.67217,45.532287],[-73.672137,45.532284],[-73.672105,45.53228],[-73.672072,45.532277],[-73.672039,45.532273],[-73.672007,45.53227],[-73.671974,45.532266],[-73.671941,45.532262],[-73.671909,45.532259],[-73.671876,45.532255],[-73.671843,45.532251],[-73.671811,45.532247],[-73.671778,45.532243],[-73.671746,45.532238],[-73.671713,45.532234],[-73.671681,45.53223],[-73.671648,45.532226],[-73.671616,45.532221],[-73.671583,45.532217],[-73.671551,45.532212],[-73.671518,45.532207],[-73.671486,45.532203],[-73.671454,45.532198],[-73.671421,45.532193],[-73.671389,45.532188],[-73.671357,45.532183],[-73.671324,45.532178],[-73.671292,45.532173],[-73.67126,45.532168],[-73.671228,45.532162],[-73.671195,45.532157],[-73.671163,45.532152],[-73.671131,45.532146],[-73.671099,45.532141],[-73.671067,45.532135],[-73.671035,45.532129],[-73.671003,45.532124],[-73.670971,45.532118],[-73.670939,45.532112],[-73.670907,45.532106],[-73.670875,45.5321],[-73.670843,45.532094],[-73.670811,45.532088],[-73.670779,45.532081],[-73.670747,45.532075],[-73.670715,45.532069],[-73.670684,45.532062],[-73.670652,45.532056],[-73.67062,45.532049],[-73.670589,45.532042],[-73.670557,45.532036],[-73.670525,45.532029],[-73.670494,45.532022],[-73.670462,45.532015],[-73.67043,45.532008],[-73.670399,45.532001],[-73.670367,45.531994],[-73.670336,45.531987],[-73.670305,45.531979],[-73.670273,45.531972],[-73.670242,45.531965],[-73.67021,45.531957],[-73.670179,45.53195],[-73.670148,45.531942],[-73.670117,45.531934],[-73.670086,45.531927],[-73.670054,45.531919],[-73.670023,45.531911],[-73.669992,45.531903],[-73.669961,45.531895],[-73.66993,45.531887],[-73.669899,45.531879],[-73.669868,45.531871],[-73.669837,45.531862],[-73.669806,45.531854],[-73.669775,45.531846],[-73.669745,45.531837],[-73.669714,45.531829],[-73.669683,45.53182],[-73.669652,45.531811],[-73.669622,45.531802],[-73.669591,45.531794],[-73.669561,45.531785],[-73.669099,45.53165],[-73.66765,45.531228],[-73.667562,45.531202],[-73.667417,45.53116],[-73.667198,45.531096],[-73.66682,45.530986],[-73.665974,45.53074],[-73.66574,45.530671],[-73.665075,45.530477],[-73.663323,45.529967],[-73.661913,45.529556],[-73.656155,45.527877],[-73.654389,45.527364],[-73.654372,45.527338],[-73.654049,45.527263],[-73.653691,45.527158],[-73.65096,45.526363],[-73.650912,45.526348],[-73.650754,45.526302],[-73.650751,45.526308],[-73.650361,45.526976],[-73.650263,45.527144],[-73.649993,45.527605],[-73.648908,45.529464],[-73.648566,45.530061],[-73.64819,45.53072],[-73.648311,45.530755],[-73.648618,45.530844],[-73.648596,45.53088],[-73.648416,45.531174],[-73.648383,45.531227],[-73.648203,45.531513],[-73.648164,45.531576],[-73.647965,45.531887],[-73.647751,45.53221],[-73.647564,45.532486],[-73.647364,45.532773],[-73.647135,45.533095],[-73.646952,45.533354],[-73.646794,45.533575],[-73.646667,45.533757],[-73.646529,45.533961],[-73.646413,45.53414],[-73.646165,45.534528],[-73.645971,45.534831],[-73.645911,45.534924],[-73.645855,45.53501],[-73.645671,45.535296],[-73.645659,45.535314],[-73.645647,45.535332],[-73.645636,45.535351],[-73.645624,45.535369],[-73.645613,45.535387],[-73.6454,45.53572],[-73.645189,45.536047],[-73.644977,45.536376],[-73.644755,45.536722],[-73.644554,45.537033],[-73.644311,45.537414],[-73.644257,45.537499],[-73.644098,45.53775],[-73.643895,45.538066],[-73.643689,45.538386],[-73.643513,45.53866],[-73.643342,45.538928],[-73.643156,45.539216],[-73.642941,45.539552],[-73.642727,45.539881],[-73.642527,45.540196],[-73.642337,45.540496],[-73.641949,45.541102],[-73.641565,45.5417],[-73.64118,45.5423],[-73.640789,45.542905],[-73.64038,45.543501],[-73.64032,45.543577],[-73.64026,45.543653],[-73.6402,45.543729],[-73.64014,45.543805],[-73.640081,45.543881],[-73.640021,45.543956],[-73.639961,45.544032],[-73.639514,45.544555],[-73.639294,45.54481],[-73.639047,45.545097],[-73.638805,45.545378],[-73.638307,45.545954],[-73.637847,45.546489],[-73.637426,45.546977],[-73.637335,45.547084],[-73.637244,45.54719],[-73.637152,45.547297],[-73.63706,45.547403],[-73.636967,45.547509],[-73.636875,45.547615],[-73.636781,45.547721],[-73.636734,45.547775],[-73.636685,45.547829],[-73.636636,45.547882],[-73.636587,45.547936],[-73.636536,45.547989],[-73.636486,45.548041],[-73.636434,45.548094],[-73.636427,45.548101],[-73.636419,45.548109],[-73.636411,45.548116],[-73.636403,45.548124],[-73.636395,45.548131],[-73.636387,45.548139],[-73.636379,45.548146],[-73.636346,45.548177],[-73.636313,45.548208],[-73.636279,45.548239],[-73.636245,45.54827],[-73.63621,45.5483],[-73.636176,45.548331],[-73.636141,45.548361],[-73.636102,45.548392],[-73.636063,45.548424],[-73.636023,45.548455],[-73.635984,45.548486],[-73.635945,45.548518],[-73.635907,45.548549],[-73.635868,45.548581],[-73.635859,45.548587],[-73.63585,45.548594],[-73.635841,45.5486],[-73.635832,45.548607],[-73.635823,45.548614],[-73.635813,45.54862],[-73.635804,45.548626],[-73.635765,45.548654],[-73.635725,45.548682],[-73.635686,45.548709],[-73.635646,45.548737],[-73.635606,45.548764],[-73.635566,45.548791],[-73.635525,45.548818],[-73.635478,45.548847],[-73.635431,45.548877],[-73.635383,45.548906],[-73.635335,45.548935],[-73.635287,45.548964],[-73.635238,45.548992],[-73.63519,45.549021],[-73.635126,45.549055],[-73.635063,45.549089],[-73.634998,45.549123],[-73.634934,45.549156],[-73.634868,45.549189],[-73.634803,45.549221],[-73.634737,45.549253],[-73.6347,45.549271],[-73.634663,45.549288],[-73.634625,45.549305],[-73.634588,45.549322],[-73.634551,45.549339],[-73.634513,45.549356],[-73.634475,45.549372],[-73.634416,45.549397],[-73.634357,45.549421],[-73.634297,45.549445],[-73.634238,45.549469],[-73.634178,45.549493],[-73.634118,45.549517],[-73.634058,45.54954],[-73.633998,45.549561],[-73.633938,45.549583],[-73.633878,45.549604],[-73.633818,45.549625],[-73.633758,45.549646],[-73.633697,45.549667],[-73.633637,45.549688],[-73.633625,45.549691],[-73.633613,45.549695],[-73.633601,45.549699],[-73.633589,45.549702],[-73.633577,45.549706],[-73.633564,45.54971],[-73.633552,45.549713],[-73.633502,45.549729],[-73.633451,45.549744],[-73.6334,45.549759],[-73.633349,45.549774],[-73.633298,45.549788],[-73.633247,45.549803],[-73.633196,45.549818],[-73.633133,45.549834],[-73.633069,45.54985],[-73.633006,45.549866],[-73.632942,45.549881],[-73.632878,45.549897],[-73.632815,45.549913],[-73.632751,45.549929],[-73.632709,45.549938],[-73.632668,45.549947],[-73.632626,45.549956],[-73.632585,45.549965],[-73.632543,45.549974],[-73.632501,45.549983],[-73.632459,45.549991],[-73.632433,45.549996],[-73.632407,45.550001],[-73.632381,45.550006],[-73.632355,45.550011],[-73.632329,45.550016],[-73.632303,45.550021],[-73.632277,45.550027],[-73.632196,45.55004],[-73.632115,45.550053],[-73.632033,45.550066],[-73.631952,45.550078],[-73.63187,45.55009],[-73.631788,45.550102],[-73.631706,45.550113],[-73.631627,45.550125],[-73.631548,45.550136],[-73.631469,45.550148],[-73.63139,45.55016],[-73.631311,45.550173],[-73.631232,45.550185],[-73.631153,45.550198],[-73.631089,45.550209],[-73.631026,45.550221],[-73.630962,45.550232],[-73.630899,45.550244],[-73.630835,45.550255],[-73.630772,45.550267],[-73.630708,45.550279],[-73.630643,45.550293],[-73.630578,45.550307],[-73.630513,45.550321],[-73.630448,45.550335],[-73.630383,45.550349],[-73.630318,45.550364],[-73.630253,45.550378],[-73.630204,45.55039],[-73.630155,45.550402],[-73.630107,45.550414],[-73.630058,45.550426],[-73.63001,45.550439],[-73.629961,45.550452],[-73.629913,45.550466],[-73.629838,45.550488],[-73.629763,45.55051],[-73.629688,45.550533],[-73.629613,45.550556],[-73.629538,45.550579],[-73.629463,45.550602],[-73.629389,45.550626],[-73.629373,45.550631],[-73.629357,45.550637],[-73.629341,45.550643],[-73.629326,45.550648],[-73.62931,45.550654],[-73.629294,45.55066],[-73.629279,45.550666],[-73.62921,45.550691],[-73.62914,45.550716],[-73.629072,45.550741],[-73.629003,45.550767],[-73.628935,45.550794],[-73.628867,45.550821],[-73.6288,45.550848],[-73.628734,45.550875],[-73.628668,45.550902],[-73.628603,45.550929],[-73.628539,45.550957],[-73.628474,45.550985],[-73.62841,45.551014],[-73.628346,45.551043],[-73.628265,45.551079],[-73.628184,45.551116],[-73.628104,45.551154],[-73.628025,45.551193],[-73.627946,45.551232],[-73.627868,45.551272],[-73.627791,45.551313],[-73.627722,45.551349],[-73.627654,45.551385],[-73.627585,45.551422],[-73.627516,45.551459],[-73.627448,45.551495],[-73.62738,45.551532],[-73.627311,45.551569],[-73.627243,45.551607],[-73.627174,45.551645],[-73.627106,45.551682],[-73.627037,45.55172],[-73.626968,45.551757],[-73.626899,45.551795],[-73.62683,45.551832],[-73.626758,45.551871],[-73.626686,45.55191],[-73.626614,45.55195],[-73.626543,45.551989],[-73.626471,45.552029],[-73.6264,45.552068],[-73.626328,45.552108],[-73.626149,45.552205],[-73.625957,45.55231],[-73.625589,45.552512],[-73.625405,45.552612],[-73.625152,45.55275],[-73.624997,45.552836],[-73.624855,45.552915],[-73.624627,45.553039],[-73.624403,45.553162],[-73.624127,45.553312],[-73.623785,45.553498],[-73.623573,45.553614],[-73.623395,45.553711],[-73.623267,45.553781],[-73.623209,45.553812],[-73.623151,45.553842],[-73.623092,45.553873],[-73.623034,45.553903],[-73.622975,45.553933],[-73.622916,45.553963],[-73.622857,45.553992],[-73.622812,45.554015],[-73.622767,45.554037],[-73.622722,45.554059],[-73.622676,45.554081],[-73.622631,45.554103],[-73.622585,45.554125],[-73.622539,45.554147],[-73.62248,45.554174],[-73.622421,45.554201],[-73.622361,45.554228],[-73.622302,45.554255],[-73.622242,45.554282],[-73.622183,45.554309],[-73.622123,45.554336],[-73.622069,45.554359],[-73.622015,45.554382],[-73.621961,45.554405],[-73.621906,45.554428],[-73.621852,45.554451],[-73.621798,45.554474],[-73.621743,45.554496],[-73.62393,45.555474],[-73.626527,45.556599],[-73.626855,45.556741],[-73.626919,45.556769],[-73.627557,45.557041],[-73.628771,45.557571],[-73.630559,45.558345],[-73.631515,45.558759],[-73.633799,45.559753],[-73.636347,45.560862],[-73.636558,45.560954],[-73.636969,45.561131],[-73.637349,45.561297],[-73.637524,45.561373],[-73.639076,45.562047],[-73.639553,45.562252],[-73.639655,45.562296],[-73.640099,45.56249],[-73.640637,45.562724],[-73.641031,45.562896],[-73.641285,45.563006],[-73.641775,45.563218],[-73.642087,45.563356],[-73.642331,45.563462],[-73.642706,45.563625],[-73.642866,45.563694],[-73.643344,45.563902],[-73.64346,45.563952],[-73.64387,45.564131],[-73.644281,45.56431],[-73.64437,45.56435],[-73.644505,45.564409],[-73.644597,45.564449],[-73.644752,45.564516],[-73.644963,45.564609],[-73.645057,45.564649],[-73.645363,45.564779],[-73.645288,45.564897],[-73.645254,45.56495],[-73.645179,45.565062],[-73.645082,45.565204],[-73.644992,45.565335],[-73.644876,45.565496],[-73.644768,45.565645],[-73.644659,45.565789],[-73.644532,45.565951],[-73.644418,45.566094],[-73.644304,45.566236],[-73.644184,45.566384],[-73.643994,45.566612],[-73.643866,45.566766],[-73.643715,45.566947],[-73.643624,45.567057],[-73.64349,45.567218],[-73.643352,45.567382],[-73.643242,45.567513],[-73.643113,45.567667],[-73.642978,45.567828],[-73.64281,45.568032],[-73.642662,45.56821],[-73.64255,45.568344],[-73.642404,45.568517],[-73.642248,45.568703],[-73.642114,45.568865],[-73.641994,45.569007],[-73.641865,45.569162],[-73.641758,45.569289],[-73.64161,45.569466],[-73.641491,45.569609],[-73.64137,45.569753],[-73.641257,45.56989],[-73.641108,45.570065],[-73.640982,45.570216],[-73.640871,45.570349],[-73.640765,45.570475],[-73.640656,45.570606],[-73.640519,45.570771],[-73.640382,45.570934],[-73.640238,45.571106],[-73.640156,45.571204],[-73.640071,45.571306],[-73.639989,45.571403],[-73.639898,45.571512],[-73.639806,45.571622],[-73.639706,45.571741],[-73.639624,45.571839],[-73.639544,45.571934],[-73.639467,45.572028],[-73.639379,45.572132],[-73.6393,45.572227],[-73.639225,45.572315],[-73.639151,45.572404],[-73.63907,45.572502],[-73.638986,45.572602],[-73.638918,45.572683],[-73.638831,45.572787],[-73.638738,45.572898],[-73.63863,45.573026],[-73.638529,45.573147],[-73.638422,45.573275],[-73.638354,45.573356],[-73.638236,45.573497],[-73.638126,45.573628],[-73.638024,45.573752],[-73.637902,45.573896],[-73.63782,45.573994],[-73.63772,45.574114],[-73.637631,45.57422],[-73.637547,45.574321],[-73.637466,45.574417],[-73.637373,45.574528],[-73.63729,45.574628],[-73.637202,45.574733],[-73.637113,45.57484],[-73.637024,45.574945],[-73.636934,45.575053],[-73.63686,45.575143],[-73.636765,45.575255],[-73.636646,45.575397],[-73.636431,45.575655],[-73.636239,45.575888],[-73.636515,45.576003],[-73.640155,45.577522],[-73.640454,45.57771],[-73.640505,45.577672],[-73.641231,45.577976],[-73.641312,45.57801],[-73.641533,45.578103],[-73.643938,45.579103],[-73.644227,45.579228],[-73.644454,45.579321],[-73.644812,45.579464],[-73.64493,45.57951],[-73.645242,45.579637],[-73.64578,45.579858],[-73.645905,45.57991],[-73.646008,45.579952],[-73.646112,45.579995],[-73.646215,45.580037],[-73.646318,45.58008],[-73.646421,45.580122],[-73.646524,45.580165],[-73.646627,45.580207],[-73.64673,45.580249],[-73.646875,45.580309],[-73.647174,45.580432],[-73.647394,45.580528],[-73.647774,45.580693],[-73.647817,45.580709],[-73.648198,45.58087],[-73.648243,45.580889],[-73.648378,45.580948],[-73.648422,45.580966],[-73.648756,45.581107],[-73.648808,45.58113],[-73.649123,45.581261],[-73.649167,45.581279],[-73.649307,45.581334],[-73.649352,45.581353],[-73.649685,45.581494],[-73.649736,45.581516],[-73.649744,45.58151],[-73.650097,45.581665],[-73.650228,45.581726],[-73.650382,45.581789],[-73.650573,45.581867],[-73.650618,45.58189],[-73.650852,45.58198],[-73.651256,45.582145],[-73.651316,45.58217],[-73.65153,45.582257],[-73.651667,45.582314],[-73.651802,45.582373],[-73.65194,45.582429],[-73.652077,45.582487],[-73.652224,45.582549],[-73.652486,45.582664],[-73.652556,45.582693],[-73.652478,45.582859],[-73.65257,45.582898],[-73.652904,45.583039],[-73.653051,45.583101],[-73.653152,45.583144],[-73.653252,45.583186],[-73.653352,45.583229],[-73.653453,45.583271],[-73.653568,45.58332],[-73.653684,45.583369],[-73.653782,45.58341],[-73.653861,45.583442],[-73.654089,45.58354],[-73.654303,45.583632]]]]}},{"type":"Feature","properties":{"area_id":"A008","area_name":"Lachine","borough_name":"Lachine","boundary_type":"official_administrative_boundary","boundary_source":"Ville de Montreal administrative boundaries","source_downloaded_date":"2026-06-23"},"geometry":{"type":"MultiPolygon","coordinates":[[[[-73.666104,45.421798],[-73.666009,45.428443],[-73.66592,45.428681],[-73.665918,45.428856],[-73.66591,45.429078],[-73.665903,45.42927],[-73.6659,45.429357],[-73.665887,45.429694],[-73.665882,45.429826],[-73.665877,45.429958],[-73.665872,45.430089],[-73.665867,45.430221],[-73.665862,45.430356],[-73.665857,45.430493],[-73.665847,45.430752],[-73.665843,45.430912],[-73.665849,45.431387],[-73.665853,45.431611],[-73.665861,45.432188],[-73.665134,45.432385],[-73.665025,45.432423],[-73.664292,45.432685],[-73.663756,45.432871],[-73.663213,45.433066],[-73.662322,45.433381],[-73.662184,45.433433],[-73.66209,45.433475],[-73.660848,45.434113],[-73.660002,45.434546],[-73.659146,45.434954],[-73.658623,45.435189],[-73.658452,45.435257],[-73.657547,45.435611],[-73.656938,45.435841],[-73.656392,45.436066],[-73.655826,45.436271],[-73.655141,45.436533],[-73.654777,45.436673],[-73.654383,45.436841],[-73.654052,45.436981],[-73.653771,45.437108],[-73.653303,45.43735],[-73.653023,45.437504],[-73.65239,45.437859],[-73.651845,45.438167],[-73.651255,45.438498],[-73.650625,45.438852],[-73.649972,45.439221],[-73.649735,45.439355],[-73.649529,45.439469],[-73.649292,45.439604],[-73.648994,45.439769],[-73.648703,45.439931],[-73.648465,45.440061],[-73.64825,45.440175],[-73.64811,45.440245],[-73.647965,45.440317],[-73.64779,45.440403],[-73.647632,45.440478],[-73.647123,45.440707],[-73.646709,45.440881],[-73.646603,45.440926],[-73.646554,45.440946],[-73.646423,45.441],[-73.646272,45.441059],[-73.646156,45.441104],[-73.64592,45.441197],[-73.645454,45.441375],[-73.644786,45.441633],[-73.643995,45.441942],[-73.643413,45.442171],[-73.642628,45.442485],[-73.642052,45.442711],[-73.641523,45.442929],[-73.641088,45.443108],[-73.640559,45.443323],[-73.64014,45.443499],[-73.639728,45.443669],[-73.639391,45.443806],[-73.63905,45.443941],[-73.638836,45.444026],[-73.638638,45.444104],[-73.638394,45.4442],[-73.638215,45.444265],[-73.637909,45.444376],[-73.637524,45.444514],[-73.637159,45.444638],[-73.636752,45.444786],[-73.636318,45.44494],[-73.635731,45.445164],[-73.635208,45.445368],[-73.634843,45.445514],[-73.634373,45.4457],[-73.633912,45.445884],[-73.633899,45.445889],[-73.633346,45.446108],[-73.63296,45.446268],[-73.632435,45.446495],[-73.631977,45.446707],[-73.631727,45.446824],[-73.631495,45.446938],[-73.631204,45.447082],[-73.631012,45.447182],[-73.630709,45.447347],[-73.630449,45.4475],[-73.630201,45.447655],[-73.630038,45.447763],[-73.629794,45.447928],[-73.629556,45.448098],[-73.629331,45.448267],[-73.629139,45.448423],[-73.629396,45.448521],[-73.629581,45.448592],[-73.631259,45.449236],[-73.631966,45.449508],[-73.633477,45.448974],[-73.63538,45.448303],[-73.635826,45.448146],[-73.635856,45.448135],[-73.635885,45.448125],[-73.635915,45.448114],[-73.635945,45.448103],[-73.635974,45.448092],[-73.636004,45.448082],[-73.636033,45.448071],[-73.636063,45.44806],[-73.636092,45.448049],[-73.636121,45.448038],[-73.636151,45.448026],[-73.63618,45.448015],[-73.636209,45.448004],[-73.636238,45.447993],[-73.636267,45.447981],[-73.636296,45.44797],[-73.636325,45.447958],[-73.636354,45.447947],[-73.636383,45.447935],[-73.636412,45.447923],[-73.63644,45.447911],[-73.636469,45.4479],[-73.636498,45.447888],[-73.636527,45.447876],[-73.636555,45.447864],[-73.636584,45.447852],[-73.636612,45.447839],[-73.63664,45.447827],[-73.636669,45.447815],[-73.636697,45.447803],[-73.636725,45.44779],[-73.636754,45.447778],[-73.636782,45.447765],[-73.63681,45.447753],[-73.636838,45.44774],[-73.636866,45.447728],[-73.636894,45.447715],[-73.636922,45.447702],[-73.63695,45.447689],[-73.636977,45.447676],[-73.637005,45.447663],[-73.637033,45.44765],[-73.63706,45.447637],[-73.637088,45.447624],[-73.637115,45.447611],[-73.637143,45.447598],[-73.63717,45.447584],[-73.637197,45.447571],[-73.637225,45.447557],[-73.637252,45.447544],[-73.637279,45.44753],[-73.637306,45.447517],[-73.637333,45.447503],[-73.63736,45.447489],[-73.637387,45.447476],[-73.637414,45.447462],[-73.637441,45.447448],[-73.637467,45.447434],[-73.637494,45.44742],[-73.637521,45.447406],[-73.637547,45.447392],[-73.637574,45.447377],[-73.6376,45.447363],[-73.637627,45.447349],[-73.637653,45.447335],[-73.637679,45.44732],[-73.637705,45.447306],[-73.637731,45.447291],[-73.638807,45.446692],[-73.639058,45.446783],[-73.639198,45.446834],[-73.639924,45.447103],[-73.64005,45.44715],[-73.64138,45.447643],[-73.641851,45.447818],[-73.642433,45.448039],[-73.642512,45.448069],[-73.643002,45.448258],[-73.643142,45.448312],[-73.643133,45.447899],[-73.643179,45.447889],[-73.643226,45.44788],[-73.643272,45.447871],[-73.643318,45.447861],[-73.643364,45.447852],[-73.643411,45.447843],[-73.643457,45.447833],[-73.643504,45.447824],[-73.64355,45.447815],[-73.643596,45.447806],[-73.643643,45.447797],[-73.643689,45.447789],[-73.643736,45.44778],[-73.643782,45.447771],[-73.643829,45.447762],[-73.643876,45.447754],[-73.643922,45.447745],[-73.643969,45.447737],[-73.644016,45.447729],[-73.644062,45.44772],[-73.644109,45.447712],[-73.644156,45.447704],[-73.644202,45.447696],[-73.644249,45.447688],[-73.644296,45.44768],[-73.644343,45.447672],[-73.64439,45.447664],[-73.644437,45.447656],[-73.644483,45.447649],[-73.64453,45.447641],[-73.644577,45.447633],[-73.644624,45.447626],[-73.644671,45.447618],[-73.644718,45.447611],[-73.644765,45.447604],[-73.644812,45.447596],[-73.645142,45.447727],[-73.645451,45.44785],[-73.646419,45.448235],[-73.64751,45.448668],[-73.647596,45.448699],[-73.647791,45.448771],[-73.648333,45.448969],[-73.6485,45.449038],[-73.64867,45.449101],[-73.648842,45.449166],[-73.649015,45.44923],[-73.649187,45.449294],[-73.649331,45.449348],[-73.649474,45.449401],[-73.649618,45.449455],[-73.649761,45.449509],[-73.649905,45.449562],[-73.650047,45.449615],[-73.650219,45.44968],[-73.650391,45.449744],[-73.650564,45.449808],[-73.650736,45.449872],[-73.652115,45.450387],[-73.655557,45.451672],[-73.656454,45.452068],[-73.656829,45.452208],[-73.657286,45.45238],[-73.657527,45.452465],[-73.657812,45.452579],[-73.657991,45.452648],[-73.65817,45.452717],[-73.658349,45.452786],[-73.658528,45.452855],[-73.658708,45.452924],[-73.658884,45.452992],[-73.659067,45.453062],[-73.659274,45.453142],[-73.659479,45.453221],[-73.659684,45.453299],[-73.659843,45.45336],[-73.66005,45.45344],[-73.660273,45.453526],[-73.660495,45.453611],[-73.660717,45.453697],[-73.660939,45.453783],[-73.661161,45.453868],[-73.661383,45.453954],[-73.661605,45.454039],[-73.66179,45.454111],[-73.661981,45.454184],[-73.662162,45.454254],[-73.662343,45.454324],[-73.662524,45.454394],[-73.66277,45.454489],[-73.66301,45.454581],[-73.663249,45.454673],[-73.663488,45.454765],[-73.663659,45.454831],[-73.66383,45.454897],[-73.664165,45.455029],[-73.664628,45.455205],[-73.664886,45.455303],[-73.665091,45.455381],[-73.665314,45.455466],[-73.665537,45.455551],[-73.66576,45.455635],[-73.665983,45.45572],[-73.666206,45.455805],[-73.666429,45.455889],[-73.666652,45.455974],[-73.666875,45.456059],[-73.667097,45.456143],[-73.667325,45.45623],[-73.667604,45.456336],[-73.667852,45.45643],[-73.668167,45.45655],[-73.668507,45.456158],[-73.66942,45.455634],[-73.670056,45.45502],[-73.670555,45.454308],[-73.671209,45.453528],[-73.671267,45.453555],[-73.671594,45.453013],[-73.671719,45.452807],[-73.671789,45.452691],[-73.672989,45.452812],[-73.67392,45.452789],[-73.674664,45.452777],[-73.677505,45.452733],[-73.681897,45.454052],[-73.685085,45.454859],[-73.685382,45.454934],[-73.687234,45.455402],[-73.686498,45.456756],[-73.685658,45.457427],[-73.684357,45.458677],[-73.683922,45.459103],[-73.683023,45.460029],[-73.683193,45.460095],[-73.6828,45.461012],[-73.681832,45.461364],[-73.681288,45.462153],[-73.682806,45.463179],[-73.683074,45.46336],[-73.693305,45.470326],[-73.693451,45.469791],[-73.693523,45.46953],[-73.693668,45.469002],[-73.693819,45.468454],[-73.693967,45.467914],[-73.694065,45.467555],[-73.694416,45.466276],[-73.694858,45.464663],[-73.695447,45.465052],[-73.69587,45.465337],[-73.696091,45.465485],[-73.697278,45.466283],[-73.697463,45.466407],[-73.698525,45.467115],[-73.702008,45.469436],[-73.703657,45.470535],[-73.70484,45.471323],[-73.705025,45.471452],[-73.707765,45.473268],[-73.707856,45.473328],[-73.707799,45.473371],[-73.707934,45.473459],[-73.708048,45.473373],[-73.708263,45.473212],[-73.708862,45.472762],[-73.709465,45.472309],[-73.710122,45.471815],[-73.710818,45.471293],[-73.711522,45.470763],[-73.712244,45.470219],[-73.71292,45.469711],[-73.713702,45.469123],[-73.714459,45.468553],[-73.715202,45.467993],[-73.715991,45.467399],[-73.716633,45.466914],[-73.717527,45.466249],[-73.718293,45.46568],[-73.718986,45.465165],[-73.719723,45.464618],[-73.720442,45.464085],[-73.721096,45.463609],[-73.72165,45.463211],[-73.722491,45.462608],[-73.723386,45.461965],[-73.724283,45.46132],[-73.724812,45.46094],[-73.724681,45.46077],[-73.724626,45.460692],[-73.724559,45.460593],[-73.724506,45.460504],[-73.724447,45.460405],[-73.724396,45.460309],[-73.724351,45.460219],[-73.724307,45.460121],[-73.724268,45.460024],[-73.724231,45.459929],[-73.724198,45.459828],[-73.724165,45.459731],[-73.724065,45.459435],[-73.723996,45.459232],[-73.723795,45.458577],[-73.723765,45.458479],[-73.723736,45.458385],[-73.723667,45.458167],[-73.723638,45.458074],[-73.723606,45.457976],[-73.723575,45.457878],[-73.723511,45.457678],[-73.72348,45.457581],[-73.723448,45.457483],[-73.723417,45.457389],[-73.723385,45.457287],[-73.723354,45.457189],[-73.723324,45.457091],[-73.723292,45.456994],[-73.723261,45.456893],[-73.723233,45.456804],[-73.723201,45.456705],[-73.723172,45.456611],[-73.72314,45.456511],[-73.723109,45.456414],[-73.723079,45.456314],[-73.723049,45.456219],[-73.723018,45.456123],[-73.722987,45.456026],[-73.722956,45.455929],[-73.722935,45.455864],[-73.722861,45.455631],[-73.722835,45.455546],[-73.722806,45.455454],[-73.722779,45.45537],[-73.722747,45.45527],[-73.722716,45.455172],[-73.722684,45.455072],[-73.722654,45.454977],[-73.722623,45.454877],[-73.722592,45.454778],[-73.722567,45.454701],[-73.722529,45.454584],[-73.722498,45.454485],[-73.722466,45.454386],[-73.722436,45.45429],[-73.722405,45.454191],[-73.722373,45.454094],[-73.722341,45.453993],[-73.72231,45.453896],[-73.72228,45.453799],[-73.722249,45.4537],[-73.722217,45.4536],[-73.722186,45.453503],[-73.722155,45.453405],[-73.722125,45.453311],[-73.722094,45.453214],[-73.722065,45.453123],[-73.722035,45.453029],[-73.722006,45.452935],[-73.721977,45.452844],[-73.721946,45.452745],[-73.721919,45.452659],[-73.721887,45.452561],[-73.721845,45.452435],[-73.721738,45.452088],[-73.72171,45.451983],[-73.721683,45.451884],[-73.721657,45.451784],[-73.721632,45.451685],[-73.721607,45.451585],[-73.721582,45.451487],[-73.721556,45.451386],[-73.72153,45.451285],[-73.721506,45.451186],[-73.721482,45.451092],[-73.721431,45.4509],[-73.721377,45.450703],[-73.721347,45.450604],[-73.721315,45.450504],[-73.721284,45.450405],[-73.721253,45.450307],[-73.721222,45.45021],[-73.721193,45.450118],[-73.721166,45.450029],[-73.721136,45.44994],[-73.721105,45.44984],[-73.721073,45.44974],[-73.721043,45.449641],[-73.721011,45.449541],[-73.720981,45.449447],[-73.72095,45.449348],[-73.720918,45.44925],[-73.720887,45.449154],[-73.72085,45.449036],[-73.720792,45.448853],[-73.722298,45.448883],[-73.72228,45.448828],[-73.722228,45.448662],[-73.722063,45.44814],[-73.721977,45.447869],[-73.721934,45.447734],[-73.721876,45.447549],[-73.721842,45.447442],[-73.721828,45.447398],[-73.721808,45.447335],[-73.72172,45.447056],[-73.721598,45.446668],[-73.721489,45.446327],[-73.721381,45.445986],[-73.72126,45.445604],[-73.721209,45.445443],[-73.720925,45.444541],[-73.720889,45.444533],[-73.720825,45.444328],[-73.720811,45.444285],[-73.720743,45.444067],[-73.720701,45.443933],[-73.720659,45.443799],[-73.720615,45.443649],[-73.720584,45.443542],[-73.720552,45.443434],[-73.720521,45.443327],[-73.72049,45.443219],[-73.720426,45.443066],[-73.720423,45.443058],[-73.720422,45.443055],[-73.720377,45.442897],[-73.720375,45.442892],[-73.720345,45.442786],[-73.720331,45.442735],[-73.720315,45.442679],[-73.720285,45.442575],[-73.720285,45.442574],[-73.720283,45.442568],[-73.720247,45.442461],[-73.720231,45.442414],[-73.720192,45.442301],[-73.72018,45.442265],[-73.720138,45.442141],[-73.720137,45.442139],[-73.720129,45.442109],[-73.720106,45.442034],[-73.720075,45.441933],[-73.720073,45.441927],[-73.720027,45.441774],[-73.720027,45.441772],[-73.719978,45.441611],[-73.719944,45.441497],[-73.719929,45.44145],[-73.719887,45.441309],[-73.719881,45.441289],[-73.719841,45.441176],[-73.719824,45.441129],[-73.719831,45.441128],[-73.719812,45.441068],[-73.719781,45.440967],[-73.719779,45.440961],[-73.719746,45.440859],[-73.719745,45.440854],[-73.719729,45.440807],[-73.719709,45.440747],[-73.719676,45.440646],[-73.719674,45.44064],[-73.719639,45.440534],[-73.719624,45.440486],[-73.719604,45.440427],[-73.719573,45.440326],[-73.719571,45.440319],[-73.719524,45.440165],[-73.719505,45.440105],[-73.719473,45.440004],[-73.71945,45.439931],[-73.719403,45.439788],[-73.719391,45.439748],[-73.719346,45.439612],[-73.719321,45.439534],[-73.719313,45.439505],[-73.719312,45.439501],[-73.719296,45.439427],[-73.71943,45.439416],[-73.719463,45.439413],[-73.719656,45.439396],[-73.719728,45.43939],[-73.719872,45.439378],[-73.720025,45.439365],[-73.720087,45.439359],[-73.720071,45.439243],[-73.720048,45.439074],[-73.720034,45.438972],[-73.720806,45.43933],[-73.720769,45.439145],[-73.720756,45.439079],[-73.720785,45.439061],[-73.720853,45.438528],[-73.715843,45.42227],[-73.711953,45.422486],[-73.707314,45.422708],[-73.701785,45.422931],[-73.697202,45.42307],[-73.692063,45.423181],[-73.686979,45.423153],[-73.682007,45.423042],[-73.676924,45.422847],[-73.671812,45.42257],[-73.669868,45.422431],[-73.666201,45.42182],[-73.666104,45.421798]]]]}},{"type":"Feature","properties":{"area_id":"A009","area_name":"Westmount","borough_name":"Westmount","boundary_type":"official_administrative_boundary","boundary_source":"Ville de Montreal administrative boundaries","source_downloaded_date":"2026-06-23"},"geometry":{"type":"MultiPolygon","coordinates":[[[[-73.581543,45.486739],[-73.58175,45.486999],[-73.582157,45.48733],[-73.583134,45.488126],[-73.582935,45.488186],[-73.582413,45.488344],[-73.582501,45.488375],[-73.582568,45.488398],[-73.583475,45.488681],[-73.583596,45.488719],[-73.583848,45.488799],[-73.584303,45.488949],[-73.584634,45.48906],[-73.584648,45.489065],[-73.58488,45.489143],[-73.586236,45.489579],[-73.586456,45.489649],[-73.588711,45.490387],[-73.589027,45.490479],[-73.589686,45.490683],[-73.589688,45.490683],[-73.589876,45.490736],[-73.590045,45.490798],[-73.5902,45.490855],[-73.590357,45.490912],[-73.590534,45.490977],[-73.590557,45.490985],[-73.590687,45.491015],[-73.590781,45.491045],[-73.590963,45.491104],[-73.591156,45.491166],[-73.591404,45.491246],[-73.591602,45.49131],[-73.591896,45.491405],[-73.591947,45.491421],[-73.592032,45.491447],[-73.592065,45.491457],[-73.592409,45.491568],[-73.592578,45.491639],[-73.592896,45.491758],[-73.592925,45.491727],[-73.593318,45.491862],[-73.593482,45.491913],[-73.593497,45.491917],[-73.593742,45.491996],[-73.594018,45.492084],[-73.594194,45.492143],[-73.594502,45.492241],[-73.594792,45.492333],[-73.595005,45.492401],[-73.595299,45.492495],[-73.595585,45.492588],[-73.595696,45.492623],[-73.596191,45.492042],[-73.596476,45.491707],[-73.596507,45.49172],[-73.596875,45.491875],[-73.596881,45.491878],[-73.597083,45.491962],[-73.597092,45.491967],[-73.597255,45.492043],[-73.597274,45.492052],[-73.597435,45.492121],[-73.59772,45.492243],[-73.59822,45.492458],[-73.598453,45.492549],[-73.598538,45.492582],[-73.598603,45.49261],[-73.59889,45.492735],[-73.598902,45.49274],[-73.599182,45.492862],[-73.599362,45.492939],[-73.59937,45.492942],[-73.599412,45.492954],[-73.599469,45.492971],[-73.599507,45.492988],[-73.599902,45.493157],[-73.599957,45.49318],[-73.600323,45.493323],[-73.600441,45.493372],[-73.600648,45.493457],[-73.600763,45.493497],[-73.601241,45.493699],[-73.601083,45.494001],[-73.60107,45.49403],[-73.600979,45.4942],[-73.600937,45.494278],[-73.601353,45.494327],[-73.602884,45.494509],[-73.602768,45.494996],[-73.602969,45.494943],[-73.603191,45.494876],[-73.603206,45.494871],[-73.603222,45.494867],[-73.603237,45.494862],[-73.603253,45.494858],[-73.603268,45.494854],[-73.603284,45.494849],[-73.6033,45.494845],[-73.603315,45.494841],[-73.603331,45.494837],[-73.603347,45.494833],[-73.603362,45.494829],[-73.603378,45.494825],[-73.603394,45.494821],[-73.60341,45.494818],[-73.603426,45.494814],[-73.603442,45.49481],[-73.603458,45.494807],[-73.603474,45.494803],[-73.60349,45.4948],[-73.603506,45.494797],[-73.603522,45.494793],[-73.603538,45.49479],[-73.603554,45.494787],[-73.60357,45.494784],[-73.603586,45.494781],[-73.603603,45.494778],[-73.603619,45.494775],[-73.603635,45.494773],[-73.603651,45.49477],[-73.603668,45.494767],[-73.603684,45.494765],[-73.6037,45.494762],[-73.603717,45.49476],[-73.603733,45.494757],[-73.603749,45.494755],[-73.603766,45.494753],[-73.603782,45.494751],[-73.603799,45.494749],[-73.603815,45.494747],[-73.603832,45.494745],[-73.603848,45.494743],[-73.603865,45.494741],[-73.603881,45.494739],[-73.603898,45.494738],[-73.603914,45.494736],[-73.603931,45.494734],[-73.603948,45.494733],[-73.603964,45.494732],[-73.603981,45.49473],[-73.603997,45.494729],[-73.604014,45.494728],[-73.604031,45.494727],[-73.604047,45.494726],[-73.604064,45.494725],[-73.604081,45.494724],[-73.604097,45.494723],[-73.604114,45.494722],[-73.604131,45.494722],[-73.604147,45.494721],[-73.604164,45.49472],[-73.604181,45.49472],[-73.604198,45.494719],[-73.604214,45.494719],[-73.604231,45.494719],[-73.604248,45.494719],[-73.604264,45.494719],[-73.60428,45.494719],[-73.604296,45.494719],[-73.604313,45.494719],[-73.604329,45.494719],[-73.604345,45.494719],[-73.604361,45.494719],[-73.604377,45.49472],[-73.604393,45.49472],[-73.604409,45.49472],[-73.604425,45.494721],[-73.604441,45.494722],[-73.604457,45.494722],[-73.604473,45.494723],[-73.604489,45.494724],[-73.604505,45.494725],[-73.604521,45.494726],[-73.604537,45.494727],[-73.604553,45.494728],[-73.604569,45.494729],[-73.604584,45.49473],[-73.6046,45.494731],[-73.604616,45.494732],[-73.604632,45.494734],[-73.604648,45.494735],[-73.604664,45.494737],[-73.60468,45.494738],[-73.604696,45.49474],[-73.604712,45.494742],[-73.604728,45.494744],[-73.604744,45.494745],[-73.60476,45.494747],[-73.604776,45.494749],[-73.604793,45.494751],[-73.604809,45.494753],[-73.604825,45.494756],[-73.604841,45.494758],[-73.604857,45.49476],[-73.604873,45.494763],[-73.604889,45.494765],[-73.604905,45.494768],[-73.604921,45.49477],[-73.604936,45.494773],[-73.604952,45.494776],[-73.604968,45.494778],[-73.604984,45.494781],[-73.605,45.494784],[-73.605016,45.494787],[-73.605031,45.49479],[-73.605053,45.494796],[-73.605075,45.494801],[-73.605097,45.494806],[-73.605118,45.494812],[-73.605167,45.494824],[-73.605215,45.494836],[-73.605263,45.494848],[-73.605311,45.49486],[-73.60536,45.494872],[-73.605408,45.494885],[-73.605456,45.494897],[-73.605461,45.494898],[-73.605467,45.4949],[-73.605472,45.494901],[-73.605526,45.494915],[-73.60558,45.494929],[-73.605634,45.494943],[-73.605688,45.494957],[-73.605742,45.494971],[-73.605795,45.494985],[-73.605849,45.494999],[-73.605898,45.495012],[-73.605947,45.495025],[-73.605996,45.495038],[-73.606045,45.495051],[-73.606094,45.495064],[-73.606143,45.495078],[-73.606192,45.495091],[-73.606241,45.495104],[-73.60629,45.495117],[-73.606338,45.495131],[-73.606386,45.495144],[-73.606435,45.495157],[-73.606483,45.495171],[-73.606531,45.495184],[-73.60658,45.495198],[-73.606649,45.495218],[-73.606842,45.495274],[-73.60696,45.495122],[-73.607031,45.495027],[-73.607197,45.494813],[-73.6074,45.494571],[-73.60755,45.494428],[-73.608386,45.493666],[-73.608817,45.493829],[-73.6094,45.494054],[-73.609472,45.493973],[-73.609894,45.493501],[-73.610463,45.49286],[-73.610467,45.492856],[-73.610472,45.492851],[-73.61091,45.492411],[-73.611458,45.491861],[-73.611558,45.491761],[-73.611605,45.491714],[-73.612313,45.491987],[-73.612348,45.492001],[-73.612619,45.492111],[-73.612875,45.492215],[-73.613131,45.492318],[-73.613216,45.492353],[-73.613463,45.492463],[-73.61371,45.492573],[-73.614122,45.492756],[-73.614247,45.49281],[-73.614371,45.492864],[-73.614579,45.492953],[-73.614757,45.49303],[-73.615033,45.492774],[-73.615169,45.49262],[-73.6154,45.492359],[-73.615593,45.492142],[-73.615815,45.49189],[-73.616031,45.491639],[-73.616304,45.49132],[-73.616408,45.491203],[-73.616577,45.491013],[-73.616743,45.490827],[-73.616894,45.490657],[-73.617014,45.490522],[-73.61715,45.490368],[-73.617368,45.490131],[-73.617462,45.490011],[-73.61764,45.489817],[-73.617933,45.489497],[-73.618074,45.489345],[-73.618311,45.489084],[-73.618408,45.488976],[-73.618365,45.48883],[-73.618356,45.4888],[-73.618318,45.488671],[-73.61833,45.488617],[-73.618343,45.488561],[-73.618392,45.488346],[-73.618423,45.488211],[-73.618375,45.488189],[-73.618211,45.488115],[-73.618121,45.488074],[-73.618012,45.488024],[-73.617902,45.487974],[-73.617792,45.487924],[-73.617682,45.487874],[-73.617626,45.487849],[-73.617463,45.487775],[-73.617339,45.487719],[-73.617217,45.487663],[-73.617112,45.487615],[-73.617093,45.487607],[-73.616997,45.487563],[-73.616969,45.48755],[-73.616846,45.487495],[-73.616723,45.487439],[-73.616674,45.487417],[-73.616601,45.487383],[-73.616565,45.487367],[-73.616478,45.487327],[-73.616455,45.487317],[-73.616314,45.487253],[-73.616252,45.487225],[-73.616206,45.487204],[-73.61613,45.487169],[-73.616094,45.487153],[-73.616027,45.487123],[-73.615986,45.487104],[-73.615926,45.487076],[-73.615878,45.487055],[-73.615801,45.48702],[-73.615767,45.487004],[-73.61569,45.486969],[-73.615659,45.486955],[-73.615583,45.486921],[-73.615556,45.486909],[-73.615477,45.486873],[-73.615454,45.486862],[-73.615331,45.486806],[-73.615292,45.486789],[-73.615538,45.486538],[-73.615685,45.486389],[-73.615932,45.486137],[-73.615972,45.486097],[-73.616254,45.485812],[-73.616422,45.48565],[-73.616577,45.485487],[-73.61683,45.485214],[-73.616867,45.485174],[-73.616968,45.485062],[-73.617005,45.485021],[-73.617216,45.48479],[-73.617218,45.484789],[-73.61721,45.484785],[-73.617115,45.484743],[-73.617094,45.484734],[-73.616971,45.484678],[-73.616848,45.484623],[-73.616725,45.484567],[-73.616561,45.484493],[-73.616178,45.484321],[-73.61607,45.484272],[-73.616068,45.484271],[-73.615958,45.484222],[-73.615938,45.484213],[-73.615822,45.48416],[-73.615699,45.484105],[-73.615692,45.484102],[-73.615576,45.48405],[-73.615276,45.483914],[-73.615248,45.483902],[-73.615003,45.48379],[-73.614921,45.483753],[-73.614593,45.483605],[-73.614461,45.483545],[-73.614429,45.483531],[-73.614265,45.483457],[-73.614138,45.4834],[-73.614015,45.483344],[-73.613811,45.483252],[-73.613681,45.483194],[-73.613557,45.483138],[-73.613435,45.483083],[-73.613312,45.483028],[-73.613189,45.482972],[-73.613066,45.482917],[-73.612943,45.482861],[-73.612819,45.482806],[-73.612696,45.48275],[-73.612573,45.482695],[-73.61245,45.48264],[-73.612378,45.482607],[-73.613026,45.481959],[-73.613838,45.481163],[-73.613975,45.481029],[-73.61434,45.480671],[-73.614376,45.480622],[-73.612628,45.479841],[-73.612408,45.479743],[-73.611405,45.479296],[-73.611293,45.479246],[-73.61107,45.479145],[-73.610958,45.479095],[-73.610847,45.479045],[-73.610459,45.47887],[-73.610466,45.478866],[-73.6103,45.478791],[-73.609993,45.478652],[-73.609881,45.478601],[-73.609783,45.478557],[-73.609734,45.478535],[-73.609658,45.478501],[-73.609547,45.47845],[-73.609442,45.478403],[-73.609334,45.478354],[-73.609324,45.478349],[-73.609212,45.478299],[-73.6091,45.478249],[-73.608994,45.478202],[-73.608988,45.4782],[-73.608876,45.47815],[-73.608815,45.478122],[-73.608631,45.478042],[-73.60854,45.478],[-73.608429,45.477948],[-73.608316,45.477896],[-73.608205,45.477844],[-73.608198,45.477841],[-73.607865,45.477694],[-73.607755,45.477644],[-73.607644,45.477594],[-73.607533,45.477543],[-73.607489,45.477523],[-73.607421,45.477493],[-73.607308,45.477441],[-73.607197,45.47739],[-73.607085,45.47734],[-73.606974,45.477289],[-73.606863,45.477238],[-73.606755,45.477189],[-73.606647,45.47714],[-73.606539,45.477091],[-73.606402,45.477029],[-73.606067,45.476876],[-73.606057,45.476872],[-73.605805,45.476755],[-73.605803,45.476755],[-73.605488,45.476612],[-73.605405,45.476573],[-73.604997,45.477017],[-73.604845,45.476949],[-73.604681,45.476876],[-73.604335,45.476721],[-73.60399,45.476567],[-73.603851,45.476505],[-73.603762,45.476465],[-73.603727,45.47645],[-73.603687,45.476431],[-73.603519,45.476356],[-73.603381,45.476295],[-73.603243,45.476233],[-73.603111,45.476174],[-73.602892,45.476076],[-73.602403,45.475858],[-73.602185,45.47576],[-73.601394,45.475407],[-73.601228,45.475333],[-73.601171,45.475307],[-73.60054,45.475025],[-73.598473,45.474103],[-73.595765,45.476009],[-73.595578,45.476139],[-73.595128,45.476451],[-73.594687,45.476757],[-73.593908,45.477299],[-73.593758,45.477403],[-73.593478,45.4776],[-73.592958,45.477962],[-73.592589,45.478217],[-73.592544,45.478249],[-73.592262,45.478443],[-73.592176,45.478503],[-73.591706,45.478829],[-73.590868,45.479414],[-73.590635,45.479576],[-73.590565,45.479624],[-73.590518,45.479657],[-73.590176,45.479893],[-73.590007,45.48001],[-73.589358,45.480461],[-73.588648,45.480956],[-73.58674,45.482288],[-73.586721,45.482273],[-73.586662,45.482308],[-73.586684,45.482327],[-73.586641,45.482357],[-73.586361,45.482444],[-73.586349,45.482445],[-73.586336,45.482445],[-73.586324,45.482446],[-73.586311,45.482446],[-73.586299,45.482447],[-73.586286,45.482447],[-73.586274,45.482447],[-73.586261,45.482447],[-73.586249,45.482447],[-73.586237,45.482448],[-73.586224,45.482447],[-73.586212,45.482447],[-73.586199,45.482447],[-73.586187,45.482447],[-73.586174,45.482446],[-73.586162,45.482446],[-73.586149,45.482446],[-73.586137,45.482445],[-73.586125,45.482444],[-73.586112,45.482444],[-73.5861,45.482443],[-73.586087,45.482442],[-73.586075,45.482441],[-73.586063,45.48244],[-73.58605,45.482439],[-73.586038,45.482438],[-73.586026,45.482437],[-73.586013,45.482436],[-73.586001,45.482434],[-73.585989,45.482433],[-73.585976,45.482431],[-73.585964,45.48243],[-73.585952,45.482428],[-73.585842,45.482505],[-73.585767,45.482557],[-73.585125,45.48225],[-73.585063,45.482313],[-73.584351,45.483045],[-73.583013,45.483946],[-73.580776,45.485452],[-73.580606,45.485566],[-73.581543,45.486739]]]]}},{"type":"Feature","properties":{"area_id":"A010","area_name":"Plateau Mont-Royal","borough_name":"Le Plateau-Mont-Royal","boundary_type":"official_administrative_boundary","boundary_source":"Ville de Montreal administrative boundaries","source_downloaded_date":"2026-06-23"},"geometry":{"type":"MultiPolygon","coordinates":[[[[-73.590265,45.51578],[-73.589804,45.516282],[-73.589367,45.51679],[-73.588311,45.51632],[-73.585273,45.514918],[-73.584858,45.514723],[-73.582242,45.513509],[-73.581333,45.513088],[-73.579271,45.512134],[-73.579217,45.512115],[-73.579163,45.512097],[-73.579109,45.512079],[-73.579055,45.51206],[-73.579001,45.512042],[-73.57814,45.511644],[-73.578157,45.511621],[-73.57876,45.510956],[-73.578745,45.51092],[-73.57873,45.510883],[-73.578718,45.510845],[-73.578707,45.510808],[-73.578698,45.51077],[-73.57869,45.510732],[-73.578684,45.510693],[-73.57868,45.510655],[-73.578677,45.510616],[-73.578677,45.510578],[-73.578678,45.510539],[-73.57868,45.510501],[-73.578685,45.510463],[-73.578691,45.510425],[-73.578699,45.510387],[-73.578707,45.510356],[-73.578716,45.510325],[-73.578727,45.510295],[-73.578738,45.510264],[-73.578751,45.510234],[-73.578765,45.510204],[-73.57878,45.510174],[-73.578797,45.510145],[-73.578814,45.510115],[-73.578832,45.510087],[-73.578852,45.510058],[-73.578872,45.51003],[-73.578894,45.510002],[-73.578917,45.509975],[-73.57894,45.509948],[-73.579176,45.509699],[-73.579508,45.509358],[-73.579842,45.508747],[-73.580136,45.508199],[-73.578052,45.507181],[-73.573488,45.504967],[-73.573079,45.505388],[-73.572771,45.50588],[-73.57203,45.5071],[-73.571356,45.508222],[-73.571208,45.50848],[-73.571044,45.508774],[-73.570888,45.509133],[-73.570718,45.509534],[-73.570577,45.509861],[-73.57048,45.510084],[-73.570235,45.510647],[-73.569907,45.511421],[-73.569698,45.511906],[-73.5695,45.512357],[-73.569347,45.512712],[-73.569229,45.512975],[-73.569159,45.51313],[-73.569011,45.513458],[-73.568918,45.513665],[-73.568836,45.513846],[-73.568733,45.514076],[-73.568536,45.514517],[-73.568452,45.514703],[-73.568315,45.515006],[-73.568189,45.515285],[-73.566305,45.519463],[-73.565575,45.521081],[-73.565565,45.521265],[-73.565577,45.521471],[-73.565569,45.521997],[-73.565531,45.52256],[-73.565481,45.522911],[-73.56543,45.52314],[-73.565128,45.524173],[-73.563974,45.527855],[-73.563908,45.52807],[-73.563758,45.528534],[-73.563088,45.530619],[-73.563001,45.530875],[-73.562135,45.533571],[-73.561392,45.535842],[-73.56135,45.53593],[-73.560379,45.537766],[-73.559338,45.539726],[-73.559233,45.539925],[-73.56163,45.540159],[-73.568015,45.540789],[-73.572349,45.541215],[-73.573695,45.541347],[-73.575448,45.541522],[-73.57553,45.54153],[-73.575611,45.541538],[-73.575693,45.541546],[-73.575775,45.541553],[-73.575857,45.54156],[-73.57594,45.541566],[-73.576022,45.541572],[-73.576155,45.541582],[-73.576289,45.54159],[-73.576423,45.541597],[-73.576557,45.541603],[-73.576691,45.541608],[-73.576825,45.541612],[-73.576959,45.541615],[-73.577045,45.541616],[-73.577132,45.541617],[-73.577218,45.541617],[-73.577304,45.541617],[-73.577391,45.541617],[-73.577477,45.541616],[-73.577563,45.541614],[-73.577645,45.541613],[-73.577726,45.54161],[-73.577807,45.541608],[-73.577889,45.541604],[-73.57797,45.541601],[-73.578051,45.541597],[-73.578132,45.541592],[-73.578223,45.541587],[-73.578314,45.541581],[-73.578405,45.541575],[-73.578495,45.541568],[-73.578586,45.54156],[-73.578677,45.541552],[-73.578767,45.541543],[-73.578847,45.541535],[-73.578928,45.541527],[-73.579008,45.541518],[-73.579089,45.541509],[-73.579169,45.541499],[-73.579249,45.541489],[-73.579329,45.541478],[-73.579419,45.541466],[-73.579509,45.541453],[-73.579598,45.541439],[-73.579687,45.541425],[-73.579777,45.541411],[-73.579866,45.541396],[-73.579955,45.541381],[-73.580054,45.541363],[-73.580152,45.541345],[-73.580251,45.541326],[-73.580349,45.541306],[-73.580447,45.541286],[-73.580545,45.541265],[-73.580642,45.541243],[-73.580727,45.541224],[-73.580811,45.541204],[-73.580896,45.541184],[-73.58098,45.541163],[-73.581064,45.541143],[-73.581148,45.541121],[-73.581232,45.5411],[-73.581377,45.54106],[-73.581522,45.541018],[-73.581666,45.540975],[-73.581809,45.540931],[-73.581952,45.540885],[-73.582093,45.540838],[-73.582234,45.54079],[-73.58233,45.540756],[-73.582427,45.540721],[-73.582523,45.540686],[-73.582618,45.54065],[-73.582713,45.540613],[-73.582808,45.540576],[-73.582902,45.540538],[-73.58299,45.5405],[-73.583078,45.540462],[-73.583166,45.540423],[-73.583254,45.540384],[-73.583341,45.540345],[-73.583428,45.540306],[-73.583515,45.540266],[-73.583582,45.540233],[-73.583648,45.5402],[-73.583714,45.540167],[-73.58378,45.540134],[-73.583846,45.5401],[-73.583912,45.540067],[-73.583977,45.540033],[-73.58406,45.539987],[-73.584143,45.539942],[-73.584224,45.539896],[-73.584306,45.539849],[-73.584386,45.539802],[-73.584466,45.539754],[-73.584546,45.539706],[-73.58465,45.539641],[-73.584754,45.539575],[-73.584856,45.539508],[-73.584957,45.539439],[-73.585057,45.539371],[-73.585155,45.539301],[-73.585253,45.53923],[-73.585313,45.539186],[-73.585372,45.539142],[-73.585432,45.539097],[-73.58549,45.539051],[-73.585548,45.539006],[-73.585606,45.53896],[-73.585663,45.538914],[-73.585736,45.538853],[-73.58581,45.538793],[-73.585883,45.538732],[-73.585955,45.538671],[-73.586028,45.53861],[-73.5861,45.538548],[-73.586171,45.538487],[-73.586621,45.538104],[-73.587383,45.537452],[-73.588069,45.536866],[-73.588916,45.536142],[-73.589302,45.535811],[-73.589636,45.535526],[-73.590356,45.53491],[-73.590691,45.534622],[-73.591045,45.53432],[-73.591313,45.534091],[-73.591792,45.533681],[-73.592109,45.53341],[-73.592374,45.533184],[-73.592631,45.532964],[-73.592895,45.532738],[-73.593105,45.532559],[-73.593374,45.532329],[-73.593592,45.532141],[-73.593841,45.531929],[-73.594205,45.531616],[-73.59445,45.531408],[-73.594677,45.531215],[-73.594933,45.531004],[-73.595009,45.530942],[-73.595087,45.53088],[-73.595165,45.53082],[-73.595245,45.530759],[-73.595326,45.5307],[-73.595407,45.530641],[-73.59549,45.530583],[-73.595561,45.530534],[-73.595632,45.530485],[-73.595705,45.530436],[-73.595778,45.530388],[-73.595852,45.530341],[-73.595926,45.530294],[-73.596002,45.530248],[-73.596208,45.530126],[-73.59646,45.529982],[-73.596583,45.529916],[-73.596707,45.529851],[-73.596832,45.529788],[-73.596958,45.529725],[-73.597086,45.529664],[-73.597215,45.529605],[-73.597346,45.529546],[-73.59743,45.529509],[-73.597515,45.529473],[-73.597601,45.529437],[-73.597686,45.529402],[-73.597773,45.529367],[-73.597859,45.529332],[-73.597946,45.529298],[-73.598065,45.529253],[-73.598184,45.52921],[-73.598304,45.529167],[-73.598425,45.529125],[-73.598546,45.529085],[-73.598669,45.529045],[-73.598791,45.529007],[-73.598891,45.528977],[-73.598992,45.528947],[-73.599092,45.528918],[-73.599194,45.52889],[-73.599295,45.528863],[-73.599397,45.528837],[-73.5995,45.528811],[-73.599593,45.528788],[-73.599686,45.528766],[-73.599779,45.528745],[-73.599873,45.528724],[-73.599967,45.528704],[-73.600062,45.528685],[-73.600156,45.528666],[-73.600253,45.528647],[-73.600351,45.528629],[-73.600448,45.528612],[-73.600546,45.528595],[-73.600644,45.528579],[-73.600742,45.528564],[-73.60084,45.528549],[-73.601018,45.528523],[-73.601197,45.528498],[-73.601375,45.528475],[-73.601554,45.528454],[-73.601734,45.528434],[-73.601913,45.528416],[-73.602093,45.528399],[-73.602168,45.528392],[-73.602242,45.528386],[-73.602317,45.52838],[-73.602392,45.528374],[-73.602466,45.528369],[-73.602541,45.528364],[-73.602616,45.528359],[-73.602701,45.528354],[-73.602786,45.528349],[-73.602871,45.528345],[-73.602957,45.52834],[-73.603042,45.528337],[-73.603127,45.528334],[-73.603213,45.528331],[-73.603296,45.528329],[-73.603379,45.528327],[-73.603462,45.528326],[-73.603545,45.528325],[-73.603628,45.528325],[-73.603712,45.528325],[-73.603795,45.528326],[-73.603853,45.528326],[-73.603912,45.528326],[-73.60397,45.528327],[-73.604028,45.528328],[-73.604087,45.528329],[-73.604145,45.52833],[-73.604203,45.528332],[-73.604299,45.528334],[-73.604395,45.528337],[-73.60449,45.52834],[-73.604586,45.528343],[-73.604682,45.528346],[-73.604777,45.528349],[-73.604873,45.528352],[-73.604952,45.528354],[-73.605031,45.528356],[-73.605109,45.528358],[-73.605188,45.528359],[-73.605267,45.528361],[-73.605346,45.528363],[-73.605425,45.528365],[-73.605503,45.528366],[-73.605582,45.528367],[-73.605661,45.528367],[-73.60574,45.528367],[-73.605819,45.528366],[-73.605897,45.528365],[-73.605976,45.528364],[-73.606049,45.528361],[-73.606122,45.528358],[-73.606195,45.528354],[-73.606268,45.528349],[-73.606341,45.528343],[-73.606413,45.528337],[-73.606486,45.52833],[-73.606549,45.528323],[-73.606612,45.528315],[-73.606675,45.528307],[-73.606738,45.528298],[-73.606801,45.528289],[-73.606863,45.528279],[-73.606925,45.528268],[-73.606976,45.528259],[-73.607026,45.52825],[-73.607075,45.528241],[-73.607125,45.528231],[-73.607175,45.52822],[-73.607224,45.528209],[-73.607273,45.528198],[-73.60731,45.528189],[-73.607346,45.528181],[-73.607382,45.528172],[-73.607418,45.528163],[-73.607454,45.528154],[-73.60749,45.528144],[-73.607526,45.528135],[-73.607574,45.528121],[-73.607623,45.528107],[-73.607671,45.528093],[-73.607719,45.528079],[-73.607766,45.528064],[-73.607814,45.528049],[-73.607861,45.528033],[-73.60791,45.528016],[-73.607959,45.527999],[-73.608008,45.527982],[-73.608056,45.527964],[-73.608104,45.527946],[-73.608152,45.527927],[-73.6082,45.527909],[-73.608248,45.527889],[-73.608296,45.52787],[-73.608343,45.52785],[-73.60839,45.527829],[-73.608437,45.527808],[-73.608483,45.527787],[-73.608529,45.527766],[-73.608578,45.527742],[-73.608627,45.527718],[-73.608675,45.527694],[-73.608723,45.52767],[-73.608771,45.527645],[-73.608819,45.52762],[-73.608866,45.527594],[-73.608912,45.527569],[-73.608959,45.527544],[-73.609006,45.527519],[-73.609052,45.527494],[-73.609099,45.527468],[-73.609145,45.527443],[-73.609192,45.527417],[-73.610453,45.526718],[-73.61073,45.526564],[-73.611005,45.526411],[-73.612424,45.525625],[-73.61225,45.525549],[-73.611485,45.525208],[-73.611417,45.525178],[-73.611254,45.525106],[-73.611172,45.525069],[-73.611007,45.524995],[-73.610809,45.524908],[-73.610644,45.524835],[-73.610561,45.524798],[-73.610479,45.524761],[-73.610396,45.524725],[-73.610314,45.524688],[-73.610231,45.524652],[-73.610149,45.524615],[-73.610065,45.524578],[-73.609983,45.524541],[-73.609886,45.524498],[-73.609818,45.524468],[-73.609735,45.524431],[-73.609653,45.524395],[-73.60957,45.524358],[-73.609487,45.524321],[-73.609405,45.524285],[-73.609321,45.524248],[-73.609239,45.524211],[-73.609156,45.524175],[-73.609073,45.524137],[-73.608988,45.5241],[-73.608905,45.524063],[-73.608823,45.524027],[-73.608741,45.52399],[-73.608658,45.523954],[-73.608576,45.523917],[-73.608493,45.52388],[-73.608427,45.523851],[-73.608364,45.523823],[-73.608298,45.523794],[-73.608183,45.523742],[-73.607956,45.523643],[-73.607825,45.523585],[-73.607742,45.523548],[-73.60766,45.523512],[-73.607578,45.523475],[-73.607495,45.523438],[-73.607413,45.523402],[-73.607331,45.523365],[-73.607248,45.523328],[-73.607164,45.523291],[-73.607082,45.523254],[-73.607,45.523218],[-73.606917,45.523181],[-73.606835,45.523145],[-73.606752,45.523108],[-73.60667,45.523071],[-73.606535,45.523011],[-73.606337,45.522923],[-73.606136,45.522836],[-73.605971,45.522762],[-73.605889,45.522726],[-73.605807,45.522689],[-73.605724,45.522653],[-73.605642,45.522616],[-73.605559,45.522579],[-73.605477,45.522543],[-73.605394,45.522506],[-73.605312,45.522469],[-73.605229,45.522433],[-73.605147,45.522396],[-73.605068,45.522361],[-73.604982,45.522323],[-73.604843,45.522261],[-73.604761,45.522224],[-73.604678,45.522188],[-73.604595,45.522151],[-73.604513,45.522114],[-73.60443,45.522078],[-73.604348,45.522041],[-73.604266,45.522004],[-73.604183,45.521968],[-73.604101,45.521931],[-73.604018,45.521894],[-73.603936,45.521858],[-73.603853,45.521821],[-73.603771,45.521784],[-73.603688,45.521748],[-73.603606,45.521711],[-73.603523,45.521674],[-73.603026,45.521453],[-73.602827,45.521364],[-73.602745,45.521328],[-73.602663,45.521291],[-73.60258,45.521255],[-73.602498,45.521218],[-73.602415,45.521182],[-73.602333,45.521145],[-73.60225,45.521109],[-73.602168,45.521072],[-73.602085,45.521036],[-73.601986,45.520992],[-73.601837,45.520926],[-73.601672,45.520853],[-73.60159,45.520817],[-73.601507,45.52078],[-73.601424,45.520744],[-73.601339,45.520706],[-73.601284,45.520682],[-73.601229,45.520657],[-73.601174,45.520633],[-73.601091,45.520596],[-73.601008,45.52056],[-73.600926,45.520523],[-73.600843,45.520487],[-73.600751,45.520446],[-73.600677,45.520413],[-73.600595,45.520377],[-73.600512,45.52034],[-73.600429,45.520304],[-73.600347,45.520267],[-73.600266,45.520231],[-73.600183,45.520195],[-73.600101,45.520158],[-73.600018,45.520122],[-73.599936,45.520085],[-73.599853,45.520049],[-73.59977,45.520012],[-73.599688,45.519976],[-73.599605,45.519939],[-73.599523,45.519903],[-73.59944,45.519866],[-73.599358,45.51983],[-73.599275,45.519793],[-73.599193,45.519756],[-73.599111,45.51972],[-73.599028,45.519684],[-73.598946,45.519647],[-73.598863,45.519611],[-73.598779,45.519573],[-73.598696,45.519537],[-73.598614,45.5195],[-73.59853,45.519463],[-73.598425,45.51942],[-73.59832,45.519376],[-73.59822,45.519331],[-73.598137,45.519294],[-73.598053,45.519257],[-73.597971,45.519221],[-73.597888,45.519184],[-73.597806,45.519147],[-73.597723,45.519111],[-73.59764,45.519074],[-73.597475,45.519],[-73.597392,45.518964],[-73.59731,45.518927],[-73.597227,45.51889],[-73.597144,45.518853],[-73.59681,45.518705],[-73.596546,45.518587],[-73.595417,45.51808],[-73.595286,45.518021],[-73.595131,45.517952],[-73.594479,45.517667],[-73.594313,45.517594],[-73.594212,45.51755],[-73.594145,45.51752],[-73.594116,45.517507],[-73.594113,45.517506],[-73.594014,45.517462],[-73.59398,45.517448],[-73.593914,45.51742],[-73.593813,45.517377],[-73.593714,45.517333],[-73.593648,45.517304],[-73.593574,45.517271],[-73.5934,45.517194],[-73.593184,45.517095],[-73.593017,45.517021],[-73.592918,45.516977],[-73.592819,45.516933],[-73.59272,45.516889],[-73.592621,45.516845],[-73.592522,45.516801],[-73.592357,45.516728],[-73.592193,45.516654],[-73.592028,45.516581],[-73.591945,45.516544],[-73.591863,45.516508],[-73.591843,45.516499],[-73.591396,45.5163],[-73.591359,45.516284],[-73.591246,45.516231],[-73.590485,45.515881],[-73.590265,45.51578]]]]}},{"type":"Feature","properties":{"area_id":"A011","area_name":"Pointe-Saint-Charles","borough_name":"Le Sud-Ouest","boundary_type":"official_administrative_boundary","boundary_source":"Ville de Montreal administrative boundaries","source_downloaded_date":"2026-06-23"},"geometry":{"type":"MultiPolygon","coordinates":[[[[-73.581543,45.486739],[-73.580606,45.485566],[-73.580776,45.485452],[-73.583013,45.483946],[-73.584351,45.483045],[-73.585063,45.482313],[-73.585125,45.48225],[-73.585767,45.482557],[-73.585842,45.482505],[-73.585952,45.482428],[-73.585964,45.48243],[-73.585976,45.482431],[-73.585989,45.482433],[-73.586001,45.482434],[-73.586013,45.482436],[-73.586026,45.482437],[-73.586038,45.482438],[-73.58605,45.482439],[-73.586063,45.48244],[-73.586075,45.482441],[-73.586087,45.482442],[-73.5861,45.482443],[-73.586112,45.482444],[-73.586125,45.482444],[-73.586137,45.482445],[-73.586149,45.482446],[-73.586162,45.482446],[-73.586174,45.482446],[-73.586187,45.482447],[-73.586199,45.482447],[-73.586212,45.482447],[-73.586224,45.482447],[-73.586237,45.482448],[-73.586249,45.482447],[-73.586261,45.482447],[-73.586274,45.482447],[-73.586286,45.482447],[-73.586299,45.482447],[-73.586311,45.482446],[-73.586324,45.482446],[-73.586336,45.482445],[-73.586349,45.482445],[-73.586361,45.482444],[-73.586641,45.482357],[-73.586684,45.482327],[-73.586662,45.482308],[-73.586721,45.482273],[-73.58674,45.482288],[-73.588648,45.480956],[-73.589358,45.480461],[-73.590007,45.48001],[-73.590176,45.479893],[-73.590518,45.479657],[-73.590565,45.479624],[-73.590635,45.479576],[-73.590868,45.479414],[-73.591706,45.478829],[-73.592176,45.478503],[-73.592262,45.478443],[-73.592544,45.478249],[-73.592589,45.478217],[-73.592958,45.477962],[-73.593478,45.4776],[-73.593758,45.477403],[-73.593908,45.477299],[-73.594687,45.476757],[-73.595128,45.476451],[-73.595754,45.475002],[-73.595783,45.474936],[-73.595812,45.47487],[-73.595841,45.474804],[-73.595869,45.474738],[-73.595897,45.474672],[-73.595924,45.47461],[-73.595951,45.474549],[-73.595977,45.474487],[-73.596004,45.474425],[-73.596031,45.474364],[-73.596057,45.474302],[-73.596084,45.47424],[-73.59611,45.474179],[-73.596137,45.474117],[-73.596164,45.474056],[-73.596193,45.473988],[-73.596222,45.473921],[-73.596251,45.473854],[-73.59628,45.473786],[-73.596309,45.473719],[-73.59634,45.473649],[-73.59637,45.473579],[-73.5964,45.473509],[-73.596431,45.47344],[-73.596462,45.47337],[-73.596463,45.473368],[-73.596464,45.473366],[-73.596465,45.473363],[-73.596466,45.473361],[-73.596466,45.473359],[-73.596467,45.473357],[-73.596468,45.473355],[-73.596469,45.473353],[-73.59647,45.473351],[-73.596471,45.473349],[-73.596472,45.473346],[-73.596473,45.473344],[-73.596474,45.473342],[-73.596475,45.47334],[-73.596476,45.473338],[-73.596477,45.473336],[-73.596478,45.473334],[-73.596478,45.473332],[-73.596479,45.47333],[-73.59648,45.473327],[-73.596481,45.473325],[-73.596482,45.473323],[-73.596483,45.473321],[-73.596484,45.473319],[-73.596485,45.473317],[-73.597938,45.472578],[-73.597992,45.472566],[-73.598884,45.47209],[-73.599089,45.471881],[-73.599376,45.471729],[-73.600728,45.470533],[-73.601272,45.470054],[-73.601804,45.469634],[-73.60259,45.469051],[-73.603169,45.469103],[-73.604715,45.468183],[-73.605628,45.467603],[-73.605846,45.467287],[-73.606607,45.467054],[-73.607201,45.466663],[-73.608266,45.466288],[-73.611607,45.464764],[-73.611817,45.464917],[-73.612063,45.464858],[-73.612118,45.464886],[-73.615179,45.463518],[-73.618228,45.46223],[-73.619793,45.461675],[-73.619962,45.46175],[-73.624325,45.458659],[-73.626205,45.457491],[-73.628534,45.455403],[-73.628534,45.455345],[-73.63146,45.452758],[-73.634663,45.451093],[-73.635296,45.450776],[-73.635236,45.450753],[-73.635213,45.450744],[-73.634956,45.450646],[-73.634922,45.450633],[-73.634545,45.450489],[-73.633925,45.450253],[-73.63374,45.450183],[-73.633601,45.45013],[-73.63319,45.449974],[-73.632791,45.449822],[-73.632241,45.449613],[-73.631966,45.449508],[-73.631259,45.449236],[-73.629581,45.448592],[-73.629396,45.448521],[-73.629139,45.448423],[-73.628861,45.448316],[-73.628819,45.448351],[-73.628778,45.448386],[-73.628736,45.44842],[-73.628695,45.448455],[-73.628653,45.44849],[-73.62853,45.448594],[-73.62841,45.4487],[-73.628295,45.448808],[-73.628184,45.448918],[-73.628078,45.449031],[-73.628002,45.449108],[-73.627927,45.449186],[-73.627854,45.449265],[-73.627782,45.449345],[-73.627711,45.449425],[-73.627622,45.449523],[-73.627533,45.449622],[-73.627444,45.449721],[-73.627355,45.44982],[-73.627266,45.449919],[-73.627224,45.449966],[-73.62718,45.450013],[-73.627136,45.450059],[-73.627091,45.450106],[-73.627045,45.450151],[-73.626978,45.450216],[-73.626911,45.45028],[-73.626842,45.450343],[-73.626773,45.450406],[-73.626703,45.450468],[-73.626591,45.450564],[-73.626476,45.450659],[-73.626358,45.450752],[-73.626237,45.450843],[-73.626114,45.450933],[-73.625617,45.451285],[-73.625151,45.451614],[-73.624557,45.452034],[-73.623938,45.452472],[-73.62349,45.452788],[-73.622902,45.453202],[-73.622808,45.453266],[-73.622715,45.453331],[-73.622622,45.453396],[-73.622529,45.453461],[-73.622436,45.453526],[-73.622358,45.453579],[-73.62228,45.453632],[-73.622202,45.453685],[-73.622123,45.453738],[-73.622043,45.45379],[-73.621975,45.453834],[-73.621905,45.453878],[-73.621836,45.453922],[-73.621766,45.453966],[-73.621695,45.454009],[-73.621598,45.454067],[-73.6215,45.454124],[-73.621401,45.454181],[-73.621301,45.454237],[-73.621201,45.454293],[-73.62111,45.454343],[-73.621018,45.454393],[-73.620926,45.454443],[-73.620834,45.454491],[-73.620741,45.45454],[-73.620679,45.454572],[-73.620617,45.454604],[-73.620555,45.454635],[-73.620492,45.454667],[-73.620429,45.454698],[-73.620287,45.454767],[-73.620144,45.454834],[-73.62,45.454901],[-73.619855,45.454966],[-73.619709,45.45503],[-73.61926,45.455225],[-73.618502,45.455557],[-73.617369,45.456055],[-73.615513,45.456871],[-73.614987,45.457104],[-73.61367,45.45768],[-73.613428,45.457573],[-73.613335,45.457531],[-73.613226,45.457483],[-73.613197,45.457469],[-73.613048,45.457401],[-73.612921,45.457343],[-73.611955,45.456902],[-73.61147,45.456681],[-73.607968,45.455082],[-73.606792,45.454545],[-73.606011,45.452291],[-73.605908,45.451994],[-73.605805,45.451693],[-73.605803,45.451689],[-73.605715,45.451433],[-73.605588,45.451063],[-73.605007,45.449379],[-73.604943,45.449192],[-73.604933,45.449164],[-73.604889,45.449036],[-73.604878,45.449004],[-73.604869,45.448979],[-73.604769,45.448715],[-73.604772,45.448705],[-73.604774,45.448695],[-73.604777,45.448686],[-73.604779,45.448676],[-73.604782,45.448666],[-73.604785,45.448656],[-73.604788,45.448646],[-73.604791,45.448636],[-73.604794,45.448626],[-73.604797,45.448616],[-73.6048,45.448607],[-73.604804,45.448597],[-73.604807,45.448587],[-73.604811,45.448577],[-73.604814,45.448567],[-73.604818,45.448558],[-73.604822,45.448548],[-73.604826,45.448538],[-73.60483,45.448529],[-73.604834,45.448519],[-73.604838,45.448509],[-73.604843,45.448499],[-73.604847,45.448489],[-73.604852,45.448479],[-73.604856,45.44847],[-73.604861,45.44846],[-73.604866,45.44845],[-73.604871,45.44844],[-73.604876,45.44843],[-73.604881,45.448421],[-73.604886,45.448411],[-73.604892,45.448401],[-73.604897,45.448392],[-73.604902,45.448382],[-73.604908,45.448372],[-73.604914,45.448363],[-73.60492,45.448353],[-73.604925,45.448344],[-73.604931,45.448334],[-73.604937,45.448325],[-73.604943,45.448315],[-73.60495,45.448306],[-73.604956,45.448296],[-73.604962,45.448287],[-73.604969,45.448278],[-73.604975,45.448268],[-73.604982,45.448259],[-73.604989,45.44825],[-73.604996,45.448241],[-73.605003,45.448232],[-73.60501,45.448222],[-73.605017,45.448213],[-73.605024,45.448204],[-73.605031,45.448195],[-73.605038,45.448186],[-73.605046,45.448177],[-73.605053,45.448168],[-73.605061,45.448159],[-73.605069,45.44815],[-73.605076,45.448142],[-73.605084,45.448133],[-73.605092,45.448124],[-73.6051,45.448115],[-73.605108,45.448107],[-73.605116,45.448098],[-73.605125,45.448089],[-73.605133,45.448081],[-73.605141,45.448072],[-73.60515,45.448064],[-73.605159,45.448055],[-73.605167,45.448047],[-73.605176,45.448039],[-73.605185,45.44803],[-73.605194,45.448022],[-73.605203,45.448014],[-73.605212,45.448006],[-73.605221,45.447997],[-73.60523,45.447989],[-73.605239,45.447981],[-73.605249,45.447973],[-73.605258,45.447965],[-73.605376,45.447863],[-73.606029,45.447297],[-73.606113,45.447225],[-73.606373,45.447],[-73.606447,45.446935],[-73.606637,45.44677],[-73.607745,45.445811],[-73.607937,45.445644],[-73.608136,45.445472],[-73.6082,45.445417],[-73.608264,45.445361],[-73.608344,45.445292],[-73.608424,45.445223],[-73.608488,45.445167],[-73.608552,45.445112],[-73.608616,45.445057],[-73.608811,45.444888],[-73.60897,45.44475],[-73.609203,45.444548],[-73.609608,45.444197],[-73.609622,45.444185],[-73.609636,45.444172],[-73.60965,45.44416],[-73.609664,45.444147],[-73.609679,45.444135],[-73.609693,45.444122],[-73.609706,45.444109],[-73.60972,45.444096],[-73.609734,45.444083],[-73.609748,45.444071],[-73.609761,45.444058],[-73.609775,45.444045],[-73.609788,45.444032],[-73.609802,45.444019],[-73.609815,45.444006],[-73.609828,45.443992],[-73.609841,45.443979],[-73.609854,45.443966],[-73.609867,45.443953],[-73.60988,45.44394],[-73.609893,45.443926],[-73.609906,45.443913],[-73.609918,45.4439],[-73.609931,45.443886],[-73.609943,45.443873],[-73.609956,45.443859],[-73.609968,45.443846],[-73.60998,45.443832],[-73.609992,45.443819],[-73.610004,45.443805],[-73.610016,45.443791],[-73.610028,45.443777],[-73.61004,45.443764],[-73.610052,45.44375],[-73.610063,45.443736],[-73.610075,45.443722],[-73.610087,45.443708],[-73.610098,45.443694],[-73.610109,45.443681],[-73.61012,45.443667],[-73.610132,45.443652],[-73.610143,45.443638],[-73.610154,45.443624],[-73.610165,45.44361],[-73.610175,45.443596],[-73.610186,45.443582],[-73.610197,45.443568],[-73.610207,45.443553],[-73.610218,45.443539],[-73.610228,45.443525],[-73.610239,45.443511],[-73.610249,45.443496],[-73.610259,45.443482],[-73.610269,45.443468],[-73.610279,45.443453],[-73.610289,45.443439],[-73.610299,45.443424],[-73.610309,45.44341],[-73.610318,45.443395],[-73.610328,45.443381],[-73.610338,45.443366],[-73.610347,45.443351],[-73.610356,45.443337],[-73.610366,45.443322],[-73.610375,45.443307],[-73.610384,45.443293],[-73.610393,45.443278],[-73.610402,45.443263],[-73.61041,45.443248],[-73.610419,45.443234],[-73.610428,45.443219],[-73.610436,45.443204],[-73.610445,45.443189],[-73.610453,45.443174],[-73.610461,45.443159],[-73.610469,45.443144],[-73.610477,45.443129],[-73.610485,45.443114],[-73.610493,45.443099],[-73.610501,45.443084],[-73.610509,45.443069],[-73.610516,45.443054],[-73.610524,45.443039],[-73.610531,45.443023],[-73.610538,45.443008],[-73.610546,45.442993],[-73.610553,45.442978],[-73.61056,45.442962],[-73.610567,45.442947],[-73.610574,45.442932],[-73.61058,45.442917],[-73.610587,45.442901],[-73.610594,45.442886],[-73.6106,45.44287],[-73.610607,45.442855],[-73.610613,45.44284],[-73.610619,45.442824],[-73.610625,45.442809],[-73.610631,45.442793],[-73.610637,45.442778],[-73.610643,45.442762],[-73.610649,45.442747],[-73.610654,45.442731],[-73.61066,45.442716],[-73.610666,45.4427],[-73.610671,45.442685],[-73.611055,45.441544],[-73.611761,45.439448],[-73.611381,45.439387],[-73.611131,45.439347],[-73.610927,45.439314],[-73.610781,45.439291],[-73.61064,45.439268],[-73.610498,45.439246],[-73.610357,45.439223],[-73.610214,45.4392],[-73.609931,45.439155],[-73.609708,45.439119],[-73.609425,45.439074],[-73.609284,45.439052],[-73.60914,45.439029],[-73.608858,45.438984],[-73.608567,45.438937],[-73.608542,45.438933],[-73.60843,45.438915],[-73.608317,45.438897],[-73.608106,45.438863],[-73.607925,45.438834],[-73.607743,45.438805],[-73.607595,45.438782],[-73.607413,45.438753],[-73.607232,45.438724],[-73.607084,45.4387],[-73.606937,45.438677],[-73.606755,45.438647],[-73.606591,45.438621],[-73.606575,45.438619],[-73.606428,45.438595],[-73.606282,45.438572],[-73.606102,45.438543],[-73.605921,45.438514],[-73.605775,45.438491],[-73.605629,45.438467],[-73.605448,45.438439],[-73.605268,45.43841],[-73.605122,45.438386],[-73.604976,45.438363],[-73.604798,45.438335],[-73.604622,45.438306],[-73.603607,45.438144],[-73.602444,45.437958],[-73.601242,45.437766],[-73.600839,45.437702],[-73.600519,45.43765],[-73.599737,45.437525],[-73.599731,45.437524],[-73.599432,45.4375],[-73.594545,45.443222],[-73.594324,45.443656],[-73.594228,45.44375],[-73.592612,45.445317],[-73.592238,45.44568],[-73.592149,45.445667],[-73.592093,45.445741],[-73.591599,45.446394],[-73.591421,45.446628],[-73.591025,45.447152],[-73.590932,45.447274],[-73.590754,45.447509],[-73.590567,45.447757],[-73.590539,45.447794],[-73.59047,45.447804],[-73.590359,45.447821],[-73.589742,45.447914],[-73.5894,45.447965],[-73.589348,45.448038],[-73.589206,45.448232],[-73.588971,45.448506],[-73.587945,45.449557],[-73.587517,45.449963],[-73.586998,45.450427],[-73.586726,45.450672],[-73.586329,45.450976],[-73.585931,45.45125],[-73.585516,45.451524],[-73.585106,45.451799],[-73.584697,45.452073],[-73.584302,45.452348],[-73.58393,45.452622],[-73.583583,45.452896],[-73.583512,45.452956],[-73.583248,45.453211],[-73.583097,45.453357],[-73.583073,45.453381],[-73.58305,45.453404],[-73.583027,45.453428],[-73.583004,45.453452],[-73.582981,45.453476],[-73.582958,45.453499],[-73.582935,45.453523],[-73.582913,45.453547],[-73.58289,45.453571],[-73.582867,45.453595],[-73.582845,45.453619],[-73.582822,45.453643],[-73.5828,45.453667],[-73.582778,45.453691],[-73.582756,45.453716],[-73.582734,45.45374],[-73.582712,45.453764],[-73.58269,45.453788],[-73.582668,45.453813],[-73.582646,45.453837],[-73.582625,45.453861],[-73.582603,45.453886],[-73.582582,45.45391],[-73.58256,45.453935],[-73.582539,45.453959],[-73.582518,45.453984],[-73.582497,45.454009],[-73.582476,45.454033],[-73.582455,45.454058],[-73.582434,45.454083],[-73.582413,45.454108],[-73.582392,45.454132],[-73.582372,45.454157],[-73.582351,45.454182],[-73.582331,45.454207],[-73.58231,45.454232],[-73.58229,45.454257],[-73.58227,45.454282],[-73.58225,45.454307],[-73.58223,45.454332],[-73.58221,45.454357],[-73.58219,45.454382],[-73.582171,45.454408],[-73.582151,45.454433],[-73.582131,45.454458],[-73.582112,45.454483],[-73.582093,45.454509],[-73.582073,45.454534],[-73.582054,45.454559],[-73.582035,45.454585],[-73.582016,45.45461],[-73.581997,45.454636],[-73.581978,45.454661],[-73.58196,45.454687],[-73.581941,45.454713],[-73.581922,45.454738],[-73.581904,45.454764],[-73.581886,45.45479],[-73.581867,45.454815],[-73.581849,45.454841],[-73.581831,45.454867],[-73.581813,45.454893],[-73.581795,45.454919],[-73.581777,45.454944],[-73.58176,45.45497],[-73.581742,45.454996],[-73.581724,45.455022],[-73.581707,45.455048],[-73.581689,45.455074],[-73.581672,45.4551],[-73.581655,45.455126],[-73.581638,45.455153],[-73.581621,45.455179],[-73.581604,45.455205],[-73.581587,45.455231],[-73.58157,45.455257],[-73.581554,45.455284],[-73.581537,45.45531],[-73.581521,45.455336],[-73.581504,45.455363],[-73.581488,45.455389],[-73.581472,45.455415],[-73.581456,45.455442],[-73.58144,45.455468],[-73.581424,45.455495],[-73.581408,45.455521],[-73.581393,45.455548],[-73.581377,45.455575],[-73.581361,45.455601],[-73.581346,45.455628],[-73.581331,45.455654],[-73.581316,45.455681],[-73.5813,45.455708],[-73.581285,45.455735],[-73.58127,45.455761],[-73.581256,45.455788],[-73.581241,45.455815],[-73.581226,45.455842],[-73.581212,45.455869],[-73.581197,45.455896],[-73.581183,45.455923],[-73.581168,45.455949],[-73.581154,45.455976],[-73.58114,45.456003],[-73.581126,45.45603],[-73.581112,45.456058],[-73.581098,45.456085],[-73.581088,45.456105],[-73.581079,45.456126],[-73.581069,45.456146],[-73.581059,45.456167],[-73.581049,45.456188],[-73.58104,45.456209],[-73.58103,45.456229],[-73.581021,45.45625],[-73.58101,45.456274],[-73.580999,45.456298],[-73.580989,45.456322],[-73.580978,45.456346],[-73.580968,45.45637],[-73.580958,45.456394],[-73.580948,45.456418],[-73.580937,45.456442],[-73.580927,45.456466],[-73.580917,45.45649],[-73.580908,45.456514],[-73.580898,45.456538],[-73.580888,45.456562],[-73.580879,45.456586],[-73.580869,45.456611],[-73.58086,45.456635],[-73.580851,45.456659],[-73.580842,45.456683],[-73.580832,45.456708],[-73.580823,45.456732],[-73.580815,45.456756],[-73.580806,45.45678],[-73.580797,45.456805],[-73.580789,45.456829],[-73.58078,45.456853],[-73.580772,45.456878],[-73.580763,45.456902],[-73.580755,45.456927],[-73.580747,45.456951],[-73.580739,45.456975],[-73.580731,45.457],[-73.580723,45.457024],[-73.580716,45.457049],[-73.580708,45.457073],[-73.5807,45.457098],[-73.580693,45.457122],[-73.580686,45.457147],[-73.580678,45.457171],[-73.580671,45.457196],[-73.580664,45.457221],[-73.580657,45.457245],[-73.58065,45.45727],[-73.580408,45.458244],[-73.580303,45.459292],[-73.580329,45.45987],[-73.580355,45.460144],[-73.580398,45.460594],[-73.580425,45.460761],[-73.580594,45.461513],[-73.580854,45.462426],[-73.580872,45.4625],[-73.580894,45.462592],[-73.581006,45.463324],[-73.581023,45.463467],[-73.58104,45.463776],[-73.581043,45.46383],[-73.581046,45.463967],[-73.581055,45.464311],[-73.580963,45.465456],[-73.580922,45.465698],[-73.580883,45.465911],[-73.580838,45.466123],[-73.580788,45.466334],[-73.580727,45.466565],[-73.580125,45.466538],[-73.579494,45.466511],[-73.579054,45.466492],[-73.578861,45.466483],[-73.578764,45.467578],[-73.577696,45.467531],[-73.577457,45.467795],[-73.575969,45.46773],[-73.576076,45.466527],[-73.575951,45.466522],[-73.575492,45.466502],[-73.5726,45.466376],[-73.572569,45.466375],[-73.572539,45.466377],[-73.572508,45.46638],[-73.572479,45.466385],[-73.57245,45.466392],[-73.572422,45.466401],[-73.572395,45.466411],[-73.57237,45.466423],[-73.572346,45.466437],[-73.572324,45.466452],[-73.572304,45.466468],[-73.572286,45.466485],[-73.57227,45.466504],[-73.572257,45.466523],[-73.572246,45.466543],[-73.572237,45.466564],[-73.572231,45.466585],[-73.572228,45.466607],[-73.572028,45.468834],[-73.571724,45.47224],[-73.571719,45.472298],[-73.571451,45.472499],[-73.571399,45.472538],[-73.571722,45.472848],[-73.572024,45.473608],[-73.572301,45.474306],[-73.572278,45.474312],[-73.572255,45.474319],[-73.572232,45.474325],[-73.572209,45.474331],[-73.572187,45.474337],[-73.572164,45.474343],[-73.572141,45.474349],[-73.572118,45.474355],[-73.572095,45.474361],[-73.572072,45.474367],[-73.572049,45.474372],[-73.572026,45.474378],[-73.572002,45.474383],[-73.571979,45.474389],[-73.571956,45.474394],[-73.571933,45.4744],[-73.57191,45.474405],[-73.571886,45.47441],[-73.571863,45.474415],[-73.57184,45.47442],[-73.571816,45.474425],[-73.571793,45.47443],[-73.571769,45.474435],[-73.571746,45.47444],[-73.571722,45.474445],[-73.571699,45.47445],[-73.571675,45.474454],[-73.571652,45.474459],[-73.571628,45.474463],[-73.571605,45.474468],[-73.571581,45.474472],[-73.571557,45.474476],[-73.571534,45.474481],[-73.57151,45.474485],[-73.571486,45.474489],[-73.571462,45.474493],[-73.571439,45.474497],[-73.571415,45.474501],[-73.571391,45.474505],[-73.571367,45.474508],[-73.571343,45.474512],[-73.571319,45.474516],[-73.571295,45.474519],[-73.571271,45.474523],[-73.571248,45.474526],[-73.571224,45.474529],[-73.5712,45.474533],[-73.571176,45.474536],[-73.571151,45.474539],[-73.571127,45.474542],[-73.571103,45.474545],[-73.571079,45.474548],[-73.571055,45.474551],[-73.571031,45.474554],[-73.571007,45.474557],[-73.570983,45.474559],[-73.570959,45.474562],[-73.570934,45.474564],[-73.57091,45.474567],[-73.570886,45.474569],[-73.570862,45.474572],[-73.570838,45.474574],[-73.570813,45.474576],[-73.570789,45.474578],[-73.570765,45.47458],[-73.570741,45.474582],[-73.570716,45.474584],[-73.570692,45.474586],[-73.570668,45.474588],[-73.570652,45.474589],[-73.570636,45.47459],[-73.57062,45.474591],[-73.570604,45.474592],[-73.57058,45.474594],[-73.570557,45.474595],[-73.570533,45.474596],[-73.570509,45.474598],[-73.570486,45.474599],[-73.570462,45.4746],[-73.570438,45.474601],[-73.570415,45.474602],[-73.570391,45.474603],[-73.570367,45.474604],[-73.570344,45.474605],[-73.57032,45.474606],[-73.570296,45.474607],[-73.570273,45.474607],[-73.570249,45.474608],[-73.570225,45.474608],[-73.570202,45.474609],[-73.570192,45.474608],[-73.569934,45.4746],[-73.569932,45.4746],[-73.569427,45.474559],[-73.569369,45.474554],[-73.569361,45.474553],[-73.569345,45.474552],[-73.56933,45.47455],[-73.569314,45.474549],[-73.569298,45.474547],[-73.569283,45.474546],[-73.569267,45.474544],[-73.569252,45.474543],[-73.569236,45.474541],[-73.569221,45.474539],[-73.569206,45.474537],[-73.56919,45.474536],[-73.569173,45.474533],[-73.569155,45.474531],[-73.569138,45.474529],[-73.569121,45.474526],[-73.569103,45.474524],[-73.569086,45.474521],[-73.569069,45.474519],[-73.569051,45.474516],[-73.569034,45.474513],[-73.569017,45.474511],[-73.569,45.474508],[-73.568983,45.474505],[-73.568966,45.474502],[-73.568948,45.474499],[-73.568931,45.474496],[-73.568914,45.474493],[-73.568897,45.474489],[-73.56888,45.474486],[-73.568863,45.474483],[-73.568846,45.474479],[-73.568829,45.474476],[-73.568812,45.474472],[-73.568795,45.474468],[-73.568779,45.474465],[-73.568762,45.474461],[-73.568745,45.474457],[-73.568728,45.474453],[-73.568712,45.474449],[-73.568695,45.474445],[-73.568678,45.474441],[-73.568662,45.474437],[-73.568645,45.474433],[-73.568628,45.474428],[-73.568612,45.474424],[-73.568595,45.474419],[-73.568579,45.474415],[-73.568562,45.47441],[-73.568546,45.474406],[-73.56853,45.474401],[-73.568513,45.474396],[-73.568497,45.474391],[-73.568481,45.474387],[-73.568465,45.474382],[-73.568449,45.474377],[-73.568432,45.474372],[-73.568416,45.474366],[-73.5684,45.474361],[-73.568384,45.474356],[-73.568368,45.474351],[-73.568352,45.474345],[-73.568337,45.47434],[-73.568321,45.474334],[-73.568305,45.474329],[-73.568289,45.474323],[-73.568274,45.474317],[-73.568258,45.474312],[-73.568242,45.474306],[-73.568227,45.4743],[-73.568211,45.474294],[-73.567063,45.473851],[-73.56484,45.472993],[-73.564806,45.47298],[-73.564109,45.472716],[-73.563903,45.472638],[-73.563079,45.472326],[-73.563076,45.472325],[-73.562986,45.472291],[-73.563092,45.47215],[-73.563001,45.472116],[-73.562957,45.472099],[-73.562893,45.472074],[-73.561503,45.471546],[-73.560863,45.471303],[-73.560701,45.471244],[-73.560442,45.47115],[-73.558785,45.470529],[-73.55629,45.469594],[-73.55382,45.468669],[-73.553631,45.468712],[-73.553443,45.468757],[-73.553257,45.468805],[-73.553071,45.468855],[-73.552887,45.468908],[-73.552705,45.468963],[-73.552523,45.469021],[-73.552344,45.469081],[-73.552166,45.469143],[-73.55199,45.469207],[-73.551779,45.469303],[-73.550878,45.469758],[-73.550037,45.470267],[-73.549262,45.470825],[-73.546021,45.473118],[-73.542847,45.474898],[-73.54206,45.475346],[-73.540931,45.475866],[-73.539167,45.47647],[-73.538909,45.476535],[-73.538445,45.476594],[-73.538163,45.4766],[-73.537774,45.476594],[-73.537384,45.476559],[-73.536838,45.476504],[-73.536116,45.476426],[-73.535551,45.476354],[-73.535398,45.476326],[-73.534905,45.476238],[-73.534184,45.476081],[-73.529715,45.475068],[-73.521674,45.473245],[-73.521723,45.473346],[-73.521771,45.473447],[-73.52182,45.473547],[-73.521868,45.473648],[-73.521917,45.473749],[-73.521966,45.47385],[-73.522015,45.473951],[-73.522064,45.474052],[-73.522113,45.474153],[-73.522163,45.474253],[-73.522212,45.474354],[-73.522262,45.474455],[-73.522311,45.474556],[-73.522361,45.474656],[-73.522411,45.474757],[-73.522461,45.474858],[-73.522511,45.474958],[-73.522561,45.475059],[-73.522611,45.475159],[-73.522661,45.47526],[-73.522716,45.475369],[-73.522771,45.475479],[-73.522826,45.475588],[-73.522881,45.475697],[-73.522936,45.475806],[-73.522991,45.475916],[-73.523047,45.476025],[-73.523103,45.476134],[-73.523158,45.476243],[-73.523214,45.476352],[-73.52327,45.476461],[-73.523326,45.47657],[-73.523382,45.476679],[-73.523438,45.476788],[-73.523495,45.476897],[-73.523551,45.477006],[-73.523608,45.477115],[-73.523665,45.477224],[-73.523722,45.477333],[-73.523778,45.477441],[-73.523788,45.477461],[-73.523798,45.477481],[-73.523809,45.4775],[-73.523819,45.47752],[-73.52383,45.477539],[-73.523841,45.477559],[-73.523852,45.477578],[-73.523864,45.477597],[-73.523876,45.477616],[-73.523887,45.477636],[-73.5239,45.477655],[-73.523912,45.477674],[-73.523924,45.477693],[-73.523937,45.477711],[-73.52395,45.47773],[-73.523963,45.477749],[-73.523977,45.477767],[-73.52399,45.477786],[-73.524004,45.477804],[-73.524018,45.477823],[-73.524033,45.477842],[-73.524047,45.47786],[-73.524061,45.477879],[-73.524074,45.477899],[-73.524087,45.477918],[-73.5241,45.477937],[-73.524113,45.477957],[-73.524125,45.477976],[-73.524137,45.477996],[-73.524148,45.478016],[-73.524159,45.478036],[-73.52417,45.478056],[-73.52418,45.478076],[-73.52419,45.478096],[-73.524199,45.478117],[-73.524209,45.478137],[-73.524217,45.478157],[-73.524226,45.478178],[-73.524234,45.478198],[-73.524242,45.478219],[-73.529545,45.491568],[-73.539872,45.488074],[-73.539942,45.488103],[-73.539987,45.488122],[-73.540014,45.488133],[-73.540029,45.488139],[-73.540041,45.488144],[-73.540056,45.48815],[-73.540076,45.488158],[-73.540101,45.488167],[-73.540129,45.488178],[-73.540158,45.488189],[-73.540187,45.4882],[-73.540216,45.488211],[-73.540245,45.488222],[-73.540275,45.488232],[-73.540305,45.488241],[-73.540335,45.48825],[-73.540365,45.48826],[-73.540395,45.48827],[-73.540424,45.488281],[-73.540454,45.488291],[-73.540484,45.4883],[-73.540514,45.488309],[-73.540545,45.488318],[-73.540576,45.488327],[-73.540606,45.488335],[-73.540637,45.488344],[-73.540667,45.488353],[-73.540698,45.488362],[-73.540728,45.48837],[-73.540759,45.488379],[-73.54079,45.488387],[-73.540821,45.488395],[-73.540852,45.488403],[-73.540883,45.48841],[-73.540914,45.488418],[-73.540945,45.488425],[-73.540976,45.488432],[-73.541008,45.48844],[-73.541039,45.488447],[-73.541071,45.488454],[-73.541102,45.48846],[-73.541134,45.488467],[-73.541166,45.488473],[-73.541197,45.488479],[-73.541229,45.488485],[-73.541261,45.488491],[-73.541293,45.488498],[-73.541324,45.488504],[-73.541356,45.488511],[-73.541387,45.488517],[-73.541419,45.488524],[-73.541451,45.48853],[-73.541483,45.488536],[-73.541515,45.488542],[-73.541547,45.488548],[-73.541578,45.488553],[-73.54161,45.488559],[-73.541642,45.488565],[-73.541674,45.488571],[-73.541706,45.488577],[-73.541738,45.488583],[-73.54177,45.488589],[-73.541801,45.488595],[-73.541833,45.488601],[-73.541865,45.488608],[-73.541897,45.488614],[-73.541928,45.48862],[-73.54196,45.488626],[-73.541992,45.488632],[-73.542024,45.488639],[-73.542055,45.488645],[-73.542087,45.488651],[-73.542119,45.488657],[-73.542151,45.488663],[-73.542183,45.488669],[-73.542214,45.488675],[-73.542246,45.488681],[-73.542278,45.488687],[-73.54231,45.488693],[-73.542342,45.488699],[-73.542373,45.488705],[-73.542405,45.488711],[-73.542437,45.488717],[-73.542469,45.488723],[-73.542501,45.488729],[-73.542533,45.488735],[-73.542564,45.488741],[-73.542596,45.488747],[-73.542628,45.488754],[-73.54266,45.48876],[-73.542692,45.488766],[-73.542723,45.488772],[-73.542755,45.488778],[-73.542787,45.488784],[-73.542819,45.488791],[-73.54285,45.488797],[-73.542882,45.488804],[-73.542914,45.48881],[-73.542945,45.488816],[-73.542977,45.488822],[-73.543009,45.488828],[-73.543041,45.488834],[-73.543073,45.48884],[-73.543105,45.488846],[-73.543136,45.488852],[-73.543168,45.488858],[-73.5432,45.488865],[-73.543231,45.488871],[-73.543263,45.488877],[-73.543295,45.488884],[-73.543327,45.48889],[-73.543359,45.488896],[-73.54339,45.488901],[-73.543422,45.488907],[-73.543454,45.488913],[-73.543486,45.488919],[-73.543518,45.488926],[-73.543549,45.488932],[-73.543581,45.488939],[-73.543613,45.488945],[-73.543644,45.488951],[-73.543676,45.488957],[-73.543708,45.488963],[-73.54374,45.488969],[-73.543772,45.488975],[-73.543804,45.488981],[-73.543836,45.488987],[-73.543867,45.488993],[-73.543899,45.488999],[-73.543931,45.489005],[-73.543963,45.489011],[-73.543995,45.489017],[-73.544026,45.489023],[-73.544058,45.489029],[-73.54409,45.489035],[-73.544122,45.489041],[-73.544154,45.489047],[-73.544186,45.489053],[-73.544218,45.489059],[-73.544249,45.489064],[-73.544281,45.48907],[-73.544313,45.489076],[-73.544345,45.489082],[-73.544377,45.489088],[-73.544409,45.489094],[-73.54444,45.4891],[-73.544472,45.489107],[-73.544504,45.489113],[-73.544536,45.489119],[-73.544567,45.489126],[-73.544599,45.489132],[-73.544631,45.489139],[-73.544662,45.489145],[-73.544694,45.489151],[-73.544726,45.489157],[-73.544758,45.489163],[-73.544789,45.489169],[-73.544821,45.489175],[-73.544853,45.489181],[-73.544885,45.489186],[-73.544917,45.489192],[-73.544949,45.489198],[-73.544981,45.489204],[-73.545013,45.48921],[-73.545045,45.489216],[-73.545076,45.489222],[-73.545108,45.489228],[-73.54514,45.489235],[-73.545172,45.489241],[-73.545203,45.489247],[-73.545235,45.489253],[-73.545267,45.489259],[-73.545299,45.489265],[-73.545331,45.489271],[-73.545362,45.489277],[-73.545394,45.489283],[-73.545426,45.48929],[-73.545458,45.489296],[-73.545489,45.489302],[-73.545521,45.489308],[-73.545553,45.489315],[-73.545585,45.489321],[-73.545616,45.489327],[-73.545648,45.489333],[-73.54568,45.489339],[-73.545712,45.489345],[-73.545744,45.489351],[-73.545776,45.489357],[-73.545807,45.489363],[-73.545839,45.489369],[-73.545871,45.489375],[-73.545903,45.489381],[-73.545935,45.489387],[-73.545967,45.489393],[-73.545998,45.489399],[-73.54603,45.489405],[-73.546062,45.489412],[-73.546094,45.489418],[-73.546125,45.489424],[-73.546157,45.489431],[-73.546189,45.489437],[-73.54622,45.489443],[-73.546252,45.489449],[-73.546284,45.489456],[-73.546316,45.489461],[-73.546348,45.489467],[-73.54638,45.489473],[-73.546411,45.489479],[-73.546443,45.489484],[-73.546475,45.48949],[-73.546507,45.489496],[-73.546539,45.489502],[-73.546571,45.489508],[-73.546603,45.489514],[-73.546635,45.48952],[-73.546666,45.489526],[-73.546698,45.489532],[-73.54673,45.489538],[-73.546762,45.489544],[-73.546794,45.48955],[-73.546825,45.489556],[-73.546857,45.489562],[-73.546889,45.489568],[-73.546921,45.489574],[-73.546953,45.48958],[-73.546985,45.489586],[-73.547017,45.489592],[-73.547049,45.489597],[-73.547081,45.489603],[-73.547113,45.489609],[-73.547145,45.489614],[-73.547177,45.48962],[-73.547209,45.489625],[-73.54724,45.489631],[-73.547272,45.489637],[-73.547304,45.489643],[-73.547336,45.489649],[-73.547368,45.489655],[-73.5474,45.489661],[-73.547431,45.489667],[-73.547463,45.489673],[-73.547495,45.48968],[-73.547527,45.489686],[-73.547558,45.489692],[-73.54759,45.489699],[-73.547622,45.489705],[-73.547653,45.489711],[-73.547685,45.489717],[-73.547717,45.489724],[-73.547749,45.48973],[-73.547781,45.489736],[-73.547812,45.489742],[-73.547844,45.489748],[-73.547876,45.489754],[-73.547908,45.48976],[-73.54794,45.489765],[-73.547972,45.489771],[-73.548004,45.489777],[-73.548036,45.489783],[-73.548068,45.489788],[-73.548099,45.489794],[-73.548131,45.4898],[-73.548163,45.489806],[-73.548195,45.489812],[-73.548227,45.489818],[-73.548259,45.489824],[-73.54829,45.48983],[-73.548322,45.489836],[-73.548354,45.489842],[-73.548386,45.489849],[-73.548418,45.489855],[-73.548449,45.489861],[-73.548481,45.489867],[-73.548513,45.489873],[-73.548545,45.489879],[-73.548577,45.489884],[-73.548609,45.48989],[-73.548641,45.489896],[-73.548672,45.489902],[-73.548704,45.489908],[-73.548736,45.489914],[-73.548768,45.48992],[-73.5488,45.489926],[-73.548832,45.489932],[-73.548863,45.489939],[-73.548895,45.489945],[-73.548927,45.489951],[-73.548958,45.489958],[-73.54899,45.489964],[-73.549022,45.489971],[-73.549053,45.489977],[-73.549085,45.489984],[-73.549116,45.489991],[-73.549148,45.489997],[-73.54918,45.490004],[-73.549211,45.49001],[-73.549243,45.490016],[-73.549275,45.490022],[-73.549307,45.490028],[-73.549338,45.490034],[-73.54937,45.49004],[-73.549402,45.490046],[-73.549434,45.490052],[-73.549465,45.490059],[-73.549497,45.490066],[-73.549528,45.490073],[-73.54956,45.49008],[-73.549591,45.490087],[-73.549623,45.490094],[-73.549654,45.490101],[-73.549685,45.490108],[-73.549717,45.490116],[-73.549748,45.490123],[-73.549779,45.49013],[-73.54981,45.490138],[-73.549841,45.490145],[-73.549873,45.490153],[-73.549904,45.490161],[-73.549935,45.490169],[-73.549966,45.490177],[-73.549996,45.490185],[-73.550027,45.490193],[-73.550058,45.490202],[-73.550088,45.49021],[-73.550119,45.490219],[-73.550149,45.490228],[-73.55018,45.490237],[-73.55021,45.490246],[-73.55024,45.490256],[-73.55027,45.490265],[-73.5503,45.490275],[-73.55033,45.490284],[-73.55036,45.490294],[-73.55039,45.490304],[-73.55042,45.490314],[-73.550449,45.490324],[-73.550479,45.490334],[-73.550508,45.490344],[-73.550538,45.490354],[-73.550568,45.490365],[-73.550597,45.490375],[-73.550626,45.490386],[-73.550655,45.490397],[-73.550684,45.490408],[-73.550713,45.490419],[-73.550742,45.490431],[-73.55077,45.490442],[-73.550799,45.490453],[-73.550828,45.490465],[-73.550857,45.490476],[-73.550886,45.490487],[-73.550915,45.490498],[-73.550943,45.49051],[-73.550972,45.490521],[-73.551,45.490533],[-73.551028,45.490545],[-73.551056,45.490557],[-73.551084,45.49057],[-73.551112,45.490582],[-73.551139,45.490595],[-73.551167,45.490608],[-73.551195,45.49062],[-73.551222,45.490633],[-73.55125,45.490646],[-73.551277,45.490659],[-73.551304,45.490672],[-73.551331,45.490685],[-73.551358,45.490699],[-73.551385,45.490712],[-73.551411,45.490726],[-73.551437,45.49074],[-73.551464,45.490754],[-73.55149,45.490768],[-73.551515,45.490783],[-73.551541,45.490797],[-73.551567,45.490811],[-73.551593,45.490826],[-73.551619,45.49084],[-73.551644,45.490855],[-73.55167,45.490869],[-73.551696,45.490884],[-73.551721,45.490899],[-73.551747,45.490913],[-73.551772,45.490928],[-73.551798,45.490943],[-73.551823,45.490957],[-73.551849,45.490972],[-73.551874,45.490987],[-73.551899,45.491002],[-73.551924,45.491017],[-73.551948,45.491033],[-73.551973,45.491048],[-73.551998,45.491063],[-73.552022,45.491079],[-73.552047,45.491094],[-73.552071,45.49111],[-73.552096,45.491126],[-73.55212,45.491142],[-73.552143,45.491158],[-73.552167,45.491174],[-73.55219,45.49119],[-73.552214,45.491207],[-73.552236,45.491223],[-73.552259,45.49124],[-73.552282,45.491257],[-73.552304,45.491274],[-73.552327,45.491291],[-73.552349,45.491308],[-73.552371,45.491325],[-73.552393,45.491342],[-73.552415,45.491359],[-73.552437,45.491377],[-73.552459,45.491394],[-73.552481,45.491412],[-73.552502,45.491429],[-73.552524,45.491447],[-73.552545,45.491464],[-73.552566,45.491482],[-73.552587,45.4915],[-73.552645,45.49155],[-73.552702,45.4916],[-73.552757,45.491651],[-73.552812,45.491702],[-73.552865,45.491754],[-73.552918,45.491807],[-73.55297,45.49186],[-73.55302,45.491913],[-73.553069,45.491968],[-73.553118,45.492022],[-73.553165,45.492077],[-73.553211,45.492133],[-73.553256,45.492188],[-73.5533,45.492245],[-73.553342,45.492301],[-73.55336,45.492328],[-73.553378,45.492355],[-73.553396,45.492382],[-73.553405,45.492396],[-73.553414,45.492409],[-73.553432,45.492436],[-73.553441,45.49245],[-73.55345,45.492463],[-73.553454,45.49247],[-73.553459,45.492477],[-73.553468,45.49249],[-73.553477,45.492504],[-73.553481,45.492511],[-73.553486,45.492517],[-73.55349,45.492524],[-73.553492,45.492528],[-73.553494,45.492531],[-73.553497,45.492534],[-73.553499,45.492538],[-73.553501,45.492541],[-73.553503,45.492544],[-73.553505,45.492548],[-73.553508,45.492551],[-73.55351,45.492555],[-73.553512,45.492558],[-73.553514,45.492561],[-73.553516,45.492565],[-73.553517,45.492567],[-73.553519,45.492568],[-73.55352,45.49257],[-73.553521,45.492572],[-73.553522,45.492573],[-73.553523,45.492575],[-73.553524,45.492577],[-73.553525,45.492578],[-73.553526,45.49258],[-73.553527,45.492582],[-73.553528,45.492584],[-73.553529,45.492585],[-73.55353,45.492587],[-73.553531,45.492589],[-73.553533,45.492592],[-73.553535,45.492596],[-73.553537,45.492599],[-73.55354,45.492602],[-73.553542,45.492606],[-73.553544,45.492609],[-73.553546,45.492613],[-73.553548,45.492616],[-73.55355,45.49262],[-73.553552,45.492623],[-73.553554,45.492626],[-73.553558,45.492633],[-73.553562,45.49264],[-73.553566,45.492647],[-73.553568,45.49265],[-73.55357,45.492654],[-73.553572,45.492657],[-73.553574,45.492661],[-73.553576,45.492664],[-73.553578,45.492668],[-73.55358,45.492671],[-73.553583,45.492675],[-73.553585,45.492678],[-73.553587,45.492681],[-73.553589,45.492685],[-73.553591,45.492688],[-73.553593,45.492692],[-73.553595,45.492695],[-73.553599,45.492702],[-73.553603,45.492709],[-73.553608,45.492716],[-73.55361,45.492719],[-73.553612,45.492722],[-73.553614,45.492726],[-73.553616,45.492729],[-73.553618,45.492733],[-73.55362,45.492736],[-73.553622,45.49274],[-73.553624,45.492743],[-73.553625,45.492745],[-73.553626,45.492746],[-73.553627,45.492748],[-73.553628,45.49275],[-73.553629,45.492752],[-73.55363,45.492753],[-73.553631,45.492755],[-73.553632,45.492757],[-73.553633,45.492758],[-73.553634,45.49276],[-73.553635,45.492762],[-73.553636,45.492764],[-73.553637,45.492765],[-73.553638,45.492767],[-73.553639,45.492769],[-73.55364,45.492771],[-73.553641,45.492772],[-73.553642,45.492774],[-73.553643,45.492776],[-73.553644,45.492777],[-73.553645,45.492779],[-73.553646,45.492781],[-73.553647,45.492783],[-73.553648,45.492784],[-73.553649,45.492786],[-73.55365,45.492788],[-73.553651,45.49279],[-73.553652,45.492791],[-73.553653,45.492793],[-73.553654,45.492795],[-73.553655,45.492797],[-73.553656,45.492798],[-73.553656,45.4928],[-73.553657,45.492802],[-73.553658,45.492804],[-73.553659,45.492805],[-73.55366,45.492807],[-73.553661,45.492809],[-73.553662,45.492811],[-73.553663,45.492812],[-73.553664,45.492814],[-73.553665,45.492816],[-73.553666,45.492818],[-73.553666,45.492819],[-73.553668,45.492823],[-73.55367,45.492826],[-73.553672,45.49283],[-73.553674,45.492833],[-73.553675,45.492837],[-73.553677,45.49284],[-73.553679,45.492844],[-73.553681,45.492847],[-73.553682,45.492851],[-73.553684,45.492854],[-73.553688,45.492862],[-73.553691,45.492869],[-73.553694,45.492876],[-73.553698,45.492883],[-73.553701,45.49289],[-73.553708,45.492904],[-73.553722,45.492932],[-73.553726,45.492939],[-73.553729,45.492946],[-73.553732,45.492953],[-73.553736,45.49296],[-73.553738,45.492964],[-73.553739,45.492967],[-73.553741,45.492971],[-73.553743,45.492974],[-73.553744,45.492978],[-73.553746,45.492981],[-73.553748,45.492985],[-73.55375,45.492988],[-73.553751,45.492992],[-73.553753,45.492995],[-73.553755,45.492999],[-73.553756,45.493002],[-73.553758,45.493006],[-73.55376,45.49301],[-73.553761,45.493013],[-73.553763,45.493017],[-73.553765,45.49302],[-73.553766,45.493024],[-73.553768,45.493027],[-73.55377,45.493031],[-73.553771,45.493034],[-73.553773,45.493038],[-73.553774,45.493041],[-73.553776,45.493045],[-73.553778,45.493048],[-73.553779,45.493052],[-73.553781,45.493056],[-73.553783,45.493059],[-73.553784,45.493063],[-73.553786,45.493066],[-73.553787,45.49307],[-73.553789,45.493073],[-73.553791,45.493077],[-73.553792,45.49308],[-73.553794,45.493084],[-73.553795,45.493088],[-73.553797,45.493091],[-73.553798,45.493095],[-73.5538,45.493098],[-73.553801,45.493102],[-73.553803,45.493105],[-73.553804,45.493109],[-73.553806,45.493113],[-73.553807,45.493116],[-73.553809,45.49312],[-73.55381,45.493123],[-73.553812,45.493127],[-73.553813,45.49313],[-73.553815,45.493134],[-73.553816,45.493138],[-73.553818,45.493141],[-73.553819,45.493145],[-73.553822,45.493152],[-73.553825,45.493159],[-73.553831,45.493173],[-73.553834,45.49318],[-73.553837,45.493188],[-73.554337,45.494298],[-73.554515,45.494713],[-73.554532,45.494752],[-73.554551,45.494791],[-73.55457,45.49483],[-73.55459,45.494869],[-73.554611,45.494907],[-73.554634,45.494945],[-73.554657,45.494983],[-73.554681,45.495021],[-73.554706,45.495058],[-73.554732,45.495095],[-73.554758,45.495132],[-73.554786,45.495168],[-73.554815,45.495205],[-73.554844,45.49524],[-73.554874,45.495275],[-73.554906,45.49531],[-73.554938,45.495345],[-73.55497,45.495379],[-73.555004,45.495413],[-73.555038,45.495446],[-73.55506,45.495466],[-73.555083,45.495487],[-73.555105,45.495507],[-73.555128,45.495527],[-73.555152,45.495547],[-73.555175,45.495567],[-73.555199,45.495586],[-73.555223,45.495606],[-73.555248,45.495625],[-73.555272,45.495644],[-73.555297,45.495663],[-73.555323,45.495682],[-73.555348,45.4957],[-73.555374,45.495718],[-73.555401,45.495736],[-73.555427,45.495754],[-73.555454,45.495772],[-73.555481,45.495789],[-73.555508,45.495806],[-73.555535,45.495823],[-73.555548,45.495831],[-73.555561,45.495839],[-73.555574,45.495847],[-73.555587,45.495855],[-73.555601,45.495862],[-73.555614,45.49587],[-73.555627,45.495877],[-73.55564,45.495885],[-73.555654,45.495892],[-73.555667,45.4959],[-73.555688,45.49591],[-73.555708,45.49592],[-73.555729,45.49593],[-73.55575,45.49594],[-73.555771,45.49595],[-73.555792,45.49596],[-73.555813,45.49597],[-73.555834,45.49598],[-73.555855,45.495989],[-73.555876,45.495999],[-73.555901,45.49601],[-73.555926,45.496021],[-73.555951,45.496032],[-73.555976,45.496043],[-73.556001,45.496053],[-73.556027,45.496064],[-73.556052,45.496074],[-73.556077,45.496085],[-73.556103,45.496095],[-73.556129,45.496105],[-73.55733,45.496561],[-73.557569,45.49665],[-73.558793,45.497127],[-73.559056,45.497233],[-73.559793,45.497546],[-73.561285,45.498252],[-73.561384,45.498299],[-73.561969,45.497233],[-73.562766,45.495851],[-73.562955,45.495539],[-73.563218,45.495084],[-73.563719,45.49435],[-73.56433,45.493481],[-73.564699,45.493034],[-73.565415,45.492167],[-73.56619,45.491263],[-73.567202,45.490099],[-73.569285,45.491095],[-73.569846,45.491362],[-73.573056,45.4929],[-73.575813,45.490908],[-73.576963,45.490023],[-73.577887,45.489284],[-73.578451,45.488842],[-73.578842,45.488541],[-73.579605,45.48801],[-73.580333,45.487531],[-73.58056,45.487376],[-73.580787,45.48723],[-73.581543,45.486739]]]]}},{"type":"Feature","properties":{"area_id":"A012","area_name":"Riviere-des-Prairies","borough_name":"Riviere-des-Prairies-Pointe-aux-Trembles","boundary_type":"official_administrative_boundary","boundary_source":"Ville de Montreal administrative boundaries","source_downloaded_date":"2026-06-23"},"geometry":{"type":"MultiPolygon","coordinates":[[[[-73.568341,45.634205],[-73.564159,45.636946],[-73.56134,45.638793],[-73.557756,45.64114],[-73.555556,45.642582],[-73.555501,45.642617],[-73.554518,45.64324],[-73.553504,45.643838],[-73.552462,45.644411],[-73.552463,45.644412],[-73.552331,45.64448],[-73.552057,45.644622],[-73.551782,45.644763],[-73.551504,45.644903],[-73.551225,45.64504],[-73.549432,45.645916],[-73.549338,45.645962],[-73.549244,45.64601],[-73.549151,45.646057],[-73.549059,45.646106],[-73.548967,45.646154],[-73.548871,45.646206],[-73.548777,45.646258],[-73.548683,45.646311],[-73.548589,45.646364],[-73.548497,45.646418],[-73.548399,45.646475],[-73.548302,45.646532],[-73.548206,45.64659],[-73.548111,45.646649],[-73.548016,45.646708],[-73.547933,45.646761],[-73.54785,45.646813],[-73.547766,45.646866],[-73.547683,45.646918],[-73.547599,45.64697],[-73.547526,45.647015],[-73.547452,45.64706],[-73.547378,45.647104],[-73.547303,45.647148],[-73.547228,45.647191],[-73.547129,45.647247],[-73.547028,45.647303],[-73.546927,45.647358],[-73.546825,45.647413],[-73.546723,45.647466],[-73.546636,45.647511],[-73.546548,45.647556],[-73.546461,45.6476],[-73.546373,45.647644],[-73.546284,45.647687],[-73.546191,45.647732],[-73.546099,45.647777],[-73.546006,45.647822],[-73.545914,45.647868],[-73.545821,45.647913],[-73.54571,45.647967],[-73.545599,45.648022],[-73.545489,45.648076],[-73.545379,45.648132],[-73.54527,45.648187],[-73.545185,45.648228],[-73.545101,45.648269],[-73.545017,45.64831],[-73.544932,45.64835],[-73.544848,45.648391],[-73.544774,45.648357],[-73.544596,45.648277],[-73.544419,45.648197],[-73.544409,45.648201],[-73.543126,45.647629],[-73.53867,45.64555],[-73.533307,45.64313],[-73.533075,45.643025],[-73.53299,45.642986],[-73.527684,45.640587],[-73.522837,45.638396],[-73.521386,45.63772],[-73.521414,45.637693],[-73.520349,45.63752],[-73.520208,45.637497],[-73.519405,45.637367],[-73.518147,45.637163],[-73.518003,45.637139],[-73.517879,45.637119],[-73.516447,45.636885],[-73.516067,45.63682],[-73.511447,45.636064],[-73.511218,45.636027],[-73.508403,45.635566],[-73.508174,45.635529],[-73.507793,45.635467],[-73.506403,45.635238],[-73.505755,45.635133],[-73.505526,45.635096],[-73.505145,45.635034],[-73.503504,45.634765],[-73.503122,45.634703],[-73.502894,45.634665],[-73.502513,45.634602],[-73.50049,45.634271],[-73.500109,45.634208],[-73.499881,45.634171],[-73.4995,45.634109],[-73.497803,45.63383],[-73.497424,45.633768],[-73.49726,45.633741],[-73.497099,45.633715],[-73.496939,45.633688],[-73.496777,45.633662],[-73.496323,45.633588],[-73.496261,45.633578],[-73.496178,45.633564],[-73.496095,45.63355],[-73.495972,45.63353],[-73.49585,45.63351],[-73.495767,45.633497],[-73.495684,45.633483],[-73.49556,45.633463],[-73.495529,45.633458],[-73.495404,45.633437],[-73.495214,45.633406],[-73.495003,45.633371],[-73.494641,45.633312],[-73.494446,45.63328],[-73.494091,45.633222],[-73.493808,45.633176],[-73.492716,45.632996],[-73.484037,45.631692],[-73.483975,45.631777],[-73.483913,45.631862],[-73.483849,45.631947],[-73.483784,45.632032],[-73.483719,45.632116],[-73.483652,45.6322],[-73.483585,45.632283],[-73.483517,45.632367],[-73.483447,45.63245],[-73.483377,45.632532],[-73.483306,45.632614],[-73.483235,45.632696],[-73.483162,45.632778],[-73.483088,45.632859],[-73.483014,45.63294],[-73.482939,45.63302],[-73.482863,45.6331],[-73.482786,45.633179],[-73.482708,45.633258],[-73.482629,45.633337],[-73.48255,45.633415],[-73.482469,45.633493],[-73.482388,45.633571],[-73.482306,45.633648],[-73.482224,45.633724],[-73.48214,45.6338],[-73.482056,45.633876],[-73.481971,45.633951],[-73.481885,45.634026],[-73.481799,45.6341],[-73.481677,45.634204],[-73.481557,45.634309],[-73.481439,45.634415],[-73.481322,45.634522],[-73.481206,45.63463],[-73.481092,45.634739],[-73.480979,45.634849],[-73.480868,45.634959],[-73.480758,45.635071],[-73.480649,45.635183],[-73.480543,45.635297],[-73.480437,45.635411],[-73.480334,45.635526],[-73.480232,45.635641],[-73.480131,45.635758],[-73.480032,45.635875],[-73.479935,45.635993],[-73.479839,45.636112],[-73.479746,45.636231],[-73.479653,45.636351],[-73.479563,45.636472],[-73.479474,45.636594],[-73.479387,45.636716],[-73.479302,45.636838],[-73.479219,45.636962],[-73.479137,45.637086],[-73.479057,45.63721],[-73.478979,45.637335],[-73.478903,45.637461],[-73.478828,45.637587],[-73.478756,45.637713],[-73.478685,45.63784],[-73.478616,45.637968],[-73.478549,45.638096],[-73.478484,45.638224],[-73.478421,45.638353],[-73.478359,45.638482],[-73.4783,45.638611],[-73.478242,45.638741],[-73.478186,45.638871],[-73.478133,45.639002],[-73.478081,45.639132],[-73.478031,45.639263],[-73.477983,45.639394],[-73.477937,45.639525],[-73.477893,45.639657],[-73.47785,45.639789],[-73.47781,45.63992],[-73.477771,45.640052],[-73.477735,45.640184],[-73.477707,45.640289],[-73.47768,45.640394],[-73.477654,45.640499],[-73.477629,45.640604],[-73.477605,45.64071],[-73.477582,45.640815],[-73.47756,45.640921],[-73.477539,45.641027],[-73.477518,45.641133],[-73.477499,45.641239],[-73.47748,45.641345],[-73.477462,45.641452],[-73.477446,45.641558],[-73.47743,45.641664],[-73.477415,45.641771],[-73.477401,45.641878],[-73.477388,45.641984],[-73.477376,45.642091],[-73.477365,45.642198],[-73.477354,45.642305],[-73.477345,45.642412],[-73.477337,45.642519],[-73.477329,45.642626],[-73.477323,45.642733],[-73.477317,45.64284],[-73.477313,45.642948],[-73.477309,45.643055],[-73.477306,45.643162],[-73.477305,45.643269],[-73.477304,45.643376],[-73.477304,45.643483],[-73.477305,45.643591],[-73.477307,45.643698],[-73.47731,45.643805],[-73.477314,45.643912],[-73.477319,45.644019],[-73.477324,45.644126],[-73.477331,45.644233],[-73.477339,45.64434],[-73.477347,45.644447],[-73.477357,45.644553],[-73.477367,45.64466],[-73.477379,45.644767],[-73.477391,45.644873],[-73.477404,45.64498],[-73.477418,45.645086],[-73.477433,45.645192],[-73.477449,45.645298],[-73.477466,45.645404],[-73.477484,45.64551],[-73.477591,45.646052],[-73.477729,45.646591],[-73.477897,45.647126],[-73.478006,45.647492],[-73.478139,45.647855],[-73.478294,45.648213],[-73.478442,45.648527],[-73.478599,45.648839],[-73.478764,45.649149],[-73.479273,45.649846],[-73.479779,45.650544],[-73.480283,45.651243],[-73.480895,45.652037],[-73.481513,45.652829],[-73.482138,45.653618],[-73.482541,45.654233],[-73.482908,45.65486],[-73.483238,45.655496],[-73.483824,45.656831],[-73.484347,45.658178],[-73.484804,45.659537],[-73.48578,45.662536],[-73.48643,45.665642],[-73.486593,45.668051],[-73.486592,45.672442],[-73.486427,45.678011],[-73.486182,45.682616],[-73.485611,45.685079],[-73.484389,45.687114],[-73.482434,45.689095],[-73.480234,45.691932],[-73.479317,45.693445],[-73.478664,45.694944],[-73.478501,45.696202],[-73.478338,45.697005],[-73.47793,45.698049],[-73.477441,45.69896],[-73.476585,45.699602],[-73.475608,45.700057],[-73.474475,45.700395],[-73.474676,45.700849],[-73.474779,45.701623],[-73.474637,45.702586],[-73.474225,45.703764],[-73.473865,45.704925],[-73.473968,45.70587],[-73.474558,45.706806],[-73.475354,45.70758],[-73.476356,45.706905],[-73.478373,45.705817],[-73.480942,45.704665],[-73.483549,45.703721],[-73.484731,45.703344],[-73.486425,45.702841],[-73.488921,45.70234],[-73.4892,45.7023],[-73.490073,45.702345],[-73.490779,45.70266],[-73.491177,45.703074],[-73.491434,45.703479],[-73.491845,45.70392],[-73.492282,45.704397],[-73.492936,45.704973],[-73.49345,45.705171],[-73.494413,45.705243],[-73.496828,45.704955],[-73.497341,45.704865],[-73.499602,45.704505],[-73.500393,45.704379],[-73.503457,45.70366],[-73.507675,45.70255],[-73.512873,45.701273],[-73.514154,45.700962],[-73.516662,45.700645],[-73.519101,45.699957],[-73.521485,45.698872],[-73.523098,45.697883],[-73.525152,45.696195],[-73.526655,45.694266],[-73.527645,45.692554],[-73.52834,45.690769],[-73.528963,45.688961],[-73.529549,45.687466],[-73.530172,45.686357],[-73.531015,45.685295],[-73.532518,45.684017],[-73.534204,45.682667],[-73.536036,45.681002],[-73.537337,45.679833],[-73.538657,45.678796],[-73.540416,45.67771],[-73.542431,45.676793],[-73.544374,45.676069],[-73.546299,45.675453],[-73.548682,45.674825],[-73.550368,45.674439],[-73.552091,45.673739],[-73.554179,45.672701],[-73.555718,45.671543],[-73.556964,45.670699],[-73.558759,45.669468],[-73.561507,45.667634],[-73.563448,45.666283],[-73.565903,45.665052],[-73.568944,45.663941],[-73.572022,45.662661],[-73.574293,45.661237],[-73.57792,45.659499],[-73.580942,45.658111],[-73.584788,45.656734],[-73.587681,45.655164],[-73.590721,45.653402],[-73.593687,45.651832],[-73.596946,45.650118],[-73.599289,45.648934],[-73.600974,45.648161],[-73.602439,45.647822],[-73.604417,45.647338],[-73.606651,45.646517],[-73.608774,45.645405],[-73.611117,45.644053],[-73.613605,45.642266],[-73.616313,45.640214],[-73.618746,45.63844],[-73.621196,45.636388],[-73.623739,45.63442],[-73.624635,45.633683],[-73.620679,45.629862],[-73.620459,45.629649],[-73.619785,45.628998],[-73.619668,45.628889],[-73.619258,45.628506],[-73.61906,45.628321],[-73.618532,45.627828],[-73.618403,45.627707],[-73.617863,45.627197],[-73.616941,45.626326],[-73.616528,45.625937],[-73.611515,45.621183],[-73.610134,45.619927],[-73.610015,45.619819],[-73.609781,45.619599],[-73.605861,45.615912],[-73.604789,45.614906],[-73.603351,45.613557],[-73.60311,45.613331],[-73.603083,45.613305],[-73.602797,45.613037],[-73.602789,45.61303],[-73.602447,45.612709],[-73.602324,45.612598],[-73.601419,45.612903],[-73.601265,45.612955],[-73.601112,45.613008],[-73.600959,45.613062],[-73.600807,45.613117],[-73.600655,45.613173],[-73.600504,45.613229],[-73.600354,45.613286],[-73.600204,45.613344],[-73.600055,45.613403],[-73.599907,45.613463],[-73.599759,45.613523],[-73.599612,45.613584],[-73.599466,45.613646],[-73.59932,45.613709],[-73.599175,45.613772],[-73.599031,45.613837],[-73.598887,45.613902],[-73.598744,45.613968],[-73.598602,45.614034],[-73.59846,45.614102],[-73.59832,45.61417],[-73.598169,45.614244],[-73.598018,45.614319],[-73.597869,45.614396],[-73.59772,45.614473],[-73.597572,45.614551],[-73.597426,45.61463],[-73.59728,45.614709],[-73.597135,45.61479],[-73.596991,45.614871],[-73.596847,45.614953],[-73.596705,45.615036],[-73.596564,45.61512],[-73.596424,45.615205],[-73.596285,45.61529],[-73.596147,45.615376],[-73.59601,45.615464],[-73.595874,45.615551],[-73.595739,45.61564],[-73.595605,45.615729],[-73.595472,45.615819],[-73.594725,45.61633],[-73.590056,45.619523],[-73.587081,45.621557],[-73.582993,45.624351],[-73.580942,45.625753],[-73.57924,45.626916],[-73.577624,45.628022],[-73.576988,45.628456],[-73.574006,45.630493],[-73.568341,45.634205]]]]}}]}
