{"type": "FeatureCollection", "features": [{"type": "Feature", "properties": {"NOM": "Villeray-Saint-Michel-Parc-Extension"}, "geometry": {"type": "MultiPolygon", "coordinates": [[[[-73.62077566937562, 45.5236517715055], [-73.62068574664602, 45.52375330908235], [-73.62020178021815, 45.5242997908259], [-73.62012242889107, 45.52437884332735], [-73.61995454937504, 45.524558570147434], [-73.61992580533246, 45.524585819577254], [-73.6197870991223, 45.524770964042524], [-73.61968672074346, 45.52489016662953], [-73.61953302115663, 45.52506505751535], [-73.61938805373977, 45.52521762424517], [-73.61939017052407, 45.52521824610225], [-73.61896854938759, 45.525699432269796], [-73.61844634958797, 45.52628881174333], [-73.61827167667599, 45.52650154023141], [-73.61807420946968, 45.52675996939725], [-73.617533265229, 45.52751311008876], [-73.61749206002044, 45.527499219908286], [-73.61730471705931, 45.527742188874605], [-73.61727923761657, 45.52777501434898], [-73.61722908895278, 45.527752837863844], [-73.61707271278206, 45.52768368013728], [-73.61706719753498, 45.527697382191285], [-73.61706177799947, 45.52771110354671], [-73.61705645437891, 45.52772484370775], [-73.61705122686978, 45.52773860217723], [-73.61704609566154, 45.52775237845644], [-73.61704106093671, 45.52776617204572], [-73.6170361228708, 45.52777998244389], [-73.61702499189923, 45.52781294929987], [-73.61701437757014, 45.52784600551904], [-73.61700428201308, 45.52787914509306], [-73.61699470716866, 45.527912361980924], [-73.61698565478753, 45.52794565011264], [-73.61697712642915, 45.52797900339284], [-73.61696912346098, 45.528012415704936], [-73.61696259455668, 45.528041733037796], [-73.61695652177443, 45.528071103254845], [-73.61695090637127, 45.52810052109254], [-73.61694574944022, 45.52812998126814], [-73.61694105190945, 45.52815947848332], [-73.61693681454189, 45.528189007426654], [-73.61693303793459, 45.528218562777575], [-73.61692997646483, 45.528245686803096], [-73.61692728111328, 45.52827283308847], [-73.6169249523438, 45.52829999797011], [-73.61692299052129, 45.52832717777836], [-73.61692139591146, 45.528354368839224], [-73.61692016868076, 45.5283815674758], [-73.61691930889629, 45.52840877001045], [-73.6169189247846, 45.52843542955858], [-73.6169189135065, 45.528462093692795], [-73.61691927517221, 45.528488758549216], [-73.61692000978391, 45.52851542026207], [-73.61692111723565, 45.528542074966516], [-73.61692259731336, 45.52856871879997], [-73.61692444969508, 45.52859534790413], [-73.61692614087156, 45.52861299110424], [-73.61692798949434, 45.528630627371015], [-73.6169299954731, 45.5286482556637], [-73.61693215869897, 45.52866587494198], [-73.61693447904453, 45.52868348416686], [-73.61693695636382, 45.528701082300344], [-73.61693959049232, 45.52871866830598], [-73.61694277211267, 45.52873827077952], [-73.61694621125581, 45.528757853871916], [-73.6169499075486, 45.52877741507739], [-73.61695386055212, 45.528796951894996], [-73.61695806976184, 45.528816461829955], [-73.61696253460786, 45.52883594239459], [-73.61696725445516, 45.52885539110931], [-73.61697299483704, 45.528878389836144], [-73.61697900421356, 45.52890135659355], [-73.61698528203158, 45.52892428905193], [-73.61699182768349, 45.52894718488772], [-73.61699864050749, 45.52897004178513], [-73.61700571978781, 45.52899285743613], [-73.61701306475486, 45.529015629541455], [-73.61702255827238, 45.52904194646467], [-73.61703244269108, 45.529068196006165], [-73.61704271652913, 45.52909437386874], [-73.61705337817715, 45.52912047577756], [-73.61706442589946, 45.52914649748164], [-73.61707585783476, 45.52917243475678], [-73.61708767199725, 45.52919828340788], [-73.61709941807757, 45.52922377836594], [-73.61711162010589, 45.529249172867466], [-73.61712427542281, 45.52927446088217], [-73.61713738115415, 45.529299636427154], [-73.617150934213, 45.5293246935714], [-73.61716493130226, 45.52934962644076], [-73.61717936891718, 45.52937442922238], [-73.6171938746996, 45.52939810343231], [-73.61720872199912, 45.52942167641857], [-73.617223908646, 45.52944514453847], [-73.61723943236579, 45.529468504180194], [-73.61725529078055, 45.52949175176485], [-73.61727148141003, 45.52951488374831], [-73.61728800167295, 45.52953789662264], [-73.61730414199077, 45.529560629819265], [-73.61732074007506, 45.529583206681735], [-73.61733779126261, 45.52960562040336], [-73.61735529061815, 45.52962786427003], [-73.61737323293872, 45.52964993166772], [-73.61739161275916, 45.52967181608842], [-73.6174104243574, 45.52969351113691], [-73.61742770428977, 45.52971376310876], [-73.61744538051816, 45.52973385189952], [-73.61746344830993, 45.529753771786076], [-73.61748190271018, 45.52977351713681], [-73.61750073854643, 45.52979308241692], [-73.61751995043323, 45.52981246219351], [-73.61753953277753, 45.529831651140846], [-73.61755842891522, 45.529850064310594], [-73.6175774519958, 45.52986841361836], [-73.6175966013619, 45.52988669841692], [-73.61761587634719, 45.5299049180633], [-73.61763527627649, 45.529923071919335], [-73.61765480046597, 45.5299411593514], [-73.61767444822307, 45.52995917973041], [-73.61769428835844, 45.529975463746474], [-73.61771416502859, 45.52999172582888], [-73.61773407815986, 45.53000796591673], [-73.61775402767829, 45.530024183949614], [-73.61777401350966, 45.53004037986715], [-73.61779403557956, 45.5300565536092], [-73.61781409381318, 45.53007270511557], [-73.61783423585254, 45.53008746818743], [-73.61785445929323, 45.53010217671643], [-73.61787476368595, 45.53011683037053], [-73.6178951485777, 45.53013142882026], [-73.61791561351194, 45.53014597173868], [-73.61793615802847, 45.530160458801305], [-73.61795678166364, 45.53017488968596], [-73.61798121824836, 45.53019081287915], [-73.61800582228487, 45.530206610524225], [-73.61803059180795, 45.53022228132142], [-73.61805552482531, 45.53023782399147], [-73.61808061931805, 45.530253237275794], [-73.61810587324126, 45.530268519936875], [-73.61813128452451, 45.53028367075826], [-73.61815455230773, 45.53029728581392], [-73.61817804598635, 45.53031071348942], [-73.61820176095621, 45.530323951026766], [-73.61822569252288, 45.53033699574295], [-73.6182498359047, 45.53034984503129], [-73.61827418623605, 45.53036249636381], [-73.61829873857054, 45.530374947292444], [-73.61831969504212, 45.530385784655245], [-73.61834081228767, 45.530396470906155], [-73.6183620869859, 45.53040700429024], [-73.61838351576428, 45.53041738310068], [-73.61840509520059, 45.53042760568002], [-73.61842682182491, 45.53043767042069], [-73.61844869212142, 45.5304475757663], [-73.61847055464936, 45.530457928307705], [-73.61849268330444, 45.53046801103297], [-73.61851506791393, 45.53047781893851], [-73.61853769805434, 45.53048734727482], [-73.6185605630677, 45.53049659155455], [-73.61858365207812, 45.53050554755879], [-73.61860695400917, 45.53051421134439], [-73.61862984772031, 45.53052324528352], [-73.61865283779758, 45.53053216014704], [-73.61867592235642, 45.53054095517837], [-73.61869909949637, 45.53054962964039], [-73.61872236730157, 45.53055818281616], [-73.61874572384124, 45.53056661400864], [-73.61876916717031, 45.53057492254123], [-73.61879153213674, 45.53058267550581], [-73.61881396698425, 45.53059033006316], [-73.61883647039596, 45.530597885749245], [-73.61885904104685, 45.530605342112224], [-73.61888167760381, 45.530612698711536], [-73.61890437872603, 45.53061995511859], [-73.61892714306528, 45.53062711091678], [-73.6189492314578, 45.530633837624684], [-73.61897136123022, 45.530640497801805], [-73.6189935317735, 45.53064709126042], [-73.61901574247628, 45.53065361781657], [-73.61903799272501, 45.53066007729001], [-73.61906028190396, 45.530666469504006], [-73.61908260939528, 45.53067279428586], [-73.61911006277917, 45.53068020590083], [-73.61913757526969, 45.530687510698606], [-73.61916514560352, 45.53069470833249], [-73.61919277251188, 45.53070179846544], [-73.61922045472072, 45.53070878077055], [-73.6192481909509, 45.530715654930866], [-73.61927597991847, 45.53072242063931], [-73.61931773424693, 45.53073229130282], [-73.61935957629731, 45.53074198143797], [-73.6194015036971, 45.53075149047249], [-73.61944351406375, 45.53076081785477], [-73.61948560500525, 45.53076996305357], [-73.61952777412044, 45.53077892555856], [-73.61957001899958, 45.53078770488019], [-73.61961088393369, 45.530796186862524], [-73.61965182096827, 45.53080450000976], [-73.61969282798337, 45.530812643872416], [-73.61973390285154, 45.530820618018204], [-73.61977504343822, 45.530828422033125], [-73.61981624760207, 45.530836055520055], [-73.6198575131954, 45.53084351810025], [-73.61988685290032, 45.53084884528681], [-73.61991619412869, 45.53085416833874], [-73.61994553687869, 45.53085948725579], [-73.61997488114855, 45.530864802037456], [-73.62000422693654, 45.53087011268352], [-73.62003357424086, 45.530875419193634], [-73.62006292305976, 45.53088072156748], [-73.62009220056918, 45.53088580201594], [-73.62012149046481, 45.53089084740397], [-73.6201507926192, 45.530895857709204], [-73.62018010690473, 45.53090083290981], [-73.62020943319365, 45.53090577298384], [-73.62023877135813, 45.530910677910235], [-73.62026812127026, 45.530915547667654], [-73.62037781406005, 45.5309330690753], [-73.6205031495345, 45.530953971460235], [-73.620623421021, 45.53097358729682], [-73.62076137565316, 45.530995925655155], [-73.62089169339922, 45.5310157200516], [-73.6210601804931, 45.531044315650526], [-73.62136964232545, 45.5310952887431], [-73.62152661875815, 45.53112102121153], [-73.6209231333337, 45.53182115242625], [-73.618207935041, 45.534777246841884], [-73.61731880866054, 45.53521308770442], [-73.6167960576152, 45.53577540878274], [-73.61523662200767, 45.53744750859521], [-73.61454101202563, 45.53819489541704], [-73.61436433022962, 45.53838899450498], [-73.61428645730464, 45.5384737643928], [-73.61427542424335, 45.538486773156556], [-73.614264392567, 45.53849978250155], [-73.61425336227568, 45.538512792427625], [-73.61424233336949, 45.538525802934664], [-73.61423130584853, 45.53853881402249], [-73.61422027971291, 45.53855182569122], [-73.61420925496269, 45.538564837940456], [-73.61419189676457, 45.53858274812077], [-73.61417533526834, 45.53860105949637], [-73.6141595980024, 45.53861974551911], [-73.61414471007916, 45.5386387784242], [-73.61413069406207, 45.538658129367185], [-73.6141175698518, 45.538677768569976], [-73.61410535459255, 45.53869766547297], [-73.61410080019769, 45.53870490333335], [-73.6140962733532, 45.538712149801746], [-73.61409177410832, 45.538719404800396], [-73.61408730251173, 45.5387266682516], [-73.6140828586116, 45.5387339400769], [-73.61407844245535, 45.53874122019826], [-73.6140740540899, 45.53874850853718], [-73.61406009824789, 45.5387715878722], [-73.6140466053961, 45.538794809567904], [-73.61403357987366, 45.5388181667227], [-73.61402102574105, 45.5388416523493], [-73.61400894677598, 45.538865259381645], [-73.61399734646949, 45.538888980682216], [-73.61398622802271, 45.53891280904888], [-73.61397454349832, 45.53893586074375], [-73.61396299655597, 45.5389589472231], [-73.6139515875085, 45.53898206787804], [-73.61394031666151, 45.53900522209785], [-73.61392918431326, 45.53902840927039], [-73.61391819075469, 45.53905162878144], [-73.61390733626938, 45.53907488001499], [-73.61387918174135, 45.53913294072675], [-73.61385114755673, 45.53919103036687], [-73.61382323380595, 45.53924914875052], [-73.61379544057874, 45.539307295692694], [-73.61376776796402, 45.53936547100794], [-73.61374021604995, 45.539423674510985], [-73.61371278492392, 45.53948190601582], [-73.61369439707576, 45.539525231288444], [-73.61367600806993, 45.53956855632084], [-73.6136576179064, 45.53961188111336], [-73.61363922658518, 45.53965520566581], [-73.61362083410633, 45.53969852997813], [-73.61360244046979, 45.539741854050476], [-73.61358404567561, 45.53978517788266], [-73.61347933905559, 45.540016823675366], [-73.6133456529201, 45.54031277698398], [-73.61310313689765, 45.54076258797494], [-73.61292803428083, 45.54112934361173], [-73.61268298770717, 45.541594616397816], [-73.61257963814802, 45.54176252221126], [-73.61226599687899, 45.54219931814172], [-73.61210255021652, 45.54238068286069], [-73.61192764271472, 45.54257554733463], [-73.6113924967918, 45.54317046576104], [-73.6112552712159, 45.54332293353854], [-73.61079853329855, 45.54383274298857], [-73.61066128663222, 45.54398593392274], [-73.61014908101806, 45.544557640619445], [-73.61001223345647, 45.5447103800118], [-73.60949983578546, 45.54528227833175], [-73.60935920088181, 45.54543422418854], [-73.60875260859444, 45.54607819941461], [-73.60861143018128, 45.54622898325413], [-73.60821770130309, 45.54665239581587], [-73.60808118623413, 45.546805514777894], [-73.60767576413045, 45.54725414222636], [-73.60753768416251, 45.547406935763156], [-73.6071389890892, 45.54784810865163], [-73.60705551547363, 45.54794047419305], [-73.60692305991607, 45.54788237830103], [-73.6051845567011, 45.547112018234365], [-73.60353923033482, 45.54635719985727], [-73.60345297945427, 45.54644884446417], [-73.60305493657032, 45.54687177683603], [-73.60291282036208, 45.5470227785375], [-73.6025295933484, 45.54742995624605], [-73.60238617955389, 45.54758097876299], [-73.60199225092259, 45.548022887320116], [-73.6018679220839, 45.548182156186364], [-73.60150798614583, 45.54861263938195], [-73.60137337564208, 45.54876846868642], [-73.60098592144125, 45.549223786058235], [-73.60053472843596, 45.549754828022216], [-73.60008225459511, 45.55028699114215], [-73.59956773912926, 45.5508879986337], [-73.59905415567407, 45.551484270818214], [-73.59846854398752, 45.55217518997638], [-73.59786382715646, 45.552871371384384], [-73.5972691476694, 45.55355623601805], [-73.59667472826293, 45.55423698572429], [-73.59637903200446, 45.55457681943178], [-73.5955742463216, 45.5554950665566], [-73.59509918444832, 45.556048926854125], [-73.59461704803137, 45.55660288464228], [-73.59396518294623, 45.55735233425598], [-73.59333863846699, 45.55806367294399], [-73.59279427638526, 45.55868056979184], [-73.59219229037078, 45.5593707063165], [-73.59159141258957, 45.56006163558298], [-73.59099642644124, 45.56074392491635], [-73.59042563968303, 45.561399827275054], [-73.58981898246397, 45.56209619061824], [-73.58919334171732, 45.562811998429794], [-73.58849979573961, 45.56360871274913], [-73.58721659619428, 45.56508526454636], [-73.5867109742302, 45.56566625667566], [-73.58629128617888, 45.56615148379195], [-73.58711375254569, 45.56640619139415], [-73.58714357820446, 45.56637247684244], [-73.59016881576231, 45.567710448123684], [-73.59038701763178, 45.56780677374655], [-73.59270296166959, 45.56882919757439], [-73.59292118473823, 45.56892553617022], [-73.59311481869378, 45.56901113253996], [-73.59325357933535, 45.56907248685949], [-73.59341876469668, 45.56914551739229], [-73.59358311630871, 45.56921817929624], [-73.59374932763517, 45.56929165858958], [-73.59391237324066, 45.569363727114606], [-73.5940798672338, 45.569437780447146], [-73.59422984843269, 45.56950408264095], [-73.59438184269246, 45.569571282586494], [-73.59454709514193, 45.569644338062744], [-73.59468587139698, 45.56970568183544], [-73.59482463544167, 45.56976702489986], [-73.59496342481204, 45.56982836832328], [-73.59510024092674, 45.5698888580936], [-73.59523900588975, 45.5699502105378], [-73.59537745028832, 45.57001140930042], [-73.59551622992907, 45.57007276084506], [-73.59568858779397, 45.57014894967808], [-73.59590639653992, 45.570244869063615], [-73.59604603461555, 45.570306363135614], [-73.59618284012572, 45.57036660886061], [-73.59632176043115, 45.5704277972863], [-73.59646054172381, 45.57048891371277], [-73.59659620557493, 45.5705486562755], [-73.59673794869329, 45.570611074242684], [-73.59687329227502, 45.5706706728523], [-73.59701156141536, 45.57073157319994], [-73.59714982927434, 45.570792464044004], [-73.59728768891429, 45.57085316668729], [-73.59742573980866, 45.570913958522354], [-73.59756412438932, 45.57097490313577], [-73.59770217744378, 45.57103569463364], [-73.59784012593224, 45.571096441018156], [-73.59838408642571, 45.57133530593464], [-73.59854172711634, 45.571407856888335], [-73.59888885610206, 45.571561365404534], [-73.59904372607569, 45.57162999996845], [-73.59976299390704, 45.571947061428176], [-73.60079088805192, 45.572400155312856], [-73.60142649091992, 45.57268032014537], [-73.60158136189928, 45.57274833608262], [-73.60116877549409, 45.57320671886172], [-73.60123153560687, 45.57323550801608], [-73.60077827536729, 45.57373906962175], [-73.60054625321052, 45.574012400278406], [-73.60054326191766, 45.57401592368916], [-73.60064986422529, 45.57406450960853], [-73.60069415974179, 45.57402389026686], [-73.60080279590194, 45.574075396385695], [-73.60087343777391, 45.57399551789276], [-73.60102982155993, 45.57406594487647], [-73.60124425337098, 45.57415786147581], [-73.60126131668078, 45.574163255008926], [-73.60153304279515, 45.57424907781435], [-73.60166885179976, 45.57429198243173], [-73.60167873813133, 45.57430322152988], [-73.60175443745578, 45.57438934004071], [-73.60182028900465, 45.5744642556291], [-73.60184099903414, 45.57448780392881], [-73.60201939161873, 45.57441045716064], [-73.6023381676146, 45.57427222228215], [-73.60234596518767, 45.574280603194005], [-73.60235372263396, 45.57428900272442], [-73.60236143981862, 45.57429742073098], [-73.60236911660817, 45.574305857070755], [-73.60237675287047, 45.57431431160014], [-73.60238434847474, 45.57432278417504], [-73.60239190329166, 45.574331274650525], [-73.60239941719327, 45.57433978288119], [-73.60240689005298, 45.574348308721085], [-73.60241432174566, 45.574356852023584], [-73.60264174369112, 45.57461554725695], [-73.60269378315421, 45.574674745267956], [-73.60275785163044, 45.57474761910445], [-73.60311657773539, 45.57490970687117], [-73.60332955632005, 45.5750230632545], [-73.60346972485287, 45.57509766788625], [-73.60360986869722, 45.57517225369413], [-73.60375005128294, 45.57524686675473], [-73.60389022170895, 45.575321469767495], [-73.60403040503692, 45.57539608248146], [-73.60417057622342, 45.57547069503341], [-73.60431206836846, 45.57554599821541], [-73.60436226799857, 45.575572713348706], [-73.6045753707597, 45.575646620565095], [-73.60463536441502, 45.57566925913589], [-73.60483403515568, 45.57576120207976], [-73.60521591269298, 45.57593792844137], [-73.60571117209916, 45.57616712596985], [-73.60592962026804, 45.576267632905186], [-73.6060660067947, 45.57632298351392], [-73.60623706403226, 45.57639241321444], [-73.60638133602657, 45.576450959125374], [-73.60652116511778, 45.57651118958979], [-73.60666099488009, 45.576571409995886], [-73.60680082455217, 45.57663163132871], [-73.60694065452297, 45.57669185248945], [-73.60708048520027, 45.576752082265166], [-73.6072203286893, 45.57681231185704], [-73.60736162971725, 45.5768708296566], [-73.60750293141277, 45.57692933849274], [-73.60764423302943, 45.57698785703941], [-73.6077855224243, 45.57704637432372], [-73.6079268250018, 45.577104883731366], [-73.60806733507053, 45.57716431968712], [-73.60820783254836, 45.57722376426886], [-73.60834834320964, 45.57728319987727], [-73.60849604843337, 45.57734568759845], [-73.60871586571031, 45.57744028493908], [-73.60885607037143, 45.577499864105896], [-73.6089964033207, 45.577559506686384], [-73.6091367623391, 45.57761913039568], [-73.60927709580542, 45.57767877174204], [-73.60946755912231, 45.57775970917676], [-73.60965802298608, 45.57784064629219], [-73.60984847458322, 45.57792158310071], [-73.61003901647476, 45.57800254649853], [-73.61022946916582, 45.57808348266857], [-73.61060655167488, 45.57824410483829], [-73.61067402421821, 45.57827284523635], [-73.61072292354983, 45.57829368293298], [-73.61110418193338, 45.57846120111151], [-73.61110698632973, 45.578462433303145], [-73.61132352555333, 45.57855635312422], [-73.61132630095692, 45.578557556895134], [-73.61162212590258, 45.57869091114103], [-73.61191635320813, 45.57882354955753], [-73.61191793943419, 45.57882426462898], [-73.6121293353414, 45.578925808858656], [-73.61213088984499, 45.57892655556035], [-73.61227581680444, 45.57899240682313], [-73.61241354903319, 45.579054989596436], [-73.61255128154978, 45.579117563204406], [-73.6126806547101, 45.5791763358077], [-73.61268900154036, 45.57918012765968], [-73.6128267218727, 45.57924270994454], [-73.61284462171402, 45.57925084272663], [-73.6129644424928, 45.57930528306419], [-73.61310216343671, 45.57936786501501], [-73.61330431686032, 45.579458773037295], [-73.61337673149322, 45.57949133760158], [-73.6134687739109, 45.57953273108652], [-73.613606962776, 45.5795948773792], [-73.61400165790538, 45.5797723627603], [-73.61401489371808, 45.57977818945383], [-73.61400074123654, 45.57979429255463], [-73.61415717191322, 45.579856359648836], [-73.61440238599903, 45.5799663526277], [-73.61464761387413, 45.58007635406268], [-73.61479392453738, 45.58017064438257], [-73.6150618641844, 45.58028870885247], [-73.61506521177745, 45.58029018392975], [-73.61532913821091, 45.58040647287401], [-73.61549485872978, 45.5804792997257], [-73.61576200016754, 45.58059857071122], [-73.61582116263753, 45.580624984908596], [-73.61602875464976, 45.58071766281008], [-73.61602980254531, 45.58071813062958], [-73.61619409940684, 45.58079062667226], [-73.61619515355294, 45.58079109181138], [-73.6164805521438, 45.58091905584271], [-73.61649047724383, 45.580923505931366], [-73.61662310570705, 45.580982972051046], [-73.61678680356276, 45.58105636948888], [-73.61678838759698, 45.58105707972557], [-73.61695380195522, 45.58112749409219], [-73.61695540256652, 45.58112817545201], [-73.61720956866286, 45.581239327251794], [-73.61724718281505, 45.581255776574686], [-73.61757124238676, 45.58139749250797], [-73.61759580284634, 45.581408659870895], [-73.61776063629078, 45.581483607495656], [-73.61778765172629, 45.58149589101893], [-73.61805931510133, 45.58161467372466], [-73.61807278919966, 45.581620565144505], [-73.6183568633565, 45.58174477174552], [-73.61851705040606, 45.58181499042032], [-73.6185236189212, 45.581817889869434], [-73.61882038147291, 45.58194888505653], [-73.61911765988043, 45.582080103700626], [-73.61928371048121, 45.58215287969921], [-73.61959604756916, 45.58228986727915], [-73.61963520610792, 45.58230704081799], [-73.61990942511136, 45.582427302825145], [-73.61996052763098, 45.5824486815169], [-73.6201283520749, 45.582518890425504], [-73.620177937939, 45.58253963445245], [-73.62040212106709, 45.58263830874851], [-73.62046583269135, 45.582666351295295], [-73.62067430545672, 45.582758102938215], [-73.62067505981057, 45.58275843497965], [-73.62083975791161, 45.58283094028646], [-73.62084050909363, 45.58283129222539], [-73.6210445118006, 45.582926870398175], [-73.62106806700689, 45.58293790543278], [-73.62125167796827, 45.58302392236888], [-73.6212967415257, 45.583045038540924], [-73.62144963874788, 45.58313009268722], [-73.62145215260574, 45.58313149109556], [-73.62172961928842, 45.58327294765162], [-73.62189196817303, 45.583355784989585], [-73.6220537179417, 45.58343277274069], [-73.62231906371929, 45.583553675383044], [-73.62259242560184, 45.58366070062887], [-73.62276324604254, 45.58372757883249], [-73.62302588793075, 45.5838513683793], [-73.62324387329072, 45.5839903588648], [-73.62326391911928, 45.58400314048587], [-73.6234050272931, 45.58414021225408], [-73.62345064126761, 45.58417186572973], [-73.62360599503862, 45.58427967297487], [-73.62363157006112, 45.584301308448424], [-73.62365049042099, 45.584313317927396], [-73.6237191468265, 45.584358290024966], [-73.62397665535462, 45.58452270658058], [-73.62423921597122, 45.58463575468125], [-73.62456003616839, 45.58469115920454], [-73.62532691421727, 45.584834194425575], [-73.62676220710578, 45.585465549866626], [-73.6273797942781, 45.58477169716559], [-73.62780880031141, 45.584289215708715], [-73.62819198654343, 45.583885842112345], [-73.6288181929849, 45.58324964131792], [-73.62899918377441, 45.58300079214694], [-73.62931349360147, 45.58261828419881], [-73.62951285918595, 45.58237565661114], [-73.62994112311861, 45.581958984253646], [-73.63025568206594, 45.581604141351875], [-73.63044825852988, 45.581416235832926], [-73.63076287642502, 45.581061312248025], [-73.63071637466751, 45.58101103163551], [-73.63127749896684, 45.580404927152074], [-73.63200280652498, 45.57962145533725], [-73.63222573810376, 45.57971799953362], [-73.63265108919578, 45.57990220301021], [-73.63291221962211, 45.580015286283064], [-73.63358791709625, 45.57925000355168], [-73.63361098748311, 45.579249059643345], [-73.63358609149947, 45.579225846123535], [-73.6337971259054, 45.57899409422149], [-73.63421625540215, 45.57853283505178], [-73.63424023610943, 45.57850643732336], [-73.63490095842907, 45.5777995686644], [-73.6348876798808, 45.57779372644263], [-73.63534730915771, 45.57728779346161], [-73.63634247148545, 45.57619234488384], [-73.63640748642993, 45.57612077475689], [-73.63649346607727, 45.57602612944203], [-73.63651465516828, 45.57600280446067], [-73.63623904271262, 45.575887799638544], [-73.6364314982468, 45.575655421532204], [-73.63664593449454, 45.575397295654966], [-73.6367650495818, 45.57525536915763], [-73.63685999889941, 45.57514251783309], [-73.63693432071625, 45.57505301988119], [-73.63702443436566, 45.574945397701164], [-73.63711304262982, 45.57483972003265], [-73.63720238073604, 45.57473336696824], [-73.6372896903538, 45.57462780079469], [-73.63737337375188, 45.57452827382641], [-73.6374655918881, 45.57441662827904], [-73.63754662852388, 45.57432141051712], [-73.63763095568673, 45.574219938096086], [-73.63772046562369, 45.57411434257526], [-73.63782046771611, 45.57399432576717], [-73.63790197483561, 45.573895882245566], [-73.63802358087446, 45.57375153950121], [-73.63812642992669, 45.573628462609726], [-73.63823633543417, 45.57349650201537], [-73.63835431775891, 45.57335582233799], [-73.63842222062326, 45.573274552092386], [-73.63852899783363, 45.57314671586307], [-73.6386303075352, 45.57302560596403], [-73.63873817920567, 45.572897684871315], [-73.63883120928978, 45.572786727599805], [-73.63891761047569, 45.57268303497429], [-73.63898624073931, 45.57260210866712], [-73.63907010111298, 45.57250181722982], [-73.63915077391086, 45.572404177291], [-73.63922503391758, 45.57231538785325], [-73.6392995561403, 45.57222655885688], [-73.6393791508887, 45.57213164280046], [-73.63946671477656, 45.572027935450876], [-73.63954427176725, 45.57193430693772], [-73.63962381501297, 45.57183868500246], [-73.63970633201376, 45.571741289549195], [-73.639806364586, 45.571621749828815], [-73.6398984218947, 45.571511522667365], [-73.6399894380633, 45.57140333468665], [-73.64007102603728, 45.57130557624102], [-73.64015643805209, 45.5712041164615], [-73.6402382951029, 45.57110564365454], [-73.6403818341753, 45.57093418589558], [-73.64051860384599, 45.570771381539366], [-73.64065640325651, 45.57060575315902], [-73.64076471427947, 45.570475327045614], [-73.64087058185098, 45.57034875253175], [-73.64098243305256, 45.570216359697945], [-73.64110776935765, 45.57006546892473], [-73.64125667045447, 45.569890054257804], [-73.64137039036184, 45.56975344584026], [-73.64149093546844, 45.56960894594205], [-73.64160958725425, 45.56946572859752], [-73.64175790137492, 45.56928948252745], [-73.64186470232478, 45.56916203998314], [-73.6419939739134, 45.56900660005944], [-73.64211429595086, 45.568865281926776], [-73.64224784644374, 45.56870314675279], [-73.64240438242068, 45.56851658947939], [-73.64254956537448, 45.568343555322734], [-73.64266187518635, 45.56820960942488], [-73.64280985256511, 45.56803206358285], [-73.64297812007355, 45.56782790373002], [-73.6431131527574, 45.56766738330508], [-73.64324205997094, 45.567513108759876], [-73.64335210174117, 45.56738215704813], [-73.64349001153546, 45.56721791348529], [-73.64362426001506, 45.56705677767144], [-73.64371517155533, 45.56694665539519], [-73.6438655350406, 45.56676556161923], [-73.64399448139993, 45.56661160981471], [-73.64418368897674, 45.56638385993804], [-73.64430424085776, 45.56623636308193], [-73.64441783594691, 45.5660942884347], [-73.64453182213539, 45.56595100373976], [-73.64465893562722, 45.56578917300956], [-73.64476849097484, 45.56564456208584], [-73.64487612492863, 45.56549590252719], [-73.64499170774525, 45.565334577456795], [-73.64508151729846, 45.5652040212863], [-73.64517886065656, 45.56506172423715], [-73.6452539823474, 45.56494994941858], [-73.64528766371959, 45.564896955191614], [-73.64536339107998, 45.564779028217195], [-73.64505746106519, 45.564648700008185], [-73.64496319484343, 45.56460902435532], [-73.64475249552473, 45.56451594849525], [-73.64459723209347, 45.564448523624435], [-73.64450534347377, 45.56440861452273], [-73.644370492967, 45.56434980745767], [-73.64428127695184, 45.56430982041844], [-73.64386982295392, 45.564130547794306], [-73.64346046559925, 45.56395226447909], [-73.6433437261119, 45.56390188953671], [-73.64286588592908, 45.56369445006269], [-73.64270615538689, 45.563625394028875], [-73.64233141800321, 45.56346205361979], [-73.6420867565202, 45.563355511341896], [-73.6417749645837, 45.563218347467824], [-73.64128475848628, 45.56300616918138], [-73.64103077434966, 45.56289559668371], [-73.64063701123936, 45.56272430870018], [-73.6400993138782, 45.56249040134815], [-73.63965531146134, 45.562296454274836], [-73.63955329083477, 45.56225211262577], [-73.6390759766679, 45.56204675222054], [-73.63752355705712, 45.56137312079882], [-73.637348926064, 45.56129685684838], [-73.63696895559774, 45.56113081922702], [-73.6365575368257, 45.560954057564395], [-73.6363474376058, 45.56086234164661], [-73.63379859061472, 45.55975264576816], [-73.6315150922146, 45.55875856891941], [-73.63055934674699, 45.55834472455455], [-73.62877126259808, 45.55757063480981], [-73.62755734502173, 45.557040997648095], [-73.62691875041162, 45.55676856138283], [-73.6268552491472, 45.55674114186414], [-73.62652745122655, 45.55659863108209], [-73.62392968943121, 45.55547398714381], [-73.62174316086703, 45.554496254511314], [-73.62179762754124, 45.5544735691915], [-73.62185202096884, 45.55445079675927], [-73.6219063407268, 45.55442793738992], [-73.62196058639321, 45.55440499126028], [-73.62201475754728, 45.55438195854826], [-73.62206885376945, 45.55435883943331], [-73.62212287464128, 45.554335634096034], [-73.62218270900546, 45.55430904624056], [-73.62224241591355, 45.55428231604704], [-73.62230199433779, 45.55425544396893], [-73.6223614432548, 45.55422843046456], [-73.62242076164563, 45.55420127599683], [-73.6224799484958, 45.55417398103378], [-73.62253900279538, 45.554146546048116], [-73.62258496550974, 45.55412504521143], [-73.62263075430695, 45.55410335917244], [-73.6226763669236, 45.55408148897707], [-73.62272180111334, 45.55405943568922], [-73.62276705464726, 45.554037200390894], [-73.62281212531428, 45.55401478418196], [-73.62285701092145, 45.55399218817974], [-73.62291611669364, 45.55396261192297], [-73.62297503263883, 45.553932847104186], [-73.62303375693213, 45.553902894628], [-73.62309228776029, 45.55387275541074], [-73.62315062332196, 45.55384243037997], [-73.62320876182787, 45.55381192047496], [-73.62326670150095, 45.55378122664609], [-73.62339540591756, 45.55371145812186], [-73.62357276347949, 45.55361379296356], [-73.62378450143517, 45.55349839623333], [-73.62412724785639, 45.55331151298554], [-73.62440257053825, 45.55316194537391], [-73.6246265567981, 45.55303924068765], [-73.62485541891783, 45.55291455619223], [-73.62499702820139, 45.552836192986], [-73.62515203438151, 45.55275041601626], [-73.6254050979251, 45.55261211016589], [-73.62558853752758, 45.552511612517854], [-73.62595738066881, 45.55230980059565], [-73.62614942041053, 45.55220477913098], [-73.62632825035665, 45.55210836159273], [-73.62639954916958, 45.55206849741227], [-73.62647099446221, 45.55202876208294], [-73.62654258552584, 45.551989156002506], [-73.62661432164893, 45.55194967956679], [-73.62668620211703, 45.55191033316874], [-73.62675822621276, 45.55187111719869], [-73.62683039321598, 45.55183203204463], [-73.62689935788858, 45.55179473952304], [-73.62696823611356, 45.55175736793061], [-73.62703702761571, 45.55171991741574], [-73.62710573212063, 45.55168238812743], [-73.62717434935453, 45.55164478021537], [-73.62724287904436, 45.5516070938298], [-73.62731132091776, 45.55156932912158], [-73.62737956283094, 45.551532367021466], [-73.62744790519442, 45.55149549623717], [-73.62751634763637, 45.55145871697088], [-73.62758488978396, 45.551422029423534], [-73.62765353126319, 45.55138543379527], [-73.62772227169904, 45.551348930285066], [-73.62779111071538, 45.55131251909098], [-73.62786839529024, 45.551272009202705], [-73.62794636550461, 45.55123213331605], [-73.62802500548236, 45.551192899958124], [-73.62810429906315, 45.551154317393134], [-73.62818422981353, 45.551116393616574], [-73.62826478103837, 45.55107913634979], [-73.6283459357924, 45.55104255303479], [-73.62840981131517, 45.5510136873075], [-73.62847400496747, 45.55098516475826], [-73.62853851113219, 45.55095698796835], [-73.62860332413602, 45.5509291594582], [-73.6286684382511, 45.55090168168725], [-73.62873384769671, 45.550874557052296], [-73.62879954664092, 45.55084778788742], [-73.62886705027645, 45.550820561583826], [-73.62893489556933, 45.55079374720781], [-73.62900307486137, 45.550767347910714], [-73.62907158041644, 45.550741366749875], [-73.62914040442351, 45.55071580668755], [-73.62920953899952, 45.55069067058965], [-73.6292789761924, 45.55066596122488], [-73.6292944832983, 45.550660037683215], [-73.6293100381452, 45.55065417522338], [-73.62932564000089, 45.55064837412889], [-73.62934128812854, 45.550642634677544], [-73.62935698178704, 45.55063695714103], [-73.62937272023088, 45.55063134178542], [-73.62938850271047, 45.55062578887062], [-73.62946301504346, 45.550602135565256], [-73.62953768993232, 45.55057873268711], [-73.62961252481654, 45.55055558105935], [-73.62968751712442, 45.55053268148785], [-73.6297626642734, 45.55051003476115], [-73.62983796367025, 45.550487641650555], [-73.6299134127115, 45.55046550290945], [-73.62996149290038, 45.5504521971199], [-73.63000972299163, 45.55043915421802], [-73.63005809861062, 45.550426375442186], [-73.63010661535533, 45.55041386198303], [-73.6301552687978, 45.55040161498253], [-73.63020405448532, 45.55038963553387], [-73.63025296794187, 45.55037792468154], [-73.6303180099025, 45.550363681924644], [-73.63038305935581, 45.55034945607889], [-73.63044811628838, 45.55033524714736], [-73.63051318068686, 45.550321055132834], [-73.63057825253789, 45.550306880038264], [-73.6306433318281, 45.55029272186665], [-73.63070841854405, 45.550278580620784], [-73.63077185904416, 45.55026689147718], [-73.63083531860208, 45.55025525324947], [-73.63089879709368, 45.55024366596065], [-73.6309622943946, 45.55023212963356], [-73.63102581038056, 45.55022064429082], [-73.63108934492709, 45.55020920995468], [-73.63115289790974, 45.550197826647576], [-73.63123170830403, 45.5501850550365], [-73.63131059309053, 45.55017250699185], [-73.63138955034113, 45.550160182832165], [-73.63146857812414, 45.55014808286435], [-73.63154767450439, 45.55013620738476], [-73.63162683754334, 45.550124556678945], [-73.63170606529926, 45.55011313102094], [-73.63178803668933, 45.55010196263969], [-73.63186989986131, 45.55009039091947], [-73.63195164878876, 45.550078416650535], [-73.63203327746113, 45.55006604068285], [-73.63211477988527, 45.55005326392485], [-73.63219615008686, 45.55004008734398], [-73.63227738211184, 45.55002651196635], [-73.63230338889053, 45.55002142742487], [-73.63232939572295, 45.550016343024986], [-73.6323554026091, 45.55001125876667], [-73.63238140954893, 45.55000617464996], [-73.63240741654248, 45.55000109067474], [-73.6324334235897, 45.54999600684119], [-73.63245943069067, 45.54999092314913], [-73.63250128288732, 45.54998258661167], [-73.63254306345326, 45.54997406940533], [-73.63258477002071, 45.54996537199064], [-73.63262640022998, 45.549956494848864], [-73.63266795172991, 45.549947438481276], [-73.63270942217834, 45.54993820340942], [-73.63275080924248, 45.54992879017498], [-73.63281451423617, 45.549913032310286], [-73.6328782061912, 45.54989724842392], [-73.63294188507527, 45.549881438524], [-73.6330055508561, 45.549865602618354], [-73.63306920350146, 45.5498497407151], [-73.63313284297911, 45.549833852822346], [-73.63319646925677, 45.54981793894806], [-73.63324747422436, 45.54980326099196], [-73.63329842686525, 45.54978849281276], [-73.63334932669483, 45.549773634548785], [-73.63340017322945, 45.54975868634011], [-73.63345096598641, 45.54974364832884], [-73.63350170448412, 45.549728520658526], [-73.633552388242, 45.54971330347456], [-73.63356447618617, 45.54970971006357], [-73.63357654577402, 45.549706085939505], [-73.6335885967686, 45.5497024311722], [-73.63360062893373, 45.549698745832686], [-73.63361264203388, 45.54969502999293], [-73.63362463583437, 45.549691283726304], [-73.6336366101012, 45.54968750710731], [-73.63369725742079, 45.54966700150126], [-73.63375776835694, 45.54964629499279], [-73.63381814088991, 45.54962538825653], [-73.63387837300893, 45.54960428198065], [-73.6339384627126, 45.54958297686661], [-73.63399840800899, 45.549561473628856], [-73.6340582069159, 45.54953977299518], [-73.63411824745168, 45.549516502470034], [-73.63417811895673, 45.54949301470945], [-73.63423781904636, 45.54946931062674], [-73.63429734534927, 45.5494453911522], [-73.63435669550789, 45.54942125723316], [-73.63441586717866, 45.549396909834144], [-73.63447485803232, 45.54937234993636], [-73.63451276769788, 45.54935588970541], [-73.63455051011569, 45.54933923701836], [-73.63458808232366, 45.54932239314075], [-73.63462548138574, 45.54930535936824], [-73.63466270439267, 45.54928813702579], [-73.63469974846274, 45.54927072746786], [-73.63473661074252, 45.549253132077794], [-73.6348026897049, 45.54922129672603], [-73.6348683307187, 45.54918900553741], [-73.63493352426168, 45.54915626300433], [-73.6349982609369, 45.549123073749904], [-73.63506253147744, 45.54908944252546], [-73.63512632675074, 45.54905537420862], [-73.63518963776286, 45.5490208738004], [-73.63523825062441, 45.548992431135765], [-73.63528664700794, 45.54896380433491], [-73.63533482479927, 45.54893499462158], [-73.63538278190292, 45.54890600323556], [-73.63543051624244, 45.548876831432054], [-73.63547802576088, 45.548847480482365], [-73.63552530842074, 45.54881795167282], [-73.63556560376571, 45.54879093106744], [-73.63560574707735, 45.54876379788094], [-73.63564573740196, 45.54873655274805], [-73.63568557379301, 45.54870919630871], [-73.63572525531129, 45.548681729207914], [-73.63576478102476, 45.548654152096255], [-73.63580415000892, 45.5486264656291], [-73.63581338157647, 45.54862000693604], [-73.63582256705729, 45.54861351547774], [-73.63583170609888, 45.548606991498175], [-73.63584079835232, 45.548600435244104], [-73.63584984347222, 45.54859384696449], [-73.63585884111673, 45.5485872269109], [-73.63586779094767, 45.54858057533715], [-73.63590658652535, 45.548549083797816], [-73.63594545913203, 45.54851763899649], [-73.63598440859633, 45.548486241072965], [-73.63602343474616, 45.54845489016618], [-73.63606253740879, 45.548423586414856], [-73.63610171641082, 45.548392329957245], [-73.63614097157816, 45.54836112093117], [-73.6361758044686, 45.54833081992021], [-73.63621038161625, 45.54830037245268], [-73.6362447011574, 45.548269780130575], [-73.63627876125543, 45.54823904457153], [-73.63631256010132, 45.54820816740843], [-73.63634609591382, 45.54817715028907], [-73.63637936693988, 45.54814599487589], [-73.63638730704561, 45.54813858524923], [-73.6363952155253, 45.54813115881358], [-73.63640309227107, 45.54812371566906], [-73.63641093717584, 45.54811625591593], [-73.63641875013344, 45.54810877965549], [-73.63642653103864, 45.54810128698911], [-73.63643427978688, 45.54809377801847], [-73.63648567241901, 45.54804131591019], [-73.63653647234513, 45.54798856349813], [-73.63658667461303, 45.547935525753914], [-73.63663627438349, 45.54788220770459], [-73.63668526693185, 45.54782861443075], [-73.63673364764948, 45.547774751065326], [-73.63678141204518, 45.54772062279148], [-73.636874586974, 45.54761488527177], [-73.63696738601244, 45.54750898361657], [-73.63705980828595, 45.547402918815045], [-73.63715185292698, 45.5472966918598], [-73.63724351907504, 45.54719030374631], [-73.63733480587682, 45.54708375547313], [-73.63742571248606, 45.546977048041605], [-73.63784725927026, 45.54648934273579], [-73.63830732870211, 45.54595354108552], [-73.63880488939326, 45.54537772085935], [-73.6390465879769, 45.545097022052985], [-73.63929378652666, 45.544809832533055], [-73.63951424353108, 45.544554692477554], [-73.63996103209688, 45.54403227072112], [-73.64002085062845, 45.54395639525459], [-73.64008066919847, 45.543880519833586], [-73.64014048780693, 45.54380464445785], [-73.64020030645383, 45.54372876912757], [-73.64026012513918, 45.543652893842626], [-73.64031994386298, 45.54357701860316], [-73.64037976262519, 45.543501143409095], [-73.64078911986205, 45.54290523231976], [-73.64118012880502, 45.542300189225934], [-73.64156526865284, 45.54170047140388], [-73.6419494237027, 45.541102028915645], [-73.6423374302383, 45.54049575141472], [-73.64252737121853, 45.540196070178226], [-73.64272736652943, 45.53988121912244], [-73.64294096335539, 45.53955249871672], [-73.6431564226369, 45.53921631313279], [-73.64334154475698, 45.53892804469291], [-73.6435132753566, 45.53866018921354], [-73.64368919882521, 45.53838611233714], [-73.64389458848423, 45.53806638547974], [-73.64409797295, 45.53775000775802], [-73.64425724738834, 45.53749860754704], [-73.64431054909387, 45.537414473671156], [-73.6445539597034, 45.53703287592532], [-73.64475478813338, 45.53672225934284], [-73.64497676207894, 45.53637645369], [-73.64518932919808, 45.536046862283314], [-73.64540005128005, 45.535719714272744], [-73.64561348122868, 45.5353874444351], [-73.64562437882894, 45.53536894920656], [-73.64563561888276, 45.535350552723514], [-73.64564719862922, 45.53533225967107], [-73.6456591151349, 45.53531407468301], [-73.6456713652963, 45.535296002337105], [-73.64585535759576, 45.53501017813944], [-73.6459110770225, 45.53492361975284], [-73.6459706403458, 45.5348308796593], [-73.64616478747182, 45.5345282629802], [-73.64641340862553, 45.534139570872185], [-73.64652912383315, 45.53396112360874], [-73.64666667100624, 45.53375730177904], [-73.64679423622553, 45.533574973121695], [-73.64695221175388, 45.53335375276949], [-73.64713538346302, 45.53309487202241], [-73.64736394083323, 45.532772640512896], [-73.64756359912735, 45.53248556947817], [-73.64775128052962, 45.53220982375699], [-73.6479652126463, 45.53188720927025], [-73.64816412702253, 45.53157622799746], [-73.64820348123925, 45.5315133846655], [-73.6483827313866, 45.53122711680605], [-73.6484160819214, 45.53117369787685], [-73.648595698405, 45.530879709537096], [-73.6486181038559, 45.530844484439676], [-73.64831068372925, 45.53075498946196], [-73.64819004223557, 45.530719868206745], [-73.64241025971621, 45.5290370130048], [-73.64148131958571, 45.528766504116454], [-73.63751132610508, 45.527618331581344], [-73.63209863772317, 45.526052615189094], [-73.62946063894651, 45.52528940488914], [-73.6230799936239, 45.523443051809856], [-73.62276730338385, 45.52335255665708], [-73.62261245529268, 45.52351984302298], [-73.62229328894354, 45.523864646529006], [-73.62214562709691, 45.52402416613524], [-73.62166733196837, 45.523898967148014], [-73.62077566937562, 45.5236517715055]]]]}}, {"type": "Feature", "properties": {"NOM": "Le Plateau-Mont-Royal"}, "geometry": {"type": "MultiPolygon", "coordinates": [[[[-73.59026511175311, 45.515780081417084], [-73.5898035184295, 45.516282396570524], [-73.58936664953124, 45.5167901265586], [-73.58831094767623, 45.51632031897036], [-73.58527313975553, 45.51491781745547], [-73.58485840657903, 45.514723469975024], [-73.5822418596213, 45.51350926943353], [-73.58133271479113, 45.51308832600109], [-73.5792709156806, 45.51213362969066], [-73.57921694257674, 45.51211533893256], [-73.57916297810993, 45.512097035598835], [-73.57910902228905, 45.51207871969239], [-73.57905507512295, 45.5120603912163], [-73.57900113662053, 45.51204205017362], [-73.57814023285916, 45.511644131267246], [-73.57815689405814, 45.51162068014766], [-73.57876031483673, 45.51095602968439], [-73.57874454776449, 45.51091957230519], [-73.57873035538196, 45.51088267094445], [-73.57871777252019, 45.510845376051314], [-73.57870682963465, 45.510807739783075], [-73.57869755260124, 45.51076981576899], [-73.57868996254346, 45.51073165886058], [-73.57868407569303, 45.510693324869685], [-73.57867990328553, 45.51065487029791], [-73.57867745149277, 45.51061635205931], [-73.57867672139236, 45.51057782720002], [-73.5786777089749, 45.5105393526173], [-73.57868040518875, 45.51050098478079], [-73.57868479602145, 45.51046277945864], [-73.57869086261661, 45.510424791452415], [-73.57869858142473, 45.5103870743418], [-73.57870679366805, 45.51035621972259], [-73.57871617385796, 45.51032545790595], [-73.57872671952173, 45.51029482150956], [-73.57873842573673, 45.51026434313887], [-73.5787512851263, 45.510234055273706], [-73.5787652878682, 45.510203990153876], [-73.5787804217162, 45.51017417966621], [-73.57879667203433, 45.510144655231656], [-73.57881402184357, 45.510115447695554], [-73.57883245188097, 45.51008658721989], [-73.57885194067067, 45.51005810317984], [-73.57887246460612, 45.510030024064385], [-73.57889399804287, 45.51000237738242], [-73.57891651340151, 45.50997518957411], [-73.57893998127939, 45.50994848592919], [-73.57917609735817, 45.509698847182996], [-73.57950844011789, 45.5093583953529], [-73.57984231873728, 45.508747459475245], [-73.58013647937217, 45.50819872088711], [-73.57805229970089, 45.50718135062024], [-73.57348832277441, 45.50496714921509], [-73.57307850174038, 45.5053875328254], [-73.57277079492233, 45.505880324870986], [-73.57203033768444, 45.50710012207949], [-73.57135576650592, 45.5082219149212], [-73.57120776684842, 45.50847989703828], [-73.57104437222605, 45.50877440839728], [-73.5708879162913, 45.50913294398694], [-73.57071769789962, 45.509533869397785], [-73.57057669813116, 45.509860831612066], [-73.57047991388221, 45.51008411366165], [-73.57023460532288, 45.51064707834921], [-73.56990731356595, 45.51142094072151], [-73.5696977496237, 45.51190582859198], [-73.56949980848688, 45.5123573448916], [-73.56934672878236, 45.51271247358148], [-73.56922927619789, 45.51297453771372], [-73.56915900672874, 45.513130328191856], [-73.56901134188284, 45.51345796855833], [-73.56891813570459, 45.513664969603184], [-73.56883644095966, 45.51384629520744], [-73.56873341402066, 45.51407604360579], [-73.56853643292472, 45.514517117968225], [-73.56845151987078, 45.51470290359306], [-73.56831493130521, 45.51500562446913], [-73.56818927778396, 45.51528505052761], [-73.56630532915094, 45.51946281200831], [-73.56557515384566, 45.52108133274269], [-73.56556461074399, 45.521264811651484], [-73.56557687249011, 45.521470739706785], [-73.56556928867002, 45.52199710316008], [-73.56553071711454, 45.52256012554421], [-73.56548081852299, 45.52291072715976], [-73.56542992541831, 45.52313998320947], [-73.5651282133158, 45.524172880382885], [-73.56397353229862, 45.52785535517343], [-73.56390806112812, 45.52807006583499], [-73.56375805909406, 45.52853402261164], [-73.56308825052083, 45.530619226174956], [-73.56300145315235, 45.53087519864773], [-73.56213465612996, 45.53357050713257], [-73.56139173669625, 45.53584242753832], [-73.56135010610105, 45.535929711766194], [-73.56037886221371, 45.53776646602073], [-73.55933779266473, 45.53972642062606], [-73.55923278332716, 45.5399245046246], [-73.56163008888669, 45.54015947172501], [-73.5680146236317, 45.54078852573393], [-73.57234863020732, 45.54121515606018], [-73.57369529681769, 45.54134734292941], [-73.57544777698303, 45.54152191051432], [-73.57552955906863, 45.541530193327276], [-73.57561141884176, 45.54153810983529], [-73.57569335131622, 45.54154565951044], [-73.57577535149629, 45.54155284186969], [-73.57585741437781, 45.54155965647477], [-73.57593953494913, 45.54156610293223], [-73.57602170819221, 45.54157218089351], [-73.57615522847706, 45.5415816575022], [-73.57628892606408, 45.54159000312074], [-73.57642277183298, 45.54159721543265], [-73.5765567365859, 45.54160329261565], [-73.57669079106887, 45.54160823334243], [-73.57682490599288, 45.541612036782325], [-73.5769590520554, 45.541614702601656], [-73.57704535443143, 45.541616104514794], [-73.5771316766912, 45.54161702572004], [-73.57721801070018, 45.54161746603999], [-73.5773043483201, 45.541617425387734], [-73.57739068141154, 45.5416169037672], [-73.5774770018364, 45.54161590127288], [-73.57756330146051, 45.54161441808979], [-73.57764468180444, 45.541612613582934], [-73.57772604514595, 45.54161033841916], [-73.57780738321733, 45.541607592733826], [-73.57788868775431, 45.5416043767583], [-73.57796995049894, 45.541600690818996], [-73.57805116320219, 45.54159653533806], [-73.57813231762702, 45.541591910832885], [-73.57822321708743, 45.54158680838301], [-73.57831405323097, 45.541581093641454], [-73.5784048135336, 45.54157476722635], [-73.5784954854887, 45.54156782992466], [-73.57858605661293, 45.54156028269143], [-73.57867651445177, 45.54155212664947], [-73.57876684658537, 45.54154336308928], [-73.57884744466745, 45.54153524676366], [-73.57892796591258, 45.54152673932163], [-73.57900840455817, 45.54151784131493], [-73.57908875485259, 45.54150855335119], [-73.57916901105655, 45.54149887609392], [-73.57924916744454, 45.54148881026209], [-73.57932921830606, 45.541478356630165], [-73.57941896246344, 45.54146568059303], [-73.57950859062014, 45.54145258845694], [-73.57959809691961, 45.54143908102105], [-73.57968747552047, 45.541425159138456], [-73.57977672059769, 45.54141082371677], [-73.57986582634398, 45.5413960757167], [-73.57995478697087, 45.54138091615351], [-73.58005372222723, 45.54136315041515], [-73.58015243078887, 45.541344742923116], [-73.58025090002538, 45.54132569585835], [-73.58034911736411, 45.54130601156573], [-73.58044707029552, 45.54128569255232], [-73.58054474637855, 45.54126474148675], [-73.58064213324573, 45.541243161197926], [-73.58072685459625, 45.54122376110161], [-73.58081140912435, 45.54120399563285], [-73.58089579204842, 45.54118386586392], [-73.58097999860576, 45.541163372908066], [-73.5810640240532, 45.54114251791976], [-73.58114786366829, 45.54112130209406], [-73.58123151275004, 45.54109972666649], [-73.58137716744999, 45.541059648522705], [-73.58152205972624, 45.5410181597132], [-73.58166614818843, 45.5409752711695], [-73.58180939187741, 45.540930994620865], [-73.58195175030404, 45.54088534258281], [-73.58209318348733, 45.540838328346275], [-73.58223365199179, 45.54078996596394], [-73.58233049491555, 45.5407558701924], [-73.58242689154585, 45.54072113745705], [-73.58252282918687, 45.540685772124384], [-73.58261829525932, 45.54064977872723], [-73.58271327730597, 45.54061316196268], [-73.58280776299691, 45.54057592669001], [-73.58290174013513, 45.54053807792866], [-73.58299023893134, 45.54050016847907], [-73.58307845357638, 45.54046192858102], [-73.58316638032885, 45.54042335981837], [-73.58325401547135, 45.54038446380282], [-73.58334135531098, 45.54034524217367], [-73.58342839617983, 45.5403056965977], [-73.58351513443546, 45.540265828768746], [-73.58358175992429, 45.54023311126023], [-73.58364818981472, 45.54020019576431], [-73.58371442232263, 45.54016708314925], [-73.58378045567429, 45.54013377429421], [-73.58384628810659, 45.5401002700888], [-73.58391191786721, 45.54006657143285], [-73.58397734321473, 45.540032679236674], [-73.58406020339214, 45.539987484441504], [-73.58414253177274, 45.53994180196717], [-73.58422431966731, 45.53989563647292], [-73.5843055584975, 45.53984899271942], [-73.58438623979886, 45.539801875567306], [-73.58446635522368, 45.53975428997577], [-73.58454589654401, 45.539706241000204], [-73.5846503400056, 45.539640896395426], [-73.58475365700012, 45.53957464615051], [-73.58485582380693, 45.53950750474684], [-73.58495681721189, 45.53943948707293], [-73.58505661452475, 45.539370608413186], [-73.58515519359628, 45.539300884436486], [-73.58525253283466, 45.539230331184456], [-73.58531274237095, 45.53918613604496], [-73.58537243644648, 45.539141589825974], [-73.58543160887103, 45.53909669699765], [-73.58549025355954, 45.53905146210188], [-73.5855483645341, 45.53900588975074], [-73.58560593592615, 45.53895998462455], [-73.58566296197827, 45.53891375147066], [-73.58573649251329, 45.53885330520425], [-73.58580971688511, 45.53879267406171], [-73.58588263368578, 45.538731859193064], [-73.58595524151907, 45.53867086175505], [-73.58602753900048, 45.53860968291184], [-73.58609952475744, 45.538548323834064], [-73.58617119742931, 45.538486785699554], [-73.58662066132855, 45.53810373442737], [-73.58738267872391, 45.537452379506774], [-73.58806866473063, 45.53686565393173], [-73.58891641191322, 45.53614165303815], [-73.58930188041059, 45.53581135523132], [-73.58963598828781, 45.53552589042347], [-73.59035554741664, 45.534909667577786], [-73.5906907219425, 45.534622452822454], [-73.59104498794169, 45.5343201227663], [-73.59131258158263, 45.53409124897314], [-73.59179239762601, 45.53368063739922], [-73.59210867039106, 45.53341021196943], [-73.5923735898692, 45.53318396603769], [-73.59263091516856, 45.53296417265541], [-73.5928948370705, 45.53273811976486], [-73.5931054054156, 45.532558564119064], [-73.59337413174501, 45.532328535472594], [-73.59359248779428, 45.532141432599005], [-73.59384065375372, 45.53192894597657], [-73.59420534988877, 45.53161630359487], [-73.5944496601517, 45.531407782903194], [-73.59467697299505, 45.531214610048906], [-73.59493251575618, 45.531003872253294], [-73.5950090498009, 45.53094179840717], [-73.59508663425405, 45.53088035301159], [-73.59516525333443, 45.530819549172996], [-73.59524489082169, 45.53075939973499], [-73.59532553006768, 45.53069991726925], [-73.59540715400786, 45.530641114067286], [-73.59548974517345, 45.53058300213118], [-73.59556073851529, 45.530533583367216], [-73.59563245903524, 45.53048467280414], [-73.59570489562827, 45.530436278331294], [-73.59577803695944, 45.530388407677364], [-73.59585187147005, 45.53034106840624], [-73.59592638738356, 45.53029426791347], [-73.59600157271194, 45.53024801342149], [-73.59620836513909, 45.5301256209302], [-73.59646037873485, 45.529982393025314], [-73.59658281794758, 45.52991617872478], [-73.59670667407848, 45.529851229504885], [-73.59683190720294, 45.52978756762433], [-73.59695847646171, 45.52972521450729], [-73.5970863401054, 45.52966419071905], [-73.59721545554036, 45.52960451594348], [-73.59734577937591, 45.529546208962174], [-73.59743031365036, 45.52950931725157], [-73.59751527649676, 45.52947290423306], [-73.5976006596627, 45.52943697357318], [-73.59768645481176, 45.529401528844396], [-73.59777265352614, 45.52936657352392], [-73.59785924730942, 45.52933211099296], [-73.59794622758939, 45.52929814453534], [-73.59806468318054, 45.52925336930022], [-73.59818394628518, 45.529209626309374], [-73.59830398949588, 45.529166926233444], [-73.59842478502917, 45.529125279262374], [-73.59854630474685, 45.52908469509696], [-73.5986685201778, 45.529045182941246], [-73.59879140254036, 45.52900675149569], [-73.59889132536617, 45.528976601142766], [-73.59899169408725, 45.5289471657557], [-73.59909249313542, 45.528918450164724], [-73.59919370680288, 45.528890458976406], [-73.59929531925054, 45.52886319657097], [-73.5993973145162, 45.52883666710013], [-73.59949967652284, 45.528810874484726], [-73.59959259821711, 45.52878829248613], [-73.59968583044177, 45.52876632758357], [-73.59977936073255, 45.52874498289946], [-73.59987317654155, 45.52872426138954], [-73.59996726524291, 45.528704165843], [-73.60006161413855, 45.52868469887954], [-73.60015621046372, 45.528665862949154], [-73.60025328579187, 45.52864726624621], [-73.60035060593415, 45.52862928450481], [-73.60044815904698, 45.528611920074944], [-73.60054593322685, 45.52859517515583], [-73.6006439165154, 45.528579051795546], [-73.60074209690389, 45.528563551889874], [-73.60084046233845, 45.52854867718159], [-73.60101827711921, 45.52852277477732], [-73.60119654754986, 45.528498351569624], [-73.60137523622083, 45.528475413334284], [-73.60155430553034, 45.52845396522274], [-73.60173371771083, 45.52843401175869], [-73.60191343485548, 45.52841555683448], [-73.60209341894495, 45.52839860370894], [-73.60216788361348, 45.52839210999874], [-73.60224240253447, 45.528385913321074], [-73.60231697210918, 45.52838001400408], [-73.60239158873357, 45.52837441234765], [-73.60246624879895, 45.52836910862248], [-73.60254094869258, 45.52836410307078], [-73.60261568479817, 45.52835939590585], [-73.60270084192294, 45.52835397912745], [-73.6027860621251, 45.52834902268489], [-73.60287133784635, 45.52834452710001], [-73.60295666151713, 45.52834049281326], [-73.60304202555899, 45.52833692018279], [-73.60312742238666, 45.52833380948497], [-73.60321284441054, 45.528331160913865], [-73.60329592480387, 45.52832882314596], [-73.60337903959241, 45.52832700310015], [-73.60346217897859, 45.5283257011133], [-73.60354533315666, 45.52832491740015], [-73.60362849231666, 45.52832465205322], [-73.60371164664822, 45.52832490504266], [-73.60379478634441, 45.52832567621611], [-73.60385316261177, 45.52832582637569], [-73.60391153915427, 45.528326220058226], [-73.60396991288745, 45.528326857268695], [-73.60402828072678, 45.52832773798626], [-73.60408663958835, 45.52832886216439], [-73.60414498638916, 45.5283302297309], [-73.60420331804792, 45.52833184058763], [-73.6042989917958, 45.52833446229702], [-73.60439466058004, 45.5283371760045], [-73.60449032413209, 45.52833998170304], [-73.60458598218334, 45.528342879385], [-73.60468163446527, 45.528345869042155], [-73.60477728070938, 45.528348950665965], [-73.60487292064721, 45.52835212424724], [-73.60495172747838, 45.528353974138255], [-73.60503053477814, 45.52835581425729], [-73.6051093425428, 45.52835764460463], [-73.6051881507687, 45.5283594651798], [-73.60526695945214, 45.52836127598299], [-73.60534576858947, 45.52836307701405], [-73.60542457817698, 45.52836486827287], [-73.60550334885443, 45.528365980869204], [-73.60558213533739, 45.52836666465904], [-73.60566093053767, 45.52836691950366], [-73.60573972736415, 45.52836674534159], [-73.6058185187251, 45.52836614218828], [-73.60589729753012, 45.52836511013699], [-73.60597605669236, 45.528363649357544], [-73.60604912146857, 45.528361036239154], [-73.60612214435159, 45.52835769001498], [-73.60619510301431, 45.52835361125915], [-73.60626797515526, 45.52834880099371], [-73.60634073852121, 45.52834326068756], [-73.60641337092996, 45.52833699225502], [-73.60648585029273, 45.52832999805387], [-73.60654907735793, 45.52832286927076], [-73.60661218356881, 45.528315176796106], [-73.6066751536815, 45.52830692220972], [-73.60673797251026, 45.528298107362666], [-73.6068006249398, 45.52828873437601], [-73.6068630959372, 45.528278805638976], [-73.60692537056418, 45.52826832380681], [-73.60697554195477, 45.528259492756135], [-73.60702557281476, 45.52825025223216], [-73.60707545301167, 45.52824060393107], [-73.60712517246962, 45.52823054971391], [-73.60717472117612, 45.528220091605306], [-73.60722408918883, 45.528209231792424], [-73.60727326664215, 45.52819797262324], [-73.6073096040765, 45.528189422599716], [-73.6073458672952, 45.528180714327455], [-73.60738205420797, 45.52817184828814], [-73.60741816273301, 45.52816282498173], [-73.6074541907975, 45.52815364492624], [-73.60749013633784, 45.52814430865768], [-73.60752599730026, 45.528134816729796], [-73.60757441006662, 45.52812121938326], [-73.60762265352666, 45.52810731838388], [-73.60767072190804, 45.52809311531114], [-73.60771860947855, 45.528078611816824], [-73.60776631054853, 45.528063809624236], [-73.60781381947311, 45.528048710527344], [-73.60786113065438, 45.5280333163904], [-73.6079101951928, 45.52801645105434], [-73.60795904526823, 45.52799927212018], [-73.60800767480852, 45.527981781627844], [-73.60805607779427, 45.52796398169379], [-73.6081042482616, 45.52794587451164], [-73.60815218030419, 45.52792746235018], [-73.60819986807616, 45.52790874755267], [-73.60824788083296, 45.527889452840505], [-73.60829558842167, 45.52786977550919], [-73.60834298161419, 45.52784971917089], [-73.60839005129915, 45.52782928758367], [-73.6084367884875, 45.527808484649775], [-73.60848318431836, 45.527787314412265], [-73.60852923006458, 45.5277657810534], [-73.60857823885362, 45.52774224282329], [-73.60862694435238, 45.527718387996856], [-73.60867534037081, 45.52769421948939], [-73.60872342079499, 45.52766974029536], [-73.60877117958984, 45.527644953487815], [-73.60881861080144, 45.527619862216454], [-73.60886570855966, 45.52759446970679], [-73.60891249010966, 45.52756932941567], [-73.60895921006356, 45.52754413236484], [-73.60900586821253, 45.52751887866613], [-73.60905246434827, 45.52749356843207], [-73.60909899826301, 45.52746820177538], [-73.60914546974949, 45.5274427788097], [-73.60919187860112, 45.52741729964872], [-73.61045290287285, 45.526717621280696], [-73.61073028621045, 45.5265639252841], [-73.61100487952217, 45.52641139426653], [-73.61242394117825, 45.52562479973603], [-73.61225046692165, 45.525549431649544], [-73.61148512350005, 45.525208395911015], [-73.61141673743492, 45.52517792169072], [-73.61125438995553, 45.52510557868762], [-73.61117200109605, 45.52506886565385], [-73.61100722487045, 45.524995439406005], [-73.61080893547332, 45.52490795028943], [-73.6106438251006, 45.52483467762062], [-73.61056133987398, 45.52479807408164], [-73.61047885612163, 45.52476147048162], [-73.61039637247617, 45.52472486682161], [-73.61031388756173, 45.52468825870932], [-73.61023140413012, 45.524651654929606], [-73.61014892080544, 45.524615051089924], [-73.61006540884885, 45.524577991231745], [-73.60998260021726, 45.52454123819761], [-73.6098856120625, 45.52449819810873], [-73.60981763431982, 45.52446803009702], [-73.6097351515315, 45.524431425956976], [-73.60965266865475, 45.52439482175705], [-73.6095701860717, 45.524358213103405], [-73.60948731534006, 45.52432143779961], [-73.60940483297989, 45.52428483341962], [-73.60932126959956, 45.52424774670213], [-73.6092387872593, 45.52421114220177], [-73.60915630385396, 45.52417453764263], [-73.60907274060469, 45.5241374507425], [-73.60898819214147, 45.52409992534607], [-73.60890484300147, 45.52406293917459], [-73.6088232260874, 45.52402671580409], [-73.60874074321225, 45.52399010654938], [-73.60865826201518, 45.523953501627204], [-73.60857578053434, 45.52391689664544], [-73.60849329837909, 45.52388029160451], [-73.60842727065601, 45.523850986478664], [-73.6083640487939, 45.52382292647746], [-73.60829802004139, 45.523793625671324], [-73.60818252490246, 45.52374236339572], [-73.60795613468255, 45.52364319096991], [-73.60782523207693, 45.52358498319322], [-73.60774217130425, 45.52354804862276], [-73.60766036103757, 45.52351167081935], [-73.6075779256742, 45.52347501234586], [-73.60749549042623, 45.523438358206285], [-73.60741305527688, 45.52340169961314], [-73.60733061907092, 45.523365045355014], [-73.60724818413559, 45.523328386642156], [-73.60716445552312, 45.523291153502164], [-73.60708202081183, 45.52325449906243], [-73.60699958502725, 45.52321784017036], [-73.60691715052995, 45.523181185611094], [-73.60683471613136, 45.523144526598266], [-73.60675228184807, 45.52310787191934], [-73.60666984649151, 45.523071212787976], [-73.60653465351271, 45.52301109625177], [-73.60633685823528, 45.52292313753777], [-73.60613623696361, 45.5228356907806], [-73.6059714137739, 45.52276243303398], [-73.60588896656972, 45.52272579092283], [-73.60580652102688, 45.522689144356676], [-73.60572407403664, 45.522652502125936], [-73.60564162870779, 45.52261585544012], [-73.60555918427544, 45.52257921308746], [-73.60547673916875, 45.52254257067577], [-73.60539429259822, 45.52250592381188], [-73.60531184848679, 45.522469281279726], [-73.60522940213842, 45.522432638689885], [-73.60514695745147, 45.522395991645055], [-73.60506776033247, 45.52236079149097], [-73.60498206919615, 45.5223227061627], [-73.60484308348849, 45.52226093026468], [-73.60476063931098, 45.5222242873333], [-73.6046781936697, 45.5221876399497], [-73.60459529069882, 45.522150790812645], [-73.60451284528024, 45.52211414770277], [-73.6044304007418, 45.52207750013861], [-73.60434795709979, 45.52204085690765], [-73.60426551434605, 45.52200421361613], [-73.60418306856597, 45.521967565873894], [-73.6041006260262, 45.5219309224628], [-73.60401818281207, 45.5218942789925], [-73.60393573969685, 45.52185763106864], [-73.6038532951341, 45.521820987480105], [-73.60377073416804, 45.521784291212605], [-73.60368829059261, 45.52174764310997], [-73.60360584791354, 45.52171099934043], [-73.6035234037708, 45.52167435111873], [-73.60302644154159, 45.52145345643738], [-73.60282688238564, 45.52136372692511], [-73.60274544280365, 45.52132770993568], [-73.6026628797156, 45.52129120179751], [-73.60258031672625, 45.52125468920561], [-73.60249775307035, 45.52121818094803], [-73.6024151902945, 45.52118166823613], [-73.60233262763336, 45.521145159858044], [-73.60225006350842, 45.52110864702755], [-73.60216750106075, 45.52107213852936], [-73.60208493871185, 45.52103562557747], [-73.60198590861032, 45.52099183364248], [-73.60183725232153, 45.520926095149306], [-73.60167212859236, 45.52085307309915], [-73.60158956766521, 45.52081655978664], [-73.60150700450883, 45.520780050809776], [-73.6014244430139, 45.520743537377975], [-73.60133928257503, 45.520705875028966], [-73.60128424119287, 45.5206815341315], [-73.60122855010057, 45.520656908189316], [-73.60117361827992, 45.52063261547255], [-73.60109105721598, 45.5205961017984], [-73.60100849626666, 45.520559592457964], [-73.6009259354162, 45.520523078663814], [-73.60084337468037, 45.52048656920339], [-73.60075147349417, 45.52044592461398], [-73.60067714635264, 45.52041305458455], [-73.6005945859384, 45.52037654494325], [-73.60051202484182, 45.520340030849006], [-73.60042946464105, 45.52030352108779], [-73.60034690297665, 45.52026700687424], [-73.6002658598515, 45.52023116351198], [-73.60018329840644, 45.52019465357326], [-73.60010073940414, 45.52015813917877], [-73.60001817817256, 45.52012162912007], [-73.59993561860247, 45.52008511460626], [-73.5998530591469, 45.52004860442621], [-73.59977049822774, 45.52001208979378], [-73.59968793898562, 45.51997557949375], [-73.5996053798425, 45.519939064739965], [-73.59952282002484, 45.51990254992688], [-73.59944025797786, 45.51986603944967], [-73.59935769915495, 45.51982952451592], [-73.59927514044652, 45.51979301391591], [-73.5991925818371, 45.519756498862165], [-73.59911067073445, 45.519720273174364], [-73.59902811233765, 45.51968375800111], [-73.59894555405532, 45.51964724716161], [-73.59886299587203, 45.51961073186837], [-73.5987786848413, 45.519573444730604], [-73.59869612687375, 45.51953692931612], [-73.59861356902061, 45.51950041823539], [-73.59852989007265, 45.519463411567834], [-73.59842477540778, 45.51941955587533], [-73.59831966090611, 45.5193757000857], [-73.59821980984441, 45.51933133439194], [-73.59813653766949, 45.51929433147915], [-73.5980534297986, 45.519257403058006], [-73.59797147763423, 45.51922098765411], [-73.59788804002766, 45.51918391000748], [-73.59780592075722, 45.51914741993377], [-73.59772347321235, 45.519110785087804], [-73.59764033617088, 45.51907384320873], [-73.59747478328909, 45.51900027939693], [-73.59739233461123, 45.518963644311995], [-73.59730988759529, 45.518927004772074], [-73.59722711075337, 45.51889022485314], [-73.59714367412398, 45.51885314665976], [-73.59680966601934, 45.51870472804651], [-73.59654575863065, 45.518587453660125], [-73.59541744798527, 45.51808043112375], [-73.59528593612775, 45.51802133507366], [-73.59513055033199, 45.51795150724138], [-73.59447858314361, 45.51766657298356], [-73.59431313846703, 45.517593918382964], [-73.59421221879734, 45.51754959838602], [-73.59414527059505, 45.51752019785685], [-73.59411629663327, 45.51750747545277], [-73.5941129520404, 45.51750600630085], [-73.5940136854367, 45.517462414129035], [-73.59397982833836, 45.517447542769666], [-73.5939137577174, 45.51741955617097], [-73.59381348861048, 45.517377085055955], [-73.59371447199325, 45.51733321121753], [-73.59364770525438, 45.51730363010277], [-73.59357419937622, 45.51727106232327], [-73.59340016543206, 45.51719394937695], [-73.59318396838322, 45.5170948446777], [-73.59301705583991, 45.51702067793883], [-73.59291812313194, 45.51697671546405], [-73.59281918745305, 45.516932752905646], [-73.59272025505307, 45.516888790258484], [-73.59262132124462, 45.51684482752643], [-73.59252238602771, 45.5168008647097], [-73.59235749694346, 45.51672759169012], [-73.59219260828696, 45.51665431843136], [-73.5920277200654, 45.51658104932703], [-73.59194527532667, 45.51654441029196], [-73.59186283226444, 45.5165077755896], [-73.59184252758845, 45.51649875396334], [-73.59139584820362, 45.51630025967669], [-73.59135920685665, 45.516283583932086], [-73.59124555127292, 45.51623127924937], [-73.59048458122946, 45.51588108277956], [-73.59026511175311, 45.515780081417084]]]]}}, {"type": "Feature", "properties": {"NOM": "C\u00f4te-des-Neiges-Notre-Dame-de-Gr\u00e2ce"}, "geometry": {"type": "MultiPolygon", "coordinates": [[[[-73.63081970730153, 45.47934520320604], [-73.6311682160824, 45.47896703974521], [-73.6311235144526, 45.478946945295235], [-73.63106955807312, 45.4789228058374], [-73.63102450795633, 45.47890243549541], [-73.63091715826047, 45.47885417381182], [-73.63080973703887, 45.47880587791459], [-73.63071122399839, 45.47876158683969], [-73.63061271113297, 45.47871730467776], [-73.63050589991022, 45.47866927955002], [-73.63039798515203, 45.47862076426532], [-73.6302829821386, 45.478569066105734], [-73.6299149101028, 45.47840358503262], [-73.62992374259564, 45.478365322492536], [-73.63037149965989, 45.47828335998846], [-73.63201885806933, 45.47798180359927], [-73.63255929406762, 45.47788287122817], [-73.63283223775888, 45.47778469579186], [-73.63348534705118, 45.477556732060705], [-73.63370992133213, 45.47747834738135], [-73.63463592628858, 45.477192929600335], [-73.63496517951663, 45.47710509570352], [-73.63529999149782, 45.47703315997099], [-73.63566894937114, 45.47697222833058], [-73.63601505279074, 45.4769317717409], [-73.63642346935546, 45.47690413180959], [-73.63668032646059, 45.476892761134756], [-73.63708037853088, 45.47688565527713], [-73.63724916368619, 45.476878264622016], [-73.63759968614413, 45.476865786768236], [-73.63795514225106, 45.476852448825355], [-73.63824945941401, 45.476845027396124], [-73.63856583221173, 45.47684577786373], [-73.6386743243312, 45.47684504870663], [-73.63887221789085, 45.476842277920866], [-73.6390371622114, 45.476856436134554], [-73.63932297817334, 45.47686285383797], [-73.63950377961937, 45.476834671321924], [-73.6396069433593, 45.47680399097263], [-73.63973495202492, 45.4767466275652], [-73.64037751407795, 45.47633424688121], [-73.6410020100068, 45.47593344969263], [-73.64162636556121, 45.475532737420416], [-73.64208680935974, 45.47523641095196], [-73.64228146053978, 45.47510428521711], [-73.64271630992796, 45.47482994794499], [-73.64291721174011, 45.474716197193054], [-73.64311973960586, 45.47460293536491], [-73.64335841611809, 45.47449100728039], [-73.6438881848859, 45.47422036080662], [-73.64445973143351, 45.47396696130694], [-73.64439012011684, 45.47393717167789], [-73.64592219912184, 45.47327642916553], [-73.64588734478296, 45.47309121392136], [-73.6470339523174, 45.4721721004975], [-73.64720696151541, 45.472033411764684], [-73.64766845040565, 45.471673545492806], [-73.6478744399515, 45.47150287838905], [-73.64831519777022, 45.471153272978164], [-73.64848897128759, 45.471012885972335], [-73.64893562483486, 45.470652048466036], [-73.64911034170018, 45.47051312602497], [-73.64933453742692, 45.470334876460036], [-73.64945341430001, 45.470381980116024], [-73.64983377379907, 45.4696809715284], [-73.65034834887211, 45.46873258043534], [-73.65088596272307, 45.46837117627164], [-73.651767284406, 45.46787678820286], [-73.65221382354653, 45.46762629257269], [-73.65323182136899, 45.466292206870136], [-73.65330764721251, 45.46631458335296], [-73.65356749833104, 45.4659591539246], [-73.65416069842166, 45.465147761905435], [-73.65575912563834, 45.46295464505904], [-73.65586139779947, 45.46289818578074], [-73.65587118835103, 45.46289278592262], [-73.65624730299514, 45.46268517441973], [-73.6574711667862, 45.461999898808386], [-73.65740287374034, 45.46197229376558], [-73.6582725913034, 45.46145439925419], [-73.65806394656141, 45.461386856592846], [-73.65771339217835, 45.46125004477585], [-73.6577183793946, 45.461238668289084], [-73.65772194777063, 45.461227022906435], [-73.65772406560306, 45.46121520315601], [-73.65772471779682, 45.46120329814387], [-73.65772389948884, 45.461191397861704], [-73.657721617327, 45.46117959318512], [-73.65771788690252, 45.461167972277806], [-73.65771273787222, 45.46115662328391], [-73.65770620883634, 45.46114563163568], [-73.65769834861706, 45.461135080051655], [-73.65768921625839, 45.46112504853668], [-73.65767888102141, 45.46111561258222], [-73.65766742110526, 45.46110684316814], [-73.65763547219294, 45.461078238747284], [-73.6576069518195, 45.46104790547476], [-73.65758204209384, 45.46101603566971], [-73.65758240167224, 45.460985375493685], [-73.65758380537834, 45.46097975579532], [-73.65758591907267, 45.460974246698825], [-73.65758872753607, 45.46096889321764], [-73.65759220659585, 45.46096373947768], [-73.65759632823085, 45.46095882511096], [-73.65760106058885, 45.46095419155442], [-73.65760636541155, 45.460949875754636], [-73.65761219803983, 45.46094591196743], [-73.6576480202804, 45.46092366594042], [-73.65765640819043, 45.46091802490378], [-73.65766413505956, 45.460911942952706], [-73.65767115622131, 45.46090545164373], [-73.65767742831042, 45.46089859063023], [-73.65771230885797, 45.460856897430155], [-73.65774519990325, 45.4608175708719], [-73.65774740138055, 45.46081466041713], [-73.6577492534377, 45.460811629865], [-73.65775073951443, 45.46080850173465], [-73.65775185071762, 45.4608052967349], [-73.65775257688053, 45.460802037376084], [-73.65775291423483, 45.4607987479593], [-73.65775286028102, 45.46079544918461], [-73.65775241636554, 45.460792165346035], [-73.65772875843359, 45.46067129780049], [-73.65772820104154, 45.460668589122456], [-73.65772758868334, 45.46066588681928], [-73.65772692007785, 45.460663189992864], [-73.65772113522434, 45.46064529276958], [-73.65771303335764, 45.46062784687023], [-73.65770268521653, 45.460610998872134], [-73.6576946621426, 45.46060071386724], [-73.65768527762364, 45.46059101744326], [-73.65767461630183, 45.46058199856813], [-73.65766277814342, 45.460573738989865], [-73.65764986949283, 45.46056631504853], [-73.65763488317616, 45.46055850703757], [-73.65757514156822, 45.46052738447461], [-73.65756114193445, 45.46052077819198], [-73.65754633423207, 45.46051511246533], [-73.65753084263605, 45.46051043841456], [-73.65751480279452, 45.46050679454586], [-73.65749835161647, 45.46050421306484], [-73.65748162981933, 45.460502716273545], [-73.65746478448628, 45.46050231656702], [-73.65745665046956, 45.460502226096615], [-73.6574485321541, 45.46050180445926], [-73.65744046280102, 45.46050105700821], [-73.65743436636582, 45.46050027174329], [-73.65742832311481, 45.46049929923598], [-73.65742234711863, 45.460498141266605], [-73.65737856720644, 45.4604889376397], [-73.65730609842065, 45.46047370312117], [-73.6573009840146, 45.460472453973935], [-73.65729604902295, 45.46047088783227], [-73.65729133184385, 45.460469018141076], [-73.65728686960439, 45.46046686104655], [-73.65728269687666, 45.460464433598275], [-73.65727884695904, 45.460461754647284], [-73.65727535060016, 45.46045884574765], [-73.6572722359936, 45.46045572935685], [-73.65726952750694, 45.46045243153699], [-73.65726724438794, 45.46044897655756], [-73.65726540845185, 45.46044539228388], [-73.6572652077009, 45.46044493363687], [-73.65726501208722, 45.46044448308142], [-73.6572648190284, 45.46044403162261], [-73.65725997171592, 45.460431686957584], [-73.65725606762557, 45.46041917902082], [-73.65725311324525, 45.46040654199779], [-73.6572520889114, 45.46040052521235], [-73.6572513624515, 45.46039448642043], [-73.65725093260923, 45.46038843372241], [-73.65725103472764, 45.460375030318694], [-73.65725258828323, 45.46036167170901], [-73.65725558581804, 45.46034843529063], [-73.65726123691205, 45.460328400452845], [-73.65728231922604, 45.46025364159639], [-73.65728589371385, 45.460240964989005], [-73.65729282996789, 45.460216367940625], [-73.65729316220276, 45.46021490792666], [-73.65729332049446, 45.46021343285488], [-73.65729330615163, 45.4602119535214], [-73.65729311792566, 45.46021048072637], [-73.65729275839894, 45.460209023464685], [-73.65729222760152, 45.46020759253448], [-73.65729153195183, 45.46020619692542], [-73.65729067403726, 45.460204847432145], [-73.6572896577139, 45.46020355124813], [-73.65728840604069, 45.46020222929252], [-73.65728699092654, 45.460200990348156], [-73.65728542646694, 45.4601998451938], [-73.6572837241926, 45.46019880191219], [-73.65728189563661, 45.46019786948599], [-73.65727995871556, 45.46019705328958], [-73.65725254292697, 45.46018665907582], [-73.65724497454171, 45.46018349482439], [-73.657237810291, 45.46017989538868], [-73.65723110011348, 45.46017588589581], [-73.65722489139795, 45.46017149417598], [-73.65721922898568, 45.4601667516623], [-73.65721415132965, 45.46016169159637], [-73.65720969946754, 45.46015635711459], [-73.65720788920409, 45.46015372394577], [-73.65720637406335, 45.46015099948594], [-73.6572051617648, 45.460148200821585], [-73.6572042625854, 45.460145345035784], [-73.65720361541189, 45.460142066873544], [-73.65720337734346, 45.46013876205264], [-73.6572035497262, 45.46013545486716], [-73.65720413135138, 45.46013217051454], [-73.65720511845544, 45.46012893509564], [-73.65720650343121, 45.46012577201698], [-73.65721003612788, 45.460119679670676], [-73.65721434312732, 45.46011383911638], [-73.65721938492295, 45.46010829810041], [-73.65722512328175, 45.46010310256765], [-73.65723150845523, 45.46009829577928], [-73.65723848813012, 45.46009391830042], [-73.65724600486088, 45.46009000440436], [-73.65724862408639, 45.460088797699406], [-73.65748397012723, 45.459984718082154], [-73.65753050499023, 45.45995388894767], [-73.65753785288143, 45.45994859219586], [-73.65754454365307, 45.45994288061924], [-73.65755052754464, 45.459936792980095], [-73.65755576375896, 45.45993037252761], [-73.65756021406372, 45.459923665206944], [-73.6575638479038, 45.459916718752424], [-73.65756663984384, 45.459909582690905], [-73.65756856828199, 45.4599023056442], [-73.65757441188464, 45.4598821211487], [-73.6575847565609, 45.4598463765377], [-73.6575860802216, 45.459840491492805], [-73.65758666720104, 45.45983454807431], [-73.65758651378881, 45.45982859127953], [-73.65758562138912, 45.45982266609905], [-73.65758399780458, 45.45981681931446], [-73.65758165338511, 45.45981109410425], [-73.65757860743632, 45.45980553543396], [-73.65757488564961, 45.45980018556133], [-73.65757025110614, 45.459793536664534], [-73.6575664533794, 45.459786630155996], [-73.65756351946663, 45.45977951818987], [-73.65756147253403, 45.459772254725266], [-73.65756032679444, 45.45976489283374], [-73.65756009263487, 45.45975748919156], [-73.65756077020778, 45.459750098689376], [-73.65756235583474, 45.45974277802276], [-73.65756483560041, 45.4597355812019], [-73.65756819303208, 45.45972856224043], [-73.65757240270399, 45.4597217742645], [-73.65757743023711, 45.45971526951276], [-73.65758324123753, 45.45970909482471], [-73.6575897923682, 45.45970329975179], [-73.65759687661236, 45.45969793047185], [-73.65760445666547, 45.459692906949584], [-73.65761249422262, 45.459688249034464], [-73.65761626113037, 45.459686389246045], [-73.6576202396677, 45.459684762226615], [-73.6576244017365, 45.45968337971298], [-73.65762871668134, 45.45968225344545], [-73.65763315255559, 45.45968139066691], [-73.65763767613146, 45.45968079772216], [-73.65768221403161, 45.459676353080546], [-73.65770890894129, 45.45967452912514], [-73.65773573000969, 45.45967438590895], [-73.65776246114663, 45.459675924630204], [-73.65792780935105, 45.45969068764347], [-73.65805997744826, 45.45970046617343], [-73.6580777267833, 45.45970231509928], [-73.65809519133843, 45.45970520914229], [-73.65811224702826, 45.45970912867765], [-73.65812876974717, 45.45971404688184], [-73.65814460219181, 45.459719954074544], [-73.65815960753751, 45.45972684774592], [-73.65817366159776, 45.45973467227756], [-73.65818664783261, 45.45974336304201], [-73.65828976449517, 45.459818915570644], [-73.65829212682378, 45.4598205050313], [-73.65829467669938, 45.459821944857], [-73.65829739363048, 45.45982322337809], [-73.65830025841181, 45.45982433162243], [-73.65830324800459, 45.459825261523605], [-73.65830634065121, 45.45982600591262], [-73.6583095133179, 45.459826558522714], [-73.6583127416998, 45.45982691578806], [-73.65831600277319, 45.45982707504102], [-73.65831927096211, 45.45982703541721], [-73.65832252068796, 45.459826795152445], [-73.6583271183531, 45.45982617418227], [-73.65833162446422, 45.45982527888467], [-73.65833600579847, 45.459824117404295], [-73.6583402304066, 45.45982269608445], [-73.65834426763315, 45.45982102666545], [-73.65834808682526, 45.45981912178807], [-73.65835166244466, 45.45981699408525], [-73.65835496640845, 45.45981466069339], [-73.65836723730753, 45.459804409688395], [-73.65837828007147, 45.459793487297], [-73.65838801946806, 45.45978196831166], [-73.6584299849252, 45.459727383708305], [-73.65843813745342, 45.45971677396821], [-73.6584428590264, 45.45971063404196], [-73.65809439471293, 45.459580752899235], [-73.65796257860718, 45.45953024851282], [-73.65785000554797, 45.45948711595004], [-73.65780418670833, 45.4594700614117], [-73.65763194001724, 45.459405930271274], [-73.65745969115639, 45.45934179797345], [-73.65732761390247, 45.45929262049093], [-73.65728744524536, 45.459277666311046], [-73.65711519972436, 45.45921353438768], [-73.65690505809663, 45.45913528882604], [-73.65677070729515, 45.45908526976151], [-73.6566786434066, 45.459050992110846], [-73.65667228061788, 45.459048619834945], [-73.65632506768405, 45.4589193380623], [-73.65623002014317, 45.458882814507156], [-73.65573889432012, 45.4586941036233], [-73.65540610015938, 45.45856537889323], [-73.65539680344716, 45.458561780442544], [-73.65518826492158, 45.45846861631676], [-73.65518499524384, 45.45846715310332], [-73.65508752728685, 45.458429639348225], [-73.65497469566733, 45.45838620644424], [-73.65490554656267, 45.458359594487035], [-73.65486186807891, 45.45834278152166], [-73.6547610098552, 45.45830396280145], [-73.65473458187917, 45.45829378710487], [-73.65467552956324, 45.45827106398036], [-73.6545900544826, 45.45823816418823], [-73.65456363296364, 45.458227989343], [-73.65448919404965, 45.4581993362317], [-73.65444397217186, 45.45818193669144], [-73.65439004127882, 45.458161174466554], [-73.65429088991782, 45.45812301171334], [-73.65419173741422, 45.458084849775204], [-73.6540917338418, 45.458046354154554], [-73.65408498069088, 45.45804376179742], [-73.65399172915119, 45.45800786744612], [-73.65396531937682, 45.45799770054502], [-73.65384531522471, 45.457951507350664], [-73.65382077567384, 45.45794205898105], [-73.65369085651747, 45.457892056664534], [-73.65360564904788, 45.45785926171697], [-73.6535581876282, 45.457840985809355], [-73.65348564563301, 45.45781306843782], [-73.65342805330349, 45.457790895606465], [-73.6533656424139, 45.45776687503205], [-73.65329984104453, 45.457741549621346], [-73.6531943595819, 45.45770094303394], [-73.65317162898515, 45.45769219470405], [-73.65304341717298, 45.45764284842977], [-73.6530251208398, 45.45763579892385], [-73.65291691799884, 45.45759415000074], [-73.65285417941493, 45.4575699977708], [-73.65278870663052, 45.45754480343913], [-73.65270323458226, 45.457511902718956], [-73.65268323528935, 45.45750420515239], [-73.65261775948795, 45.45747899315122], [-73.65251229465878, 45.45743840348498], [-73.65244681276631, 45.45741319139366], [-73.6523413700572, 45.4573726103274], [-73.65230663707446, 45.45735923797837], [-73.65217671744632, 45.45730922514784], [-73.6521704114676, 45.457306799383325], [-73.65202063672696, 45.4572491500357], [-73.65199946890694, 45.45724099694888], [-73.65193516557098, 45.45721624873804], [-73.6518285298651, 45.4571751942533], [-73.65181550549036, 45.45717018505661], [-73.65165758809879, 45.4571093913047], [-73.65159493794677, 45.45708522068845], [-73.65136938341229, 45.45699817984037], [-73.65131263942273, 45.4569762772308], [-73.651141795297, 45.45691035035232], [-73.65097095469056, 45.45684442321292], [-73.65080011136023, 45.456778495820856], [-73.65062927154916, 45.456712568167795], [-73.65045803527389, 45.45664648260389], [-73.65028717752968, 45.4565805544614], [-73.65011497023936, 45.45651409179244], [-73.6499427602549, 45.45644763765422], [-73.6497705537961, 45.456381183251], [-73.64959834771813, 45.45631471979922], [-73.64942614206751, 45.45624826487418], [-73.64925978479995, 45.45618229415262], [-73.64908766390698, 45.45611571557855], [-73.6490800957651, 45.45611279039696], [-73.64891554344177, 45.45604914553147], [-73.64887519363354, 45.45603353861973], [-73.64874675434797, 45.45598386266373], [-73.64873859254647, 45.45598070975478], [-73.64858833349943, 45.455922590781235], [-73.6485740503552, 45.45591706438272], [-73.6484517329244, 45.455869752784004], [-73.64840322472915, 45.45585099277052], [-73.64831513262725, 45.45581692341004], [-73.64823240574472, 45.45578492089341], [-73.64816487132767, 45.45575880388074], [-73.64806158403725, 45.45571884876379], [-73.64801461345797, 45.45570068414874], [-73.64789076275129, 45.45565278516492], [-73.64787801397623, 45.45564785424954], [-73.64774141472638, 45.45559501539862], [-73.64771382369693, 45.45558434778073], [-73.64759115772567, 45.45553689510684], [-73.64754212203606, 45.455517933293365], [-73.64744089791179, 45.45547877462044], [-73.64737041765632, 45.45545151855047], [-73.64719160817403, 45.455382353396985], [-73.64711334146246, 45.45535207547807], [-73.64702130759088, 45.4553164811504], [-73.64685976269753, 45.45525399819514], [-73.64685512258153, 45.45525220270191], [-73.64668326669961, 45.45518572560476], [-73.64668181374182, 45.455185165063895], [-73.64656776727573, 45.45514104829597], [-73.64644081310674, 45.455091939028094], [-73.6464393539108, 45.455091378492135], [-73.64619689800412, 45.45499759139911], [-73.64602741636314, 45.4549312508752], [-73.64602662583216, 45.45493094431962], [-73.64577122609528, 45.45483096003073], [-73.64576458935919, 45.454828367369124], [-73.64560141423516, 45.45476448748016], [-73.64558900318285, 45.454759634966486], [-73.64543239332072, 45.45469833002313], [-73.64541873554036, 45.45469297818477], [-73.64526086682922, 45.45463118250208], [-73.64524846519973, 45.4546263299394], [-73.6450893407444, 45.45456403472234], [-73.64507819523723, 45.45455967265138], [-73.6449178119448, 45.454496886687615], [-73.64490792567551, 45.4544930151083], [-73.64474628667335, 45.45442973839014], [-73.64473765965846, 45.4544263660938], [-73.6445673908982, 45.454359708040634], [-73.64448225510762, 45.45432637892028], [-73.64443854834605, 45.45430927200232], [-73.64439712499885, 45.45429305687735], [-73.64427419201695, 45.45424493474971], [-73.64422685460234, 45.45422639995644], [-73.64414649667864, 45.4541949363123], [-73.64405658798854, 45.454159739943194], [-73.64389110048012, 45.45409495659013], [-73.64388632303081, 45.4540930908481], [-73.64286692196052, 45.453694007067675], [-73.64273650142418, 45.453642947157356], [-73.64270043514475, 45.45362882659833], [-73.64247457190143, 45.45354339422737], [-73.64234536245729, 45.453494529260134], [-73.64204155628062, 45.45337961404993], [-73.64200495414407, 45.453365766352846], [-73.64186383818365, 45.45331101915663], [-73.6417653992972, 45.453272827404554], [-73.64166370800017, 45.45323337418569], [-73.64163875621063, 45.45322369482248], [-73.64149260749164, 45.45316699377042], [-73.64132150738413, 45.45310061309748], [-73.64115040767763, 45.453034232167006], [-73.64082526873436, 45.452908091934354], [-73.64063710784286, 45.452835087834266], [-73.64046598786902, 45.45276869711292], [-73.64029536821641, 45.45270250763497], [-73.63999507804381, 45.45258599209062], [-73.63995413006393, 45.452570110335564], [-73.63976153483613, 45.45249538785074], [-73.63971980274562, 45.45247919061694], [-73.63945341768601, 45.4523696798289], [-73.6390769735383, 45.452225398092565], [-73.63903082771617, 45.452207712086675], [-73.63897265338773, 45.45218540962738], [-73.63880155493871, 45.45211983362662], [-73.63863045686429, 45.452054248580694], [-73.63845935920759, 45.45198867206494], [-73.6382882619255, 45.45192308650401], [-73.63811716506108, 45.451857509473044], [-73.63794606857137, 45.451791923397195], [-73.63777497249924, 45.45172634585132], [-73.63760387680189, 45.451660759260385], [-73.63734723403071, 45.4515623920726], [-73.63709059212957, 45.4514640155178], [-73.63691949801694, 45.451398427896876], [-73.63674840432174, 45.45133284880604], [-73.63657731102265, 45.451267269457794], [-73.6364062165379, 45.451201681066266], [-73.63629288067128, 45.45115823859427], [-73.6362351255918, 45.45113610120118], [-73.63606401627187, 45.45107050352554], [-73.63589290736935, 45.451004914380185], [-73.63572179886306, 45.45093932497721], [-73.63555069231364, 45.450873735314865], [-73.63546308505093, 45.45084014754448], [-73.63529550688469, 45.45077591254065], [-73.6346630707351, 45.45109308748221], [-73.63146004980594, 45.45275810346921], [-73.62853399898343, 45.45534504987166], [-73.62853413062238, 45.455402995710116], [-73.62620480845594, 45.45749095598355], [-73.62432477810191, 45.45865895679126], [-73.61996178594636, 45.46174994860837], [-73.61979277174257, 45.461674990656526], [-73.61822779758482, 45.46223000362681], [-73.61517893511954, 45.463518057817154], [-73.61211793635526, 45.46488621572914], [-73.61206292926671, 45.4648581940375], [-73.61181697317664, 45.46491720453878], [-73.6116069916972, 45.464764160901865], [-73.6082661752006, 45.46628819602313], [-73.60720107850311, 45.46666322693346], [-73.60660706430824, 45.467054271668175], [-73.6058459889488, 45.46728726714772], [-73.60562799540621, 45.46760325298641], [-73.60471501269852, 45.46818321020141], [-73.60316898773578, 45.46910327669186], [-73.6025899905129, 45.46905125453283], [-73.6018038812702, 45.46963429870139], [-73.60127190542221, 45.47005422274985], [-73.60072789114152, 45.4705332758762], [-73.59937593843921, 45.47172918642665], [-73.59908895560827, 45.4718812551974], [-73.59888393213751, 45.472090214408496], [-73.5979918840456, 45.47256624193379], [-73.59793789217319, 45.47257825788066], [-73.59648496026811, 45.47331678092878], [-73.59648403590886, 45.473318901472084], [-73.59648311154957, 45.47332102201537], [-73.59648218719018, 45.47332314255855], [-73.59648126283074, 45.473325263101636], [-73.59648033847122, 45.47332738364488], [-73.5964794142573, 45.47332950421943], [-73.59647849004332, 45.473331624794135], [-73.59647756582928, 45.473333745368734], [-73.59647664161515, 45.47333586594334], [-73.59647571740096, 45.473337986517926], [-73.59647479333238, 45.47334010712379], [-73.5964738692637, 45.47334222772974], [-73.59647294519499, 45.47334434833576], [-73.59647202112619, 45.47334646894177], [-73.59647109705735, 45.47334858954779], [-73.59647017313408, 45.47335071018507], [-73.59646924921077, 45.473352830822435], [-73.59646832528736, 45.47335495145979], [-73.59646740136391, 45.47335707209716], [-73.59646647744037, 45.473359192734584], [-73.59646555366247, 45.47336131340328], [-73.59646462988448, 45.47336343407207], [-73.59646370610643, 45.47336555474076], [-73.5964627823283, 45.47336767540935], [-73.59646185855011, 45.473369796078195], [-73.59643108345917, 45.47343956507401], [-73.59640044585878, 45.47350936413453], [-73.59636994583828, 45.4735791930585], [-73.5963395834862, 45.473649051644294], [-73.59630935889024, 45.473718939690386], [-73.59628011656022, 45.473786261189765], [-73.5962509516742, 45.47385359935917], [-73.59622186426118, 45.47392095413246], [-73.59619285435005, 45.47398832544339], [-73.59616392196952, 45.47405571322558], [-73.59613709373001, 45.474117277516925], [-73.59611034204447, 45.47417885833978], [-73.596083666944, 45.47424045562356], [-73.59605706845947, 45.47430206929747], [-73.59603054662163, 45.47436369929064], [-73.59600393867554, 45.474425396898106], [-73.59597727276827, 45.47448708214552], [-73.59595054891706, 45.474548754992604], [-73.59592376713921, 45.47461041539884], [-73.59589692745209, 45.474672063323915], [-73.59586891749446, 45.47473810577417], [-73.59584066653119, 45.47480409775444], [-73.59581217483823, 45.474870038612096], [-73.59578344269622, 45.474935927695604], [-73.59575447039066, 45.47500176435458], [-73.595127961204, 45.47645099756905], [-73.5955776868777, 45.476138902980125], [-73.59576495372066, 45.4760090591575], [-73.59847337643053, 45.474103130837904], [-73.60053975570544, 45.475025432034215], [-73.6011710651721, 45.475306990733515], [-73.60122818904104, 45.47533253010327], [-73.6013937806962, 45.47540654956248], [-73.60218481923552, 45.47576014248075], [-73.60240340469602, 45.475857849225584], [-73.60289158928099, 45.4760760536411], [-73.60311147520778, 45.47617434635443], [-73.60324253870782, 45.47623292950968], [-73.60338074411766, 45.47629469510928], [-73.60351894856672, 45.476356469540335], [-73.60368678127752, 45.476431486061124], [-73.60372742199021, 45.47644965757309], [-73.60376246610092, 45.47646531998126], [-73.60385131816241, 45.47650502958142], [-73.60398953131352, 45.476566803432945], [-73.60433505911577, 45.47672123688196], [-73.60468059010195, 45.47687567917704], [-73.60484512189473, 45.47694922036498], [-73.60499732262582, 45.477017245788794], [-73.60540473816036, 45.4765725098268], [-73.60548774816253, 45.4766118717036], [-73.60580326432301, 45.47675452782522], [-73.60580485557307, 45.476755264226036], [-73.60605727491071, 45.47687150906372], [-73.60606732925989, 45.47687608714915], [-73.60640247129014, 45.47702867029447], [-73.60653889972055, 45.4770907765615], [-73.60664687671863, 45.477139938834654], [-73.60675480908775, 45.47718907495145], [-73.60686284017446, 45.47723826346687], [-73.60697409161574, 45.47728890754976], [-73.60708534366321, 45.47733956031093], [-73.60719659511255, 45.4773902041762], [-73.60730763659019, 45.47744076025421], [-73.60742144148048, 45.47749253509728], [-73.6074887042979, 45.477523140439814], [-73.60753276338626, 45.477543169780006], [-73.6076441068933, 45.47759376918309], [-73.60775545139697, 45.47764437726387], [-73.60786525992589, 45.477694283680584], [-73.6081980570177, 45.477840993752785], [-73.60820540829216, 45.47784440515361], [-73.60831597503982, 45.47789582187888], [-73.60842900999357, 45.47794837853778], [-73.60854027374218, 45.478000110735785], [-73.60863077179846, 45.47804218746223], [-73.60881464139806, 45.47812214629153], [-73.60887626856189, 45.47814963659521], [-73.60898817527723, 45.47819956629094], [-73.60899355225476, 45.47820196016661], [-73.60910008022144, 45.47824948709064], [-73.60921198577049, 45.47829941656735], [-73.60932389151705, 45.47834934593371], [-73.60933377490691, 45.47835375662098], [-73.60944198138336, 45.47840270520427], [-73.60954685229963, 45.47845013663433], [-73.60965831303457, 45.478500558202505], [-73.60973381179019, 45.47853471327586], [-73.60978299680353, 45.47855696007485], [-73.6098812351006, 45.478601401010415], [-73.60999273354916, 45.47865183978968], [-73.61030038936248, 45.47879100182316], [-73.61046550931384, 45.47886569476027], [-73.61045917048067, 45.478870244062186], [-73.61084667719543, 45.47904451279355], [-73.61095836169919, 45.47909473954424], [-73.61107004768718, 45.47914497497138], [-73.61129325554727, 45.479245603832915], [-73.611404841334, 45.47929594447984], [-73.61240750650161, 45.479742565673064], [-73.61262797453126, 45.47984106802132], [-73.6143755563224, 45.48062189118908], [-73.61434022662337, 45.48067111875228], [-73.61397483941754, 45.48102908504426], [-73.61383818928907, 45.48116295924077], [-73.61302590333104, 45.48195873274565], [-73.61237764202076, 45.48260693656158], [-73.61244999658398, 45.482639519934935], [-73.61257312831347, 45.4826949624047], [-73.61269626029805, 45.482750413528684], [-73.61281938869006, 45.48280585573522], [-73.61294252242814, 45.482861306590856], [-73.61306565129074, 45.48291674853061], [-73.6131887829742, 45.482972199121754], [-73.61331191356395, 45.48302764079318], [-73.61343504576142, 45.48308308232967], [-73.61355656867353, 45.48313780475289], [-73.61368069745073, 45.483193701986025], [-73.61381104259418, 45.48325238733456], [-73.61401465607257, 45.48334407580337], [-73.61413778964778, 45.48339951657801], [-73.61426468376824, 45.48345665824437], [-73.6144288630371, 45.4835305818148], [-73.61446110174157, 45.483545101714505], [-73.61459292647254, 45.48360463707786], [-73.61492099463794, 45.48375280846639], [-73.61500312174022, 45.48378989718961], [-73.61524758461516, 45.48390167461741], [-73.61527599227219, 45.48391446700205], [-73.61557591659988, 45.48404955386165], [-73.61569215072092, 45.484101915501306], [-73.61569903922334, 45.48410501053272], [-73.61582216325944, 45.4841604670692], [-73.61593839898956, 45.48421281966801], [-73.61595842067818, 45.48422184174311], [-73.6160684147887, 45.484271379738715], [-73.61606973357975, 45.48427197595268], [-73.61617784681546, 45.484320672148016], [-73.61656091645037, 45.48449320348038], [-73.61672508517402, 45.48456714132305], [-73.61684821122222, 45.48462259674708], [-73.6169713390734, 45.48467805203593], [-73.61709446560451, 45.48473350719288], [-73.61711466309382, 45.484742599184756], [-73.61720988034864, 45.484785481469316], [-73.6172175896443, 45.48478896221912], [-73.61721629022774, 45.48479037834944], [-73.61700535863385, 45.48502105709404], [-73.61696818771478, 45.48506170246607], [-73.61686693547274, 45.48517365413322], [-73.61683005935704, 45.48521442218353], [-73.61657699436766, 45.48548691925055], [-73.61642228904289, 45.48564984015807], [-73.6162536554923, 45.485811535981796], [-73.61597175432964, 45.48609740932033], [-73.61593235057681, 45.48613737118509], [-73.61568472327282, 45.48638869149075], [-73.61553827010918, 45.48653763060454], [-73.61529174506623, 45.4867885359106], [-73.61533076611475, 45.48680623859337], [-73.61545383801888, 45.486862231594145], [-73.61547670354781, 45.486872604158634], [-73.61555638249104, 45.48690877224544], [-73.6155831895702, 45.48692093346228], [-73.61565892574757, 45.486955304017975], [-73.61568965377049, 45.486969289051046], [-73.61576696037547, 45.48700445761171], [-73.61580102469274, 45.48701987160487], [-73.61587844399396, 45.487054908162285], [-73.61592555300437, 45.48707635472194], [-73.61598645834734, 45.4871040791433], [-73.61602705008204, 45.48712255329727], [-73.6160944923729, 45.4871532324267], [-73.61612966119506, 45.487169146089414], [-73.61620597384399, 45.48720368265842], [-73.61625202173752, 45.48722463805931], [-73.61631400942187, 45.48725283573187], [-73.61645507429735, 45.487316929026775], [-73.61647776592584, 45.487327231266924], [-73.61656475109253, 45.487366783193146], [-73.61660055692049, 45.487383065137564], [-73.61667449711125, 45.48741660203276], [-73.61672343345798, 45.48743880212516], [-73.61684630828566, 45.48749453898178], [-73.61696907935197, 45.48755039005021], [-73.61699723548381, 45.48756319104385], [-73.61709277164556, 45.487606617906565], [-73.61711176046218, 45.4876152366056], [-73.61721653042773, 45.48766278404749], [-73.61733940739929, 45.48771852036934], [-73.61746312586051, 45.48777477415882], [-73.61762598103677, 45.487848720802674], [-73.61768239978306, 45.48787435749835], [-73.61779240296852, 45.48792429802042], [-73.61790238608333, 45.487974256031976], [-73.61801154759696, 45.48802385449636], [-73.61812140285903, 45.488073724552684], [-73.6182112898742, 45.48811454641437], [-73.61837508842211, 45.48818892159978], [-73.61842343488901, 45.48821087552071], [-73.61839233438816, 45.48834624485713], [-73.61834293913505, 45.488561248360526], [-73.61833013643681, 45.48861697470427], [-73.6183176970059, 45.488671118910396], [-73.61835580602704, 45.488799597378524], [-73.61836472570033, 45.48882965913861], [-73.61840824770414, 45.488976374933536], [-73.61831088404072, 45.48908394757201], [-73.6180742777287, 45.489345375983504], [-73.61793313512224, 45.489496729177276], [-73.61763979518575, 45.48981677546398], [-73.61746216188064, 45.49001058314117], [-73.61736844464637, 45.49013125344379], [-73.61715043273871, 45.49036848623807], [-73.61701370146062, 45.490522180019866], [-73.61689374489568, 45.49065702475169], [-73.6167427647496, 45.490826734907884], [-73.61657730514641, 45.491012725389425], [-73.6164077087505, 45.49120336406001], [-73.61630419636568, 45.4913197243658], [-73.6160305480739, 45.491639043362056], [-73.61581506558463, 45.49189048483254], [-73.61559284526741, 45.49214213481747], [-73.61540044683241, 45.49235909175897], [-73.6151689419102, 45.4926201397705], [-73.61503274054378, 45.49277372074136], [-73.61475690624563, 45.49303021664475], [-73.61457916255523, 45.49295347768549], [-73.61437122955786, 45.49286370159898], [-73.61424707088466, 45.49281009878993], [-73.61412199467227, 45.492756096928716], [-73.61371012622837, 45.49257271174963], [-73.61346300484007, 45.49246267816937], [-73.61321586062763, 45.4923526352875], [-73.61313136032678, 45.49231841681911], [-73.61287514654116, 45.49221466088136], [-73.61261893344289, 45.49211089997262], [-73.61234840676666, 45.492001343997586], [-73.61231308783238, 45.491987041846556], [-73.61160531561889, 45.49171422314521], [-73.61155845802622, 45.49176108457468], [-73.61145827010998, 45.491861272537726], [-73.61091047818232, 45.49241117677878], [-73.6104719328607, 45.49285140522854], [-73.61046738952733, 45.49285596596471], [-73.61046327407274, 45.4928601000909], [-73.6098944003367, 45.49350052266878], [-73.60947190843207, 45.49397306112321], [-73.6093997348864, 45.49405378673791], [-73.60881695346232, 45.493828613355724], [-73.60838564844865, 45.49366591780052], [-73.60754977984563, 45.49442775745946], [-73.60739950156871, 45.49457059097341], [-73.60719711913502, 45.49481297453874], [-73.60703120212277, 45.49502737918951], [-73.60696025789052, 45.495121656879476], [-73.6068419458761, 45.49527387995101], [-73.60664944267322, 45.49521788547988], [-73.60657970432288, 45.495197603015534], [-73.60653142453695, 45.4951841238452], [-73.60648311974494, 45.49517068994828], [-73.60643479011104, 45.49515730033773], [-73.6063864357173, 45.49514395503638], [-73.60633805664582, 45.495130654066905], [-73.60628965297875, 45.49511739745166], [-73.6062412248014, 45.49510418521029], [-73.60619231588682, 45.495090887467576], [-73.60614338203636, 45.49507763519271], [-73.60609442333664, 45.495064428412455], [-73.60604543987316, 45.49505126714964], [-73.60599643173144, 45.495038151427494], [-73.60594739899707, 45.49502508126871], [-73.60589834175568, 45.49501205669616], [-73.605849260093, 45.49499907772531], [-73.60579548450096, 45.49498491078639], [-73.60574168003852, 45.4949707981883], [-73.60568784681749, 45.49495673996613], [-73.60563398494894, 45.49494273614884], [-73.60558009454402, 45.49492878676544], [-73.6055261757139, 45.494914891844566], [-73.60547222856441, 45.494901051413606], [-73.60460895765237, 45.49576600150706], [-73.60371515870973, 45.49668101949524], [-73.6023727627027, 45.497989868899325], [-73.60207532963454, 45.49826826941489], [-73.60146892819287, 45.49881854040209], [-73.60015531028165, 45.499990542138505], [-73.59954617012566, 45.50051507525353], [-73.59954209648278, 45.50051246011843], [-73.59941547073238, 45.500614145492214], [-73.59942018371827, 45.500617032488975], [-73.5991202207774, 45.50085566977129], [-73.59798354044057, 45.50154658000618], [-73.59790266675212, 45.50159573592662], [-73.59788255236214, 45.501607724829476], [-73.59786237279106, 45.501619659448735], [-73.59784212833415, 45.501631539607196], [-73.59782181928857, 45.50164336513037], [-73.59780144595251, 45.50165513584465], [-73.59778100862505, 45.501666851577184], [-73.59776050760624, 45.50167851215605], [-73.59773994319703, 45.501690117410014], [-73.59771931569934, 45.50170166716859], [-73.597698625416, 45.50171316126224], [-73.59767787265075, 45.50172459952223], [-73.59765705770829, 45.501735981780605], [-73.59763618089416, 45.50174730787017], [-73.59761524251489, 45.50175857762478], [-73.59759424287786, 45.50176979087883], [-73.59757318229138, 45.501780947467736], [-73.5975520610646, 45.501792047227646], [-73.59753087950769, 45.50180308999554], [-73.59750963793154, 45.501814075609474], [-73.59748833664801, 45.50182500390792], [-73.5974669759699, 45.50183587473065], [-73.59744555621072, 45.50184668791783], [-73.59742407768498, 45.5018574433107], [-73.59740254070805, 45.50186814075149], [-73.59738094559604, 45.50187878008323], [-73.59735929266607, 45.50188936114941], [-73.59733758223601, 45.501899883794664], [-73.59731581462461, 45.50191034786485], [-73.5972939901514, 45.50192075320595], [-73.59727210913687, 45.50193109966538], [-73.59725017190223, 45.50194138709116], [-73.59722817876956, 45.50195161533225], [-73.59720613006172, 45.50196178423841], [-73.59718402610247, 45.501971893660524], [-73.59716186721631, 45.501981943449884], [-73.59713965372856, 45.50199193345918], [-73.59711738596538, 45.50200186354163], [-73.59709506425366, 45.5020117335513], [-73.59707268892117, 45.50202154334353], [-73.59705026029638, 45.50203129277403], [-73.59702777870861, 45.50204098169978], [-73.5970052444879, 45.50205060997855], [-73.59698265796511, 45.50206017746887], [-73.59696001947185, 45.502069684030374], [-73.59693732934053, 45.502079129523395], [-73.59691458790422, 45.50208851380922], [-73.59689179549687, 45.50209783675011], [-73.59686895245306, 45.50210709820917], [-73.59684605910823, 45.50211629805038], [-73.59682311579846, 45.50212543613874], [-73.59680012286061, 45.50213451233992], [-73.59677708063228, 45.50214352652081], [-73.59675398945177, 45.502152478549085], [-73.5967308496581, 45.502161368293116], [-73.59670766159103, 45.5021701956225], [-73.59668442559096, 45.50217896040759], [-73.5966611419991, 45.502187662519674], [-73.59663781115734, 45.50219630183101], [-73.59661443340815, 45.50220487821476], [-73.59659100909477, 45.502213391545006], [-73.59656753856115, 45.50222184169669], [-73.5965440221519, 45.50223022854577], [-73.5965204602123, 45.50223855196909], [-73.59649685308825, 45.50224681184441], [-73.59647320112643, 45.50225500805048], [-73.59644950467403, 45.50226314046692], [-73.59642576407899, 45.502271208974456], [-73.5964019796899, 45.50227921345444], [-73.596378151856, 45.502287153789396], [-73.59635428092709, 45.502295029862736], [-73.59633036725367, 45.502302841558866], [-73.59630641118684, 45.50231058876302], [-73.59628241307837, 45.50231827136146], [-73.59625837328059, 45.50232588924142], [-73.59623429214646, 45.50233344229105], [-73.59621017002956, 45.50234093039939], [-73.59618600728409, 45.50234835345647], [-73.59616180593696, 45.50235571171317], [-73.59555242946556, 45.502539991626165], [-73.59548342870211, 45.502561553518376], [-73.59546732745137, 45.50256678855945], [-73.59545126865322, 45.502572087684605], [-73.59543525281795, 45.5025774507214], [-73.59541928045985, 45.50258287749742], [-73.59540335209196, 45.50258836783852], [-73.59538746822587, 45.502593921568305], [-73.59537162937163, 45.50259953850844], [-73.595355836038, 45.50260521847857], [-73.59534008873223, 45.50261096129614], [-73.59532438796003, 45.50261676677691], [-73.59530873422568, 45.50262263473422], [-73.59529312803195, 45.502628564979815], [-73.59527756988005, 45.502634557323006], [-73.59526206026962, 45.502640611571586], [-73.59524659969888, 45.50264672753096], [-73.59523118866431, 45.50265290500486], [-73.59521582766087, 45.50265914379473], [-73.59520051718196, 45.50266544370014], [-73.59518525771927, 45.50267180451887], [-73.59517004976291, 45.50267822604673], [-73.5951548938013, 45.50268470807742], [-73.59513979032121, 45.50269125040273], [-73.59512473980779, 45.50269785281258], [-73.59510974274436, 45.50270451509479], [-73.5950947996126, 45.50271123703551], [-73.59507991089245, 45.50271801841888], [-73.5950650770621, 45.50272485902711], [-73.59505029859797, 45.50273175864042], [-73.59503557597472, 45.50273871703729], [-73.59502090966521, 45.50274573399415], [-73.59500630014047, 45.5027528092858], [-73.59499174786978, 45.5027599426849], [-73.59497725332044, 45.502767133962365], [-73.59496281695807, 45.50277438288718], [-73.59494843924628, 45.502781689226644], [-73.59493412064688, 45.502789052745996], [-73.59491986161976, 45.50279647320894], [-73.59490566262285, 45.50280395037692], [-73.59489152411226, 45.50281148400986], [-73.59487744654204, 45.50281907386589], [-73.59486343036436, 45.50282671970125], [-73.59484947602937, 45.5028344212703], [-73.59483558398529, 45.50284217832576], [-73.59482175467828, 45.502849990618394], [-73.59480798855259, 45.5028578578974], [-73.59479428605026, 45.50286577991019], [-73.59478064761146, 45.50287375640213], [-73.59476707367422, 45.502881787117104], [-73.59475356467452, 45.502889871797336], [-73.59474012104626, 45.502898010183024], [-73.5947267432212, 45.50290620201281], [-73.59471343162903, 45.50291444702362], [-73.59470018669734, 45.50292274495064], [-73.59468700885147, 45.50293109552745], [-73.59467389851474, 45.50293949848577], [-73.59466085610823, 45.502947953555775], [-73.59464788205085, 45.5029564604658], [-73.59463497675931, 45.502965018942824], [-73.59462214064807, 45.50297362871178], [-73.59460937412952, 45.50298228949629], [-73.5945966776136, 45.502991001018145], [-73.59458405150816, 45.502999762997554], [-73.59457149621876, 45.5030085751531], [-73.59455901214866, 45.50301743720184], [-73.59454659969884, 45.50302634885908], [-73.59453425926795, 45.50303530983857], [-73.59452199362353, 45.503044322035166], [-73.59438457102674, 45.50314581970653], [-73.59437457230527, 45.50315316758481], [-73.59436464570108, 45.50316056365214], [-73.59435479168302, 45.50316800756203], [-73.5943450107174, 45.50317549896215], [-73.59433530326713, 45.503183037498005], [-73.59432566979164, 45.5031906228129], [-73.59431611074669, 45.50319825454781], [-73.59430662658477, 45.503205932341736], [-73.59429721775464, 45.5032136558312], [-73.59428788470159, 45.50322142465075], [-73.59427862786731, 45.50322923843286], [-73.59426944768987, 45.50323709680773], [-73.59426034460365, 45.50324499940357], [-73.59425131903951, 45.50325294584622], [-73.5942423714246, 45.50326093575979], [-73.59423350218229, 45.503268968766264], [-73.59422471173237, 45.50327704448531], [-73.59421600049082, 45.50328516253498], [-73.59420736886987, 45.50329332253099], [-73.5941988172781, 45.50330152408726], [-73.5941903461201, 45.503309766815626], [-73.59418195579687, 45.50331805032609], [-73.59417364670537, 45.5033263742267], [-73.59416541923895, 45.50333473812356], [-73.59415727378688, 45.50334314162072], [-73.59414921073471, 45.50335158432076], [-73.59414123046403, 45.50336006582396], [-73.59413333335247, 45.50336858572905], [-73.59412551977378, 45.50337714363296], [-73.59411779009777, 45.50338573913049], [-73.59411014469019, 45.503394371815155], [-73.59410258391294, 45.50340304127825], [-73.59409510812384, 45.503411747109595], [-73.59408771767663, 45.50342048889714], [-73.59408041292114, 45.503429266227464], [-73.59407319420302, 45.503438078684866], [-73.59406606186397, 45.50344692585266], [-73.59405901624152, 45.50345580731196], [-73.59405205766909, 45.503464722642505], [-73.59404518647602, 45.503473671422505], [-73.59403840298752, 45.50348265322854], [-73.59403170752465, 45.50349166763535], [-73.59402510040427, 45.50350071421654], [-73.59401858193904, 45.50350979254397], [-73.59401215243754, 45.503518902188105], [-73.59400581220403, 45.50352804271766], [-73.5940027493611, 45.50353245832787], [-73.59574505546736, 45.50432680074871], [-73.59897375965826, 45.50579868376179], [-73.5990692428446, 45.50569511909069], [-73.59929835057233, 45.50579955762357], [-73.59956178157019, 45.50557978957195], [-73.6022563602605, 45.50679657287726], [-73.60329833072551, 45.50566344189471], [-73.60617820837744, 45.50699083714562], [-73.60636177030946, 45.50752031237412], [-73.608469106517, 45.508460071951596], [-73.6089807813957, 45.508663820117405], [-73.60956671525035, 45.50889627391214], [-73.60961078207221, 45.50891604310188], [-73.61099608062403, 45.509537424274285], [-73.61305087316298, 45.51046097315954], [-73.61330689370011, 45.5101805021671], [-73.61345298824602, 45.510008301934626], [-73.61348440290374, 45.50996962761448], [-73.61359053094777, 45.509838974745605], [-73.61363623872106, 45.50978270234242], [-73.61370213386844, 45.509709788235185], [-73.6137702162079, 45.50963445094908], [-73.61382237171856, 45.50958217476274], [-73.61386813459727, 45.50953630663275], [-73.61391819644628, 45.50948613270602], [-73.61412855329203, 45.50925612468919], [-73.61424735124106, 45.50912623183621], [-73.61428948994137, 45.50908015625786], [-73.61432964430458, 45.50903633664877], [-73.61439452447034, 45.50896554094071], [-73.61441955562975, 45.50893822622557], [-73.61450087652253, 45.50884948305079], [-73.6145019733283, 45.50884828684856], [-73.61458583270421, 45.50875805597625], [-73.61466165546003, 45.50867647124141], [-73.61475229248805, 45.50857894858559], [-73.61482174523512, 45.508504220013734], [-73.61483557761116, 45.50848933322906], [-73.61491875141195, 45.508399840947625], [-73.61492847042257, 45.50838938280661], [-73.61500189026145, 45.5083103837896], [-73.61503519517623, 45.50827454549788], [-73.61508520908536, 45.50822073306279], [-73.61515277479903, 45.508148031709716], [-73.61516890038573, 45.50813067767211], [-73.61525166570361, 45.50804162493059], [-73.61525606871618, 45.508036888407474], [-73.61533486507184, 45.50795210155707], [-73.61537330538499, 45.50791073941537], [-73.61541812146193, 45.507862516551135], [-73.61551255988257, 45.507760898845376], [-73.61556520856809, 45.50770424516104], [-73.61567374767976, 45.50758745457615], [-73.61581231037371, 45.50743489459445], [-73.61591648268629, 45.50731847727644], [-73.61596568914351, 45.5072634921317], [-73.61597225950014, 45.507256147879396], [-73.61605118473602, 45.50716794643936], [-73.61607187961786, 45.50714481861994], [-73.61612942665975, 45.507080505758935], [-73.6161707216015, 45.507034360027546], [-73.61620903329712, 45.506991543393454], [-73.6162517542243, 45.506943801245825], [-73.61628795662232, 45.50690334178766], [-73.61633306090685, 45.506852938956634], [-73.61636688088186, 45.506815144518846], [-73.6164307220088, 45.50674379507109], [-73.61651170276397, 45.506653297665785], [-73.61652472747217, 45.50663874102771], [-73.61659295522414, 45.50656249236111], [-73.61668291402128, 45.506461959102204], [-73.6167158743618, 45.50642512327671], [-73.61684143895157, 45.506284794348666], [-73.61685337716969, 45.50627145146187], [-73.61706171280589, 45.50603862357856], [-73.61717665965328, 45.505910159524646], [-73.61723713735921, 45.50584256973197], [-73.6172908797034, 45.505782508944435], [-73.6173742122424, 45.50568937223987], [-73.61747837812942, 45.50557295786201], [-73.61761614198515, 45.50542004495843], [-73.61772014805483, 45.505303503099945], [-73.61776956889592, 45.505248130286475], [-73.61782410890336, 45.50518701830997], [-73.61792299565441, 45.505076215403385], [-73.6179280693142, 45.50507052902967], [-73.6179809495828, 45.50501127725165], [-73.61805869999336, 45.504924156468704], [-73.61807607978221, 45.504904682920596], [-73.61813598924999, 45.504837554572624], [-73.61823994837523, 45.50472106500263], [-73.61825002544553, 45.50470977578021], [-73.61825870845045, 45.50470004339241], [-73.6182917503635, 45.504719732785645], [-73.61834683565209, 45.504752558655845], [-73.61859058440301, 45.504897809738324], [-73.61879816688968, 45.50501530296768], [-73.61880492342425, 45.50501934699074], [-73.61895373300442, 45.50510849536623], [-73.61891787405435, 45.50514795354657], [-73.61881045859727, 45.50526243497614], [-73.6185999506382, 45.505495044254474], [-73.61860194620644, 45.50549593851017], [-73.61848748668315, 45.50562112136142], [-73.61836512425172, 45.505754946028404], [-73.61822444274411, 45.50590656668608], [-73.6181027523345, 45.50604112412811], [-73.61798972736854, 45.506166102872264], [-73.61787711920056, 45.50629061533302], [-73.61775572132784, 45.506424851349614], [-73.61762569461334, 45.506581227499815], [-73.6173906483174, 45.50683923812956], [-73.61727956904599, 45.506963669327455], [-73.61715716351627, 45.50709719393721], [-73.61702350711158, 45.507251191687146], [-73.61690310810967, 45.50738610265275], [-73.61679171173189, 45.5075109200779], [-73.61655985071587, 45.50777072274729], [-73.61642327330122, 45.507924169143244], [-73.61624218640016, 45.508128105443575], [-73.61615145075382, 45.50823029116995], [-73.61606071398921, 45.50833247242979], [-73.61603643771907, 45.50835981310329], [-73.61614768431413, 45.508408835471556], [-73.61619126702128, 45.50842804021524], [-73.61626116789252, 45.50845883965676], [-73.61635397006117, 45.5084997345616], [-73.61637354735274, 45.50850836153992], [-73.61648754655644, 45.50855859344957], [-73.616623098623, 45.50861832452228], [-73.61693886067717, 45.50875746406649], [-73.61705285932364, 45.50880769541039], [-73.61716524134303, 45.50885721650917], [-73.6172788791864, 45.50890728982128], [-73.61739126316417, 45.50895681069482], [-73.61779538738966, 45.50913604235368], [-73.61792002891123, 45.50919117847119], [-73.6169266704467, 45.51028476067376], [-73.6170655054182, 45.51034592460241], [-73.6173547438592, 45.51047335000908], [-73.61744172721734, 45.510511670857035], [-73.61755472788803, 45.51056145454747], [-73.6176870454428, 45.510619746512326], [-73.61781924872302, 45.51067798571613], [-73.61795123726831, 45.51073613271909], [-73.61808257440349, 45.51079399464801], [-73.61821388443072, 45.51085183887832], [-73.61834608880612, 45.51091008186274], [-73.61835270029817, 45.51091299246872], [-73.61847831573517, 45.510968333457605], [-73.61861054253704, 45.51102658050521], [-73.61874407770297, 45.51108541040906], [-73.61887630779601, 45.51114366153816], [-73.61871060862414, 45.51132959318057], [-73.61864577897003, 45.5114029747881], [-73.61842963895137, 45.511641068366814], [-73.6182806190343, 45.51180522857919], [-73.61817773594758, 45.511918557815484], [-73.61810818370795, 45.51199517780169], [-73.61802031373206, 45.512091970839094], [-73.61787909525519, 45.512242826942924], [-73.61764251385219, 45.512507579441575], [-73.61783611133008, 45.51259309771612], [-73.6180498258254, 45.51269414877516], [-73.61838550235471, 45.51284437984595], [-73.61855004943952, 45.512918019926296], [-73.61874093608922, 45.51300344720572], [-73.61890548292874, 45.51307708677229], [-73.61912272167545, 45.51317430518455], [-73.61936630409126, 45.51328331486368], [-73.61953085256084, 45.51335695352416], [-73.6196954030217, 45.513430591944676], [-73.6198533646179, 45.51350128443585], [-73.6200113273812, 45.51357197231274], [-73.62016929133028, 45.51364266436283], [-73.6206625892983, 45.513863413944655], [-73.62087777313573, 45.51396474373268], [-73.62123750928296, 45.514129255786024], [-73.62134250443918, 45.51417672868472], [-73.62144067800439, 45.514221119928095], [-73.62153911211658, 45.51426562944094], [-73.62163763161914, 45.51431017832149], [-73.62173606604162, 45.5143546876637], [-73.62185163403458, 45.51440580882344], [-73.62196359159232, 45.51445406020435], [-73.62207242162985, 45.514500961540364], [-73.62218094063691, 45.5145477268986], [-73.6222882204738, 45.514593961835565], [-73.62239550125793, 45.51464019227648], [-73.62250489897482, 45.51468880615552], [-73.62273020526638, 45.514776935922285], [-73.62284249088678, 45.51482735660145], [-73.62295675146271, 45.51488094733587], [-73.62307015337204, 45.514935457175525], [-73.62317988679825, 45.514994188863405], [-73.62328885231224, 45.515049959882774], [-73.62340158551707, 45.51510417133811], [-73.62351477331413, 45.51515789448327], [-73.62364412647754, 45.51521928909173], [-73.62377122885191, 45.51527657783052], [-73.62389809767147, 45.5153337612305], [-73.62402398457499, 45.51539050178587], [-73.62414878397733, 45.515446746889445], [-73.62424402763453, 45.51548967577747], [-73.62446153761978, 45.51558655416946], [-73.62471253077396, 45.51569773681228], [-73.62475490802944, 45.5156975016077], [-73.62526043749779, 45.51592459323522], [-73.6253130370019, 45.515948222278524], [-73.62541828836653, 45.51599542750965], [-73.62558273650424, 45.51606918494704], [-73.62624053568261, 45.51636420791852], [-73.62667464087872, 45.51655890232602], [-73.62676071361196, 45.51645117304016], [-73.62687774165421, 45.51630470033074], [-73.6270162873523, 45.51615211382961], [-73.62705232044941, 45.51608895746967], [-73.62712199784038, 45.51600862362402], [-73.6271820535217, 45.515935211824186], [-73.62723613712276, 45.515868599389286], [-73.6277099033443, 45.51534373753071], [-73.62767718258016, 45.51536490367736], [-73.62772525163918, 45.51530465549058], [-73.6278110105894, 45.51521671521541], [-73.62788971878436, 45.51513114660896], [-73.62796669786078, 45.51504451220132], [-73.62804475867065, 45.51495753381508], [-73.62812540753907, 45.51487166409151], [-73.62820981810705, 45.51478977961814], [-73.62827732499146, 45.51472173242697], [-73.62832050928745, 45.514675448430914], [-73.62838894285241, 45.51460210126173], [-73.62846960185986, 45.51451564690876], [-73.62854987410799, 45.51442961473335], [-73.62862919847194, 45.514344589737874], [-73.62870952166254, 45.51425850027163], [-73.6287891900009, 45.51417311009308], [-73.62886654049376, 45.51409020055106], [-73.62890173459574, 45.51405247998747], [-73.62918954658733, 45.51413279378612], [-73.6291917513453, 45.51413053250163], [-73.62919395003983, 45.51412826721777], [-73.62919614194617, 45.51412599868115], [-73.62920108175979, 45.51412089907608], [-73.62920601422526, 45.51411579594715], [-73.62921093933161, 45.5141106893066], [-73.62921585706812, 45.514105579165296], [-73.62942505646775, 45.51421120586726], [-73.62975040705068, 45.51431336068982], [-73.62982947474612, 45.514328886262945], [-73.63015001572307, 45.51443561052416], [-73.63039276996227, 45.51450542727576], [-73.63075452750854, 45.51462832892334], [-73.63082515982919, 45.514652321441936], [-73.63134624119388, 45.51470222091721], [-73.6315843491934, 45.51477106066807], [-73.63227120807828, 45.51496962968315], [-73.63250931832964, 45.51503846750029], [-73.63285944914162, 45.515139688379286], [-73.6331999157489, 45.51523811184287], [-73.63343819631653, 45.51530665753419], [-73.63376047983691, 45.515399770937776], [-73.63380378849286, 45.515412255601305], [-73.63412584182225, 45.51550530233568], [-73.63436397991828, 45.51557409231024], [-73.63464404712107, 45.515654998682045], [-73.63465353872849, 45.5156438009931], [-73.63471028734976, 45.515576869917645], [-73.63478288888152, 45.51549124664916], [-73.63496677393555, 45.515274364665714], [-73.63505935784907, 45.515165171469356], [-73.63516516892352, 45.51504037350041], [-73.63526614348295, 45.51492127985909], [-73.63536726718583, 45.514802010198935], [-73.63546848394213, 45.51468263049259], [-73.63556122896598, 45.51457301928012], [-73.6356906261567, 45.514420621998774], [-73.63589257197235, 45.51418242927947], [-73.6366469955496, 45.514399881422285], [-73.63670617074982, 45.51429838075716], [-73.63689334796129, 45.51397732450776], [-73.63718925477525, 45.51346976302563], [-73.63807816621205, 45.51194497644502], [-73.63817580014282, 45.51177750013893], [-73.63852283732795, 45.51118218251056], [-73.63855604514212, 45.51114376275394], [-73.6387889034538, 45.51089335656476], [-73.63902315457975, 45.51060350541914], [-73.63915429687604, 45.51045162044683], [-73.63924572622398, 45.51034572488408], [-73.63931511646646, 45.51026718091665], [-73.63947989587889, 45.51007978371247], [-73.63964501017648, 45.50988168265649], [-73.63981919330735, 45.50967328006931], [-73.63996765671453, 45.50949490492587], [-73.64008235652165, 45.5093646958477], [-73.64022129201349, 45.50920910051406], [-73.64083852414502, 45.508497347251094], [-73.640968940045, 45.50835126519279], [-73.64130028474078, 45.507967746210994], [-73.64132458804043, 45.5079396180432], [-73.64142990411673, 45.507817719000364], [-73.64153521972779, 45.50769581546444], [-73.64166584722993, 45.50754461798925], [-73.64173002066362, 45.507426829513236], [-73.64186767243397, 45.507188029050084], [-73.64185993339775, 45.50715696158401], [-73.64172219048999, 45.507097961768665], [-73.64153913585388, 45.50701936024886], [-73.6422691468812, 45.50618336614986], [-73.6422892159034, 45.50618269527006], [-73.64227171435552, 45.50592509758279], [-73.64226659754598, 45.50584976410483], [-73.64224468377745, 45.505527293588116], [-73.64223986558478, 45.505456371070096], [-73.64229318003794, 45.50539001157223], [-73.64242152313037, 45.505248939247544], [-73.64258965836972, 45.50506412552765], [-73.64271306796732, 45.504928472142005], [-73.6428013392744, 45.504831444190344], [-73.64290221904862, 45.50472055125317], [-73.64300310156241, 45.50460966261501], [-73.64311121800218, 45.50449081650427], [-73.64320672537261, 45.50438583524088], [-73.64354298447184, 45.50401620080028], [-73.64376606954053, 45.50377097228472], [-73.6439026737205, 45.50362080594671], [-73.64417409788312, 45.50332243463952], [-73.6442720344389, 45.50321477359496], [-73.64468126975436, 45.502764901258736], [-73.6447518702103, 45.50268729261629], [-73.64473010425154, 45.50268116453056], [-73.64480258974584, 45.50260408511295], [-73.64501244919074, 45.50238093196324], [-73.6451157005324, 45.50227113684772], [-73.64523159767161, 45.50214789821172], [-73.64544251217143, 45.50191722078533], [-73.64549543805849, 45.5018580089033], [-73.64556484441913, 45.50178342857168], [-73.64560496022196, 45.50173955402283], [-73.64573357835471, 45.50159888615536], [-73.64574567655914, 45.5016044156528], [-73.64596006658986, 45.50170238212939], [-73.64604000012729, 45.50173890639866], [-73.64607919124319, 45.5017568136091], [-73.64612357139028, 45.50177709558956], [-73.64620532551459, 45.501814452229226], [-73.64628707974695, 45.501851808810095], [-73.64639885470604, 45.50190288374242], [-73.64657309247164, 45.501982613662484], [-73.6468228309578, 45.50209839820269], [-73.64701102561958, 45.50218664220505], [-73.6472030244533, 45.502276673650364], [-73.64740151751006, 45.502369745664836], [-73.64759620137423, 45.50246103399223], [-73.64779088899131, 45.50255232198152], [-73.64798557411306, 45.502643609640884], [-73.64812366066279, 45.502707830084724], [-73.64829244536263, 45.502786329793935], [-73.6483173689779, 45.502797918944786], [-73.64836863854497, 45.502819030312985], [-73.64955104244576, 45.5033637300777], [-73.64969831786016, 45.503431574616656], [-73.64984392639226, 45.5034986478491], [-73.64998953528158, 45.50356572528835], [-73.65013514450479, 45.50363279814695], [-73.6502807540852, 45.503699875212526], [-73.65042636399951, 45.50376694769753], [-73.65057197427106, 45.503834024389334], [-73.65071758487646, 45.503901096500755], [-73.65086319583914, 45.503968172818965], [-73.65100880713563, 45.504035244556505], [-73.65115441878943, 45.50410232050104], [-73.65130003390122, 45.50416939186083], [-73.65146048933875, 45.5042434206556], [-73.6514930151503, 45.50425837783512], [-73.65159886645607, 45.50430704333721], [-73.651618344302, 45.50430640235907], [-73.65183734340651, 45.504279687375195], [-73.65188874664146, 45.50427167511218], [-73.65214579870577, 45.50424269886941], [-73.6521783767873, 45.50423872305477], [-73.65236674929218, 45.504215738614086], [-73.65256464737774, 45.50419158997468], [-73.65277406985997, 45.5041660327568], [-73.6529834952878, 45.50414047954466], [-73.65318138971905, 45.504116329841324], [-73.65337928710439, 45.50409217979115], [-73.6535233219695, 45.50407460457163], [-73.65358871198175, 45.50406662546983], [-73.6537769615248, 45.50404365204957], [-73.65379813353248, 45.504041066375144], [-73.65399602726349, 45.50401691526102], [-73.65419200320136, 45.503992999262266], [-73.65438634243277, 45.503969282858506], [-73.65453787538988, 45.5039507911097], [-73.65458260224415, 45.50394533065556], [-73.65479202602694, 45.5039197741289], [-73.65500144960716, 45.50389421282471], [-73.65504515198548, 45.50388888099863], [-73.65519934230376, 45.50387005962675], [-73.65529302138957, 45.50385862715575], [-73.65530455207796, 45.50385721865623], [-73.6553972379544, 45.50384590608176], [-73.655552424339, 45.50382696864007], [-73.65560665787191, 45.5038203480663], [-73.65580606164654, 45.50379600722033], [-73.65581608071096, 45.50379478526912], [-73.6560120519752, 45.50377086615315], [-73.65605969557465, 45.503765054029536], [-73.65639246961815, 45.50372443551484], [-73.65663635785002, 45.503791246857965], [-73.65680937330062, 45.50383864228393], [-73.65698195444836, 45.50388591941252], [-73.65712731578049, 45.50392573796296], [-73.65727267731712, 45.503965556327685], [-73.65730909903583, 45.50397553714059], [-73.65741803907054, 45.50400537890072], [-73.65749092012595, 45.50402534476385], [-73.65756340101623, 45.5040451968944], [-73.65767274466032, 45.50407515209252], [-73.65770876316647, 45.50408501470265], [-73.65785524485905, 45.504125142735724], [-73.6580006074199, 45.50416496017148], [-73.65803639155253, 45.50417476148961], [-73.65814597018529, 45.5042047774216], [-73.65821821392265, 45.50422456795177], [-73.65829133316751, 45.504244598880014], [-73.658400039737, 45.50427437411942], [-73.65843669634194, 45.504284415759166], [-73.6585820597209, 45.50432423245278], [-73.65872742331672, 45.5043640533546], [-73.65876368920149, 45.50437398558809], [-73.65887278710473, 45.50440386967705], [-73.65894551285163, 45.50442379088913], [-73.65901815422147, 45.5044436858097], [-73.65912733993359, 45.50447359150181], [-73.6591635184185, 45.50448350176107], [-73.65930888283245, 45.50452332192073], [-73.65945424743853, 45.50456313750102], [-73.65959961224912, 45.50460295289588], [-73.65974497727666, 45.50464277249891], [-73.65975355372683, 45.50464511995601], [-73.6598903424963, 45.50468258752267], [-73.65997174856496, 45.50470486856256], [-73.65998785559295, 45.50453444266204], [-73.65998883818621, 45.50441257145539], [-73.6600031627266, 45.504221747793714], [-73.66001314299055, 45.50405575058361], [-73.66001325639523, 45.50405387428737], [-73.66002121358396, 45.5039060393339], [-73.66002256101467, 45.50388099298926], [-73.6600291676079, 45.503758204380276], [-73.66003196334863, 45.50370623101697], [-73.66003712471544, 45.503610369418126], [-73.66004136875007, 45.50353146903426], [-73.66004507865823, 45.50346253445583], [-73.66005204883045, 45.503342399161184], [-73.66005362157112, 45.50331528742851], [-73.66012519824724, 45.50319471447765], [-73.66022435726208, 45.50302768266687], [-73.66032949793305, 45.50285056746612], [-73.66057855575468, 45.502431021655774], [-73.66065161998776, 45.50242234668662], [-73.66090600327728, 45.502392146188605], [-73.6612371199321, 45.5023528296207], [-73.66128605518539, 45.502347017886315], [-73.66167167802541, 45.50230123015745], [-73.6617387362804, 45.50229326599531], [-73.66199314962925, 45.50226305863922], [-73.66205739081055, 45.50225543221129], [-73.66240269072986, 45.50221442690405], [-73.66244883999249, 45.50220894816459], [-73.66234861990893, 45.50178335670144], [-73.66231284444856, 45.501636053808035], [-73.66227968624207, 45.501490610138305], [-73.66223120873116, 45.501287840774005], [-73.66221825387626, 45.501233666456685], [-73.66218565151064, 45.501097531755065], [-73.662047989572, 45.50058679857211], [-73.6619923039967, 45.50027017871553], [-73.6618311498991, 45.49958965486774], [-73.66178471007021, 45.499377321520576], [-73.66175037745158, 45.49922009082349], [-73.66247844170739, 45.4991810514703], [-73.66281614111294, 45.499162942838765], [-73.66371924552, 45.49911451130861], [-73.66325678693329, 45.49881736357609], [-73.66308332160652, 45.498705899798466], [-73.66272135169193, 45.49847331339863], [-73.66192076329004, 45.49795887741654], [-73.66172672677223, 45.497839940556005], [-73.66127894847025, 45.497565457783885], [-73.66098939934234, 45.49738495716503], [-73.6607057129842, 45.49720796257431], [-73.66056662745098, 45.497121183494045], [-73.65941627050361, 45.496380625440196], [-73.65922168413081, 45.49626230018717], [-73.65922606766252, 45.49625817272053], [-73.65784585435755, 45.49538355299977], [-73.65710958057021, 45.49492185120206], [-73.65691930680002, 45.494800655720525], [-73.65692042266531, 45.494799784220874], [-73.65675949762742, 45.49469801255731], [-73.6561795940142, 45.494331263505345], [-73.65653940540098, 45.49404985079285], [-73.65684445899508, 45.49381126353488], [-73.65766054881759, 45.49317287611741], [-73.65847935278057, 45.49253205806282], [-73.6647399315885, 45.48763504689429], [-73.66476596895043, 45.48761467590707], [-73.66542905208627, 45.48709588912004], [-73.66586006582497, 45.48675866293199], [-73.66618494586656, 45.486766421806365], [-73.66804153766763, 45.48681074367115], [-73.66821677253557, 45.48692063076219], [-73.6683277655977, 45.48698719995004], [-73.66950548435997, 45.48773135480248], [-73.66969828774644, 45.48785245101758], [-73.671217887904, 45.48880683156317], [-73.67234429056607, 45.48951427549236], [-73.67253705635568, 45.48963543723574], [-73.67507303262414, 45.49122789416067], [-73.67513482338256, 45.491266697524054], [-73.67645556785779, 45.486451344792755], [-73.67700237275982, 45.484454870891696], [-73.67721199658355, 45.48368946580428], [-73.67630063934553, 45.48307817254538], [-73.67463541726394, 45.48196114169234], [-73.66975610757927, 45.4837141903665], [-73.6694553095296, 45.48358269177201], [-73.66925716531746, 45.48349605899469], [-73.66905847134396, 45.48340918942184], [-73.66885977798056, 45.483322319501205], [-73.66866108525352, 45.483235458020324], [-73.66846153002363, 45.48314821081168], [-73.66826283849322, 45.48306133984608], [-73.66806414757295, 45.48297446853278], [-73.66786545726276, 45.48288759687157], [-73.66766676756271, 45.48280072486247], [-73.66716258166615, 45.48258028087525], [-73.66685704252794, 45.48244669091129], [-73.6666577930845, 45.4823595806941], [-73.66645911333879, 45.482272706562085], [-73.6662604279572, 45.4821858320914], [-73.66606174318572, 45.48209895727303], [-73.66586305902435, 45.4820120821067], [-73.66566437549885, 45.4819252153802], [-73.66546569255767, 45.481838339518546], [-73.66531668544305, 45.48177318458409], [-73.66516767239997, 45.48170802067557], [-73.66496899100974, 45.48162115273184], [-73.6647703133269, 45.481534275648514], [-73.6646213046908, 45.481469119805766], [-73.6644554546904, 45.481396597674724], [-73.66423731743755, 45.4813004328577], [-73.6634844462488, 45.48097175072321], [-73.66256433817337, 45.48057004859313], [-73.66188116420426, 45.4802717758539], [-73.66180540478648, 45.48023870134584], [-73.66130389766484, 45.480761532587145], [-73.66096964710398, 45.48115176771945], [-73.6584025519568, 45.480030600821586], [-73.65814163138421, 45.479916644903106], [-73.65794642234333, 45.479831376823086], [-73.65778837727589, 45.47976220862478], [-73.65648648273317, 45.47919234199814], [-73.65634962718555, 45.47913243122956], [-73.65596284720391, 45.478961154251515], [-73.6559629889569, 45.478983105400964], [-73.65596470709032, 45.4792515808023], [-73.65596548030337, 45.47937224182513], [-73.65596625354463, 45.47949291163273], [-73.65596702366707, 45.479613581442216], [-73.65596779691633, 45.47973425124486], [-73.65596857016958, 45.479854921044854], [-73.65596933817035, 45.479974817543656], [-73.65597010656303, 45.48009485464046], [-73.65597087498386, 45.480214900522306], [-73.65597164338443, 45.48033493761403], [-73.65597241191016, 45.48045501864083], [-73.65597319814924, 45.48057812256328], [-73.65597832364568, 45.48137858356933], [-73.65597950777335, 45.48156325259673], [-73.65598113645822, 45.48181735154555], [-73.65599207107691, 45.48409234830281], [-73.6559936665791, 45.4844241682409], [-73.65599327695551, 45.48444589459601], [-73.65599280043138, 45.48446762009507], [-73.65599223700475, 45.48448934456498], [-73.65599158667992, 45.48451106783356], [-73.65599084946201, 45.48453278972888], [-73.65599002535672, 45.484554510078944], [-73.65598911437048, 45.484576228711866], [-73.65598811651039, 45.484597945455604], [-73.65598703178428, 45.484619660138264], [-73.65598586020062, 45.48464137258787], [-73.65598460177422, 45.48466308263388], [-73.65598357429874, 45.484679786702095], [-73.6559824954113, 45.4846964891663], [-73.65598136511103, 45.48471318994792], [-73.65598018340322, 45.48472988896875], [-73.65597895029917, 45.48474658615052], [-73.65597766691296, 45.48476326725152], [-73.65597633223003, 45.48477994635765], [-73.65597494625165, 45.48479662339362], [-73.6559735089843, 45.484813298281175], [-73.65597202043956, 45.48482997093993], [-73.6559704807667, 45.4848466397675], [-73.65596888983585, 45.484863306217505], [-73.65596724765513, 45.48487997020778], [-73.65596555423221, 45.48489663166018], [-73.65596380957423, 45.48491329050109], [-73.65596201360799, 45.48492994741722], [-73.6559601664218, 45.48494660155716], [-73.65595826802065, 45.48496325284722], [-73.65595631841342, 45.48497990120937], [-73.65595431761272, 45.48499654656169], [-73.655952265633, 45.48501318872077], [-73.65595016248002, 45.48502982771667], [-73.65594800816166, 45.48504646347334], [-73.6559458026879, 45.48506309591291], [-73.65594354607103, 45.48507972495573], [-73.65594123836622, 45.485096350278944], [-73.65593887952721, 45.485112972050004], [-73.65593646957129, 45.48512959019236], [-73.65593400850969, 45.485146204628364], [-73.6559314963476, 45.485162815278734], [-73.65592893301096, 45.48517942283427], [-73.65592631859978, 45.48519602645439], [-73.65592365313057, 45.48521262605726], [-73.65592093661579, 45.48522922156513], [-73.65591816906375, 45.485245812904346], [-73.65591535046565, 45.48526240014325], [-73.65591248085912, 45.48527898305564], [-73.6559095602599, 45.48529556156274], [-73.65590658868167, 45.485312135586724], [-73.65590356613586, 45.48532870505151], [-73.65590049270838, 45.48534526946891], [-73.65589736834949, 45.48536182916932], [-73.65589419306765, 45.48537838407641], [-73.65589096687782, 45.48539493411295], [-73.65588768980099, 45.48541147919992], [-73.65588435495289, 45.485428053244235], [-73.65588096903204, 45.485444622166625], [-73.65587753205848, 45.48546118588725], [-73.65587404404843, 45.485477744328385], [-73.65587050501395, 45.48549429741411], [-73.65586691489335, 45.4855108454193], [-73.65586327378129, 45.48552738791385], [-73.65585958169447, 45.48554392481715], [-73.65585583865017, 45.48556045605157], [-73.65585204466635, 45.48557698154215], [-73.65584819957238, 45.48559350204109], [-73.65584430357136, 45.48561001663937], [-73.65584035668334, 45.485626525257956], [-73.65583635892685, 45.4856430278195], [-73.65583231031881, 45.4856595242476], [-73.6558282111874, 45.48567601315631], [-73.6558240612536, 45.485692495776966], [-73.65581986053456, 45.48570897203148], [-73.65581560904998, 45.48572544184211], [-73.65581130682205, 45.48574190513254], [-73.65580695366211, 45.485758362585926], [-73.6558025497874, 45.48577481336697], [-73.65579809522126, 45.48579125739377], [-73.65579358998457, 45.485807694589184], [-73.65578903409579, 45.48582412488036], [-73.6557844276535, 45.48584054793773], [-73.65577977060501, 45.48585696393115], [-73.65577506297574, 45.48587337278494], [-73.65577030478778, 45.48588977442181], [-73.65576549605984, 45.485906168763485], [-73.65576063678417, 45.48592255586005], [-73.65575572701424, 45.4859389355124], [-73.65575076677194, 45.48595530763916], [-73.65574575608044, 45.48597167216335], [-73.65574069496456, 45.48598802901238], [-73.65573558346227, 45.48600437800942], [-73.65573042159345, 45.48602071917697], [-73.65572520937845, 45.48603705243574], [-73.65571994684173, 45.48605337770913], [-73.65571463401187, 45.48606969492285], [-73.65570927718481, 45.486085984905266], [-73.65570387023115, 45.48610226669494], [-73.65569841317198, 45.48611854021195], [-73.65569290603287, 45.48613480537974], [-73.65568734884373, 45.48615106212611], [-73.65568174068211, 45.48616731305756], [-73.65567608249377, 45.48618355540699], [-73.65567037430924, 45.48619978909896], [-73.65566461615528, 45.48621601405723], [-73.65565880805477, 45.48623223020516], [-73.65565295038219, 45.48624843652423], [-73.65564704283334, 45.48626463388313], [-73.6556410854338, 45.48628082220596], [-73.65563507821145, 45.486297001416816], [-73.65562902119649, 45.48631317143977], [-73.65562291452879, 45.48632933185334], [-73.65561675811922, 45.4863454829309], [-73.65561055200156, 45.486361624593314], [-73.65560429620487, 45.48637775676505], [-73.65559799075349, 45.4863938793737], [-73.65559163596875, 45.486409991615986], [-73.65558523159821, 45.48642609414183], [-73.65557877766865, 45.486442186874996], [-73.6555722742102, 45.48645826973981], [-73.65556572125665, 45.48647434266174], [-73.65555695756267, 45.486495635543925], [-73.65554810699935, 45.486516910637874], [-73.6555391696406, 45.48653816777245], [-73.65553014556001, 45.48655940677238], [-73.6555210348318, 45.48658062746263], [-73.655511837531, 45.486601829668324], [-73.65550255373329, 45.48662301321466], [-73.65549318351508, 45.48664417792717], [-73.6554837269535, 45.48666532363139], [-73.6554741841264, 45.48668645015288], [-73.65546455511235, 45.48670755731781], [-73.65545631880912, 45.486725435030955], [-73.65579205147387, 45.486876282125365], [-73.65248318141029, 45.490519654797616], [-73.65053502119997, 45.49268367670471], [-73.65051936189155, 45.49267752408875], [-73.6499999891231, 45.49247333003338], [-73.64930847663508, 45.49220145736727], [-73.6490307890137, 45.49205457585633], [-73.6485590074318, 45.4918690833281], [-73.64889266056929, 45.49150026613469], [-73.64905022996436, 45.491328580464895], [-73.64984113787726, 45.49044531069796], [-73.64997021017291, 45.490308099408], [-73.65047950785114, 45.48975542232768], [-73.65059226728725, 45.489610797285565], [-73.65110040776898, 45.489053874323965], [-73.6511635868983, 45.48898462412611], [-73.64501949719225, 45.486224976102534], [-73.63883059963634, 45.48343876714851], [-73.635166486917, 45.48179145146024], [-73.63040228193749, 45.47964675123405], [-73.63045678589339, 45.47958761945883], [-73.63072109344166, 45.479300869066634], [-73.63081970730153, 45.47934520320604]]]]}}, {"type": "Feature", "properties": {"NOM": "Verdun"}, "geometry": {"type": "MultiPolygon", "coordinates": [[[[-73.53979794382258, 45.428049344786245], [-73.53933551738768, 45.42837572581049], [-73.53880776245008, 45.42873678410797], [-73.53630791178512, 45.43068129927427], [-73.53480779657369, 45.4319590537497], [-73.53347434067499, 45.43315349401699], [-73.53125208479787, 45.43543124354436], [-73.52969650881882, 45.43715351400154], [-73.52836308465311, 45.43887570690648], [-73.5273906853182, 45.44015350073123], [-73.52602958374217, 45.44229243618556], [-73.52416873826743, 45.44576463026935], [-73.52322409516034, 45.44787572227287], [-73.5226131586395, 45.44951463303693], [-73.5222516883803, 45.450625768555064], [-73.52221449301754, 45.450724258122776], [-73.52217734016783, 45.45082275667468], [-73.52214027457994, 45.450921271090046], [-73.5221033399499, 45.45101980930744], [-73.52206657997402, 45.45111837926567], [-73.52203003834896, 45.45121698890361], [-73.52199375877159, 45.45131564615992], [-73.52195778292966, 45.45141435860114], [-73.52192211497882, 45.45151312683721], [-73.52188672581346, 45.45161194531345], [-73.52185158517662, 45.451710808261225], [-73.52181666281102, 45.45180970991237], [-73.52178192845928, 45.45190864449848], [-73.5217473520507, 45.45200760628694], [-73.52171291462471, 45.45210659167138], [-73.52167861438244, 45.45220560033058], [-73.52164445099426, 45.452304632224035], [-73.52161042413064, 45.452403687311794], [-73.521576533462, 45.452502765553305], [-73.52154277866194, 45.45260186690894], [-73.5215091620694, 45.4527009917298], [-73.52147569352347, 45.452800141467215], [-73.52144238417291, 45.45289931776433], [-73.52140924516654, 45.45299852226458], [-73.5213762876533, 45.453097756611484], [-73.52134352278216, 45.45319702244797], [-73.52131095856596, 45.4532963209181], [-73.5212785867422, 45.453395650572865], [-73.52124639378515, 45.453495009124985], [-73.52121436616635, 45.4535943942864], [-73.52118249035722, 45.453693803769326], [-73.52115075282912, 45.453793235286035], [-73.52111914195683, 45.453892686845705], [-73.52108766547613, 45.45399215948138], [-73.52105634241423, 45.45409165598902], [-73.52102519193934, 45.45419117918679], [-73.52099423321991, 45.45429073189305], [-73.52096348542447, 45.45439031692575], [-73.52093296723964, 45.454489937026], [-73.52090268542433, 45.45458959302212], [-73.52087263432205, 45.45468928375194], [-73.52084280769677, 45.45478900795994], [-73.52081319931239, 45.45488876439114], [-73.52078380293283, 45.45498855179012], [-73.52075461228083, 45.45508836889724], [-73.52072561727748, 45.45518821402589], [-73.52069680101808, 45.455288084724145], [-73.5206681458862, 45.45538797846016], [-73.52063963426528, 45.455487892702095], [-73.52061124853861, 45.45558782491801], [-73.52058297109207, 45.45568777257628], [-73.52055479407814, 45.455787734462085], [-73.52052674143037, 45.45588771364533], [-73.52049884353573, 45.455987714066055], [-73.52047113078144, 45.45608773966407], [-73.52044363355489, 45.45618779437945], [-73.52041638224371, 45.45628788215222], [-73.52038940010917, 45.456388005975], [-73.52036266473385, 45.456488162767826], [-73.5203361356745, 45.45658834705447], [-73.52030977244362, 45.45668855335282], [-73.5202835345534, 45.45678877618048], [-73.52025738151578, 45.45688901005542], [-73.5202312758897, 45.45698924989948], [-73.52020522031152, 45.45708949595248], [-73.52017924567, 45.45718975220281], [-73.52015338344536, 45.457290022717046], [-73.52012766511803, 45.45739031156208], [-73.52010212216865, 45.45749062280493], [-73.52007678596195, 45.45759096048709], [-73.52005168390384, 45.45769132779341], [-73.52002683855905, 45.45779172686083], [-73.52000227219752, 45.457892159762295], [-73.51997800708928, 45.45799262857075], [-73.51995406550455, 45.45809313535916], [-73.5199304695933, 45.458193682187606], [-73.51990721840323, 45.45829426858773], [-73.51988426058034, 45.45839488857557], [-73.51986153812439, 45.458495535439965], [-73.51983899303468, 45.45859620246961], [-73.51981656731017, 45.4586968829535], [-73.51979420294938, 45.45879757017999], [-73.51977185657795, 45.45889825910896], [-73.51974954233883, 45.458998951272], [-73.51972728851062, 45.459099649815315], [-73.5197051233721, 45.45920035788534], [-73.5196830752023, 45.45930107862862], [-73.51966117228037, 45.45940181519144], [-73.5196394415044, 45.45950257053329], [-73.51961789894067, 45.4596033461446], [-73.51959655554562, 45.4597041428236], [-73.51957542224561, 45.45980496136406], [-73.5195545099671, 45.45990580256015], [-73.51953382963663, 45.460006667205576], [-73.51951339060193, 45.46010755594707], [-73.51949317661172, 45.46020846704256], [-73.51947315064697, 45.46030939681232], [-73.51945327508908, 45.46041034152034], [-73.51943351231924, 45.46051129743088], [-73.51941382471831, 45.46061226080813], [-73.51939417466693, 45.46071322791601], [-73.51936002855419, 45.46089331558338], [-73.51932645109483, 45.46107346028303], [-73.51929344257964, 45.4612536606805], [-73.51926100329095, 45.461433915440395], [-73.51922913350263, 45.46161422322624], [-73.51919783348023, 45.461794582701025], [-73.5191671034807, 45.461974992526635], [-73.51913694375261, 45.46215545136414], [-73.51910735453605, 45.46233595787402], [-73.51907833606266, 45.46251651071566], [-73.5190498885556, 45.46269710854817], [-73.51902201222951, 45.462877750029726], [-73.51899470729064, 45.46305843381796], [-73.51896797393665, 45.46323915856974], [-73.51894181235673, 45.46341992294153], [-73.5189162227316, 45.463600725589124], [-73.51889120523347, 45.463781565168055], [-73.51886676002601, 45.463962440332864], [-73.51884288726441, 45.46414334973823], [-73.51881958709534, 45.464324292038064], [-73.51881309716715, 45.46440430846222], [-73.5188074390735, 45.464484375550064], [-73.51880261384423, 45.464564486880796], [-73.51879862237574, 45.46464463602087], [-73.51879546543057, 45.46472481652581], [-73.5187931436372, 45.46480502194178], [-73.51879165748964, 45.464885245807636], [-73.51879100734733, 45.46496548165642], [-73.5187911934349, 45.465045723017184], [-73.51879221584207, 45.46512596341634], [-73.51879407452368, 45.465206196380144], [-73.51879676929961, 45.46528641543581], [-73.51880029985482, 45.465366614113506], [-73.51880466573952, 45.46544678594835], [-73.51880986636937, 45.46552692448133], [-73.51881590102555, 45.465607023261946], [-73.5188227688552, 45.46568707584939], [-73.51883046887164, 45.46576707581469], [-73.51883899995481, 45.465847016741684], [-73.51884836085163, 45.46592689222965], [-73.5189059648284, 45.46618196740702], [-73.51896676231705, 45.466436765874455], [-73.51903074948025, 45.466691257986646], [-73.51909792174031, 45.46694541413197], [-73.5191682737797, 45.46719920474435], [-73.51924179954221, 45.46745260031443], [-73.51931849223458, 45.46770557140089], [-73.51939834432824, 45.467958088642334], [-73.51948134756192, 45.46821012276797], [-73.51956749294436, 45.468461644609285], [-73.5196567707575, 45.46871262511145], [-73.51974917056022, 45.468963035344174], [-73.51984468119232, 45.4692128465127], [-73.51994329077912, 45.469462029969534], [-73.5200449867362, 45.46971055722455], [-73.52014975577485, 45.469958399956674], [-73.52025758390766, 45.47020553002364], [-73.52036845645473, 45.47045191947328], [-73.52048235804999, 45.47069754055438], [-73.52059927264824, 45.470942365725875], [-73.52065181938227, 45.47105774821582], [-73.52070449214445, 45.47117310261337], [-73.52075729089003, 45.471288428816564], [-73.52081021557399, 45.471403726723594], [-73.5208632661511, 45.47151899623222], [-73.52091644257592, 45.4716342372407], [-73.52096974480278, 45.47174944964726], [-73.52102317278576, 45.471864633350066], [-73.5210767264788, 45.47197978824736], [-73.52113040583552, 45.47209491423746], [-73.52118421080937, 45.4722100112188], [-73.52123814135355, 45.4723250790897], [-73.52129219742109, 45.47244011774868], [-73.52134637896474, 45.47255512709423], [-73.52140068593704, 45.47267010702498], [-73.52145511829033, 45.472785057439495], [-73.52150967597677, 45.4728999782364], [-73.5215643589482, 45.47301486931464], [-73.52161916715627, 45.47312973057264], [-73.52167410055245, 45.473244561909524], [-73.52971520094871, 45.475067968315045], [-73.53418401705457, 45.47608102455487], [-73.53490499398949, 45.476238025138315], [-73.5353980506549, 45.47632597745599], [-73.53555104272804, 45.47635400787709], [-73.53611604307581, 45.47642600468477], [-73.53683803222711, 45.4765039789531], [-73.53738403431873, 45.476558967600205], [-73.53777398814626, 45.47659402603891], [-73.53816297249676, 45.47660001660548], [-73.53844497227078, 45.47659398215203], [-73.53890902840244, 45.47653496961912], [-73.53916703791283, 45.476469996159494], [-73.54093099014183, 45.475865971619776], [-73.54205997406777, 45.47534603011929], [-73.54284696862612, 45.47489802033256], [-73.54602099470446, 45.47311797497917], [-73.5492619941742, 45.470825029075456], [-73.55003695552935, 45.47026700233438], [-73.55087798301687, 45.469757987105176], [-73.55177896088011, 45.469303025664914], [-73.55198995239583, 45.4692069960936], [-73.55216603530062, 45.46914266813209], [-73.55234389004285, 45.46908058749624], [-73.55252342931352, 45.46902078976254], [-73.55270456391234, 45.468963308256505], [-73.55288720289495, 45.468908173991515], [-73.553071253725, 45.46885541561387], [-73.55325662243037, 45.46880505935238], [-73.55344321376303, 45.46875712897529], [-73.55363093136192, 45.46871164575333], [-73.55381967791851, 45.468668628428645], [-73.55628981974759, 45.469594185326294], [-73.55878549390098, 45.47052922394133], [-73.56044178869435, 45.47114972988085], [-73.56070052053228, 45.47124402039289], [-73.56086324109111, 45.47130332072942], [-73.56150299496215, 45.47154643258011], [-73.56289266064539, 45.47207449763331], [-73.56295687697414, 45.472098898826], [-73.56300146103472, 45.4721158399777], [-73.56309237027844, 45.47215034653101], [-73.56298591016109, 45.47229088876943], [-73.56307635350556, 45.47232512306778], [-73.56307854017349, 45.472325952419894], [-73.56390339638392, 45.47263817128296], [-73.5641093588345, 45.47271612937277], [-73.56480577686196, 45.4729797238466], [-73.56484049435588, 45.47299286441883], [-73.56706262338825, 45.47385056527671], [-73.56821122332966, 45.47429387626531], [-73.5682267316363, 45.47429982151319], [-73.56824228675111, 45.474305705923555], [-73.56825788819357, 45.47431152931097], [-73.56827353548002, 45.474317291495], [-73.5682892281254, 45.47432299229695], [-73.56830496564328, 45.474328631540125], [-73.56832074754577, 45.474334209049715], [-73.56833657334366, 45.47433972465283], [-73.56835244254636, 45.474345178178424], [-73.56836835466191, 45.47435056945752], [-73.56838430919706, 45.47435589832291], [-73.56840030565724, 45.47436116460943], [-73.56841634354655, 45.47436636815383], [-73.5684324223678, 45.47437150879478], [-73.5684485416226, 45.47437658637291], [-73.56846470081123, 45.4743816007309], [-73.56848089943274, 45.47438655171313], [-73.56849713698504, 45.47439143916632], [-73.56851341296469, 45.474396262938825], [-73.56852972686721, 45.47440102288114], [-73.56854607818684, 45.47440571884578], [-73.56856246641668, 45.47441035068698], [-73.56857889104872, 45.47441491826133], [-73.56859535157379, 45.47441942142722], [-73.56861184748162, 45.47442386004494], [-73.56862837826083, 45.47442823397697], [-73.56864494339897, 45.47443254308769], [-73.56866154238251, 45.47443678724354], [-73.5686781746969, 45.47444096631293], [-73.56869483982655, 45.47444508016629], [-73.56871153725479, 45.47444912867614], [-73.56872826646408, 45.47445311171699], [-73.56874502693572, 45.47445702916522], [-73.5687618181502, 45.47446088089956], [-73.56877863958695, 45.47446466680054], [-73.56879549072454, 45.474468386750765], [-73.56881237104056, 45.4744720406349], [-73.56882928001174, 45.47447562833987], [-73.56884621711386, 45.474479149754124], [-73.5688631818219, 45.47448260476864], [-73.56888017360993, 45.47448599327646], [-73.56889719195121, 45.47448931517233], [-73.56891423631818, 45.47449257035337], [-73.56893130618242, 45.47449575871872], [-73.5689484010148, 45.47449888016942], [-73.56896552028536, 45.47450193460891], [-73.5689826634634, 45.474504921942156], [-73.56899983001748, 45.47450784207673], [-73.5690170194154, 45.47451069492215], [-73.56903423112433, 45.47451348038997], [-73.56905146461068, 45.474516198393985], [-73.5690687193402, 45.47451884884951], [-73.56908599477798, 45.47452143167473], [-73.56910329038848, 45.47452394678951], [-73.56912060563555, 45.47452639411571], [-73.56913793998238, 45.4745287735777], [-73.5691552928916, 45.47453108510162], [-73.56917266382528, 45.47453332861583], [-73.56919005224326, 45.474535504053776], [-73.56920550046652, 45.47453737766753], [-73.5692209616619, 45.47453919755331], [-73.5692364354513, 45.47454096366447], [-73.56925192145685, 45.47454267595776], [-73.56926741930039, 45.47454433439156], [-73.56928292860349, 45.47454593892525], [-73.56929844898741, 45.47454748951955], [-73.56931398007312, 45.47454898613699], [-73.56932952148138, 45.47455042874061], [-73.56934507283269, 45.474551817295286], [-73.56936063374778, 45.474553151769214], [-73.56936857253093, 45.47455381143187], [-73.56942688801922, 45.47455860521506], [-73.56993180575715, 45.47460010503243], [-73.56993434597453, 45.47460018626323], [-73.57019225225511, 45.474608428150574], [-73.57020162904995, 45.47460872833641], [-73.57022533240955, 45.47460827411753], [-73.57024903307844, 45.47460775497245], [-73.5702727306944, 45.47460717090771], [-73.57029642489816, 45.474606521932174], [-73.57032011533046, 45.47460580805552], [-73.57034380163213, 45.47460502928866], [-73.57036748344413, 45.474604185643436], [-73.57039116040731, 45.47460327713258], [-73.57041483216277, 45.474602303769906], [-73.57043849835162, 45.474601265570215], [-73.57046215861503, 45.474600162549116], [-73.5704858125943, 45.474598994723394], [-73.57050945993079, 45.47459776211082], [-73.570533100266, 45.474596464729984], [-73.57055673324153, 45.474595102600624], [-73.57058035849906, 45.47459367574331], [-73.5706039756833, 45.4745921841814], [-73.57061990194028, 45.47459114168763], [-73.57063582429957, 45.47459007013239], [-73.57065174265439, 45.474588969524135], [-73.57066765689727, 45.47458783986911], [-73.57069196953816, 45.474586055190265], [-73.57071627180333, 45.47458420186934], [-73.57074056329823, 45.47458227993383], [-73.5707648436315, 45.474580289414675], [-73.57078911241186, 45.474578230343994], [-73.57081336924827, 45.47457610275485], [-73.57083761374993, 45.47457390668175], [-73.57086184552615, 45.47457164215986], [-73.57088606418651, 45.474569309225764], [-73.57091026934076, 45.47456690791702], [-73.5709344605989, 45.47456443827232], [-73.57095863757115, 45.47456190033149], [-73.57098279986793, 45.47455929413539], [-73.57100694709993, 45.4745566197261], [-73.57103107887808, 45.47455387714652], [-73.57105519481354, 45.47455106644107], [-73.57107929451773, 45.474548187654875], [-73.57110337760233, 45.474545240834374], [-73.57112744367932, 45.47454222602707], [-73.57115149236091, 45.47453914328156], [-73.57117552325963, 45.47453599264749], [-73.57119953598823, 45.47453277417542], [-73.57122353015984, 45.4745294879176], [-73.57124750538786, 45.474526133926744], [-73.57127146128596, 45.474522712257034], [-73.57129539746813, 45.47451922296329], [-73.57131931354873, 45.47451566610206], [-73.5713432091424, 45.47451204173043], [-73.57136708386408, 45.47450834990717], [-73.57139093732914, 45.47450459069118], [-73.57141476915321, 45.474500764143556], [-73.57143857895227, 45.47449687032575], [-73.57146236634273, 45.47449290930045], [-73.57148613094128, 45.474488881131535], [-73.57150987236504, 45.474484785884044], [-73.57153359023144, 45.474480623623656], [-73.57155728415836, 45.474476394417664], [-73.571580953764, 45.47447209833425], [-73.57160459866701, 45.47446773544242], [-73.57162821848634, 45.474463305812705], [-73.57165181284148, 45.47445880951628], [-73.57167538135226, 45.47445424662573], [-73.57169892363893, 45.474449617214574], [-73.57172243932216, 45.47444492135729], [-73.57174592802305, 45.47444015912964], [-73.57176938936313, 45.474435330608344], [-73.57179282296438, 45.474430435871156], [-73.57181622844924, 45.47442547499698], [-73.5718396054406, 45.474420448065764], [-73.57186295356179, 45.47441535515843], [-73.5718862724366, 45.47441019635718], [-73.57190956168931, 45.47440497174497], [-73.5719328209447, 45.474399681406105], [-73.57195604982797, 45.474394325425784], [-73.57197924796488, 45.474388903890386], [-73.57200241498163, 45.47438341688707], [-73.57202555050497, 45.47437786450438], [-73.57204865416212, 45.474372246831834], [-73.57207172558083, 45.47436656395984], [-73.57209476438935, 45.47436081597999], [-73.57211777021648, 45.474355002984964], [-73.57214074269157, 45.47434912506832], [-73.57216368144445, 45.47434318232489], [-73.57218658610554, 45.47433717485029], [-73.5722094563058, 45.47433110274137], [-73.57223229167673, 45.47432496609608], [-73.57225509185038, 45.474318765013095], [-73.57227785645944, 45.474312499592415], [-73.57230058514006, 45.47430616993749], [-73.57202353074281, 45.47360773743167], [-73.57172215753772, 45.47284797864173], [-73.5713991708589, 45.47253785315857], [-73.57145136333402, 45.47249869544419], [-73.57171888410208, 45.47229798558799], [-73.57172407727433, 45.47223997453196], [-73.57202847894766, 45.46883354488469], [-73.57222800736386, 45.46660650411162], [-73.5722312589625, 45.46658510994986], [-73.57223714658564, 45.46656399667357], [-73.57224562567487, 45.46654332358367], [-73.57225663121078, 45.46652324999396], [-73.57227008025933, 45.46650392623094], [-73.57228586814333, 45.4664854999352], [-73.57230387866746, 45.46646811155576], [-73.57232397260778, 45.466451893457474], [-73.57234599666116, 45.466436968115815], [-73.5723697847254, 45.466423449015856], [-73.57239515661897, 45.46641143975333], [-73.57242191807684, 45.46640103043521], [-73.57244986586987, 45.46639230127598], [-73.572478789077, 45.46638531719777], [-73.57250846525541, 45.46638013323176], [-73.57253867194072, 45.46637678731234], [-73.57256917642327, 45.46637530568252], [-73.57259974980909, 45.4663756983859], [-73.57549179272733, 45.46650174619309], [-73.5759508486436, 45.46652174967481], [-73.57607586404336, 45.466527194254255], [-73.57596947909423, 45.467730241316005], [-73.57745747140892, 45.46779537728246], [-73.57769556408155, 45.467531060518645], [-73.57876379514947, 45.46757780854971], [-73.57886051825044, 45.466483397073446], [-73.57905393739925, 45.46649181374087], [-73.57949351161005, 45.466510956211096], [-73.58012457570416, 45.46653842410915], [-73.58072711688885, 45.46656464439436], [-73.58078790459618, 45.46633442818663], [-73.58083790606729, 45.46612287523796], [-73.5808826515649, 45.46591065829349], [-73.58092212612794, 45.46569800593139], [-73.58096285098794, 45.46545581781825], [-73.5810553649917, 45.46431105419793], [-73.58104642721031, 45.46396718496979], [-73.5810428690063, 45.463830171051136], [-73.58103991230378, 45.463775593692496], [-73.58102317383651, 45.46346712643647], [-73.58100605306974, 45.463323751190615], [-73.58089384977814, 45.46259228105425], [-73.58087165204435, 45.46250009729799], [-73.5808537200018, 45.46242563485158], [-73.58059447446347, 45.461513121369634], [-73.58042525513619, 45.46076088172942], [-73.58039835235938, 45.460594270992026], [-73.58035515481103, 45.460143699805755], [-73.58032893040061, 45.45987004601668], [-73.58030339778242, 45.45929177002209], [-73.58040763294508, 45.45824435493085], [-73.58065030225823, 45.45726982515688], [-73.5806571799047, 45.45724513941062], [-73.580664135734, 45.45722054671682], [-73.5806711881729, 45.45719596765497], [-73.5806783371674, 45.457171402413], [-73.58068558266265, 45.45714685117888], [-73.58069292460318, 45.457122314140285], [-73.58070036293263, 45.45709779148489], [-73.58070789759407, 45.45707328340024], [-73.58071552852968, 45.45704879007388], [-73.58072325568104, 45.457024311693], [-73.58073107898888, 45.456999848444795], [-73.58073899839326, 45.45697540051645], [-73.58074701383349, 45.45695096809498], [-73.58075512524813, 45.456926551367054], [-73.58076333257506, 45.45690215051957], [-73.58077163575135, 45.45687776573902], [-73.5807800347134, 45.45685339721195], [-73.58078852939684, 45.45682904512476], [-73.5807971197366, 45.45680470966364], [-73.58080580566683, 45.456780391014725], [-73.58081458712101, 45.45675608936402], [-73.58082346403182, 45.456731804897274], [-73.58083243633129, 45.456707537800256], [-73.58084150395067, 45.45668328825854], [-73.58085066682047, 45.45665905645761], [-73.58085992487051, 45.456634842582865], [-73.58086927802987, 45.45661064681936], [-73.58087872622689, 45.45658646935225], [-73.58088826938919, 45.45656231036629], [-73.58089790744366, 45.45653817004627], [-73.58090764031651, 45.45651404857693], [-73.58091746793313, 45.45648994614263], [-73.58092739021829, 45.4564658629277], [-73.58093740709596, 45.456441799116384], [-73.5809475184894, 45.45641775489272], [-73.5809577243212, 45.45639373044049], [-73.58096802451315, 45.45636972594338], [-73.5809784189864, 45.456345741585174], [-73.58098890766134, 45.45632177754911], [-73.58099949045757, 45.45629783401842], [-73.58101016729411, 45.45627391117656], [-73.58102093808917, 45.456250009205995], [-73.58103036494481, 45.45622927401329], [-73.58103986248634, 45.45620855479816], [-73.5810494306596, 45.45618785168626], [-73.5810590694094, 45.45616716479683], [-73.58106877868015, 45.45614649424904], [-73.5810785584158, 45.456125840161945], [-73.58108840855999, 45.456105202654655], [-73.58109832905585, 45.45608458184585], [-73.58111214312605, 45.456057510933796], [-73.58112605246967, 45.456030464196594], [-73.58114005699726, 45.45600344180046], [-73.58115415662272, 45.4559764439113], [-73.5811683512593, 45.455949470695025], [-73.58118264081972, 45.455922522317074], [-73.5811970252161, 45.45589559894296], [-73.58121150436, 45.45586870073802], [-73.58122607816235, 45.45584182786748], [-73.58124074653354, 45.45581498049632], [-73.58125550938335, 45.45578815878942], [-73.58127036662103, 45.45576136291139], [-73.5812853181552, 45.45573459302683], [-73.5813003638939, 45.45570784930008], [-73.58131550374465, 45.45568113189542], [-73.58133073761431, 45.455654440976815], [-73.58134606540926, 45.45562777670824], [-73.5813614870352, 45.45560113925333], [-73.58137700239735, 45.45557452877561], [-73.58139261140025, 45.4555479454387], [-73.58140831394799, 45.45552138940561], [-73.58142410994398, 45.4554948608394], [-73.58143999929112, 45.45546835990319], [-73.5814559818917, 45.455441886759374], [-73.58147205764745, 45.45541544157072], [-73.58148822645954, 45.45538902449962], [-73.58150448822855, 45.45536263570818], [-73.58152084285453, 45.45533627535856], [-73.5815372902369, 45.45530994361246], [-73.58155383027454, 45.45528364063165], [-73.58157046286578, 45.45525736657756], [-73.58158718790835, 45.45523112161168], [-73.58160400529947, 45.45520490589502], [-73.58162091493567, 45.4551787195885], [-73.58163791671308, 45.45515256285306], [-73.5816550105271, 45.45512643584925], [-73.58167219627272, 45.45510033873738], [-73.58168947384424, 45.45507427167784], [-73.58170684313545, 45.45504823483055], [-73.5817243040396, 45.455022228355574], [-73.58174185644934, 45.45499625241245], [-73.58175950025677, 45.4549703071607], [-73.58177723535343, 45.4549443927596], [-73.58179506163032, 45.45491850936831], [-73.58181297897781, 45.45489265714577], [-73.58183098728583, 45.45486683625066], [-73.58184908644364, 45.45484104684156], [-73.58186727633998, 45.454815289076805], [-73.58188555686307, 45.45478956311452], [-73.58190392790053, 45.454763869112696], [-73.58192238933944, 45.45473820722908], [-73.58194094106632, 45.45471257762121], [-73.58195958296716, 45.454686980446475], [-73.58197831492735, 45.45466141586199], [-73.58199713683177, 45.45463588402486], [-73.58201604856474, 45.4546103850918], [-73.58203505001, 45.45458491921935], [-73.58205414105079, 45.45455948656375], [-73.58207332156974, 45.45453408728135], [-73.58209259144897, 45.454508721528036], [-73.58211195057007, 45.45448338945954], [-73.58213139881403, 45.45445809123127], [-73.58215093606132, 45.45443282699872], [-73.58217056219192, 45.454407596917015], [-73.58219027708513, 45.454382401140926], [-73.58221008061983, 45.45435723982533], [-73.5822299726743, 45.4543321131246], [-73.5822499531263, 45.45430702119293], [-73.582270021853, 45.45428196418451], [-73.5822901787311, 45.45425694225334], [-73.58231042363671, 45.45423195555261], [-73.58233075644544, 45.45420700423606], [-73.5823511770323, 45.4541820884569], [-73.5823716852718, 45.45415720836797], [-73.58239228103791, 45.45413236412208], [-73.58241296420407, 45.45410755587183], [-73.58243373464319, 45.45408278376942], [-73.58245459222759, 45.454058047967074], [-73.58247553682912, 45.45403334861659], [-73.58249656831909, 45.45400868586954], [-73.58251768656822, 45.45398405987751], [-73.58253889144676, 45.453959470791595], [-73.5825601828244, 45.45393491876275], [-73.58258156057032, 45.45391040394182], [-73.58260302455311, 45.4538859264791], [-73.5826245746409, 45.45386148652513], [-73.58264621070131, 45.45383708422987], [-73.58266793260132, 45.45381271974309], [-73.5826897402075, 45.45378839321449], [-73.58271163338584, 45.4537641047934], [-73.5827336120018, 45.45373985462879], [-73.58275567592034, 45.45371564286973], [-73.58277782500589, 45.45369146966475], [-73.58280005912235, 45.453667335162386], [-73.58282237813309, 45.45364323951076], [-73.58284478190097, 45.45361918285771], [-73.58286727028836, 45.45359516535113], [-73.58288984315708, 45.453571187138294], [-73.5829125003684, 45.453547248366526], [-73.58293524178313, 45.45352334918277], [-73.58295806726153, 45.453499489733645], [-73.58298097666336, 45.45347567016598], [-73.58300396984788, 45.45345189062567], [-73.5830270466738, 45.453428151258755], [-73.58305020699932, 45.453404452211124], [-73.58307345068216, 45.45338079362827], [-73.58309677758368, 45.45335717565267], [-73.5832479410251, 45.45321128885608], [-73.58351211007799, 45.452956337425285], [-73.58358336190881, 45.452896472216466], [-73.58392961945928, 45.452622085917405], [-73.58430198078227, 45.45234769009154], [-73.5846973310681, 45.4520732858932], [-73.58510553534946, 45.45179887703589], [-73.58551646524434, 45.45152446466609], [-73.58593128796996, 45.45125004967579], [-73.58632857108437, 45.45097563922407], [-73.5867264866681, 45.45067179815937], [-73.58699842689553, 45.45042685789511], [-73.58751668395468, 45.44996345965803], [-73.58794483640014, 45.44955742918426], [-73.58897070483646, 45.448506222691364], [-73.58920624471666, 45.44823186047578], [-73.58934753653273, 45.448037555743305], [-73.58940015157431, 45.44796519799006], [-73.58974167272666, 45.44791388969416], [-73.59035865077949, 45.44782119480646], [-73.59046983913761, 45.4478044894592], [-73.5905385176394, 45.44779417089339], [-73.59056693915414, 45.44775662544271], [-73.59075442822804, 45.44750894638839], [-73.59093193622668, 45.447274450322716], [-73.59102489795436, 45.44715164287423], [-73.59142112987918, 45.44662819212085], [-73.59159860760963, 45.44639372767159], [-73.59209255226487, 45.44574116974817], [-73.59214869988067, 45.44566699113997], [-73.59223761231847, 45.445679940309375], [-73.59261242839857, 45.445316506125124], [-73.59422796822585, 45.44375000875775], [-73.59432442734077, 45.44365647047206], [-73.59454530943287, 45.44322176709861], [-73.59943201251252, 45.43750045553014], [-73.59932903502772, 45.43749223925451], [-73.59926269624027, 45.43748694621408], [-73.59798385430238, 45.43724878204575], [-73.59797965371621, 45.43724847699924], [-73.59774216176267, 45.43721175210016], [-73.59771362674613, 45.43720733951637], [-73.59745657946287, 45.43716705311257], [-73.59730268492903, 45.437142692728784], [-73.5972874538779, 45.437140281766986], [-73.59711832845093, 45.437113509270866], [-73.59702214234382, 45.43709828342347], [-73.59694920318505, 45.43708673742393], [-73.59681993675673, 45.43706627488547], [-73.59678007807872, 45.43705996532634], [-73.59661534493465, 45.437033888179656], [-73.59661095313197, 45.437033192978085], [-73.59644182834475, 45.43700642037914], [-73.5964120760893, 45.43700171073625], [-73.59627270371864, 45.436979648429386], [-73.59621341047608, 45.43697026144445], [-73.5961035792475, 45.436952873529414], [-73.59601550809275, 45.43693893183576], [-73.5959344549405, 45.43692610107835], [-73.59581619586864, 45.436907379183104], [-73.59576533079003, 45.43689932657691], [-73.59561926072668, 45.4368762022211], [-73.5955962080788, 45.436872552723585], [-73.59542708297083, 45.436845778621716], [-73.5954181872993, 45.4368443703135], [-73.59525795930057, 45.43681900426813], [-73.5952281601926, 45.436814286706934], [-73.59508883578991, 45.43679222966381], [-73.59503813571585, 45.436784202782086], [-73.59491971243729, 45.43676545390905], [-73.59484810888321, 45.436754117912834], [-73.59475058924578, 45.43673867880348], [-73.59465808238075, 45.43672403326702], [-73.59458146621382, 45.43671190344725], [-73.59446805620861, 45.43669394893456], [-73.59441234334297, 45.436685128740216], [-73.5942780315146, 45.436663863384716], [-73.59416418867468, 45.436645838828824], [-73.59408648651367, 45.436633536620306], [-73.59399861988447, 45.43661962496714], [-73.59389494069585, 45.43660321007509], [-73.59382820628966, 45.43659264439051], [-73.59370491520382, 45.436573123752], [-73.59366159124028, 45.436566264246615], [-73.59351261062913, 45.436542676517426], [-73.59349497762544, 45.436539884758254], [-73.59332836416401, 45.43651350412676], [-73.59332068558612, 45.43651228839915], [-73.59316175085895, 45.43648712415183], [-73.59313066185418, 45.43648220165872], [-73.59299513770732, 45.4364607430337], [-73.59294063729986, 45.436452113792825], [-73.59282852471206, 45.43643436257232], [-73.59275061281983, 45.43642202597053], [-73.59266191187024, 45.43640798096773], [-73.59256058854113, 45.436391937741725], [-73.59249529918478, 45.43638160001966], [-73.59237056574221, 45.43636184928552], [-73.59232868665276, 45.436355217928515], [-73.59218054301759, 45.436331760872925], [-73.59216207427711, 45.43632883649407], [-73.59199546077676, 45.436302453917335], [-73.5919905194709, 45.43630167151481], [-73.59182884871093, 45.43627607199625], [-73.59180049587096, 45.4362715823804], [-73.5916104751562, 45.43624149265742], [-73.59160082154007, 45.43623996398928], [-73.59143420983972, 45.43621358059214], [-73.59142045106296, 45.43621140190101], [-73.59126759829573, 45.43618719785158], [-73.59119667519529, 45.43617596673409], [-73.59110098818336, 45.436160813966886], [-73.59083404413012, 45.436118542667444], [-73.59083228636099, 45.43611826106128], [-73.59058109253017, 45.436078022461956], [-73.59031504681548, 45.43603594270517], [-73.59019393297709, 45.43601678621342], [-73.59014971993916, 45.436009793079144], [-73.59000404954234, 45.435986751838904], [-73.5899843906575, 45.435983642315676], [-73.58981906280778, 45.4359574922116], [-73.58981401685759, 45.43595669404972], [-73.58965373511043, 45.435931341868], [-73.58962398399085, 45.43592663603434], [-73.58948840756547, 45.43590519128487], [-73.58943316302859, 45.43589645261016], [-73.58932308017144, 45.435879039562366], [-73.58924234073514, 45.43586626859812], [-73.5890931424158, 45.435842668883055], [-73.58904812805848, 45.43583554834783], [-73.58892781538609, 45.435816516587906], [-73.58885505609825, 45.43580500748048], [-73.58876248851018, 45.43579036495305], [-73.58866502450277, 45.43577494768798], [-73.58859716306478, 45.43576421307769], [-73.58847499438745, 45.435744888027955], [-73.5884318352155, 45.435738060964795], [-73.5883324704621, 45.435722342356534], [-73.58826650879533, 45.43571190771153], [-73.58818861668115, 45.43569958615828], [-73.58810118252896, 45.435685755118584], [-73.58797008168736, 45.43566501635839], [-73.58793585641497, 45.43565960228614], [-73.5876399808637, 45.43561279792687], [-73.5876150158674, 45.43560905542016], [-73.58738800814969, 45.43557502434805], [-73.5873863808173, 45.435574764455396], [-73.58715627867286, 45.435538014042145], [-73.58705587872582, 45.435521978634156], [-73.58693241574882, 45.435502259594145], [-73.58680895145127, 45.43548254015167], [-73.58661900851268, 45.435452202700844], [-73.5864952864441, 45.43543244172135], [-73.5864215140807, 45.43542051492796], [-73.58613442477257, 45.43537410063407], [-73.58607977186217, 45.43536550962626], [-73.5858595521222, 45.43533089233342], [-73.58578515376492, 45.43531914781974], [-73.58559077260341, 45.43528846257811], [-73.53979794382258, 45.428049344786245]]]]}}, {"type": "Feature", "properties": {"NOM": "Le Sud-Ouest"}, "geometry": {"type": "MultiPolygon", "coordinates": [[[[-73.58154304624297, 45.486739416813776], [-73.58060598892517, 45.48556632375382], [-73.58077612356949, 45.485451798370086], [-73.58301283688911, 45.483946107584174], [-73.58435117860061, 45.48304512283406], [-73.5850631516345, 45.48231335554098], [-73.58512479194825, 45.48225000402763], [-73.58576686486143, 45.4825572993011], [-73.58584210007392, 45.482504824983735], [-73.58595188644397, 45.48242834129021], [-73.58596402609396, 45.48242992582408], [-73.58597628923688, 45.482431455171614], [-73.58598856938505, 45.482432915437805], [-73.58600086575211, 45.482434306529065], [-73.58601317755054, 45.48243562835638], [-73.58602550399198, 45.482436880835124], [-73.586037844287, 45.482438063885], [-73.58605019764532, 45.48243917743027], [-73.58606256327587, 45.48244022139982], [-73.58607494038672, 45.4824411957265], [-73.58608732818529, 45.482442100347974], [-73.58609972587821, 45.48244293520637], [-73.58611213267159, 45.48244370024845], [-73.58612454777085, 45.482444395424814], [-73.58613697038095, 45.48244502069121], [-73.58614939970637, 45.482445576007485], [-73.58616183495111, 45.48244606133806], [-73.58617427531881, 45.482446476651965], [-73.58618672001283, 45.482446821922444], [-73.5861991682362, 45.48244709712767], [-73.58621161919172, 45.482447302249724], [-73.58622407208203, 45.48244743727551], [-73.58623652610967, 45.48244750219648], [-73.5862489804771, 45.48244749700852], [-73.5862614343867, 45.48244742171173], [-73.58627388704095, 45.482447276311355], [-73.58628633764235, 45.48244706081614], [-73.58629878539362, 45.48244677524042], [-73.58631122949758, 45.48244641960209], [-73.5863236691573, 45.482445993924244], [-73.58633610357619, 45.48244549823395], [-73.5863485319579, 45.482444932562935], [-73.58636095350245, 45.482444296948785], [-73.58664094794237, 45.482357328985756], [-73.58668445497017, 45.48232697889027], [-73.58666175291155, 45.48230807649542], [-73.58672145919998, 45.48227280184764], [-73.58673970371245, 45.482287990477005], [-73.58864794755644, 45.48095644879889], [-73.58935759098286, 45.48046125267066], [-73.59000683473457, 45.48001015176349], [-73.59017586662358, 45.47989343386509], [-73.59051770384563, 45.47965671735404], [-73.59056547714441, 45.4796244018261], [-73.59063532190424, 45.47957591815305], [-73.59086793417418, 45.47941446393635], [-73.59170591262072, 45.47882921896163], [-73.59217578941818, 45.47850270777791], [-73.5922622256812, 45.47844256618364], [-73.5925435415331, 45.478248976976], [-73.59258932309864, 45.47821747159523], [-73.5929576372017, 45.47796213086684], [-73.59347810237911, 45.47759981647832], [-73.59375776879395, 45.477403352066126], [-73.5939081684267, 45.47729936823776], [-73.59468674364489, 45.476757182729045], [-73.595127961204, 45.47645099756905], [-73.59575447039066, 45.47500176435458], [-73.59578344269622, 45.474935927695604], [-73.59581217483823, 45.474870038612096], [-73.59584066653119, 45.47480409775444], [-73.59586891749446, 45.47473810577417], [-73.59589692745209, 45.474672063323915], [-73.59592376713921, 45.47461041539884], [-73.59595054891706, 45.474548754992604], [-73.59597727276827, 45.47448708214552], [-73.59600393867554, 45.474425396898106], [-73.59603054662163, 45.47436369929064], [-73.59605706845947, 45.47430206929747], [-73.596083666944, 45.47424045562356], [-73.59611034204447, 45.47417885833978], [-73.59613709373001, 45.474117277516925], [-73.59616392196952, 45.47405571322558], [-73.59619285435005, 45.47398832544339], [-73.59622186426118, 45.47392095413246], [-73.5962509516742, 45.47385359935917], [-73.59628011656022, 45.473786261189765], [-73.59630935889024, 45.473718939690386], [-73.5963395834862, 45.473649051644294], [-73.59636994583828, 45.4735791930585], [-73.59640044585878, 45.47350936413453], [-73.59643108345917, 45.47343956507401], [-73.59646185855011, 45.473369796078195], [-73.5964627823283, 45.47336767540935], [-73.59646370610643, 45.47336555474076], [-73.59646462988448, 45.47336343407207], [-73.59646555366247, 45.47336131340328], [-73.59646647744037, 45.473359192734584], [-73.59646740136391, 45.47335707209716], [-73.59646832528736, 45.47335495145979], [-73.59646924921077, 45.473352830822435], [-73.59647017313408, 45.47335071018507], [-73.59647109705735, 45.47334858954779], [-73.59647202112619, 45.47334646894177], [-73.59647294519499, 45.47334434833576], [-73.5964738692637, 45.47334222772974], [-73.59647479333238, 45.47334010712379], [-73.59647571740096, 45.473337986517926], [-73.59647664161515, 45.47333586594334], [-73.59647756582928, 45.473333745368734], [-73.59647849004332, 45.473331624794135], [-73.5964794142573, 45.47332950421943], [-73.59648033847122, 45.47332738364488], [-73.59648126283074, 45.473325263101636], [-73.59648218719018, 45.47332314255855], [-73.59648311154957, 45.47332102201537], [-73.59648403590886, 45.473318901472084], [-73.59648496026811, 45.47331678092878], [-73.59793789217319, 45.47257825788066], [-73.5979918840456, 45.47256624193379], [-73.59888393213751, 45.472090214408496], [-73.59908895560827, 45.4718812551974], [-73.59937593843921, 45.47172918642665], [-73.60072789114152, 45.4705332758762], [-73.60127190542221, 45.47005422274985], [-73.6018038812702, 45.46963429870139], [-73.6025899905129, 45.46905125453283], [-73.60316898773578, 45.46910327669186], [-73.60471501269852, 45.46818321020141], [-73.60562799540621, 45.46760325298641], [-73.6058459889488, 45.46728726714772], [-73.60660706430824, 45.467054271668175], [-73.60720107850311, 45.46666322693346], [-73.6082661752006, 45.46628819602313], [-73.6116069916972, 45.464764160901865], [-73.61181697317664, 45.46491720453878], [-73.61206292926671, 45.4648581940375], [-73.61211793635526, 45.46488621572914], [-73.61517893511954, 45.463518057817154], [-73.61822779758482, 45.46223000362681], [-73.61979277174257, 45.461674990656526], [-73.61996178594636, 45.46174994860837], [-73.62432477810191, 45.45865895679126], [-73.62620480845594, 45.45749095598355], [-73.62853413062238, 45.455402995710116], [-73.62853399898343, 45.45534504987166], [-73.63146004980594, 45.45275810346921], [-73.6346630707351, 45.45109308748221], [-73.63529550688469, 45.45077591254065], [-73.6352363664025, 45.450753243091064], [-73.63521298073779, 45.450744289837495], [-73.63495646995825, 45.450646084070875], [-73.63492224213363, 45.450632978239376], [-73.63454523145131, 45.45048946429152], [-73.63392509561378, 45.450253393292506], [-73.63373965669746, 45.45018289665015], [-73.63360105851211, 45.4501302013568], [-73.63319036562955, 45.44997412087949], [-73.63279126024725, 45.44982238410672], [-73.63224067957877, 45.449613051635865], [-73.63196575952689, 45.44950757551422], [-73.63125889767346, 45.4492363694089], [-73.62958074587621, 45.448592481862505], [-73.6293955379599, 45.44852141726382], [-73.62913850156616, 45.44842279115843], [-73.62886106778308, 45.4483163374389], [-73.628819408156, 45.44835104762544], [-73.62877776036126, 45.44838576486417], [-73.62873612440251, 45.448420489151594], [-73.62869450028336, 45.448455220484995], [-73.62865288800747, 45.44848995886118], [-73.62852950560566, 45.44859354558588], [-73.62841017180189, 45.44869955539074], [-73.62829502835025, 45.4488078692853], [-73.62818420749107, 45.448918362895434], [-73.62807783144504, 45.44903090693997], [-73.6280017476765, 45.44910836525663], [-73.62792698762674, 45.44918647195946], [-73.62785356788602, 45.449265210164256], [-73.62778150446292, 45.449344562708674], [-73.6277108127725, 45.44942451216541], [-73.62762208633578, 45.44952339537259], [-73.62753328270796, 45.44962224434309], [-73.62744440192867, 45.44972105903242], [-73.6273554440376, 45.4498198393959], [-73.62726640907448, 45.44991858538921], [-73.62722367479391, 45.44996588035596], [-73.62718012164058, 45.45001281123112], [-73.6271357590951, 45.450059367519856], [-73.62709059699876, 45.450105538892295], [-73.62704464554616, 45.45015131519064], [-73.62697820983676, 45.45021567747237], [-73.6269108053165, 45.45027954711609], [-73.62684244312366, 45.450342913328214], [-73.62677313471902, 45.45040576548231], [-73.6267028918795, 45.45046809312587], [-73.62659061488515, 45.45056434489421], [-73.62647550940684, 45.45065897930362], [-73.62635764686813, 45.45075193511357], [-73.62623710223097, 45.4508431531922], [-73.62611395383692, 45.45093257664285], [-73.62561742847072, 45.45128506194281], [-73.62515116133092, 45.45161368645908], [-73.62455685155999, 45.45203424062799], [-73.6239381900548, 45.452471568371365], [-73.62348977702855, 45.45278808345212], [-73.62290164858365, 45.45320162031189], [-73.6228081989046, 45.453266243494156], [-73.62271486781329, 45.45333095175492], [-73.62262165554453, 45.45339574493217], [-73.6225285623325, 45.45346062286326], [-73.6224355884109, 45.45352558538525], [-73.62235820641713, 45.45357922455673], [-73.6222802948791, 45.45363248666794], [-73.62220185937805, 45.45368536784919], [-73.62212290557102, 45.45373786428563], [-73.62204343918962, 45.45378997221776], [-73.62197458398357, 45.4538343384728], [-73.6219053549362, 45.45387841822376], [-73.6218357556664, 45.453922209138184], [-73.62176578983221, 45.453965708914026], [-73.62169546113002, 45.45400891527992], [-73.62159795929593, 45.45406694511256], [-73.62149971917245, 45.454124363336994], [-73.621400752419, 45.45418116301278], [-73.62130107086979, 45.45423733734673], [-73.62120068652908, 45.45429287969579], [-73.62110980151586, 45.454343224850284], [-73.62101839073713, 45.45439310170082], [-73.62092646151986, 45.45444250618797], [-73.62083402127504, 45.454491434328204], [-73.62074107749565, 45.45453988221493], [-73.62067907928397, 45.454571885763436], [-73.62061689164408, 45.45460370796935], [-73.62055451618433, 45.45463534800232], [-73.62049195452293, 45.45466680504141], [-73.62042920828763, 45.454698078275094], [-73.62028734832901, 45.45476682527663], [-73.62014435503254, 45.45483442116831], [-73.62000025679306, 45.45490085218795], [-73.61985508245169, 45.454966105037705], [-73.61970886127654, 45.45503016689302], [-73.61925951641662, 45.45522466422047], [-73.618502000137, 45.45555675619525], [-73.61736908830616, 45.45605529697196], [-73.61551253427642, 45.45687085163681], [-73.61498698164279, 45.457103899490185], [-73.61366990873256, 45.45768027206808], [-73.61342830174478, 45.457572713553134], [-73.61333491719788, 45.4575311404083], [-73.61322627603235, 45.4574827750785], [-73.61319736153595, 45.45746949514849], [-73.61304752368339, 45.45740067604314], [-73.61292121413912, 45.457343028259956], [-73.6119550839011, 45.456902077012515], [-73.61147013853746, 45.45668073753667], [-73.60796843956868, 45.455081907562764], [-73.60679247711167, 45.45454493399926], [-73.60601099339308, 45.452291132300864], [-73.6059080381281, 45.4519941950637], [-73.60580504570918, 45.45169348475771], [-73.60580348948164, 45.45168894096093], [-73.60571513340754, 45.45143264256438], [-73.60558783703384, 45.4510633875665], [-73.60500724280689, 45.4493791563118], [-73.60494284153266, 45.44919233060117], [-73.60493290538231, 45.44916350587548], [-73.60488880806132, 45.44903557929274], [-73.60487761127102, 45.449003605239604], [-73.60486905271758, 45.448979165038246], [-73.60476926714257, 45.44871531568233], [-73.60477164227977, 45.448705372034], [-73.6047741083436, 45.448695439355106], [-73.604776665226, 45.44868551805989], [-73.60477931282084, 45.44867560855972], [-73.60478205101832, 45.44866571126545], [-73.60478487970482, 45.44865582658724], [-73.60478779876306, 45.44864595493535], [-73.60479080807185, 45.44863609671895], [-73.60479390750643, 45.44862625234687], [-73.6047970969382, 45.448616422227296], [-73.60480037623489, 45.448606606767896], [-73.60480374526044, 45.4485968063756], [-73.60480720387508, 45.44858702145688], [-73.6048107519354, 45.44857725241747], [-73.60481438929419, 45.44856749966247], [-73.6048181158006, 45.44855776359627], [-73.60482193130002, 45.44854804462256], [-73.60482583563424, 45.448538343144406], [-73.60482982864127, 45.448528659564055], [-73.6048339101613, 45.44851899428117], [-73.60483820651963, 45.44850905949008], [-73.60484259639148, 45.4484991449776], [-73.60484707958263, 45.44848925117586], [-73.60485165589587, 45.44847937851999], [-73.60485632512984, 45.44846952744425], [-73.60486108707913, 45.44845969838194], [-73.60486594153424, 45.44844989176532], [-73.6048708882816, 45.448440108025736], [-73.60487592710356, 45.44843034759364], [-73.6048810577785, 45.44842061089819], [-73.60488628008063, 45.44841089836776], [-73.60489159378025, 45.448401210429424], [-73.60489699864358, 45.448391547509445], [-73.60490249443286, 45.44838191003278], [-73.60490808090628, 45.44837229842327], [-73.60491375781812, 45.44836271310382], [-73.6049195249186, 45.448353154495834], [-73.60492538195405, 45.44834362301994], [-73.60493132866677, 45.448334119095186], [-73.60493736479516, 45.448324643139664], [-73.6049434900737, 45.448315195570316], [-73.60494970423294, 45.4483057768025], [-73.60495600699946, 45.44829638725057], [-73.60496239809603, 45.44828702732751], [-73.60496887724152, 45.448277697444965], [-73.60497544415088, 45.44826839801337], [-73.6049820985352, 45.44825912944173], [-73.60498884010183, 45.44824989213762], [-73.60499566855411, 45.448240686507475], [-73.60500258359171, 45.448231512956205], [-73.60500958491045, 45.448222371887134], [-73.60501667220231, 45.44821326370248], [-73.60502384515553, 45.448204188802784], [-73.60503110345458, 45.44819514758719], [-73.60503844678016, 45.4481861404534], [-73.60504587480925, 45.44817716779759], [-73.6050533872151, 45.44816823001438], [-73.60506098366726, 45.44815932749682], [-73.60506866383152, 45.448150460636676], [-73.60507642737008, 45.44814162982376], [-73.60508427394142, 45.44813283544655], [-73.60509220320039, 45.448124077891876], [-73.60510021479816, 45.44811535754486], [-73.60510830838234, 45.4481066747891], [-73.60511648359692, 45.448098030006605], [-73.60512474008226, 45.448089423577414], [-73.60513307747517, 45.44808085588016], [-73.60514149540893, 45.44807232729174], [-73.60514999351324, 45.44806383818709], [-73.60515857141426, 45.44805538893979], [-73.60516722873471, 45.44804697992137], [-73.60517596509376, 45.44803861150173], [-73.60518478010712, 45.44803028404897], [-73.60519367338703, 45.448021997929196], [-73.60520264454229, 45.448013753507055], [-73.60521169317833, 45.44800555114505], [-73.60522081889708, 45.44799739120394], [-73.60523002129715, 45.44798927404274], [-73.60523929997372, 45.447981200018425], [-73.60524865451868, 45.447973169485984], [-73.60525808452165, 45.44796518280302], [-73.60537602447997, 45.44786302455447], [-73.60602940124461, 45.447297070929096], [-73.60611263561968, 45.447224972256066], [-73.60637253125812, 45.446999845775736], [-73.60644685129958, 45.446935460066534], [-73.60663735214793, 45.446770422496385], [-73.60774536619441, 45.44581063372511], [-73.60793749276515, 45.445644199647184], [-73.60813629968506, 45.44547197717806], [-73.60820018619721, 45.445416633272444], [-73.60826407258445, 45.44536128933069], [-73.60834408206037, 45.445291977969845], [-73.60842409126377, 45.44522266660636], [-73.60848797726429, 45.44516732249286], [-73.60855186315268, 45.445111978334076], [-73.60861574885233, 45.445056634184304], [-73.60881055412099, 45.44488787361289], [-73.60896954567349, 45.44475013759873], [-73.60920305560688, 45.44454784394651], [-73.60960753196682, 45.444197435607684], [-73.60962188599896, 45.444184938152844], [-73.60963616466086, 45.4441723979851], [-73.60965036769535, 45.44415981533396], [-73.60966449484738, 45.44414719042536], [-73.60967854586329, 45.444134523486156], [-73.60969252049077, 45.444121814743745], [-73.60970641847886, 45.44410906442632], [-73.60972023957802, 45.444096272763076], [-73.60973398354004, 45.44408343998365], [-73.60974765011814, 45.444070566318494], [-73.6097612390669, 45.44405765199894], [-73.60977475014231, 45.44404469725681], [-73.60978818310176, 45.44403170232487], [-73.60980153770406, 45.4440186674365], [-73.60981481370939, 45.4440055928257], [-73.60982801087935, 45.44399247872738], [-73.609841128977, 45.4439793253773], [-73.60985416776676, 45.44396613301128], [-73.60986712701451, 45.44395290186642], [-73.60988000648756, 45.44393963218062], [-73.60989280595464, 45.44392632419188], [-73.60990552518591, 45.44391297813927], [-73.60991816395301, 45.44389959426263], [-73.60993072202896, 45.44388617280224], [-73.60994319918831, 45.443872713999134], [-73.60995559520703, 45.443859218095156], [-73.60996790986249, 45.443845685332505], [-73.60998014293364, 45.44383211595449], [-73.60999229420075, 45.44381851020457], [-73.6100043634457, 45.44380486832721], [-73.61001635045176, 45.44379119056749], [-73.61002825500368, 45.443777477171025], [-73.61004007688777, 45.44376372838408], [-73.6100518158917, 45.44374994445351], [-73.61006347180472, 45.44373612562703], [-73.61007504441758, 45.443722272152755], [-73.61008653352245, 45.443708384279546], [-73.61009793891307, 45.44369446225671], [-73.61010926038463, 45.44368050633445], [-73.6101204977339, 45.44366651676334], [-73.61013165075909, 45.44365249379462], [-73.61014271925993, 45.44363843768013], [-73.61015370303774, 45.44362434867233], [-73.61016460189528, 45.443610227024344], [-73.61017541563687, 45.443596072989635], [-73.61018614406841, 45.443581886822514], [-73.6101967869972, 45.443567668777874], [-73.6102073442329, 45.44355341910668], [-73.61021788229543, 45.443539193491176], [-73.61022833414805, 45.443524936393665], [-73.61023869960594, 45.44351064807616], [-73.61024897848104, 45.44349632879804], [-73.61025917058676, 45.44348197881914], [-73.61026927573809, 45.44346759840023], [-73.61027929375167, 45.443453187802305], [-73.6102892244457, 45.44343874728697], [-73.61029906763989, 45.44342427711644], [-73.61030882315563, 45.44340977755341], [-73.61031849081587, 45.443395248861194], [-73.61032807044514, 45.443380691303446], [-73.6103375618696, 45.44336610514466], [-73.61034696491699, 45.44335149064948], [-73.61035627941662, 45.44333684808327], [-73.61036550519951, 45.44332217771188], [-73.6103746420982, 45.443307479801824], [-73.61038368994687, 45.44329275461974], [-73.61039264858132, 45.44327800243306], [-73.61040151783898, 45.44326322350958], [-73.61041029755889, 45.44324841811764], [-73.61041898758171, 45.443233586526084], [-73.61042758774975, 45.44321872900418], [-73.61043609790693, 45.44320384582158], [-73.6104445178988, 45.443188937248664], [-73.6104528475726, 45.44317400355594], [-73.61046108677716, 45.443159045014696], [-73.61046923536296, 45.44314406189624], [-73.61047729318211, 45.443129054472884], [-73.61048526008841, 45.443114023017046], [-73.61049313593729, 45.44309896780152], [-73.6105009205858, 45.44308388909976], [-73.61050861389275, 45.44306878718536], [-73.61051621571848, 45.44305366233267], [-73.61052372592506, 45.443038514816145], [-73.61053114437622, 45.44302334491098], [-73.61053847093736, 45.443008152892425], [-73.6105457054755, 45.44299293903635], [-73.61055284785941, 45.44297770361896], [-73.61055989795946, 45.44296244691684], [-73.61056685564776, 45.4429471692071], [-73.61057372079803, 45.44293187076694], [-73.61058049328574, 45.4429165518742], [-73.61058717298799, 45.44290121280697], [-73.6105937597836, 45.44288585384381], [-73.61060025355302, 45.442870475263454], [-73.61060665417847, 45.442855077345214], [-73.61061296154381, 45.44283966036849], [-73.61061917553461, 45.44282422461333], [-73.61062529603811, 45.44280877035999], [-73.61063132294329, 45.44279329788889], [-73.61063725614079, 45.44277780748099], [-73.610643095523, 45.44276229941761], [-73.61064884098394, 45.4427467739802], [-73.6106544924194, 45.44273123145066], [-73.61066004972686, 45.44271567211122], [-73.61066551280548, 45.44270009624429], [-73.61067088155129, 45.44268450412947], [-73.61105483364359, 45.44154424049649], [-73.61176078034141, 45.43944759198937], [-73.61138126176625, 45.43938693769026], [-73.6111305148675, 45.43934686280144], [-73.61092701818636, 45.439314339090046], [-73.61078119223437, 45.43929103231046], [-73.61063972914286, 45.43926842264431], [-73.61049826589549, 45.43924581274906], [-73.61035680304212, 45.43922320273212], [-73.61021372014989, 45.43920033357757], [-73.60993079621102, 45.43915511285044], [-73.6097079477096, 45.4391194936355], [-73.60942502186589, 45.43907427122501], [-73.60928356108211, 45.43905166006524], [-73.60914047783994, 45.439028789377005], [-73.60885755682565, 45.43898356617653], [-73.60856740309507, 45.43893718606237], [-73.6085424717491, 45.43893320083801], [-73.60842953312734, 45.43891514772324], [-73.6083166596068, 45.43889710490032], [-73.60810640406156, 45.438863495232816], [-73.60792456009466, 45.43883442685612], [-73.6077428439302, 45.4388053785859], [-73.60759515009181, 45.438781768731666], [-73.60741343304983, 45.438752719739995], [-73.60723171620663, 45.4387236704679], [-73.60708427344757, 45.43870010002159], [-73.60693683054244, 45.43867652934001], [-73.60675511417423, 45.438647479299895], [-73.60659062185074, 45.438621182512414], [-73.60657466887815, 45.4386186321503], [-73.60642847335903, 45.43859526016265], [-73.60628227889364, 45.43857188813081], [-73.60610180744533, 45.43854303597488], [-73.60592133955589, 45.438514184070286], [-73.60577514457478, 45.43849081124554], [-73.60562894943277, 45.43846743818875], [-73.60544847986324, 45.43843858518731], [-73.60526801020869, 45.43840973186469], [-73.60512181575282, 45.43838635820286], [-73.60497562114884, 45.43836298429988], [-73.60479764802567, 45.43833452930991], [-73.60462154162559, 45.43830637247883], [-73.60360667768256, 45.438144104751586], [-73.60244386541827, 45.4379581691684], [-73.60124177989648, 45.43776593998311], [-73.60083919071863, 45.43770155759812], [-73.60051896243755, 45.43765034530662], [-73.59973706562013, 45.437525296885376], [-73.5997307905763, 45.43752429362863], [-73.59943201251252, 45.43750045553014], [-73.59454530943287, 45.44322176709861], [-73.59432442734077, 45.44365647047206], [-73.59422796822585, 45.44375000875775], [-73.59261242839857, 45.445316506125124], [-73.59223761231847, 45.445679940309375], [-73.59214869988067, 45.44566699113997], [-73.59209255226487, 45.44574116974817], [-73.59159860760963, 45.44639372767159], [-73.59142112987918, 45.44662819212085], [-73.59102489795436, 45.44715164287423], [-73.59093193622668, 45.447274450322716], [-73.59075442822804, 45.44750894638839], [-73.59056693915414, 45.44775662544271], [-73.5905385176394, 45.44779417089339], [-73.59046983913761, 45.4478044894592], [-73.59035865077949, 45.44782119480646], [-73.58974167272666, 45.44791388969416], [-73.58940015157431, 45.44796519799006], [-73.58934753653273, 45.448037555743305], [-73.58920624471666, 45.44823186047578], [-73.58897070483646, 45.448506222691364], [-73.58794483640014, 45.44955742918426], [-73.58751668395468, 45.44996345965803], [-73.58699842689553, 45.45042685789511], [-73.5867264866681, 45.45067179815937], [-73.58632857108437, 45.45097563922407], [-73.58593128796996, 45.45125004967579], [-73.58551646524434, 45.45152446466609], [-73.58510553534946, 45.45179887703589], [-73.5846973310681, 45.4520732858932], [-73.58430198078227, 45.45234769009154], [-73.58392961945928, 45.452622085917405], [-73.58358336190881, 45.452896472216466], [-73.58351211007799, 45.452956337425285], [-73.5832479410251, 45.45321128885608], [-73.58309677758368, 45.45335717565267], [-73.58307345068216, 45.45338079362827], [-73.58305020699932, 45.453404452211124], [-73.5830270466738, 45.453428151258755], [-73.58300396984788, 45.45345189062567], [-73.58298097666336, 45.45347567016598], [-73.58295806726153, 45.453499489733645], [-73.58293524178313, 45.45352334918277], [-73.5829125003684, 45.453547248366526], [-73.58288984315708, 45.453571187138294], [-73.58286727028836, 45.45359516535113], [-73.58284478190097, 45.45361918285771], [-73.58282237813309, 45.45364323951076], [-73.58280005912235, 45.453667335162386], [-73.58277782500589, 45.45369146966475], [-73.58275567592034, 45.45371564286973], [-73.5827336120018, 45.45373985462879], [-73.58271163338584, 45.4537641047934], [-73.5826897402075, 45.45378839321449], [-73.58266793260132, 45.45381271974309], [-73.58264621070131, 45.45383708422987], [-73.5826245746409, 45.45386148652513], [-73.58260302455311, 45.4538859264791], [-73.58258156057032, 45.45391040394182], [-73.5825601828244, 45.45393491876275], [-73.58253889144676, 45.453959470791595], [-73.58251768656822, 45.45398405987751], [-73.58249656831909, 45.45400868586954], [-73.58247553682912, 45.45403334861659], [-73.58245459222759, 45.454058047967074], [-73.58243373464319, 45.45408278376942], [-73.58241296420407, 45.45410755587183], [-73.58239228103791, 45.45413236412208], [-73.5823716852718, 45.45415720836797], [-73.5823511770323, 45.4541820884569], [-73.58233075644544, 45.45420700423606], [-73.58231042363671, 45.45423195555261], [-73.5822901787311, 45.45425694225334], [-73.582270021853, 45.45428196418451], [-73.5822499531263, 45.45430702119293], [-73.5822299726743, 45.4543321131246], [-73.58221008061983, 45.45435723982533], [-73.58219027708513, 45.454382401140926], [-73.58217056219192, 45.454407596917015], [-73.58215093606132, 45.45443282699872], [-73.58213139881403, 45.45445809123127], [-73.58211195057007, 45.45448338945954], [-73.58209259144897, 45.454508721528036], [-73.58207332156974, 45.45453408728135], [-73.58205414105079, 45.45455948656375], [-73.58203505001, 45.45458491921935], [-73.58201604856474, 45.4546103850918], [-73.58199713683177, 45.45463588402486], [-73.58197831492735, 45.45466141586199], [-73.58195958296716, 45.454686980446475], [-73.58194094106632, 45.45471257762121], [-73.58192238933944, 45.45473820722908], [-73.58190392790053, 45.454763869112696], [-73.58188555686307, 45.45478956311452], [-73.58186727633998, 45.454815289076805], [-73.58184908644364, 45.45484104684156], [-73.58183098728583, 45.45486683625066], [-73.58181297897781, 45.45489265714577], [-73.58179506163032, 45.45491850936831], [-73.58177723535343, 45.4549443927596], [-73.58175950025677, 45.4549703071607], [-73.58174185644934, 45.45499625241245], [-73.5817243040396, 45.455022228355574], [-73.58170684313545, 45.45504823483055], [-73.58168947384424, 45.45507427167784], [-73.58167219627272, 45.45510033873738], [-73.5816550105271, 45.45512643584925], [-73.58163791671308, 45.45515256285306], [-73.58162091493567, 45.4551787195885], [-73.58160400529947, 45.45520490589502], [-73.58158718790835, 45.45523112161168], [-73.58157046286578, 45.45525736657756], [-73.58155383027454, 45.45528364063165], [-73.5815372902369, 45.45530994361246], [-73.58152084285453, 45.45533627535856], [-73.58150448822855, 45.45536263570818], [-73.58148822645954, 45.45538902449962], [-73.58147205764745, 45.45541544157072], [-73.5814559818917, 45.455441886759374], [-73.58143999929112, 45.45546835990319], [-73.58142410994398, 45.4554948608394], [-73.58140831394799, 45.45552138940561], [-73.58139261140025, 45.4555479454387], [-73.58137700239735, 45.45557452877561], [-73.5813614870352, 45.45560113925333], [-73.58134606540926, 45.45562777670824], [-73.58133073761431, 45.455654440976815], [-73.58131550374465, 45.45568113189542], [-73.5813003638939, 45.45570784930008], [-73.5812853181552, 45.45573459302683], [-73.58127036662103, 45.45576136291139], [-73.58125550938335, 45.45578815878942], [-73.58124074653354, 45.45581498049632], [-73.58122607816235, 45.45584182786748], [-73.58121150436, 45.45586870073802], [-73.5811970252161, 45.45589559894296], [-73.58118264081972, 45.455922522317074], [-73.5811683512593, 45.455949470695025], [-73.58115415662272, 45.4559764439113], [-73.58114005699726, 45.45600344180046], [-73.58112605246967, 45.456030464196594], [-73.58111214312605, 45.456057510933796], [-73.58109832905585, 45.45608458184585], [-73.58108840855999, 45.456105202654655], [-73.5810785584158, 45.456125840161945], [-73.58106877868015, 45.45614649424904], [-73.5810590694094, 45.45616716479683], [-73.5810494306596, 45.45618785168626], [-73.58103986248634, 45.45620855479816], [-73.58103036494481, 45.45622927401329], [-73.58102093808917, 45.456250009205995], [-73.58101016729411, 45.45627391117656], [-73.58099949045757, 45.45629783401842], [-73.58098890766134, 45.45632177754911], [-73.5809784189864, 45.456345741585174], [-73.58096802451315, 45.45636972594338], [-73.5809577243212, 45.45639373044049], [-73.5809475184894, 45.45641775489272], [-73.58093740709596, 45.456441799116384], [-73.58092739021829, 45.4564658629277], [-73.58091746793313, 45.45648994614263], [-73.58090764031651, 45.45651404857693], [-73.58089790744366, 45.45653817004627], [-73.58088826938919, 45.45656231036629], [-73.58087872622689, 45.45658646935225], [-73.58086927802987, 45.45661064681936], [-73.58085992487051, 45.456634842582865], [-73.58085066682047, 45.45665905645761], [-73.58084150395067, 45.45668328825854], [-73.58083243633129, 45.456707537800256], [-73.58082346403182, 45.456731804897274], [-73.58081458712101, 45.45675608936402], [-73.58080580566683, 45.456780391014725], [-73.5807971197366, 45.45680470966364], [-73.58078852939684, 45.45682904512476], [-73.5807800347134, 45.45685339721195], [-73.58077163575135, 45.45687776573902], [-73.58076333257506, 45.45690215051957], [-73.58075512524813, 45.456926551367054], [-73.58074701383349, 45.45695096809498], [-73.58073899839326, 45.45697540051645], [-73.58073107898888, 45.456999848444795], [-73.58072325568104, 45.457024311693], [-73.58071552852968, 45.45704879007388], [-73.58070789759407, 45.45707328340024], [-73.58070036293263, 45.45709779148489], [-73.58069292460318, 45.457122314140285], [-73.58068558266265, 45.45714685117888], [-73.5806783371674, 45.457171402413], [-73.5806711881729, 45.45719596765497], [-73.580664135734, 45.45722054671682], [-73.5806571799047, 45.45724513941062], [-73.58065030225823, 45.45726982515688], [-73.58040763294508, 45.45824435493085], [-73.58030339778242, 45.45929177002209], [-73.58032893040061, 45.45987004601668], [-73.58035515481103, 45.460143699805755], [-73.58039835235938, 45.460594270992026], [-73.58042525513619, 45.46076088172942], [-73.58059447446347, 45.461513121369634], [-73.5808537200018, 45.46242563485158], [-73.58087165204435, 45.46250009729799], [-73.58089384977814, 45.46259228105425], [-73.58100605306974, 45.463323751190615], [-73.58102317383651, 45.46346712643647], [-73.58103991230378, 45.463775593692496], [-73.5810428690063, 45.463830171051136], [-73.58104642721031, 45.46396718496979], [-73.5810553649917, 45.46431105419793], [-73.58096285098794, 45.46545581781825], [-73.58092212612794, 45.46569800593139], [-73.5808826515649, 45.46591065829349], [-73.58083790606729, 45.46612287523796], [-73.58078790459618, 45.46633442818663], [-73.58072711688885, 45.46656464439436], [-73.58012457570416, 45.46653842410915], [-73.57949351161005, 45.466510956211096], [-73.57905393739925, 45.46649181374087], [-73.57886051825044, 45.466483397073446], [-73.57876379514947, 45.46757780854971], [-73.57769556408155, 45.467531060518645], [-73.57745747140892, 45.46779537728246], [-73.57596947909423, 45.467730241316005], [-73.57607586404336, 45.466527194254255], [-73.5759508486436, 45.46652174967481], [-73.57549179272733, 45.46650174619309], [-73.57259974980909, 45.4663756983859], [-73.57256917642327, 45.46637530568252], [-73.57253867194072, 45.46637678731234], [-73.57250846525541, 45.46638013323176], [-73.572478789077, 45.46638531719777], [-73.57244986586987, 45.46639230127598], [-73.57242191807684, 45.46640103043521], [-73.57239515661897, 45.46641143975333], [-73.5723697847254, 45.466423449015856], [-73.57234599666116, 45.466436968115815], [-73.57232397260778, 45.466451893457474], [-73.57230387866746, 45.46646811155576], [-73.57228586814333, 45.4664854999352], [-73.57227008025933, 45.46650392623094], [-73.57225663121078, 45.46652324999396], [-73.57224562567487, 45.46654332358367], [-73.57223714658564, 45.46656399667357], [-73.5722312589625, 45.46658510994986], [-73.57222800736386, 45.46660650411162], [-73.57202847894766, 45.46883354488469], [-73.57172407727433, 45.47223997453196], [-73.57171888410208, 45.47229798558799], [-73.57145136333402, 45.47249869544419], [-73.5713991708589, 45.47253785315857], [-73.57172215753772, 45.47284797864173], [-73.57202353074281, 45.47360773743167], [-73.57230058514006, 45.47430616993749], [-73.57227785645944, 45.474312499592415], [-73.57225509185038, 45.474318765013095], [-73.57223229167673, 45.47432496609608], [-73.5722094563058, 45.47433110274137], [-73.57218658610554, 45.47433717485029], [-73.57216368144445, 45.47434318232489], [-73.57214074269157, 45.47434912506832], [-73.57211777021648, 45.474355002984964], [-73.57209476438935, 45.47436081597999], [-73.57207172558083, 45.47436656395984], [-73.57204865416212, 45.474372246831834], [-73.57202555050497, 45.47437786450438], [-73.57200241498163, 45.47438341688707], [-73.57197924796488, 45.474388903890386], [-73.57195604982797, 45.474394325425784], [-73.5719328209447, 45.474399681406105], [-73.57190956168931, 45.47440497174497], [-73.5718862724366, 45.47441019635718], [-73.57186295356179, 45.47441535515843], [-73.5718396054406, 45.474420448065764], [-73.57181622844924, 45.47442547499698], [-73.57179282296438, 45.474430435871156], [-73.57176938936313, 45.474435330608344], [-73.57174592802305, 45.47444015912964], [-73.57172243932216, 45.47444492135729], [-73.57169892363893, 45.474449617214574], [-73.57167538135226, 45.47445424662573], [-73.57165181284148, 45.47445880951628], [-73.57162821848634, 45.474463305812705], [-73.57160459866701, 45.47446773544242], [-73.571580953764, 45.47447209833425], [-73.57155728415836, 45.474476394417664], [-73.57153359023144, 45.474480623623656], [-73.57150987236504, 45.474484785884044], [-73.57148613094128, 45.474488881131535], [-73.57146236634273, 45.47449290930045], [-73.57143857895227, 45.47449687032575], [-73.57141476915321, 45.474500764143556], [-73.57139093732914, 45.47450459069118], [-73.57136708386408, 45.47450834990717], [-73.5713432091424, 45.47451204173043], [-73.57131931354873, 45.47451566610206], [-73.57129539746813, 45.47451922296329], [-73.57127146128596, 45.474522712257034], [-73.57124750538786, 45.474526133926744], [-73.57122353015984, 45.4745294879176], [-73.57119953598823, 45.47453277417542], [-73.57117552325963, 45.47453599264749], [-73.57115149236091, 45.47453914328156], [-73.57112744367932, 45.47454222602707], [-73.57110337760233, 45.474545240834374], [-73.57107929451773, 45.474548187654875], [-73.57105519481354, 45.47455106644107], [-73.57103107887808, 45.47455387714652], [-73.57100694709993, 45.4745566197261], [-73.57098279986793, 45.47455929413539], [-73.57095863757115, 45.47456190033149], [-73.5709344605989, 45.47456443827232], [-73.57091026934076, 45.47456690791702], [-73.57088606418651, 45.474569309225764], [-73.57086184552615, 45.47457164215986], [-73.57083761374993, 45.47457390668175], [-73.57081336924827, 45.47457610275485], [-73.57078911241186, 45.474578230343994], [-73.5707648436315, 45.474580289414675], [-73.57074056329823, 45.47458227993383], [-73.57071627180333, 45.47458420186934], [-73.57069196953816, 45.474586055190265], [-73.57066765689727, 45.47458783986911], [-73.57065174265439, 45.474588969524135], [-73.57063582429957, 45.47459007013239], [-73.57061990194028, 45.47459114168763], [-73.5706039756833, 45.4745921841814], [-73.57058035849906, 45.47459367574331], [-73.57055673324153, 45.474595102600624], [-73.570533100266, 45.474596464729984], [-73.57050945993079, 45.47459776211082], [-73.5704858125943, 45.474598994723394], [-73.57046215861503, 45.474600162549116], [-73.57043849835162, 45.474601265570215], [-73.57041483216277, 45.474602303769906], [-73.57039116040731, 45.47460327713258], [-73.57036748344413, 45.474604185643436], [-73.57034380163213, 45.47460502928866], [-73.57032011533046, 45.47460580805552], [-73.57029642489816, 45.474606521932174], [-73.5702727306944, 45.47460717090771], [-73.57024903307844, 45.47460775497245], [-73.57022533240955, 45.47460827411753], [-73.57020162904995, 45.47460872833641], [-73.57019225225511, 45.474608428150574], [-73.56993434597453, 45.47460018626323], [-73.56993180575715, 45.47460010503243], [-73.56942688801922, 45.47455860521506], [-73.56936857253093, 45.47455381143187], [-73.56936063374778, 45.474553151769214], [-73.56934507283269, 45.474551817295286], [-73.56932952148138, 45.47455042874061], [-73.56931398007312, 45.47454898613699], [-73.56929844898741, 45.47454748951955], [-73.56928292860349, 45.47454593892525], [-73.56926741930039, 45.47454433439156], [-73.56925192145685, 45.47454267595776], [-73.5692364354513, 45.47454096366447], [-73.5692209616619, 45.47453919755331], [-73.56920550046652, 45.47453737766753], [-73.56919005224326, 45.474535504053776], [-73.56917266382528, 45.47453332861583], [-73.5691552928916, 45.47453108510162], [-73.56913793998238, 45.4745287735777], [-73.56912060563555, 45.47452639411571], [-73.56910329038848, 45.47452394678951], [-73.56908599477798, 45.47452143167473], [-73.5690687193402, 45.47451884884951], [-73.56905146461068, 45.474516198393985], [-73.56903423112433, 45.47451348038997], [-73.5690170194154, 45.47451069492215], [-73.56899983001748, 45.47450784207673], [-73.5689826634634, 45.474504921942156], [-73.56896552028536, 45.47450193460891], [-73.5689484010148, 45.47449888016942], [-73.56893130618242, 45.47449575871872], [-73.56891423631818, 45.47449257035337], [-73.56889719195121, 45.47448931517233], [-73.56888017360993, 45.47448599327646], [-73.5688631818219, 45.47448260476864], [-73.56884621711386, 45.474479149754124], [-73.56882928001174, 45.47447562833987], [-73.56881237104056, 45.4744720406349], [-73.56879549072454, 45.474468386750765], [-73.56877863958695, 45.47446466680054], [-73.5687618181502, 45.47446088089956], [-73.56874502693572, 45.47445702916522], [-73.56872826646408, 45.47445311171699], [-73.56871153725479, 45.47444912867614], [-73.56869483982655, 45.47444508016629], [-73.5686781746969, 45.47444096631293], [-73.56866154238251, 45.47443678724354], [-73.56864494339897, 45.47443254308769], [-73.56862837826083, 45.47442823397697], [-73.56861184748162, 45.47442386004494], [-73.56859535157379, 45.47441942142722], [-73.56857889104872, 45.47441491826133], [-73.56856246641668, 45.47441035068698], [-73.56854607818684, 45.47440571884578], [-73.56852972686721, 45.47440102288114], [-73.56851341296469, 45.474396262938825], [-73.56849713698504, 45.47439143916632], [-73.56848089943274, 45.47438655171313], [-73.56846470081123, 45.4743816007309], [-73.5684485416226, 45.47437658637291], [-73.5684324223678, 45.47437150879478], [-73.56841634354655, 45.47436636815383], [-73.56840030565724, 45.47436116460943], [-73.56838430919706, 45.47435589832291], [-73.56836835466191, 45.47435056945752], [-73.56835244254636, 45.474345178178424], [-73.56833657334366, 45.47433972465283], [-73.56832074754577, 45.474334209049715], [-73.56830496564328, 45.474328631540125], [-73.5682892281254, 45.47432299229695], [-73.56827353548002, 45.474317291495], [-73.56825788819357, 45.47431152931097], [-73.56824228675111, 45.474305705923555], [-73.5682267316363, 45.47429982151319], [-73.56821122332966, 45.47429387626531], [-73.56706262338825, 45.47385056527671], [-73.56484049435588, 45.47299286441883], [-73.56480577686196, 45.4729797238466], [-73.5641093588345, 45.47271612937277], [-73.56390339638392, 45.47263817128296], [-73.56307854017349, 45.472325952419894], [-73.56307635350556, 45.47232512306778], [-73.56298591016109, 45.47229088876943], [-73.56309237027844, 45.47215034653101], [-73.56300146103472, 45.4721158399777], [-73.56295687697414, 45.472098898826], [-73.56289266064539, 45.47207449763331], [-73.56150299496215, 45.47154643258011], [-73.56086324109111, 45.47130332072942], [-73.56070052053228, 45.47124402039289], [-73.56044178869435, 45.47114972988085], [-73.55878549390098, 45.47052922394133], [-73.55628981974759, 45.469594185326294], [-73.55381967791851, 45.468668628428645], [-73.55363093136192, 45.46871164575333], [-73.55344321376303, 45.46875712897529], [-73.55325662243037, 45.46880505935238], [-73.553071253725, 45.46885541561387], [-73.55288720289495, 45.468908173991515], [-73.55270456391234, 45.468963308256505], [-73.55252342931352, 45.46902078976254], [-73.55234389004285, 45.46908058749624], [-73.55216603530062, 45.46914266813209], [-73.55198995239583, 45.4692069960936], [-73.55177896088011, 45.469303025664914], [-73.55087798301687, 45.469757987105176], [-73.55003695552935, 45.47026700233438], [-73.5492619941742, 45.470825029075456], [-73.54602099470446, 45.47311797497917], [-73.54284696862612, 45.47489802033256], [-73.54205997406777, 45.47534603011929], [-73.54093099014183, 45.475865971619776], [-73.53916703791283, 45.476469996159494], [-73.53890902840244, 45.47653496961912], [-73.53844497227078, 45.47659398215203], [-73.53816297249676, 45.47660001660548], [-73.53777398814626, 45.47659402603891], [-73.53738403431873, 45.476558967600205], [-73.53683803222711, 45.4765039789531], [-73.53611604307581, 45.47642600468477], [-73.53555104272804, 45.47635400787709], [-73.5353980506549, 45.47632597745599], [-73.53490499398949, 45.476238025138315], [-73.53418401705457, 45.47608102455487], [-73.52971520094871, 45.475067968315045], [-73.52167410055245, 45.473244561909524], [-73.52172252803092, 45.47334555235309], [-73.5217710525502, 45.47344651998564], [-73.52181967407824, 45.47354746473794], [-73.52186839258285, 45.47364838654098], [-73.52191720803168, 45.473749285325866], [-73.52196612039228, 45.47385016102336], [-73.52201512963204, 45.47395101356464], [-73.52206423571825, 45.47405184288061], [-73.52211343861802, 45.47415264890261], [-73.52216273829838, 45.47425343156143], [-73.52221213472619, 45.47435419078844], [-73.52226162786818, 45.47445492651471], [-73.52231121769097, 45.47455563867164], [-73.52236090416106, 45.47465632719017], [-73.52241068724476, 45.4747569920018], [-73.52246056690831, 45.47485763303769], [-73.52251054311773, 45.47495825022936], [-73.52256061583904, 45.47505884350801], [-73.52261078503801, 45.475159412805084], [-73.52266105068036, 45.475259958052014], [-73.52271583853808, 45.47536930261647], [-73.52277074071408, 45.475478619117716], [-73.5228257571654, 45.4755879074671], [-73.52288088784894, 45.47569716757648], [-73.52293613272138, 45.47580639935707], [-73.52299149173922, 45.47591560272051], [-73.52304696485882, 45.47602477757848], [-73.52310255203629, 45.476133923842625], [-73.52315825322758, 45.476243041424716], [-73.52321406838848, 45.4763521302363], [-73.52326999747454, 45.4764611901894], [-73.52332604044123, 45.476570221195864], [-73.5233821972437, 45.47667922316743], [-73.52343846783701, 45.476788196016116], [-73.52349485217601, 45.476897139653936], [-73.52355135021536, 45.477006053992916], [-73.52360796190952, 45.47711493894508], [-73.52366468721283, 45.477223794422706], [-73.52372152607936, 45.477332620337805], [-73.52377847846306, 45.477441416602765], [-73.52378836919972, 45.47746107888925], [-73.5237984864759, 45.47748069046614], [-73.52380882950163, 45.47750024939968], [-73.5238193974425, 45.47751975376483], [-73.52383018941995, 45.47753920164478], [-73.52384120451153, 45.47755859113271], [-73.52385244175102, 45.47757792033143], [-73.5238639001289, 45.477597187354526], [-73.52387557859254, 45.4776163903269], [-73.52388747604655, 45.47763552738541], [-73.52389959135309, 45.47765459667922], [-73.52391192333225, 45.47767359637086], [-73.52392447076245, 45.47769252463606], [-73.52393723238086, 45.47771137966525], [-73.52395020688375, 45.47773015966342], [-73.523963392927, 45.47774886285117], [-73.52397678912655, 45.47776748746501], [-73.52399039405884, 45.477786031757766], [-73.52400420626132, 45.477804493999706], [-73.52401822423306, 45.47782287247822], [-73.52403273010972, 45.47784158778435], [-73.52404690539475, 45.47786044582513], [-73.52406074590999, 45.477879442260814], [-73.52407424763112, 45.47789857267166], [-73.52408740669141, 45.47791783256218], [-73.52410021938525, 45.477937217364186], [-73.52411268217163, 45.4779567224403], [-73.52412479167734, 45.477976343087846], [-73.52413654469996, 45.47799607454255], [-73.52414793821065, 45.47801591198236], [-73.52415896935686, 45.47803585053143], [-73.52416963546452, 45.47805588526403], [-73.52417993404036, 45.4780760112086], [-73.52418986277377, 45.47809622335225], [-73.52419941953855, 45.478116516644036], [-73.52420860239435, 45.47813688600006], [-73.52421740958795, 45.47815732630722], [-73.5242258395542, 45.47817783242782], [-73.52423389091699, 45.47819839920322], [-73.52424156248956, 45.47821902145864], [-73.5295445684622, 45.491568495798994], [-73.5398715778805, 45.488074457350024], [-73.53994190701721, 45.48810334109124], [-73.53998688968468, 45.4881218215449], [-73.54001366756873, 45.488132832635664], [-73.54002938238533, 45.48813930827027], [-73.54004117586526, 45.48814418234659], [-73.54005576781502, 45.48815006878371], [-73.54007631137206, 45.48815784600859], [-73.54010147521002, 45.4881671900891], [-73.54012938596051, 45.488177663660174], [-73.54015818870079, 45.48818882903806], [-73.54018690079683, 45.4882002333854], [-73.54021577169412, 45.48821140245927], [-73.54024513455508, 45.48822187362987], [-73.5402750423032, 45.48823157919158], [-73.5403052264304, 45.488240904414944], [-73.54033540075334, 45.48825025948029], [-73.54036528766166, 45.48826004201735], [-73.54039485342513, 45.48827029257885], [-73.54042433736917, 45.48828065192196], [-73.54045399324953, 45.48829073967435], [-73.54048402725348, 45.488300247206965], [-73.54051438764124, 45.48830925490446], [-73.54054493566119, 45.488317974385886], [-73.54057553249514, 45.48832661737174], [-73.54060606215899, 45.488335360325955], [-73.54063653667599, 45.48834418206164], [-73.54066701264836, 45.488352992559214], [-73.54069754671853, 45.488361701736586], [-73.54072818251302, 45.4883702389626], [-73.54075892251022, 45.488378595098396], [-73.54078976107671, 45.48838677312785], [-73.54082069257902, 45.48839477603492], [-73.54085171138296, 45.48840260680643], [-73.54088281085313, 45.488410272562795], [-73.54091398139366, 45.4884177926476], [-73.54094521286409, 45.48842518865208], [-73.54097649512403, 45.488432482168086], [-73.54100781987589, 45.48843969022931], [-73.54103919831508, 45.48844678165718], [-73.54107065335391, 45.4884536962928], [-73.54110220806461, 45.488460373581525], [-73.54113388159887, 45.48846676279571], [-73.54116564935109, 45.48847292288919], [-73.54119745932535, 45.488478981472895], [-73.54122925910575, 45.48848506721117], [-73.54126099658232, 45.48849130801237], [-73.5412926496829, 45.48849775748942], [-73.54132425126656, 45.48850433338695], [-73.54135584005257, 45.488510938954384], [-73.54138745476013, 45.48851747744109], [-73.54141913371622, 45.488523853080075], [-73.54145089408014, 45.488530023250256], [-73.54148272148448, 45.48853602448468], [-73.54151459899454, 45.48854189976243], [-73.54154650967573, 45.48854769206266], [-73.54157843659354, 45.488553444364264], [-73.54161036281354, 45.488559199646446], [-73.5416422714014, 45.488565000888364], [-73.5416741457811, 45.48857089015679], [-73.54170598031327, 45.488576881662645], [-73.54173778204358, 45.48858295730777], [-73.54176955872806, 45.48858909718489], [-73.54180131812271, 45.4885952813863], [-73.54183306798336, 45.488601490004726], [-73.54186481606601, 45.48860770313264], [-73.54189656888629, 45.488613904050695], [-73.54192832733045, 45.48862009051298], [-73.54196009068825, 45.48862626437761], [-73.54199185824926, 45.488632427503426], [-73.54202362930316, 45.488638581749], [-73.5420554031396, 45.488644728972844], [-73.54208717904854, 45.48865087103276], [-73.54211895688108, 45.488657008311776], [-73.54215073816341, 45.48866313679036], [-73.54218252473301, 45.488669251630874], [-73.5422143184273, 45.48867534799573], [-73.54224612108372, 45.48868142104734], [-73.54227793453974, 45.488687465947855], [-73.54230976039055, 45.48869347849348], [-73.54234159681462, 45.48869946341791], [-73.54237343946264, 45.48870543206758], [-73.54240528392586, 45.48871139594422], [-73.5424371257957, 45.488717366549615], [-73.5424689610892, 45.48872335428262], [-73.5425007892175, 45.488729360751556], [-73.54253261121532, 45.48873538335922], [-73.54256442812748, 45.48874141948187], [-73.54259624099882, 45.48874746649653], [-73.54262805085072, 45.48875352183818], [-73.54265985580625, 45.48875959020498], [-73.54269164832455, 45.488765690487874], [-73.54272342020916, 45.488771843220455], [-73.54275516326364, 45.48877806893665], [-73.54278686929402, 45.48878438816431], [-73.54281853700367, 45.48879080395562], [-73.54285018708745, 45.488797263643605], [-73.54288184461362, 45.48880370347988], [-73.54291353465025, 45.48881005971663], [-73.54294528226526, 45.48881626860575], [-73.5429771028435, 45.488822291116215], [-73.54300897525489, 45.48882818142648], [-73.54304086976357, 45.48883401568275], [-73.5430727566339, 45.488839870031555], [-73.54310460613038, 45.488845820618984], [-73.54313639060642, 45.488851938236316], [-73.5431681129323, 45.48885821543831], [-73.54319979909822, 45.48886458550633], [-73.54323147566778, 45.488870980251114], [-73.54326316920454, 45.48887733148324], [-73.54329490627188, 45.48888357101331], [-73.54332671155002, 45.48888963547847], [-73.5433585779838, 45.48889554285587], [-73.5433904721291, 45.48890137876011], [-73.54342235973971, 45.48890723086242], [-73.54345420656956, 45.48891318683409], [-73.54348597908553, 45.488919332523984], [-73.54351767324539, 45.48892567838584], [-73.54354932438092, 45.48893213421026], [-73.54358097056505, 45.488938602779335], [-73.54361264987034, 45.48894498687542], [-73.54364439118444, 45.48895121275694], [-73.5436761890762, 45.48895729439897], [-73.54370803010042, 45.48896326626044], [-73.54373990081213, 45.4889691628], [-73.54377178776635, 45.48897501847632], [-73.54380367751813, 45.48898086774818], [-73.5438355566227, 45.48898674507438], [-73.54386741166238, 45.48899268484379], [-73.5438992356242, 45.48899870491861], [-73.54393103612216, 45.48900478541676], [-73.54396282280283, 45.48901090121147], [-73.54399460531266, 45.48901702717577], [-73.54402639329807, 45.489023138182745], [-73.54405819640547, 45.48902920910556], [-73.54409002428076, 45.48903521481833], [-73.54412188302973, 45.48904113945691], [-73.54415376657433, 45.489046999033235], [-73.54418566621743, 45.48905281641168], [-73.54421757326197, 45.4890586144564], [-73.5442494790109, 45.48906441603171], [-73.54428137476722, 45.48907024400181], [-73.54431325183403, 45.48907612123112], [-73.5443451016581, 45.489082070201164], [-73.54437692019138, 45.48908810139246], [-73.54440870868036, 45.489094211181474], [-73.54444046867431, 45.48910039513804], [-73.54447220172256, 45.48910664883212], [-73.54450390937434, 45.48911296783346], [-73.54453559407459, 45.489119345432115], [-73.54456726449719, 45.48912575906205], [-73.54459893196221, 45.48913217942103], [-73.54463060779933, 45.489138577182295], [-73.54466230333819, 45.489144923019396], [-73.54469402990831, 45.48915118760508], [-73.5447257988392, 45.489157341613094], [-73.54475762138787, 45.48916335590484], [-73.54478949961337, 45.48916922530586], [-73.54482141747114, 45.489174991805974], [-73.54485335680283, 45.48918070290282], [-73.5448852994502, 45.489186406093744], [-73.54491722725511, 45.48919214887618], [-73.54494912206049, 45.489197978745295], [-73.54498097135094, 45.489203928421794], [-73.54501278153575, 45.48920998106672], [-73.54504456298777, 45.48921610946146], [-73.54507632607987, 45.48922228638686], [-73.54510808118481, 45.489228484624526], [-73.54513983867531, 45.4892346769551], [-73.5451716089192, 45.48924083617262], [-73.54520339824272, 45.48924694562264], [-73.54523520159933, 45.48925301834402], [-73.54526701195665, 45.48925907256044], [-73.5452988222824, 45.48926512649554], [-73.5453306255443, 45.48927119837296], [-73.54536241471006, 45.48927730641639], [-73.54539418298273, 45.489283468241226], [-73.54542593004126, 45.48928968471272], [-73.54545766269501, 45.48929593825374], [-73.54548938811975, 45.489302210338955], [-73.5455211134912, 45.489308482443356], [-73.5455528459851, 45.489314736041585], [-73.54558459277706, 45.48932095260862], [-73.54561636104275, 45.48932711361917], [-73.54564815783272, 45.489333200871485], [-73.54567998417758, 45.48933921173624], [-73.54571183254046, 45.489345165746826], [-73.54574369473018, 45.489351084129474], [-73.54577556255556, 45.489356988110444], [-73.54580742782547, 45.48936289891591], [-73.54583928248235, 45.48936883742628], [-73.54587112191209, 45.4893748155997], [-73.54590294516458, 45.489380835901024], [-73.54593475146733, 45.48938690033456], [-73.5459665400479, 45.489393010904834], [-73.54599831013387, 45.48939916961624], [-73.54603006095279, 45.48940537847306], [-73.54606179173406, 45.489411639475065], [-73.54609350397084, 45.489417948683126], [-73.54612520582577, 45.48942428466227], [-73.54615690668369, 45.48943062277078], [-73.54618861592948, 45.489436938367284], [-73.54622034294785, 45.4894432068101], [-73.5462520971235, 45.489449403457776], [-73.5462838878411, 45.48945550366862], [-73.54631572448527, 45.4894614828012], [-73.54634761336146, 45.48946732435005], [-73.5463795414456, 45.489473062887974], [-73.54641148823013, 45.489478752762466], [-73.54644343319133, 45.48948444836421], [-73.54647535581189, 45.48949020406701], [-73.54650724192668, 45.48949605737396], [-73.54653909566, 45.489501997210795], [-73.5465709244079, 45.489508003813306], [-73.54660273556651, 45.48951405741716], [-73.54663453653181, 45.489520138258214], [-73.54666633445031, 45.48952622723958], [-73.54669813358936, 45.48953231296541], [-73.54672993636876, 45.48953838898209], [-73.5467617451779, 45.489544448917], [-73.54679356240621, 45.48955048639747], [-73.54682539044308, 45.489556495051055], [-73.54685723167786, 45.48956246850514], [-73.54688908849995, 45.48956840038695], [-73.54692096329869, 45.489574284324114], [-73.5469528584634, 45.48958011394394], [-73.54698477633814, 45.48958588299401], [-73.54701671635897, 45.48959159293431], [-73.54704867334256, 45.48959725747679], [-73.5470806416948, 45.48960289142241], [-73.5471126158217, 45.48960850957307], [-73.5471445901292, 45.48961412672954], [-73.54717655902327, 45.48961975769336], [-73.54720851691002, 45.48962541726595], [-73.54724045819547, 45.489631120248504], [-73.54727237728574, 45.48963688144247], [-73.54730426858694, 45.48964271564913], [-73.54733612650527, 45.48964863766994], [-73.54736794567619, 45.48965466170338], [-73.54739972675762, 45.4896607861142], [-73.54743147687833, 45.48966699225476], [-73.54746320348596, 45.48967326063853], [-73.54749491402818, 45.48967957177913], [-73.54752661595263, 45.489685906189884], [-73.54755831670688, 45.489692244384244], [-73.54759002364644, 45.48969856711438], [-73.54762174144535, 45.48970486208239], [-73.54765347173881, 45.48971112486699], [-73.54768521599816, 45.48971735147172], [-73.54771697569471, 45.48972353790001], [-73.54774875229975, 45.48972968015536], [-73.54778054728463, 45.48973577424123], [-73.54781236212061, 45.48974181616102], [-73.54784419827901, 45.489747801918256], [-73.5478760572305, 45.48975372751771], [-73.54790793902313, 45.489759592744996], [-73.54793983919527, 45.48976540936845], [-73.54797175239386, 45.489771191525314], [-73.5480036732659, 45.4897769533528], [-73.54803559645842, 45.48978270898808], [-73.54806751661847, 45.489788472568264], [-73.54809942839316, 45.48979425823075], [-73.54813132642956, 45.48980008011266], [-73.54816320537486, 45.48980595235117], [-73.54819505987624, 45.48981188908356], [-73.54822688529048, 45.489817902575936], [-73.54825868471146, 45.48982398469252], [-73.54829046599141, 45.48983011475042], [-73.54832223705208, 45.48983627188299], [-73.54835400581511, 45.489842435224006], [-73.5483857802022, 45.489848583906934], [-73.54841756813482, 45.489854697065404], [-73.54844937753461, 45.48986075383296], [-73.54848121459533, 45.489866737890964], [-73.5485130756839, 45.48987265878793], [-73.54854495369757, 45.48987853520603], [-73.54857684152964, 45.4898843858375], [-73.54860873207343, 45.4898902293747], [-73.54864061822236, 45.48989608451017], [-73.54867249286985, 45.48990196993627], [-73.5487043489095, 45.489907904345], [-73.54873618062956, 45.48991390267752], [-73.5487679871074, 45.48991996699435], [-73.54879976844771, 45.48992609659294], [-73.54883152475519, 45.48993229077068], [-73.54886325613448, 45.48993854882512], [-73.5488949626903, 45.48994487005374], [-73.54892664452727, 45.489951253753894], [-73.54895830175012, 45.489957699223154], [-73.54898993446348, 45.48996420575898], [-73.54902154367024, 45.48997077043999], [-73.54905313701306, 45.489977373942416], [-73.54908472511124, 45.48998398958904], [-73.5491163185981, 45.48999059066827], [-73.54914792810683, 45.48999715046785], [-73.54917956427066, 45.490003642276406], [-73.54921123772267, 45.49001003938167], [-73.54924295909596, 45.49001631507216], [-73.54927473902357, 45.49002244263557], [-73.54930658629362, 45.49002839999848], [-73.54933847592808, 45.49003424998197], [-73.54937035339255, 45.49004012971816], [-73.54940216320831, 45.49004617871279], [-73.54943386832113, 45.49005248969688], [-73.54946547695785, 45.490059040443], [-73.54949700417602, 45.490065791381966], [-73.54952846503306, 45.49007270294455], [-73.54955987458632, 45.49007973556148], [-73.54959124789313, 45.490086849663676], [-73.54962259998801, 45.4900940057411], [-73.54965394021907, 45.49010117918161], [-73.54968526478045, 45.4901083798349], [-73.5497165680119, 45.49011562240912], [-73.54974784425316, 45.490122921612716], [-73.54977908784397, 45.49013029215383], [-73.54981029292608, 45.49013774796891], [-73.54984145287514, 45.490145300009814], [-73.5498725608818, 45.49015295850747], [-73.54990361013668, 45.490160733692804], [-73.54993459383049, 45.49016863579658], [-73.54996550515385, 45.49017667504972], [-73.54999633729753, 45.490184861683105], [-73.5500270835978, 45.490193205656645], [-73.55005774161246, 45.49020170907499], [-73.55008831367147, 45.49021036516268], [-73.55011880236086, 45.49021916666744], [-73.55014921026678, 45.49022810633716], [-73.55017953997533, 45.49023717691954], [-73.5502097938874, 45.49024637156092], [-73.55023997308022, 45.49025568625675], [-73.55027007805458, 45.49026511824299], [-73.55030010930896, 45.490274664760825], [-73.55033006734183, 45.49028432305144], [-73.55035995265393, 45.490294090353125], [-73.55038976764828, 45.490303961739414], [-73.55041952006692, 45.490313926207314], [-73.55044921858146, 45.490323971695474], [-73.55047887186355, 45.490334086142845], [-73.55050848858481, 45.4903442574882], [-73.5505380735407, 45.4903544786351], [-73.5505675984494, 45.49036478485389], [-73.55059701827355, 45.490375232876936], [-73.55062628784526, 45.49038587960328], [-73.55065536324572, 45.49039678034375], [-73.55068424722113, 45.4904079310588], [-73.55071300206849, 45.490419251968504], [-73.55074169395888, 45.49043065836613], [-73.55077038906329, 45.49044206554443], [-73.55079915236009, 45.49045339028411], [-73.55082800088127, 45.4904646091913], [-73.55085688844063, 45.490475777753026], [-73.55088576453174, 45.490486956847185], [-73.55091457864826, 45.49049820735176], [-73.55094328028383, 45.49050959014477], [-73.55097181893237, 45.490521166104145], [-73.5510001466622, 45.49053299301644], [-73.55102826224706, 45.490545072584226], [-73.55105620512028, 45.4905573576855], [-73.55108401607342, 45.49056979956706], [-73.55111173589796, 45.490582349475986], [-73.5511394053853, 45.49059495865917], [-73.5511670536948, 45.49060759129821], [-73.55119466489029, 45.49062026172204], [-73.5512222121088, 45.490632996410206], [-73.55124966848737, 45.49064582184242], [-73.55127700716314, 45.490658764498285], [-73.55130420127317, 45.49067185085756], [-73.55133122395462, 45.49068510739981], [-73.55135804871206, 45.49069856023288], [-73.5513846684472, 45.49071221581652], [-73.55141110469708, 45.490726051605876], [-73.55143738130205, 45.49074004272264], [-73.55146352210248, 45.490754164288795], [-73.55148955093865, 45.49076839142611], [-73.55151549165089, 45.49078269925635], [-73.55154136807889, 45.49079706290174], [-73.55156719960729, 45.490811462339096], [-73.55159299040812, 45.49082589412011], [-73.55161874140919, 45.49084035833188], [-73.5516444535382, 45.490854855061194], [-73.55167012772297, 45.490869384394955], [-73.5516957648912, 45.490883946420055], [-73.55172136593971, 45.4908985412458], [-73.55174692736799, 45.49091317214599], [-73.55177243676246, 45.490927848808795], [-73.5517978806316, 45.490942581698356], [-73.55182324548385, 45.490957381278946], [-73.55184851782765, 45.49097225801464], [-73.55187368417148, 45.49098722236968], [-73.55189873235418, 45.49100228374382], [-73.55192366380216, 45.49101744066719], [-73.55194848789151, 45.49103268531033], [-73.55197321409858, 45.49104800976352], [-73.55199785189966, 45.49106340611706], [-73.552022410771, 45.49107886646116], [-73.55204689443396, 45.49109438706615], [-73.55207127537395, 45.49110998688966], [-73.55209551552902, 45.4911256925498], [-73.55211957682891, 45.49114153067129], [-73.55214342120352, 45.49115752787812], [-73.55216701879462, 45.491173704762424], [-73.55219038037374, 45.49119005207024], [-73.55221352925537, 45.491206551333384], [-73.55223648875753, 45.491223184081576], [-73.55225928219828, 45.49123993184395], [-73.55228193289567, 45.49125677614984], [-73.55230446365508, 45.49127369892491], [-73.55232688577986, 45.4912906909848], [-73.55234919922914, 45.4913077519136], [-73.55237140348099, 45.49132488166697], [-73.55239349801349, 45.49134208020069], [-73.55241548230477, 45.49135934747059], [-73.5524373558329, 45.49137668343236], [-73.55245911807596, 45.49139408804183], [-73.55248076920391, 45.491411560887315], [-73.55250231247774, 45.49142909991547], [-73.55252375202127, 45.491446702614866], [-73.55254509195841, 45.49146436647401], [-73.55256633641304, 45.491482088981215], [-73.55258748950837, 45.491499867625485], [-73.55264503109828, 45.49154959357049], [-73.55270161463747, 45.491599912530695], [-73.55275722178642, 45.49165081075028], [-73.55281183474072, 45.491702274102586], [-73.55286543624975, 45.49175428810329], [-73.55291800963475, 45.491806837923896], [-73.55296953880605, 45.49185990840576], [-73.55302000827943, 45.49191348407444], [-73.55306940319153, 45.49196754915528], [-73.55311770931462, 45.492022087588154], [-73.55316491307009, 45.49207708304381], [-73.55321100154119, 45.492132518940345], [-73.55325596248471, 45.492188378459254], [-73.55329978434172, 45.492244644562724], [-73.55334245624707, 45.492301300011015], [-73.55336033449211, 45.49232831230465], [-73.55337821383537, 45.49235532107323], [-73.55339609162525, 45.492382329848866], [-73.5534050290919, 45.492395835350926], [-73.55341396436607, 45.492409342570824], [-73.55343183118437, 45.49243636203374], [-73.55344076553811, 45.49244987355612], [-73.55344970340519, 45.4924633854957], [-73.5534541773336, 45.49247014051174], [-73.55345865433725, 45.492476894861], [-73.5534676128059, 45.492490402584956], [-73.55347656928274, 45.49250391071783], [-73.55348104379658, 45.49251066557844], [-73.55348551423928, 45.49251742131021], [-73.55348997892787, 45.49252417830087], [-73.55349220674461, 45.49252755789551], [-73.55349443054551, 45.49253093851142], [-73.55349664993362, 45.49253432027476], [-73.553498864512, 45.492537703311896], [-73.5535010738837, 45.49254108774907], [-73.55350327765177, 45.49254447371259], [-73.55350547541927, 45.49254786132877], [-73.55350766678927, 45.492551250723814], [-73.55350985136481, 45.492554642024004], [-73.55351202874897, 45.492558035355685], [-73.55351419854476, 45.4925614308451], [-73.55351636035529, 45.4925648286186], [-73.55351743814201, 45.49256652840125], [-73.55351851378359, 45.492568228802355], [-73.55351958723033, 45.49256992983753], [-73.55352065843269, 45.4925716315227], [-73.553521727341, 45.49257333387358], [-73.55352279390569, 45.4925750369059], [-73.55352385807709, 45.49257674063554], [-73.5535249198056, 45.49257844507829], [-73.55352597904162, 45.49258015024979], [-73.55352703573553, 45.49258185616602], [-73.5535280898377, 45.492583562842654], [-73.55352914129867, 45.492585270295486], [-73.55353019039543, 45.49258697847411], [-73.55353123745537, 45.49258868730969], [-73.5535333257396, 45.49259210686944], [-73.55353540670109, 45.49259552881087], [-73.55353748088963, 45.492598952970035], [-73.55353954885496, 45.49260237918301], [-73.55354161114684, 45.49260580728593], [-73.55354366831503, 45.49260923711496], [-73.5535457209093, 45.49261266850608], [-73.55354776947938, 45.49261610129541], [-73.55354981457506, 45.49261953531904], [-73.55355185674605, 45.49262297041309], [-73.55355389654218, 45.49262640641365], [-73.55355797120876, 45.492633280478586], [-73.55356204297283, 45.49264015620279], [-73.55356611623249, 45.492647032274746], [-73.55356815482776, 45.49265047002516], [-73.55357019588686, 45.4926539072783], [-73.5535722399297, 45.492657343874555], [-73.55357428729891, 45.49266077969103], [-73.55357633833718, 45.492664214604915], [-73.5535783933872, 45.492667648493395], [-73.55358045279162, 45.49267108123357], [-73.55358251689314, 45.49267451270253], [-73.5535845860344, 45.492677942777476], [-73.5535866605581, 45.49268137133552], [-73.55358874080687, 45.49268479825392], [-73.55359082699857, 45.49268822344955], [-73.55359291763973, 45.492691647378216], [-73.55359501158287, 45.492695070369365], [-73.55359920620346, 45.49270191439644], [-73.55360340451683, 45.492708757246064], [-73.55360760017946, 45.49271560063298], [-73.5536096950344, 45.49271902306408], [-73.55361178684784, 45.492722446272666], [-73.55361387482648, 45.49272587047313], [-73.55361595817405, 45.49272929587872], [-73.55361803609668, 45.492732722702904], [-73.55362010780134, 45.49273615115931], [-73.55362217249491, 45.49273958146187], [-73.55362422938443, 45.492743013824175], [-73.55362525465482, 45.492744730844514], [-73.55362627767678, 45.49274644845999], [-73.55362729835117, 45.49274816669717], [-73.55362831657891, 45.492749885582924], [-73.55362933226081, 45.49275160514385], [-73.55363034529778, 45.492753325406895], [-73.55363135559064, 45.49275504639848], [-73.55363236304032, 45.492756768145384], [-73.55363336754763, 45.49275849067461], [-73.5536343690135, 45.49276021401251], [-73.55363536733873, 45.49276193818585], [-73.55363636242423, 45.4927636632216], [-73.55363735417085, 45.492765389146236], [-73.5536383424782, 45.49276711598697], [-73.5536393270108, 45.49276884386423], [-73.55364030760775, 45.4927705728432], [-73.553641284335, 45.49277230290495], [-73.55364225725853, 45.49277403403085], [-73.55364322644427, 45.49277576620186], [-73.55364419195818, 45.49277749939914], [-73.55364515386626, 45.49277923360396], [-73.55364611223442, 45.49278096879729], [-73.55364706712862, 45.49278270496066], [-73.55364801861481, 45.492784442074864], [-73.55364896675898, 45.49278618012107], [-73.55364991162709, 45.49278791908072], [-73.55365085328505, 45.49278965893467], [-73.55365179179884, 45.49279139966431], [-73.55365272723445, 45.492793141250594], [-73.55365365965777, 45.49279488367487], [-73.55365458913484, 45.49279662691811], [-73.55365551573152, 45.492798370961495], [-73.55365643951387, 45.49280011578636], [-73.55365736054777, 45.49280186137369], [-73.5536582788992, 45.49280360770473], [-73.55365919463412, 45.492805354760634], [-73.55366010781849, 45.492807102522505], [-73.55366101851824, 45.49280885097149], [-73.5536619267994, 45.49281060008883], [-73.55366283272784, 45.492812349855505], [-73.55366373636956, 45.49281410025297], [-73.55366463779052, 45.4928158512622], [-73.55366553705665, 45.49281760286425], [-73.55366643423395, 45.49281935504049], [-73.55366822258578, 45.49282286103976], [-73.55367000337367, 45.492826369109224], [-73.55367177712529, 45.49282987909828], [-73.55367354436827, 45.492833390856035], [-73.5536753056303, 45.4928369042318], [-73.553677061439, 45.49284041907478], [-73.55367881232206, 45.49284393523435], [-73.55368055880713, 45.49284745255963], [-73.55368230142184, 45.49285097089993], [-73.55368404077882, 45.49285449007941], [-73.55368751501513, 45.492861529409495], [-73.55369098490954, 45.49286856956568], [-73.55369445105678, 45.492875610385354], [-73.55369791405153, 45.49288265170617], [-73.55370137448844, 45.49288969336533], [-73.55370829006762, 45.492903777049065], [-73.55372211512541, 45.4929319418175], [-73.55372556700979, 45.49293898354017], [-73.55372901363475, 45.49294602653264], [-73.55373245395162, 45.49295307108119], [-73.55373588691177, 45.492960117472364], [-73.55373760030534, 45.49296364144845], [-73.55373931146649, 45.492967165992646], [-73.55374102026411, 45.49297069114073], [-73.55374272656712, 45.49297421692848], [-73.55374443024446, 45.4929777433917], [-73.55374613116503, 45.49298127056635], [-73.55374782919772, 45.49298479848801], [-73.55374952421148, 45.492988327192684], [-73.55375121607523, 45.49299185671605], [-73.55375290465784, 45.492995387093984], [-73.5537545898283, 45.49299891836228], [-73.5537562714504, 45.4930024505371], [-73.5537579493833, 45.49300598361654], [-73.55375962349297, 45.493009517624756], [-73.55376129364554, 45.493013052586484], [-73.55376295970704, 45.49301658852655], [-73.5537646215436, 45.49302012546964], [-73.55376627902129, 45.493023663440496], [-73.5537679320062, 45.49302720246372], [-73.55376958036442, 45.49303074256419], [-73.55377122396202, 45.49303428376643], [-73.5537728626651, 45.493037826095325], [-73.55377449633974, 45.49304136957557], [-73.55377612485204, 45.49304491423181], [-73.55377774806809, 45.493048460088836], [-73.55377936585393, 45.49305200717136], [-73.5537809780757, 45.493055555504036], [-73.55378258459946, 45.49305910511165], [-73.55378418529128, 45.493062656018836], [-73.5537857800173, 45.49306620825045], [-73.5537873681708, 45.49306976191061], [-73.55378894915707, 45.49307331709425], [-73.5537905231565, 45.49307687376114], [-73.55379209035402, 45.493080431870325], [-73.55379365093461, 45.49308399138106], [-73.55379520508325, 45.493087552252206], [-73.55379675298491, 45.493091114442834], [-73.55379829482453, 45.49309467791208], [-73.5537998307871, 45.49309824261896], [-73.55380136105757, 45.49310180852257], [-73.55380288582094, 45.493105375581905], [-73.55380440526216, 45.49310894375611], [-73.55380591956619, 45.49311251300424], [-73.55380742891799, 45.493116083285194], [-73.55380893350255, 45.49311965455829], [-73.55381043350484, 45.49312322678233], [-73.55381192910978, 45.493126799916524], [-73.55381342050241, 45.493130373920046], [-73.55381490791233, 45.493133948743655], [-73.55381639206355, 45.493137524242414], [-73.55381787339479, 45.49314110030692], [-73.55381935221268, 45.493144676849525], [-73.55382230353514, 45.493151831018636], [-73.55382524848437, 45.49315898604919], [-73.55383112907649, 45.493173295891914], [-73.55383406962618, 45.49318044930268], [-73.55383701361613, 45.49318760077241], [-73.55433654118491, 45.49429770997745], [-73.55451514744036, 45.494712897789476], [-73.55453243778986, 45.49475208541785], [-73.55455071135191, 45.494791109992114], [-73.554569963664, 45.49482995331879], [-73.55459018935994, 45.494868597280494], [-73.55461138217295, 45.49490702386331], [-73.5546335349406, 45.49494521518473], [-73.5546566396119, 45.4949831535204], [-73.55468068725644, 45.49502082133228], [-73.5547056680754, 45.49505820129472], [-73.5547315714149, 45.49509527632149], [-73.55475838578083, 45.495132029591645], [-73.55478609885597, 45.495168444574574], [-73.55481469751892, 45.49520450505565], [-73.55484416786449, 45.495240195159305], [-73.55487449522629, 45.49527549937283], [-73.55490566420076, 45.49531040256866], [-73.55493765867263, 45.49534489002567], [-73.55497046184212, 45.49537894744938], [-73.5550040562534, 45.495412560991916], [-73.55503842382431, 45.49544571726934], [-73.55506039647747, 45.49546630304548], [-73.55508269564476, 45.49548673150154], [-73.55510531790044, 45.49550699881789], [-73.55512825969892, 45.49552710122461], [-73.55515151737659, 45.49554703500342], [-73.55517508715367, 45.495566796489896], [-73.55519896513634, 45.495586382076375], [-73.55522314731876, 45.495605788212806], [-73.55524762958537, 45.49562501141031], [-73.55527240771325, 45.495644048242646], [-73.55529747737445, 45.49566289534796], [-73.55532283413858, 45.49568154943131], [-73.55534847347539, 45.49570000726629], [-73.5553743907575, 45.49571826569697], [-73.55540058126319, 45.495736321639455], [-73.55542704017913, 45.495754172084176], [-73.55545376260345, 45.49577181409687], [-73.55548074354876, 45.49578924482074], [-73.55550797794514, 45.49580646147769], [-73.5555354606433, 45.495823461369795], [-73.55554836004666, 45.49583131190064], [-73.55556131617462, 45.49583911703072], [-73.55557432854154, 45.495846876456966], [-73.55558739665743, 45.495854589879485], [-73.55560052002802, 45.495862257002], [-73.55561369815479, 45.49586987753192], [-73.55562693053508, 45.495877451179894], [-73.55564021666208, 45.495884977660374], [-73.55565355602496, 45.49589245669133], [-73.55566694810896, 45.495899887994334], [-73.55568757690199, 45.49591010131111], [-73.55570827557095, 45.49592024587446], [-73.55572904341982, 45.49593032133058], [-73.55574987974771, 45.49594032733092], [-73.55577078384906, 45.49595026353124], [-73.5557917550136, 45.4959601295926], [-73.55581279252652, 45.49596992517995], [-73.55583389566857, 45.495979649963886], [-73.55585506371605, 45.49598930361928], [-73.55587629594095, 45.49599888582607], [-73.55590114360986, 45.49600997297384], [-73.55592608002303, 45.496020963545355], [-73.55595110404015, 45.49603185701626], [-73.55597621451254, 45.496042652870635], [-73.55600141028344, 45.49605335060193], [-73.55602669018809, 45.49606394971232], [-73.55605205305389, 45.496074449713376], [-73.55607749770073, 45.4960848501258], [-73.55610302294096, 45.49609515047941], [-73.55612862757974, 45.496105350313485], [-73.55732971251479, 45.49656063382967], [-73.55756944855425, 45.49664952664195], [-73.55879253395672, 45.49712691506062], [-73.55905581498548, 45.49723283166152], [-73.55979329684871, 45.497545772085594], [-73.5612850320605, 45.498252211259064], [-73.56138448073803, 45.498299305720266], [-73.56196911164439, 45.49723345321806], [-73.56276561283939, 45.495850750898306], [-73.5629552993655, 45.49553930805436], [-73.56321815843967, 45.4950840319631], [-73.56371874627928, 45.49434951872298], [-73.56432988533136, 45.49348131082053], [-73.56469935410853, 45.49303360034592], [-73.56541497001679, 45.49216706590923], [-73.56618965860149, 45.4912626187004], [-73.56720243188752, 45.490099385421345], [-73.56928483377142, 45.4910948145082], [-73.56984551734821, 45.49136237111507], [-73.57305596502562, 45.492899947082634], [-73.5758134855845, 45.49090837561293], [-73.57696337988416, 45.49002252242766], [-73.57788697692474, 45.489283540234176], [-73.57845052929987, 45.48884185884372], [-73.57884192119302, 45.48854143475652], [-73.57960477929647, 45.48801021841246], [-73.58033262766726, 45.48753112385892], [-73.58055955104777, 45.48737557590757], [-73.58078749654752, 45.487230023947966], [-73.58154304624297, 45.486739416813776]]]]}}, {"type": "Feature", "properties": {"NOM": "Mercier-Hochelaga-Maisonneuve"}, "geometry": {"type": "MultiPolygon", "coordinates": [[[[-73.56849564650572, 45.58144292747396], [-73.56537160614225, 45.58040279383632], [-73.56512242951027, 45.580320071015365], [-73.56012394533681, 45.578654689151236], [-73.55984341589895, 45.57856121487608], [-73.55880543393802, 45.578235014214236], [-73.55873184968482, 45.578210168210425], [-73.55865963665252, 45.57818291327265], [-73.5585890319299, 45.57815330735291], [-73.55852026561135, 45.57812142361541], [-73.55845355834074, 45.57808734988003], [-73.558389118971, 45.57805118783203], [-73.55832714239051, 45.57801305201451], [-73.55826780756415, 45.577973068623685], [-73.55821127582983, 45.57793137413127], [-73.55815768948418, 45.57788811376972], [-73.55786883708569, 45.577626634219584], [-73.55770470598901, 45.57747420433486], [-73.5569816732013, 45.57680572359443], [-73.55680317732352, 45.57663986896258], [-73.55621591754355, 45.57608764264312], [-73.55599750325472, 45.57588555206451], [-73.55596715149248, 45.57586019515726], [-73.55593509423784, 45.57583571476579], [-73.55590141024737, 45.57581219405314], [-73.55586618906642, 45.575789711385035], [-73.55582953026213, 45.575768339479254], [-73.55579154249585, 45.57574814463002], [-73.55575234245246, 45.575729186024844], [-73.55571205364912, 45.57571151516864], [-73.55567080514842, 45.57569517542513], [-73.55562873020433, 45.57568020168767], [-73.5542298030215, 45.57521222847216], [-73.55422252642403, 45.5752098101087], [-73.54898681227014, 45.57346489706408], [-73.54997854722467, 45.571994012692215], [-73.55091274278529, 45.57060836974566], [-73.55107906570817, 45.570377538791206], [-73.5517464031483, 45.56939309668697], [-73.55225212976235, 45.56864697094349], [-73.55234462623204, 45.568510026198716], [-73.55259575818805, 45.56813750065919], [-73.55281874554946, 45.56780670848929], [-73.55301734044568, 45.5675121047851], [-73.55331319771388, 45.56706106466328], [-73.55343928622803, 45.56686609032563], [-73.55358136665761, 45.566649268907874], [-73.5537300537644, 45.5663878601387], [-73.5537801036599, 45.56631001310336], [-73.55383543470533, 45.56622404947294], [-73.55416260826728, 45.56572345749787], [-73.55426131901805, 45.56557291064168], [-73.55427477231802, 45.5655514826515], [-73.5542876364822, 45.565529869776555], [-73.55429990395305, 45.56550808405545], [-73.5543115678405, 45.565486137725415], [-73.5543226219349, 45.56546404319947], [-73.55448176413154, 45.565180718034995], [-73.55450949725794, 45.56509898330434], [-73.55453401544324, 45.565016609292776], [-73.55455527680039, 45.56493368987274], [-73.55457324688071, 45.564850320634804], [-73.55458789884489, 45.56476659852279], [-73.55459921358992, 45.5646826214589], [-73.55460717983134, 45.56459848796248], [-73.55461179413948, 45.56451429676491], [-73.55461306092978, 45.56443014642443], [-73.5546109924076, 45.5643461349437], [-73.55459583264589, 45.56400591855556], [-73.55448949740503, 45.561619418669814], [-73.55446494482257, 45.561030400642544], [-73.55437820401427, 45.55907589816087], [-73.55429224400592, 45.55712284108976], [-73.55428786607456, 45.557031034323394], [-73.55428677807605, 45.55693913556027], [-73.55428898415809, 45.55684723211689], [-73.55429448220707, 45.55675541137418], [-73.55430326385485, 45.55666376049999], [-73.55443598033276, 45.55538867703036], [-73.5544575468904, 45.55525663689355], [-73.55447840570694, 45.55512453923001], [-73.55449855632862, 45.55499238684824], [-73.55451799833178, 45.554860182559196], [-73.55453673132291, 45.554727929176074], [-73.55456559500877, 45.55443633739775], [-73.5546956285858, 45.55317419813289], [-73.55471066690792, 45.55302822957776], [-73.55476241919155, 45.55252585155356], [-73.55478222481534, 45.552333044712974], [-73.55483314322461, 45.551833847013214], [-73.55485267311406, 45.551641154548385], [-73.55488055069593, 45.55136543269248], [-73.55503344994057, 45.549853338905706], [-73.55506751182945, 45.54951646665874], [-73.55512544998679, 45.54894341917731], [-73.55514742774054, 45.54872388571167], [-73.55521681764294, 45.54803249996126], [-73.55524342893665, 45.54782494354154], [-73.55531666777088, 45.54736281414356], [-73.55566534860826, 45.546661394947556], [-73.55573281155078, 45.54653253895434], [-73.55599947725305, 45.546013792807244], [-73.55606853389531, 45.545885646505965], [-73.5566990606888, 45.54467822218235], [-73.55678015248863, 45.544523634553414], [-73.55705338424876, 45.5440027026579], [-73.55713443033798, 45.543848114781994], [-73.55770312160378, 45.54276523491838], [-73.55913101642201, 45.54011647084718], [-73.55923278332716, 45.5399245046246], [-73.55901691101583, 45.53990166143988], [-73.55716978235286, 45.53972062673221], [-73.55600473502079, 45.53960613297049], [-73.5540161995668, 45.53941004864371], [-73.55221763354726, 45.539233919997166], [-73.5503298302283, 45.53904788814797], [-73.55026148375403, 45.539040696445326], [-73.55019325851502, 45.539032896464924], [-73.55012517093982, 45.53902448978663], [-73.55005723739889, 45.539015478282], [-73.54998947419125, 45.53900586411318], [-73.54992189753168, 45.53899564973097], [-73.54985452353763, 45.53898483787294], [-73.54982081699397, 45.538978732486605], [-73.54978717180477, 45.53897245600978], [-73.54975359060538, 45.53896600890583], [-73.54972007602157, 45.538959391664484], [-73.54968663066886, 45.53895260480219], [-73.54965325715183, 45.538945648861734], [-73.54961995806343, 45.538938524412444], [-73.54958632755499, 45.53893109798805], [-73.54955282308713, 45.538923380344386], [-73.54951945230505, 45.538915373097474], [-73.54948622279686, 45.53890707799506], [-73.5494531420878, 45.538898496915934], [-73.54942021763456, 45.53888963186768], [-73.54938745681974, 45.5388804849857], [-73.5493555562121, 45.538871932938704], [-73.54932379670682, 45.538863113857296], [-73.54929218507823, 45.53885402949319], [-73.54926072804102, 45.538844681710934], [-73.54922943224547, 45.53883507248681], [-73.5491983042727, 45.53882520390719], [-73.54916735063019, 45.538815078167325], [-73.54913606337557, 45.53880446755158], [-73.54910488980414, 45.53879368895457], [-73.5490738326502, 45.538782743285985], [-73.54904289462831, 45.53877163148415], [-73.54901207843241, 45.53876035451687], [-73.54898138673505, 45.53874891338022], [-73.54895082218668, 45.53873730909906], [-73.54892598023902, 45.538727731988445], [-73.54890125998215, 45.53871799646152], [-73.54887666447682, 45.53870810367319], [-73.54885219675408, 45.53869805481713], [-73.54882785981378, 45.53868785112544], [-73.54880365662352, 45.53867749386787], [-73.54877959011733, 45.53866698435217], [-73.54875415002405, 45.53865593153771], [-73.54872883632468, 45.53864473308473], [-73.54870365154525, 45.538633390070935], [-73.54867859818678, 45.5386219036027], [-73.54865367872455, 45.53861027481474], [-73.54862889560718, 45.53859850487029], [-73.54860425125585, 45.53858659495981], [-73.54857672842665, 45.5385728203106], [-73.54854936454514, 45.5385588867727], [-73.54852216238922, 45.538544795712355], [-73.54849512470486, 45.53853054852785], [-73.54846825420522, 45.53851614664908], [-73.54844155356973, 45.53850159153653], [-73.5484150254432, 45.538486884681575], [-73.54838742702619, 45.53847094070092], [-73.54835997903511, 45.538454866817816], [-73.54833268332189, 45.53843866408772], [-73.54830554171845, 45.538422333583576], [-73.54827855603612, 45.53840587639524], [-73.54825172806541, 45.538389293629564], [-73.54822505957553, 45.53837258640993], [-73.54819683859122, 45.53835427164282], [-73.54816885024925, 45.538335777435314], [-73.54814109800061, 45.53831710598711], [-73.54811358523978, 45.53829825954138], [-73.54808631530346, 45.53827924038394], [-73.54805929146923, 45.53826005084243], [-73.5480325169541, 45.53824069328499], [-73.54800389722475, 45.53821924341952], [-73.54797563667346, 45.53819755262996], [-73.54794774142132, 45.53817562539652], [-73.54792021743775, 45.5381534663012], [-73.54789307053606, 45.538131080024584], [-73.54786630636951, 45.53810847134245], [-73.54783993042732, 45.53808564512274], [-73.54781716129568, 45.53806559598902], [-73.54779464360303, 45.53804540390583], [-73.54777238005995, 45.53802507121717], [-73.54775037331783, 45.53800460030086], [-73.54772862596779, 45.53798399356747], [-73.54770714053964, 45.53796325345932], [-73.54768591950094, 45.53794238244959], [-73.54765603585504, 45.537911976628365], [-73.5476266279474, 45.53788133578161], [-73.54759770134687, 45.53785046544476], [-73.54756926144782, 45.53781937123872], [-73.54754131346654, 45.53778805886789], [-73.54751386243836, 45.53775653411562], [-73.54748691321439, 45.53772480284115], [-73.54746078668096, 45.53769357276395], [-73.54743478078063, 45.53766229261923], [-73.54740889580401, 45.53763096275235], [-73.54738313203889, 45.53759958350968], [-73.54735748977053, 45.537568155238894], [-73.54733196928137, 45.53753667828872], [-73.54730657085119, 45.5375051530088], [-73.54598638465913, 45.53586579148419], [-73.54524528912683, 45.53494462183316], [-73.54476716662116, 45.53434948426549], [-73.54453891499503, 45.53406558861925], [-73.5443703910725, 45.53384814905624], [-73.54420571610956, 45.53362121218525], [-73.54418346879447, 45.53358852316159], [-73.54416140903356, 45.53355577060224], [-73.54413953737532, 45.53352295530562], [-73.54411785435884, 45.5334900780722], [-73.5440963605142, 45.53345713970652], [-73.54407505636208, 45.53342414101547], [-73.5440539424139, 45.53339108280901], [-73.54401183843002, 45.53332515718804], [-73.54397067239292, 45.53325892971748], [-73.54393045079819, 45.53319241030606], [-73.54389117985819, 45.5331256089536], [-73.54385286549888, 45.533058535745965], [-73.54381551335665, 45.53299120085026], [-73.54377912877577, 45.532923614509265], [-73.54374741522196, 45.532864174449685], [-73.54371654217059, 45.532804507841014], [-73.54368651446903, 45.53274462350527], [-73.54365733671422, 45.532684530332034], [-73.54362901325021, 45.53262423727357], [-73.54360154816618, 45.532563753341115], [-73.54357494529431, 45.532503087600155], [-73.54355410128564, 45.53245397646716], [-73.5435333621577, 45.53240484325922], [-73.54351272798104, 45.53235568814214], [-73.54349219882549, 45.53230651128193], [-73.54347177476018, 45.53225731284503], [-73.54345145585349, 45.532208092997664], [-73.54343124217311, 45.53215885190641], [-73.54329464482247, 45.531819871189434], [-73.54059953321111, 45.531314889398416], [-73.53011476058786, 45.534793019192094], [-73.53002429670259, 45.53500687811885], [-73.52980644880905, 45.535389524331755], [-73.52953968897702, 45.53575655481406], [-73.52922625491928, 45.53610488945689], [-73.51313781065237, 45.55228676135735], [-73.52201319642646, 45.55518726836183], [-73.52068817575048, 45.55652472162057], [-73.51857880631042, 45.558665707396614], [-73.51909603005296, 45.55891774215395], [-73.51954542944635, 45.558467959597074], [-73.52083767718602, 45.55715121952661], [-73.52171836585676, 45.55762246074664], [-73.52180690651727, 45.55773216788406], [-73.5217775467742, 45.557870603103474], [-73.52137323037607, 45.55821382858597], [-73.5212471334566, 45.55844339803395], [-73.52095982625168, 45.55872286583827], [-73.52088514331754, 45.558846658910575], [-73.52096433654066, 45.55894378150546], [-73.52129922296419, 45.55901278003035], [-73.52148556197287, 45.55909073196301], [-73.52047746406593, 45.56031260112913], [-73.52063539172424, 45.56037564747193], [-73.523606317861, 45.5567794515291], [-73.5237570786569, 45.556844669076355], [-73.52375986373998, 45.55684575729687], [-73.52376277555476, 45.55684666732374], [-73.52376579104245, 45.55684739196305], [-73.5237688858641, 45.55684792582076], [-73.52377203568113, 45.55684826440305], [-73.52377521743703, 45.55684840591474], [-73.52377840295131, 45.5568483476623], [-73.52378156916893, 45.55684809145021], [-73.52378468919183, 45.55684763818389], [-73.5237877412474, 45.55684699326677], [-73.52379069843838, 45.55684615940429], [-73.52379354027406, 45.55684514469891], [-73.52379624114039, 45.55684395725452], [-73.52379878182762, 45.55684260517389], [-73.523801141847, 45.55684110105872], [-73.52380330198966, 45.55683945481132], [-73.52380524689109, 45.55683768083211], [-73.52380695990601, 45.55683579352225], [-73.52409733172746, 45.55648179621859], [-73.52504885684563, 45.55687495060771], [-73.52495319891607, 45.556988953579136], [-73.5253196158496, 45.557136457505486], [-73.5251173901987, 45.55737530921323], [-73.52511604733137, 45.557377069584625], [-73.52511493121517, 45.55737890639208], [-73.52511405209128, 45.55738080613584], [-73.52511341507605, 45.55738275261776], [-73.52511302784836, 45.55738473143879], [-73.52511289040109, 45.55738672640193], [-73.52511300657005, 45.55738872220916], [-73.52511337378633, 45.55739070266401], [-73.5251139907622, 45.55739265246959], [-73.5251148498056, 45.55739455633039], [-73.52511594706705, 45.55739639895005], [-73.52511727101212, 45.55739816593377], [-73.52511881394955, 45.55739984378572], [-73.525120563064, 45.55740141811135], [-73.5251225042609, 45.55740287811574], [-73.52512462088313, 45.55740421120484], [-73.52512689883645, 45.557405407483614], [-73.52512931762223, 45.557406457058335], [-73.52526304666503, 45.55745882942023], [-73.5252654757048, 45.55745988348895], [-73.5252677613511, 45.55746108516219], [-73.5252698856675, 45.557462425445586], [-73.52527183199717, 45.557463892644954], [-73.52527358368368, 45.557465475965984], [-73.52527512791254, 45.557467162813865], [-73.5252764531496, 45.55746893969363], [-73.52527754657996, 45.55747079311057], [-73.52527840179143, 45.5574727059693], [-73.52527900981211, 45.55747466567412], [-73.52527936807297, 45.55747665602856], [-73.52527947272365, 45.55747865993664], [-73.52527932119587, 45.55748066300158], [-73.52527891732497, 45.55748264902551], [-73.52527826366511, 45.557484600910996], [-73.52527736533334, 45.55748650425956], [-73.52527622872763, 45.55748834467243], [-73.52527486280694, 45.5574901059506], [-73.524887217175, 45.55794112056254], [-73.52456370035642, 45.558324043089556], [-73.52411334206347, 45.55886440041712], [-73.52376465833035, 45.55928946876036], [-73.52122235582934, 45.56235379215016], [-73.52057864547348, 45.56312339091241], [-73.51888842374191, 45.56515070150479], [-73.51806746976337, 45.56613689842575], [-73.51805715810026, 45.56613229920982], [-73.5180307675914, 45.56616397390202], [-73.5159172879595, 45.56728008079659], [-73.51581481153627, 45.56732508667227], [-73.51549458248219, 45.56750509712401], [-73.51560991303064, 45.56761306136111], [-73.51575081367129, 45.56753205706731], [-73.51578924975733, 45.567541050089545], [-73.51594301713418, 45.567658006998684], [-73.51593023135243, 45.567747992061975], [-73.51554601337425, 45.56817996471712], [-73.5155460307498, 45.56824295300484], [-73.51559729106702, 45.5682968450969], [-73.5175064216494, 45.56906151711032], [-73.51411182426374, 45.57089764505438], [-73.5140862116033, 45.570942639829816], [-73.51382998116057, 45.57097866442865], [-73.51399655691205, 45.5710596290454], [-73.50918001513725, 45.575766147553196], [-73.50591318421796, 45.58052656099387], [-73.50583631427226, 45.580670537867796], [-73.50597727403243, 45.58070652380897], [-73.50464487039545, 45.58399996530306], [-73.50541378805211, 45.58422488900146], [-73.50559320409808, 45.58428786847036], [-73.50568292634394, 45.584458831772366], [-73.50563168148597, 45.58461180543262], [-73.50543950230777, 45.58509763210645], [-73.5052216692211, 45.585367682160516], [-73.50502943652698, 45.58532269928525], [-73.50497817479217, 45.58531370323049], [-73.5039274951214, 45.587743284690966], [-73.50411973388138, 45.58777027280878], [-73.50555552598925, 45.592062397679655], [-73.50573495800077, 45.59203539394453], [-73.50568367278561, 45.59185543071549], [-73.5058118381434, 45.591837427687544], [-73.50609382053369, 45.591972387338906], [-73.50687562568828, 45.59183736861505], [-73.50682436972414, 45.59192735458555], [-73.50688845671586, 45.591954345607995], [-73.50697819065084, 45.59208931450413], [-73.5070551296318, 45.59239525160904], [-73.50710641176103, 45.59251213530213], [-73.50722177399808, 45.59259320354808], [-73.50727304620482, 45.59262919344952], [-73.50729868699825, 45.592683181545176], [-73.50733720456225, 45.593196081495535], [-73.50750386666877, 45.593501921558065], [-73.5074910831049, 45.59375396531414], [-73.50751672822351, 45.59383494820969], [-73.50768338338573, 45.594068892569744], [-73.50773466959245, 45.59419486511487], [-73.5077731536407, 45.5944287270525], [-73.50788857371518, 45.59488772257426], [-73.50791425407294, 45.59521165904703], [-73.50800400077591, 45.59538262019599], [-73.50809374026262, 45.59549959156631], [-73.50814502999289, 45.59563456217906], [-73.50823477543864, 45.5957875265671], [-73.5083501500021, 45.59589549759358], [-73.5083886203546, 45.596012472457566], [-73.5086578481105, 45.59638138196887], [-73.5086707282239, 45.59678630369396], [-73.5087348732869, 45.59714623007382], [-73.50885026856872, 45.597362179941165], [-73.50888874948721, 45.597533144290665], [-73.50900416054425, 45.59783907679022], [-73.50905549077397, 45.59819900393276], [-73.50914525447648, 45.598423953770414], [-73.50914533195046, 45.59890086255001], [-73.50917101551, 45.599188805398995], [-73.50923513846406, 45.59937776407125], [-73.50919672579322, 45.59963871722156], [-73.50928651609225, 45.600007548438015], [-73.5092865665778, 45.60031358072118], [-73.50946608816187, 45.60067349703002], [-73.50947892355813, 45.600772476998614], [-73.50946612145147, 45.60087145909129], [-73.50938922531671, 45.60097044646668], [-73.5093508107798, 45.60122240132095], [-73.50937659837682, 45.602122226628815], [-73.50935097221765, 45.60219421491694], [-73.50931267428513, 45.60315703321656], [-73.50932550103377, 45.60320202352936], [-73.50929991743307, 45.6035349616616], [-73.50923584120079, 45.60366094265622], [-73.50918463844792, 45.60411985859037], [-73.50914619452827, 45.60420984437741], [-73.5091334071174, 45.604407807341396], [-73.50904371197568, 45.6046686734155], [-73.50904373656964, 45.60482173487507], [-73.50894120776897, 45.60500170832752], [-73.50891561965322, 45.60532564800026], [-73.50885157024118, 45.60564059236736], [-73.5088003090908, 45.605757573809726], [-73.50874907010811, 45.60601852750421], [-73.50868498981617, 45.606144508135124], [-73.50865936786415, 45.606261487551734], [-73.50849277709197, 45.60672041165394], [-73.50844151213582, 45.60681038635823], [-73.5084031138704, 45.607233319037334], [-73.50810831096742, 45.607665257065285], [-73.50804422865278, 45.60780023556497], [-73.5079673218261, 45.60790822012749], [-73.50790324774236, 45.60810618639052], [-73.50785197358739, 45.608160179510044], [-73.50772380752929, 45.60843913442292], [-73.50771100059384, 45.60853811618589], [-73.50765973443417, 45.60865509705719], [-73.50754437122474, 45.60881707346861], [-73.50745465932063, 45.60906003245135], [-73.50744185653035, 45.60919500722234], [-73.5073136989471, 45.60957294250349], [-73.50726243914796, 45.60975291100516], [-73.50717271421283, 45.60991488537727], [-73.5071214661776, 45.610193834672934], [-73.50708419353512, 45.610237355443026], [-73.5071297593009, 45.610296807950135], [-73.50726221018003, 45.61046962559599], [-73.50729647060605, 45.610600137778064], [-73.50697183166801, 45.610642125936124], [-73.50692893678743, 45.6106448748148], [-73.50687974477077, 45.61065207189668], [-73.50863032712967, 45.610954139819725], [-73.50873446968872, 45.61096785335075], [-73.50874593203338, 45.610969812294734], [-73.50888077619102, 45.61099284733426], [-73.50929001095571, 45.61106276185819], [-73.50940361310299, 45.61108306883358], [-73.50959495308499, 45.611115759796306], [-73.50969147707029, 45.61113224995694], [-73.50988130829454, 45.61116467601894], [-73.50993827168026, 45.611174408093945], [-73.51028000240349, 45.611232787354005], [-73.51058376791525, 45.61128467957052], [-73.51096347623354, 45.61134954280456], [-73.5110204412754, 45.61135927343965], [-73.51121027274988, 45.611391702691], [-73.51130518985072, 45.6114079144987], [-73.51140010572504, 45.611424130726725], [-73.51149634356288, 45.61144056720018], [-73.5115533010963, 45.611450297570165], [-73.51164821839475, 45.61146650909267], [-73.51194197655644, 45.611516689946114], [-73.51195201207284, 45.6115184030649], [-73.51213271173889, 45.6115492714395], [-73.51214283445476, 45.611551001629046], [-73.51228527568234, 45.611575331188504], [-73.5122924635218, 45.61157655687796], [-73.51243788336043, 45.61160139612775], [-73.51244207862217, 45.611602115531596], [-73.5126285691366, 45.61163407667884], [-73.51263277081502, 45.61163480147392], [-73.51281361359682, 45.61166590180995], [-73.51298819187227, 45.61169592638024], [-73.5130451255758, 45.611705717196884], [-73.51321367402159, 45.61173470551142], [-73.51336927520727, 45.61176146262517], [-73.51352723831508, 45.611788626868304], [-73.51364868764796, 45.6118095135771], [-73.51377172825707, 45.61183067171229], [-73.51392723765706, 45.61185741547913], [-73.51398425246464, 45.61186721931496], [-73.51429143167186, 45.61192004606614], [-73.51459297068442, 45.611970249719306], [-73.51459688391431, 45.61197089889358], [-73.51486095266644, 45.612014296739055], [-73.51497744605167, 45.61203439983057], [-73.51503443045748, 45.61204423014074], [-73.51514712355026, 45.61206367938587], [-73.51546586779887, 45.61211867632223], [-73.51584532470635, 45.612184146934084], [-73.51596971841819, 45.61220561025331], [-73.51602686729277, 45.612215470639235], [-73.51640936026537, 45.61228073738957], [-73.51663885993611, 45.61231859495625], [-73.51701858856971, 45.61238328417984], [-73.51707581213913, 45.61239303425087], [-73.51809336117178, 45.61257008390103], [-73.51815050953284, 45.61258002600803], [-73.51852963435266, 45.61264599345331], [-73.51876041925392, 45.61268050819383], [-73.51913476794144, 45.61274576625128], [-73.51919202941771, 45.61275548466116], [-73.51932025810962, 45.61277723342947], [-73.51941521062044, 45.6127933422078], [-73.51951016831424, 45.61280945090618], [-73.52020129404332, 45.61292669504432], [-73.52025826866654, 45.61293635988056], [-73.52064050825813, 45.61300067668254], [-73.52086945142003, 45.613040080744845], [-73.52124749924671, 45.613106421787855], [-73.52130481147843, 45.61311619131867], [-73.52230872450252, 45.61328754693926], [-73.5223660255687, 45.613297329436925], [-73.52274955427991, 45.61336365903422], [-73.52297860026172, 45.613402713313725], [-73.52335624572368, 45.61346702554717], [-73.52341355227759, 45.613476794020606], [-73.52443393720819, 45.61365076406649], [-73.52449130183922, 45.613660544584114], [-73.5248695637489, 45.613725107230415], [-73.52525212740291, 45.61379072226823], [-73.5371865923863, 45.615836782217904], [-73.5375192718964, 45.61489446676632], [-73.53755412833071, 45.61479573375299], [-73.53783986774206, 45.61398633701614], [-73.53786809942544, 45.613906362701684], [-73.53868583449656, 45.61404960824375], [-73.5408379996677, 45.61442564789851], [-73.54115774188843, 45.61448150861921], [-73.54150683863281, 45.614542502780715], [-73.54153572293386, 45.61454758016255], [-73.54193645324561, 45.614618040178115], [-73.54214786723789, 45.61465521198229], [-73.54272535620784, 45.614756741879134], [-73.54276639439732, 45.614763958518715], [-73.54283019333377, 45.614775173647246], [-73.54298838525575, 45.61480298772619], [-73.54314657733063, 45.61483079719222], [-73.54330476956513, 45.614858610832684], [-73.54346295569174, 45.61488641986251], [-73.54352675490563, 45.61489763460171], [-73.5437672185034, 45.614939910970826], [-73.54382920197651, 45.61495080549803], [-73.54409687872824, 45.61505350577406], [-73.5442238491801, 45.61496116748035], [-73.54442854522337, 45.61481221265842], [-73.54466771682708, 45.61463829229041], [-73.54487892418412, 45.614484689988544], [-73.5448959433595, 45.614472310702155], [-73.54539610984354, 45.61410854930076], [-73.54543151861871, 45.61405253778573], [-73.54565771294135, 45.61369473182428], [-73.54572465842409, 45.61351101410111], [-73.54575523611148, 45.61331983286183], [-73.54595880965068, 45.61303522962851], [-73.5463001430501, 45.61272764404669], [-73.54631786506906, 45.61270310694706], [-73.54615653838728, 45.61265695951397], [-73.54553715232854, 45.61247976930957], [-73.54529663075544, 45.612408502774564], [-73.54529593567591, 45.61240829215351], [-73.54504964121557, 45.612335313850906], [-73.54494623179446, 45.61230466911867], [-73.54493350757292, 45.61230089995267], [-73.54481737407228, 45.61226648593601], [-73.54470124071361, 45.612232071801124], [-73.54458748701894, 45.61219836400179], [-73.54471458817773, 45.611925106478395], [-73.5447944343507, 45.611753444846975], [-73.5449326953286, 45.611456201972054], [-73.54497454268035, 45.61136622488504], [-73.54508269146744, 45.61113369061639], [-73.54516284161423, 45.61096136074403], [-73.5451868771775, 45.610909668364656], [-73.54533584209312, 45.61074054048034], [-73.5452616516083, 45.610709300066176], [-73.5450350977829, 45.61061389732387], [-73.54496244190807, 45.610583301980995], [-73.54482842139956, 45.610526869477134], [-73.54473608370209, 45.610488575193585], [-73.54465889461774, 45.61045656227288], [-73.5444927160685, 45.610384469677264], [-73.54431345465558, 45.61031309369119], [-73.54413438179847, 45.61025805745328], [-73.54405685801161, 45.61023747661444], [-73.54394785768902, 45.61020852908445], [-73.54376002144592, 45.61016180408245], [-73.54364796221803, 45.610135476072095], [-73.54356920712867, 45.610116973583935], [-73.54327922119224, 45.610042202286735], [-73.54299885407501, 45.60997059008345], [-73.54296613092745, 45.609960830846155], [-73.542693175453, 45.609879382043154], [-73.54264021742046, 45.60986681392227], [-73.54230667251026, 45.609787640752366], [-73.54229708023571, 45.60978536398313], [-73.5420693090035, 45.609732947976845], [-73.54206163273496, 45.609731180149325], [-73.54169848196142, 45.6096476048413], [-73.54169735072496, 45.60965010086582], [-73.54132804174472, 45.6095674800555], [-73.54132507395465, 45.60956681768304], [-73.54108172988909, 45.60950661533877], [-73.54136906543154, 45.60887058757637], [-73.54143535737175, 45.60863822998095], [-73.54150163004356, 45.60840595143093], [-73.54157196064503, 45.608159444608894], [-73.54154832797012, 45.608149259860404], [-73.5414918387391, 45.60812486908501], [-73.54131657277124, 45.60804918989425], [-73.54127947698618, 45.60803317075265], [-73.54114130101146, 45.607973506041915], [-73.54104713412192, 45.607932845616396], [-73.5409626169806, 45.60789635125926], [-73.54093062485627, 45.607882535803135], [-73.54082606983572, 45.607837476445006], [-73.54097312496714, 45.60766081088529], [-73.5410783230615, 45.60755803559343], [-73.54122027253716, 45.607386745018424], [-73.54136224616587, 45.60721542349732], [-73.5414418632678, 45.60710189698867], [-73.54158359161357, 45.606930904799185], [-73.54151995270483, 45.60690359922821], [-73.54143682050118, 45.606867478175076], [-73.54133753323879, 45.60682481631798], [-73.54117102547124, 45.606752846380815], [-73.54106346022004, 45.60670618901455], [-73.54097219458663, 45.60666660832181], [-73.54088091029577, 45.60662701877521], [-73.54078976389668, 45.60658749501134], [-73.54069848611904, 45.60654790092244], [-73.54060720847295, 45.606508311153945], [-73.54051605619529, 45.60646878277922], [-73.54042477880577, 45.606429192864326], [-73.54033363303779, 45.60638965555394], [-73.54021079058897, 45.606336372704], [-73.5400879358594, 45.606283098513124], [-73.53999663401427, 45.60624348190132], [-73.53990535109872, 45.60620389596546], [-73.53981421232629, 45.606164367024085], [-73.53972283573697, 45.606124732643906], [-73.53963169722087, 45.6060852035562], [-73.53954040855577, 45.60604561293586], [-73.53944926403612, 45.60600608370425], [-73.53934788813339, 45.60596211151455], [-73.53912833061725, 45.605866848348136], [-73.5390127288463, 45.60581668563507], [-73.5389212531816, 45.60577698034627], [-73.53882977139229, 45.60573728377339], [-73.53873828346624, 45.6056975783416], [-73.53864680194103, 45.605657890408814], [-73.53855530176271, 45.6056181980152], [-73.53846382048945, 45.60557850114798], [-73.53837233934526, 45.60553880420711], [-73.53828086458975, 45.60549910719064], [-73.53813492102017, 45.60543578147968], [-73.53801799357532, 45.60538503383862], [-73.5379278091862, 45.605345894107074], [-73.53783761868053, 45.605306780668045], [-73.53774744706148, 45.60526764078943], [-73.53765724426955, 45.60522850084948], [-73.53754614052414, 45.60517980265508], [-73.53777080264766, 45.604783809153844], [-73.53763090086406, 45.60473748435908], [-73.5373056166393, 45.60463661095354], [-73.53715752207589, 45.60459068368473], [-73.53713388207137, 45.60451846795479], [-73.53711024838134, 45.60444624342954], [-73.53708342908706, 45.60437470095416], [-73.53705660360437, 45.6043031628672], [-73.53705089738878, 45.604287931806695], [-73.53703149932625, 45.60423126393282], [-73.53702032962066, 45.60419863124872], [-73.5370301968257, 45.604201936496786], [-73.53700833194283, 45.60413481244343], [-73.5369771155829, 45.60403940485696], [-73.5369533254905, 45.603966697038324], [-73.53692954173064, 45.60389400678653], [-73.5369057392538, 45.60382131653483], [-73.53688193682986, 45.603748613096286], [-73.53683093895101, 45.60359275031994], [-73.53671722183535, 45.60324527262636], [-73.53662992727473, 45.60302322611045], [-73.53656489012752, 45.60279865920798], [-73.53651948247327, 45.60263141043203], [-73.53674645278389, 45.602697844902906], [-73.53665336900731, 45.60237958726538], [-73.53658630564854, 45.602137534120665], [-73.53930180925032, 45.6032624268109], [-73.53949334556654, 45.60303607267123], [-73.5395999440231, 45.60308161149057], [-73.53969674996866, 45.603122962035535], [-73.53979355605951, 45.60316431689168], [-73.53989035603004, 45.60320566727406], [-73.53998716240534, 45.60324702196546], [-73.54010061156708, 45.603295484113744], [-73.54021406092417, 45.60334394614878], [-73.54031086777498, 45.60338530056472], [-73.54040767476486, 45.60342665050469], [-73.5405044819001, 45.603468004755825], [-73.54060128291492, 45.603509354533244], [-73.54071813307506, 45.603559269167604], [-73.54083497717974, 45.6036091792905], [-73.54093178494271, 45.6036505331781], [-73.54102859284468, 45.603691882589565], [-73.54112539463257, 45.60373323631465], [-73.54122220282215, 45.603774589955115], [-73.54134572879838, 45.60382735303895], [-73.54147309329043, 45.60388175783422], [-73.54156935097915, 45.60392287412016], [-73.54166560880846, 45.60396399032464], [-73.54176187303787, 45.6040051064454], [-73.54185813114837, 45.604046222486886], [-73.54195438940275, 45.604087342840785], [-73.54205064779444, 45.60412845871946], [-73.54218296451849, 45.60418229850557], [-73.54294888712997, 45.60319739664284], [-73.54278967943601, 45.60312434542726], [-73.54200568691617, 45.602779841753204], [-73.53979794371695, 45.60180953925186], [-73.54012529454873, 45.60133143754846], [-73.54070121508161, 45.60067850735672], [-73.54108648701435, 45.60079374113412], [-73.542443714282, 45.60120561903], [-73.54268254245672, 45.60127426272103], [-73.54447280741307, 45.601819519797665], [-73.54447071265847, 45.60182769463382], [-73.54472684614677, 45.60190604218766], [-73.54479708316035, 45.60179795189929], [-73.54524769163045, 45.601101631672094], [-73.54504218170425, 45.60101327231733], [-73.54500916471922, 45.60099787226891], [-73.54487898647194, 45.600943171526], [-73.5448180151521, 45.600832237234954], [-73.54481119128516, 45.600759739644964], [-73.54480943642717, 45.60074113086225], [-73.54448337682436, 45.600652024656476], [-73.54449606251794, 45.60061042246168], [-73.5445423288859, 45.6004586354126], [-73.54460127427679, 45.60026523734697], [-73.54465503148165, 45.60008887341106], [-73.54473429729659, 45.59982999035416], [-73.54476701711802, 45.59973240027112], [-73.54482808551974, 45.59955029521254], [-73.54453998505106, 45.59941072369896], [-73.54429817751826, 45.598483729207615], [-73.5442278470577, 45.59820593238046], [-73.544201202678, 45.5981974936244], [-73.54399566645804, 45.59813189606699], [-73.54385446270867, 45.59808683154326], [-73.54394675322062, 45.59793917902947], [-73.54404073463276, 45.59778544491625], [-73.54414253527706, 45.597618928648004], [-73.54423174004349, 45.59747300600192], [-73.54432043178392, 45.59732791608593], [-73.54441014193442, 45.597181164886], [-73.5444538600296, 45.59711068624213], [-73.54450082841309, 45.59703496024606], [-73.5445910702918, 45.59688905886879], [-73.54468130544431, 45.59674315741911], [-73.54477154638631, 45.59659725369532], [-73.54490701630486, 45.59637821668636], [-73.5449083248181, 45.59637878295833], [-73.54517595856431, 45.59594273742697], [-73.54524826702851, 45.59582920653649], [-73.54547850453832, 45.5954677096753], [-73.54550658891912, 45.595423963667265], [-73.54557820295464, 45.595312412193], [-73.54581267325243, 45.594889390238855], [-73.5462852729463, 45.59505861178243], [-73.54663102733159, 45.5951824128779], [-73.54731281006717, 45.59542431293583], [-73.54734892713986, 45.59538581141417], [-73.54735117202672, 45.595383510385126], [-73.5474140099773, 45.59531904421652], [-73.54750666270057, 45.59522398331382], [-73.54759930260327, 45.59512893332391], [-73.54766548538484, 45.59506102975176], [-73.54773166800864, 45.59499312833738], [-73.54782431340286, 45.59489806937149], [-73.54791696474241, 45.59480301691591], [-73.54798314676299, 45.59473511535082], [-73.54804932862359, 45.59466721375214], [-73.54814196669663, 45.59457216112048], [-73.54814736927032, 45.5945666161967], [-73.54803730080849, 45.5945289866042], [-73.5479319402272, 45.59449296522112], [-73.54782657352222, 45.5944569437432], [-73.54772121321227, 45.594420924362026], [-73.54761584677118, 45.59438490269242], [-73.5475104867345, 45.59434888091626], [-73.54740512682696, 45.594312859045885], [-73.54726463464362, 45.59426483047116], [-73.54712415523046, 45.594216810508776], [-73.54701878955682, 45.59418079047589], [-73.54691343027531, 45.59414476815199], [-73.54680806487295, 45.59410874573193], [-73.54670270586377, 45.594072723211866], [-73.5465973407249, 45.59403670060068], [-73.54645703147365, 45.59398873466505], [-73.54660264710165, 45.593771132544724], [-73.54671271515133, 45.59360754328532], [-73.54677149560135, 45.593519463004974], [-73.54681789976833, 45.59344992255484], [-73.54686430383269, 45.59338039308005], [-73.54691070777788, 45.59331086138508], [-73.54695711160119, 45.59324132088317], [-73.54700351531908, 45.59317179134573], [-73.54704991891326, 45.59310225080442], [-73.54709630988363, 45.593032719035996], [-73.54714271325054, 45.592963180652234], [-73.5471891165084, 45.59289364883934], [-73.54723551964877, 45.5928241082224], [-73.54731464349408, 45.59270555114931], [-73.54733453294926, 45.5926766126206], [-73.5475267442328, 45.592396588496094], [-73.54755217764965, 45.592359530264844], [-73.5476279340738, 45.5922493245901], [-73.54767510669541, 45.59218073689663], [-73.5477456935655, 45.59207812779102], [-73.54785765794094, 45.59191508140645], [-73.54791837983399, 45.59182549265382], [-73.54798413301305, 45.591728463227874], [-73.54811068341172, 45.59154309926898], [-73.5482459201433, 45.59134417913642], [-73.5483893495107, 45.59113273992276], [-73.54840703747945, 45.59110666462817], [-73.54845185107874, 45.59104060616445], [-73.54855778450221, 45.59088442238696], [-73.54866029232257, 45.59073331687423], [-73.5487409056472, 45.59061446814719], [-73.54883137493484, 45.5904810852014], [-73.5489480124975, 45.59030914945017], [-73.5492177979566, 45.59039892638539], [-73.54938271316672, 45.5904538071913], [-73.54954454259583, 45.59050765437435], [-73.54966911366297, 45.5905491097344], [-73.5497937036895, 45.590590564950034], [-73.54991827511049, 45.59063202003761], [-73.55004285300267, 45.59067348377755], [-73.5501674247903, 45.5907149385928], [-73.55029201555021, 45.59075639326344], [-73.5504165877075, 45.59079783682822], [-73.55054116632026, 45.59083930001423], [-73.5506657388461, 45.59088074550214], [-73.55079031156316, 45.59092219963615], [-73.55094901996416, 45.59097501149929], [-73.55114315382335, 45.591039613153384], [-73.5513727321142, 45.59111599561758], [-73.55158161549234, 45.591185504235916], [-73.55177533136168, 45.59124996001261], [-73.55194281824976, 45.591305774002876], [-73.5520684383241, 45.59134763048505], [-73.55217106543422, 45.59138182153782], [-73.55223690861202, 45.591403764330046], [-73.55230275808945, 45.59142570048559], [-73.55240537298316, 45.59145990012433], [-73.55250800048945, 45.59149409088258], [-73.55257385019905, 45.591516035663815], [-73.55263969368235, 45.5915379694319], [-73.55270554349454, 45.591559914145925], [-73.55277138708863, 45.59158185662921], [-73.55287402130655, 45.59161604704582], [-73.5529766368747, 45.591650239583224], [-73.55304248067993, 45.59167218190981], [-73.55310834330459, 45.59169411538929], [-73.55317419348182, 45.59171605983241], [-73.55324003744091, 45.591738002044806], [-73.55334265345333, 45.591772194243525], [-73.55344526958822, 45.591806384163206], [-73.55351113253494, 45.59182832621014], [-73.55357698301756, 45.59185026162909], [-73.55364282729036, 45.59187220359968], [-73.55370867788184, 45.59189414553827], [-73.55381130697221, 45.591928337318], [-73.55392951152861, 45.591967730376474], [-73.55404773500346, 45.59200711231649], [-73.55416949566818, 45.59204767436402], [-73.55429513782325, 45.59208953717313], [-73.55673908205004, 45.5929048892657], [-73.55744727581143, 45.593138339243744], [-73.55779820070025, 45.59325692161873], [-73.55872996435058, 45.59356876781426], [-73.5592796917066, 45.59375274225994], [-73.55957060206453, 45.59384953780936], [-73.55984242480227, 45.59393997175775], [-73.560124785081, 45.594033927650585], [-73.56039659395046, 45.59412436248036], [-73.56040713376966, 45.59412787405876], [-73.56067281417621, 45.59421610583749], [-73.56098932359087, 45.59432191979647], [-73.56136930196209, 45.59444858202929], [-73.56178922258167, 45.59458859360679], [-73.56311413491748, 45.59503035163415], [-73.56426193607317, 45.595412769322756], [-73.56448850799877, 45.59549705329077], [-73.56455988489483, 45.59552797752915], [-73.5689503035778, 45.596988208560326], [-73.5694072322689, 45.59714330379708], [-73.56970217268943, 45.59660478487453], [-73.56970488595603, 45.59659982933066], [-73.56947492112822, 45.59604055127018], [-73.56912385701986, 45.59551649557804], [-73.56898447229241, 45.59529168423715], [-73.56867586707106, 45.594884260616894], [-73.56887070232364, 45.5942214187633], [-73.56897952727144, 45.59385001182083], [-73.56902115624312, 45.59353534357682], [-73.56891254816095, 45.59319306929692], [-73.56882000583555, 45.59301726254524], [-73.56862695328556, 45.59264139420155], [-73.56849531745812, 45.5920778203762], [-73.56845347946837, 45.59181092018726], [-73.56826163692628, 45.59148151759371], [-73.56802550571905, 45.59101677974724], [-73.56798580648052, 45.59093864171161], [-73.56795754484084, 45.590883015603936], [-73.56772177064019, 45.59050314426013], [-73.56772122078877, 45.590502258344316], [-73.5676803767723, 45.59043645095484], [-73.56743055879633, 45.590155193100756], [-73.56741778264515, 45.59014080896113], [-73.56727990252952, 45.589876472786585], [-73.56727744663844, 45.58987176445439], [-73.56721248482586, 45.58974721772596], [-73.56718707617541, 45.58969850061567], [-73.56714681756083, 45.589621314609836], [-73.5671061760026, 45.58954339419304], [-73.56709499202246, 45.58952507195805], [-73.56707871241213, 45.5894984017578], [-73.56703728887045, 45.589430540354634], [-73.56697958548912, 45.58933600850468], [-73.56692188210903, 45.589241476282076], [-73.56687181169, 45.58915944844945], [-73.5668641035773, 45.58914696594752], [-73.56680583084987, 45.589052598944136], [-73.56674755946071, 45.588958233753345], [-73.56668928808719, 45.5888638682343], [-73.56663101543248, 45.58876950031817], [-73.56662322543924, 45.58875688501399], [-73.56657274504003, 45.5886751352938], [-73.56651447381606, 45.58858076882598], [-73.56644062027821, 45.58846116783411], [-73.56641648285967, 45.58842207886889], [-73.5663373563012, 45.58835224554938], [-73.56626844598495, 45.58829142860537], [-73.56620849287123, 45.58825533342954], [-73.56607082219722, 45.588172447869034], [-73.56595927730541, 45.58810529151298], [-73.56591683720407, 45.58807974016206], [-73.56584228698658, 45.58804299660879], [-73.5657224071634, 45.58798391147196], [-73.56560252786129, 45.58792482658625], [-73.56548264925972, 45.58786574204176], [-73.56536277076887, 45.587806657559724], [-73.56524289163215, 45.58774757274473], [-73.56512301347814, 45.587688488432626], [-73.56500313553738, 45.587629404218966], [-73.56488325911785, 45.58757032075086], [-73.56476337997513, 45.58751123594305], [-73.56472821031575, 45.587493901877686], [-73.56464326102008, 45.58745247501132], [-73.5645194947012, 45.587392118410065], [-73.56439919568805, 45.58733345269513], [-73.5642788969001, 45.58727478708674], [-73.5642154754646, 45.58724385862443], [-73.56420828215904, 45.587218411964976], [-73.56419730904341, 45.587179593997696], [-73.56418638064712, 45.587140936254734], [-73.5641772115813, 45.586962795689715], [-73.56417224572311, 45.586866306236104], [-73.56416731824868, 45.586770537325854], [-73.5641672478783, 45.586769188499375], [-73.56417106050527, 45.58667461415819], [-73.56417493389554, 45.58657846024591], [-73.56417881040154, 45.586482306330225], [-73.56417960002317, 45.586466857636054], [-73.56418533071319, 45.586386153124195], [-73.56418768024345, 45.58635304966476], [-73.56419215450357, 45.58629000853287], [-73.56419873388904, 45.586193567502264], [-73.56420029709305, 45.586170574388554], [-73.56420528196456, 45.58609712648716], [-73.56421183001532, 45.58600068327313], [-73.5642183749151, 45.58590424005904], [-73.56422430133627, 45.58581693608839], [-73.5642249413882, 45.585807528814925], [-73.56423150471024, 45.58571081757066], [-73.56423812653125, 45.58561329565363], [-73.56424476055123, 45.58551551669602], [-73.56425225621035, 45.58540513172316], [-73.56411017407976, 45.58520952707706], [-73.56395442185139, 45.584987552314196], [-73.56409084847881, 45.58494323128204], [-73.56421494613834, 45.58490291528604], [-73.56433904361755, 45.58486259695819], [-73.56446314092153, 45.584822280692094], [-73.5645872380477, 45.584781964291096], [-73.5647113349961, 45.584741647755095], [-73.56483543489288, 45.58470132888549], [-73.56495953148574, 45.584661012079515], [-73.5650836279008, 45.584620695138526], [-73.56520772413556, 45.58458037586571], [-73.56543696033894, 45.58450589895739], [-73.56573144151093, 45.58441022399673], [-73.56591139670256, 45.58434908959314], [-73.56603276561034, 45.58430785710566], [-73.56613007202235, 45.58427479972239], [-73.56616128986255, 45.58426419502155], [-73.56600552723104, 45.58414746757031], [-73.56599107654732, 45.58413460237147], [-73.56588330109844, 45.584038659987996], [-73.56584142591784, 45.584002708496286], [-73.56575867787953, 45.58393165946434], [-73.5656246961428, 45.5838316501661], [-73.56557916527952, 45.58378881574518], [-73.56553084068317, 45.58374334888383], [-73.56550606086427, 45.583715539974676], [-73.56546648835834, 45.58367110278352], [-73.56539698630179, 45.58362025692572], [-73.56534225367163, 45.58356322063858], [-73.56523297672281, 45.583449374152416], [-73.56519520304629, 45.58338556180575], [-73.56514525863406, 45.58332669710574], [-73.56484389532257, 45.583049422700626], [-73.5647801628197, 45.58300051740053], [-73.56489499733512, 45.58295943810477], [-73.56490219536889, 45.582955987155515], [-73.56491982903434, 45.582932375261244], [-73.56506965530126, 45.582841487552855], [-73.56511442408745, 45.58282690241001], [-73.56514556469119, 45.58283931224538], [-73.5651689578133, 45.582853453217695], [-73.5652895557165, 45.58284303608757], [-73.5654919907188, 45.58281084947414], [-73.56560354217567, 45.582823258092894], [-73.56578079303291, 45.582842969570144], [-73.56590117583383, 45.58283332630828], [-73.56600008097286, 45.582802395755586], [-73.56602216816376, 45.5827325022412], [-73.5660185614171, 45.58258344794032], [-73.56602761212793, 45.582511186060096], [-73.56607125660918, 45.58248805324121], [-73.56613867311933, 45.582519283119005], [-73.56622838083017, 45.582492056091205], [-73.56628951798758, 45.58249103094952], [-73.5663097835556, 45.58243946786523], [-73.56639111400209, 45.58237346344898], [-73.56648336153508, 45.58245473615443], [-73.56652856499531, 45.58248293718626], [-73.56662524867102, 45.58247911104236], [-73.56663616435853, 45.58247851522562], [-73.56664721493217, 45.582477995356506], [-73.56665853527839, 45.5824776273838], [-73.56667026028364, 45.58247748725628], [-73.56668134764665, 45.58247762060325], [-73.56669532614072, 45.582478111884875], [-73.56670824641603, 45.582478615131244], [-73.56672078924157, 45.582478858561416], [-73.56673245828517, 45.58247854012774], [-73.56674275721437, 45.58247735778245], [-73.56675158111193, 45.5824748441014], [-73.56675737362825, 45.58247125935287], [-73.56676146406106, 45.58246618278028], [-73.56676377379877, 45.58245994653741], [-73.56676461566624, 45.582452717413325], [-73.56676430248841, 45.58244466219661], [-73.56676314709004, 45.582435947676274], [-73.56676146229594, 45.58242674064125], [-73.56675956093055, 45.58241720788015], [-73.56675775581822, 45.58240751618219], [-73.56675635978294, 45.58239783233595], [-73.5667556856486, 45.58238832313058], [-73.56675638548849, 45.58237660680068], [-73.56675772620754, 45.58237048287852], [-73.56676073181073, 45.58236233189223], [-73.56676491054426, 45.582354655775696], [-73.56677010805485, 45.58234740706044], [-73.56677616998934, 45.58234053827809], [-73.56678294199465, 45.58233400196037], [-73.56679026971776, 45.58232775063883], [-73.56679799880574, 45.58232173684514], [-73.56680493284902, 45.582316658708784], [-73.56681408503042, 45.58231024044743], [-73.56682232791505, 45.58230470276719], [-73.56683072147116, 45.58229928791362], [-73.56683928354785, 45.58229398371744], [-73.56684803199411, 45.582288778009406], [-73.56685761232652, 45.582283307167046], [-73.56686608247097, 45.58227858128604], [-73.56687488745204, 45.58227334364962], [-73.56688463069379, 45.582266194571865], [-73.56688945120183, 45.58226140910298], [-73.56689463598161, 45.58225448208691], [-73.56689855315825, 45.58224702256192], [-73.56690135822551, 45.58223914030992], [-73.56690320667701, 45.58223094511254], [-73.56690425400647, 45.582222546751396], [-73.56690465570746, 45.58221405500817], [-73.56690456727351, 45.58220557966436], [-73.56690415522854, 45.58219740009466], [-73.56690352512234, 45.58218908414648], [-73.56690278531146, 45.58218109253579], [-73.56690198513299, 45.582173178297204], [-73.5669005199637, 45.58215652262449], [-73.56693576780013, 45.58213159516906], [-73.56699262514314, 45.582033606411564], [-73.56704644644628, 45.58201349011793], [-73.56706276522789, 45.58200651517425], [-73.56707102248912, 45.58200338257157], [-73.5670793971958, 45.582000675812445], [-73.56708907515511, 45.581998303122376], [-73.56709664640785, 45.581997090666896], [-73.5671055263097, 45.58199636089289], [-73.56711452335844, 45.581996333604664], [-73.56712359267736, 45.58199699482324], [-73.56713268938962, 45.58199833056982], [-73.56714176861844, 45.58200032686567], [-73.567150785487, 45.582002969731874], [-73.56715969511845, 45.58200624518964], [-73.56716845263597, 45.58201013926024], [-73.56717701316263, 45.58201463796493], [-73.56718758177784, 45.58202123589986], [-73.56719336890993, 45.58202538361514], [-73.56720113394422, 45.58203149040236], [-73.56721599513416, 45.58204438401024], [-73.56723021139825, 45.58205706252157], [-73.56723717027496, 45.582062900437705], [-73.56724407903029, 45.582068179766225], [-73.56725097470084, 45.58207273223548], [-73.56725789432306, 45.58207638957454], [-73.56726487493339, 45.582078983511785], [-73.56727195356815, 45.58208034577636], [-73.5672791672636, 45.582080308096685], [-73.56728283633291, 45.582079711692984], [-73.56728734678813, 45.58207843339773], [-73.56729413016912, 45.58207549020029], [-73.56730181973522, 45.58207135222176], [-73.56738337773062, 45.58203483420556], [-73.56744477238529, 45.581896556673875], [-73.56743169633435, 45.58188187953613], [-73.56743638110528, 45.581872795744474], [-73.56744116176912, 45.581863961325254], [-73.56744613422035, 45.581855625651734], [-73.56745139435344, 45.5818480380966], [-73.56745703806295, 45.58184144803274], [-73.56746316124354, 45.58183610483296], [-73.56746985979001, 45.5818322578702], [-73.56747369343437, 45.58183090607703], [-73.56748527583709, 45.58182981422114], [-73.56749393535242, 45.581831066740946], [-73.56750312891633, 45.58183370804576], [-73.56751278023694, 45.58183753973763], [-73.56752281302226, 45.581842363418296], [-73.56753315098022, 45.581847980689886], [-73.56754371781857, 45.58185419315429], [-73.56755443724487, 45.581860802413495], [-73.56756523296654, 45.581867610069615], [-73.56761656331147, 45.58192804804929], [-73.56762335132811, 45.58192673874917], [-73.56763019799759, 45.581925558395554], [-73.56763709584223, 45.58192450882552], [-73.56764403723531, 45.581923591589955], [-73.56765101442909, 45.581922807945986], [-73.5676580195835, 45.581922158851555], [-73.56766504479556, 45.58192164496198], [-73.56767208212896, 45.581921266626985], [-73.56767912364396, 45.581921023890914], [-73.56768616142705, 45.58192091649384], [-73.5677884210856, 45.58188754389448], [-73.56781264819926, 45.581874373667674], [-73.56782305340008, 45.5818767367954], [-73.56796695193341, 45.581909411827105], [-73.56797470856169, 45.58190709119369], [-73.56798559031817, 45.581903920777386], [-73.56799103147857, 45.58190239235186], [-73.56799975844203, 45.58189997040796], [-73.56800867481114, 45.581897452913715], [-73.56801759967576, 45.58189480200582], [-73.56802635212564, 45.581891979821044], [-73.56803475125066, 45.581888948496314], [-73.56804261614066, 45.58188567016839], [-73.56804976588552, 45.581882106974184], [-73.56805601957514, 45.581878221050765], [-73.56806119629954, 45.58187397453508], [-73.56806511514877, 45.58186932956411], [-73.56806737627956, 45.58186489141527], [-73.5680685985258, 45.58185872661932], [-73.56806848266417, 45.58185285412161], [-73.56806767454479, 45.58184673670862], [-73.5680666009014, 45.581840480264155], [-73.56806568846766, 45.58183419067225], [-73.56806536397686, 45.58182797381656], [-73.56806650220214, 45.58182024234318], [-73.56806813522886, 45.58181617072452], [-73.56807148237043, 45.581810663696565], [-73.56807568433494, 45.58180533587924], [-73.56808032650682, 45.58180010791354], [-73.56808499427063, 45.58179490044099], [-73.56808927301114, 45.58178963410292], [-73.56809290730375, 45.5817839274417], [-73.5680950884459, 45.58177862305916], [-73.5680963566762, 45.58177282484656], [-73.56809673147436, 45.581766866855475], [-73.56809639152705, 45.58176078104164], [-73.56809551552081, 45.58175459936075], [-73.56809428214214, 45.581748353768425], [-73.56809287007746, 45.58174207622046], [-73.56808121919589, 45.58172890974136], [-73.56806081746879, 45.5816765873906], [-73.56814259924583, 45.581655248944095], [-73.56815211830948, 45.581656103133014], [-73.56816160929554, 45.58165704718176], [-73.56817104412622, 45.58165817095155], [-73.56818039472373, 45.58165956430359], [-73.56818963301039, 45.5816613170985], [-73.56820022383229, 45.58166393400327], [-73.56820766773498, 45.58166623221463], [-73.5682164718308, 45.58166933049309], [-73.5682251914869, 45.58167261216692], [-73.56823387505223, 45.58167587514832], [-73.56824257087554, 45.581678917349635], [-73.5682513273055, 45.58168153668333], [-73.56826019269069, 45.581683531061465], [-73.56827117686693, 45.58168482168179], [-73.56827843523659, 45.58168487749611], [-73.56828782640117, 45.581684224001854], [-73.56829733232676, 45.581683041477824], [-73.56830689629403, 45.581681634322216], [-73.56831670094506, 45.581680277317005], [-73.56832598182905, 45.5816792834864], [-73.5683354553061, 45.581678442180156], [-73.56834489232332, 45.58167756796933], [-73.5683516416131, 45.58167680106692], [-73.56836367881621, 45.58167494033861], [-73.56837297842362, 45.581673046435974], [-73.56838215701322, 45.58167077629704], [-73.56839116979518, 45.58166814126491], [-73.56839997197962, 45.58166515268245], [-73.56840851877676, 45.58166182189254], [-73.56841676539678, 45.581658160238376], [-73.56842466704988, 45.58165417906271], [-73.56843217894632, 45.58164988970871], [-73.56844145606803, 45.58164375050506], [-73.5684458582405, 45.58164043249608], [-73.56845198826532, 45.58163529606984], [-73.56845767784567, 45.58162991836074], [-73.56846295889547, 45.58162432356242], [-73.56846786332868, 45.5816185358684], [-73.56847242305926, 45.581612579472385], [-73.56847667000117, 45.58160647856778], [-73.56848063606839, 45.58160025734829], [-73.56848592212334, 45.58159112875713], [-73.56848785186634, 45.58158755026028], [-73.56849113846648, 45.581581103351986], [-73.5684941985267, 45.581574607263946], [-73.56849701692529, 45.58156806974213], [-73.5684995785407, 45.58156149853251], [-73.5685018682512, 45.58155490138114], [-73.56850387093525, 45.58154828603412], [-73.56850557147116, 45.58154166023739], [-73.56850695473737, 45.58153503173704], [-73.56850800561229, 45.581528408278885], [-73.56850870897428, 45.581521797609206], [-73.56850907343853, 45.581513855418976], [-73.56850901634071, 45.58150864319405], [-73.56850862503943, 45.58150209183995], [-73.56850790451546, 45.58149553217143], [-73.56850688354987, 45.58148894290614], [-73.56850559092376, 45.58148230276158], [-73.56850405541825, 45.58147559045556], [-73.56850230581435, 45.58146878470551], [-73.56850054063261, 45.581462453212126], [-73.56849834540257, 45.58145483383988], [-73.56849652871858, 45.58144777929897], [-73.56849564650572, 45.58144292747396]]]]}}, {"type": "Feature", "properties": {"NOM": "Lachine"}, "geometry": {"type": "MultiPolygon", "coordinates": [[[[-73.66610407018106, 45.42179844184204], [-73.66600875659836, 45.42844268066974], [-73.66592048429811, 45.42868119137556], [-73.66591797620451, 45.42885599006163], [-73.66591045105449, 45.42907766053681], [-73.66590311512536, 45.42927021726354], [-73.66589981232826, 45.42935695610659], [-73.66588695995333, 45.42969435877475], [-73.66588194154498, 45.42982600495903], [-73.66587692935438, 45.429957651131005], [-73.66587191090112, 45.43008929730889], [-73.66586689866566, 45.430220943474396], [-73.66586174716836, 45.43035618398454], [-73.66585651987717, 45.43049325243097], [-73.66584665112363, 45.43075223856818], [-73.66584288190754, 45.4309120297284], [-73.66584944648314, 45.43138708007659], [-73.66585254219578, 45.43161095830096], [-73.66586064482084, 45.43218811874615], [-73.66513383570417, 45.43238544520384], [-73.66502474634954, 45.432422681088454], [-73.6642921396489, 45.432685216757335], [-73.6637559199906, 45.43287108232341], [-73.66321295847489, 45.4330658344536], [-73.66232150890251, 45.433381001403305], [-73.66218415029493, 45.43343321287292], [-73.66209043639033, 45.43347540383576], [-73.66084765771372, 45.43411340720219], [-73.660001800881, 45.43454576125692], [-73.65914601297843, 45.434954117572545], [-73.6586233511236, 45.43518878710188], [-73.65845204551732, 45.435257108899016], [-73.65754712369889, 45.43561130503255], [-73.65693844189224, 45.435840737486686], [-73.65639194657413, 45.43606588657451], [-73.65582608092846, 45.436270668390065], [-73.65514119312229, 45.436532934453474], [-73.65477662089027, 45.43667301859451], [-73.6543829665433, 45.436840658403405], [-73.65405231576823, 45.43698125605118], [-73.65377074225347, 45.437108329353435], [-73.65330327561388, 45.437349671228276], [-73.65302286777623, 45.43750361749093], [-73.65238968967759, 45.43785932910652], [-73.65184533023549, 45.438166974708864], [-73.65125529086295, 45.438498348067284], [-73.65062549535784, 45.438851860208324], [-73.64997211593459, 45.43922064982235], [-73.64973524333003, 45.439354992015055], [-73.64952876350702, 45.439469017454925], [-73.649291986146, 45.43960368869048], [-73.64899422307363, 45.43976921079528], [-73.64870327770107, 45.43993145820634], [-73.64846540857708, 45.44006084581639], [-73.64824953557141, 45.440174917505786], [-73.64810991715392, 45.440244565849035], [-73.64796506380688, 45.44031732970076], [-73.64779039073106, 45.44040285138097], [-73.6476321962693, 45.440478173243854], [-73.64712284435589, 45.44070725827833], [-73.64670866792504, 45.44088144901873], [-73.64660316614106, 45.44092581963456], [-73.64655413995935, 45.44094643839364], [-73.64642342986984, 45.441000021792476], [-73.6462719201362, 45.44105897767434], [-73.64615615413872, 45.44110443198957], [-73.64592021394353, 45.44119731046909], [-73.64545386949796, 45.44137529301679], [-73.64478640904262, 45.441633337040294], [-73.64399452271394, 45.44194214531597], [-73.64341332765814, 45.442170562229], [-73.64262819026943, 45.4424848041291], [-73.64205211820821, 45.44271143701079], [-73.64152290225014, 45.44292861765997], [-73.64108790231677, 45.44310785660455], [-73.64055852789181, 45.443322891963085], [-73.64013956547711, 45.44349905111872], [-73.63972758608064, 45.44366934682638], [-73.63939082209485, 45.443805714485826], [-73.6390502515166, 45.44394121336744], [-73.63883632294875, 45.44402613863083], [-73.63863755059909, 45.44410356177494], [-73.63839396623587, 45.44420011513651], [-73.63821497148432, 45.4442647014784], [-73.63790891246403, 45.444376473493534], [-73.63752418336031, 45.44451371508593], [-73.63715865368863, 45.444637630440106], [-73.63675153464133, 45.44478581482614], [-73.63631801529421, 45.44493993179957], [-73.63573086643477, 45.445163590674994], [-73.63520825486559, 45.44536815762112], [-73.63484322569397, 45.44551352636363], [-73.63437260075553, 45.445700194318455], [-73.63391157146579, 45.44588386615468], [-73.63389858683838, 45.445888814723126], [-73.63334620243373, 45.446108050647254], [-73.63295978603941, 45.4462678932387], [-73.6324352612551, 45.44649544882406], [-73.63197694114689, 45.44670690600345], [-73.63172676090457, 45.446823863448344], [-73.63149477824298, 45.4469378890565], [-73.63120374474128, 45.44708208995548], [-73.63101177742851, 45.4471819549462], [-73.63070889339052, 45.44734661236036], [-73.63044891712859, 45.447499716513356], [-73.63020122731932, 45.447655157853454], [-73.63003841994583, 45.44776343155787], [-73.62979380157674, 45.44792823320144], [-73.62955556456511, 45.44809838963805], [-73.62933082449057, 45.44826673413816], [-73.62913850156616, 45.44842279115843], [-73.6293955379599, 45.44852141726382], [-73.62958074587621, 45.448592481862505], [-73.63125889767346, 45.4492363694089], [-73.63196575952689, 45.44950757551422], [-73.63347691168916, 45.448974441515524], [-73.6353801912386, 45.44830292815676], [-73.63582599878382, 45.44814563666295], [-73.63585573020204, 45.44813510641927], [-73.63588541613609, 45.448124513524064], [-73.63591505652884, 45.448113857639726], [-73.6359446511105, 45.44810313886329], [-73.63597419961177, 45.448092357292346], [-73.63600370176368, 45.44808151302496], [-73.63603315729773, 45.44807060616003], [-73.63606256594585, 45.4480596367966], [-73.63609192744036, 45.44804860503458], [-73.63612124151403, 45.448037510974544], [-73.63615050790011, 45.44802635471718], [-73.63617972633219, 45.44801513636437], [-73.63620889654437, 45.448003856017934], [-73.63623801827117, 45.44799251378075], [-73.63626709124756, 45.44798110975591], [-73.63629611520889, 45.44796964404728], [-73.63632508989107, 45.447958116759295], [-73.63635401503038, 45.44794652799669], [-73.63638289036355, 45.44793487786513], [-73.6364117156278, 45.44792316647058], [-73.63644049056079, 45.44791139391969], [-73.63646921490063, 45.44789956031941], [-73.63649788838592, 45.44788766577772], [-73.63652651075566, 45.44787571040288], [-73.63655508174939, 45.447863694303486], [-73.63658360110709, 45.44785161758902], [-73.6366120685692, 45.44783948036946], [-73.63664048387665, 45.44782728275528], [-73.6366688467708, 45.447815024857434], [-73.63669715699356, 45.447802706787456], [-73.63672541428726, 45.44779032865759], [-73.63675361839475, 45.447777890580454], [-73.63678176905934, 45.44776539266916], [-73.63680986602486, 45.447752835037605], [-73.63683790903555, 45.447740217800074], [-73.63686589783627, 45.447727541071345], [-73.63689383217225, 45.44771480496679], [-73.63692171178927, 45.44770200960245], [-73.63694953643365, 45.4476891550947], [-73.63697730585211, 45.447676241560465], [-73.63700501979196, 45.44766326911743], [-73.63703267800096, 45.44765023788357], [-73.63706028022747, 45.44763714797753], [-73.63708782622022, 45.44762399951858], [-73.63711531572858, 45.44761079262612], [-73.63714274850236, 45.44759752742059], [-73.63717012429184, 45.447584204022704], [-73.637197442848, 45.44757082255358], [-73.63722470392216, 45.447557383135205], [-73.63725190726628, 45.44754388588976], [-73.63727905263275, 45.44753033094005], [-73.63730613977452, 45.447516718409695], [-73.63733316844512, 45.44750304842241], [-73.63736013839863, 45.44748932110269], [-73.63738704938953, 45.447475536575446], [-73.63741390117299, 45.44746169496615], [-73.63744069350459, 45.447447796400766], [-73.63746742614053, 45.447433841005804], [-73.63749409883755, 45.44741982890836], [-73.63752071135292, 45.44740576023586], [-73.63754726344449, 45.44739163511638], [-73.63757375487057, 45.44737745367851], [-73.6376001853901, 45.44736321605134], [-73.6376265547626, 45.4473489223645], [-73.63765286274807, 45.44733457274791], [-73.63767910910711, 45.4473201673324], [-73.6377052936009, 45.44730570624893], [-73.63773141599486, 45.44729118962722], [-73.63880710199658, 45.44669154271374], [-73.63905755306828, 45.446782822636166], [-73.63919802642948, 45.44683401515977], [-73.63992437832289, 45.447103452367216], [-73.64005031672403, 45.44715017117184], [-73.64137958018433, 45.44764324128351], [-73.64185149840769, 45.44781828549023], [-73.64243329199047, 45.44803909728774], [-73.64251217993336, 45.44806948312817], [-73.64300175820415, 45.448258059824596], [-73.64314205872, 45.44831209488826], [-73.6431331736904, 45.44789901782468], [-73.64317937737279, 45.447889451715774], [-73.64322560738054, 45.44787995341299], [-73.64327186461183, 45.44787052102555], [-73.6433181488769, 45.44786115459211], [-73.64336445998606, 45.44785185415109], [-73.64341079774941, 45.447842619740584], [-73.64345716197698, 45.44783345139824], [-73.64350355247865, 45.447824349161976], [-73.64354996906425, 45.44781531306896], [-73.6435964115435, 45.44780634315623], [-73.64364287972599, 45.44779743946051], [-73.64368937342114, 45.44778860201846], [-73.64373589243843, 45.44777983086629], [-73.64378243658705, 45.44777112603973], [-73.64382900567625, 45.447762487574764], [-73.64387559951507, 45.44775391550663], [-73.64392221791249, 45.4477454098705], [-73.64396886067736, 45.447736970701214], [-73.64401552761849, 45.44772859803344], [-73.64406221854453, 45.447720291901405], [-73.64410893326408, 45.44771205233937], [-73.6441556715856, 45.447703879380796], [-73.64420243331746, 45.44769577305948], [-73.644249218268, 45.4476877334085], [-73.64429602624536, 45.44767976046088], [-73.64434285705767, 45.44767185424926], [-73.64438971051288, 45.44766401480602], [-73.64443658641899, 45.44765624216338], [-73.64448348458373, 45.44764853635311], [-73.64453040481489, 45.44764089740692], [-73.64457734692009, 45.44763332535609], [-73.6446243107069, 45.4476258202316], [-73.64467129598273, 45.447618382064256], [-73.644718302555, 45.4476110108846], [-73.64476533023097, 45.44760370672274], [-73.64481237881222, 45.44759646960832], [-73.64514228750846, 45.4477274791877], [-73.64545123629344, 45.447850165542974], [-73.64641921634245, 45.44823453818642], [-73.64750986359174, 45.44866761217886], [-73.64759635541468, 45.44869929403947], [-73.64779093032077, 45.44877055605787], [-73.64833342514027, 45.44896923503401], [-73.64849993246742, 45.44903785206406], [-73.64867034722765, 45.449101454825424], [-73.64884245887738, 45.44916570540415], [-73.64901457089432, 45.449229946934686], [-73.64918668018036, 45.44929418820874], [-73.64933055892823, 45.44934788584661], [-73.64947409743785, 45.449401469509034], [-73.64961763931692, 45.449455044198515], [-73.64976117834624, 45.449508618710944], [-73.6499047207682, 45.449562193038034], [-73.65004724494946, 45.44961539065446], [-73.65021935969835, 45.44967963036108], [-73.65039147171633, 45.44974386981125], [-73.65056358726915, 45.4498081177843], [-73.65073570009154, 45.44987235692974], [-73.65211495397503, 45.450387126025504], [-73.65555709103862, 45.45167167665252], [-73.65645428802735, 45.45206806403824], [-73.65682877526963, 45.45220825751709], [-73.65728640151912, 45.4523795754459], [-73.65752676884631, 45.452464967628764], [-73.65781175246846, 45.452578988524145], [-73.65799092671803, 45.452647951986506], [-73.65817010265718, 45.45271690616616], [-73.65834927522464, 45.45278586996705], [-73.65852845206133, 45.452854832580215], [-73.6587079594136, 45.45292387363917], [-73.65888399352784, 45.45299157396912], [-73.65906686791112, 45.45306191096351], [-73.65927407513142, 45.45314159828374], [-73.65947927986468, 45.45322051415106], [-73.65968448519497, 45.45329943864628], [-73.65984312878322, 45.453360448915696], [-73.66005035355506, 45.45344014379759], [-73.66027261297519, 45.453525625745826], [-73.6604947456595, 45.453611264912404], [-73.66071687901795, 45.453696904544564], [-73.66093901560502, 45.45378254373893], [-73.6611611503297, 45.453868190601426], [-73.66138328570294, 45.453953828931006], [-73.66160542046661, 45.45403946592835], [-73.66178998397632, 45.45411062132384], [-73.66198083766379, 45.454184193498335], [-73.6621619321242, 45.45425400883327], [-73.66234303086665, 45.45432382387424], [-73.66252413005542, 45.454393638626556], [-73.66277026527327, 45.454488528360734], [-73.66300956110236, 45.45458078176228], [-73.66324886154908, 45.4546730355543], [-73.6634881589109, 45.454765278949694], [-73.66365905427843, 45.45483116155568], [-73.66382995004084, 45.45489704300483], [-73.66416540552662, 45.455029464832236], [-73.66462835659254, 45.45520535914502], [-73.66488555144515, 45.455303075495216], [-73.66509131309031, 45.45538125156832], [-73.66531421834105, 45.45546594077456], [-73.66553712553682, 45.455550629541754], [-73.66576002572488, 45.45563531698314], [-73.66598293425345, 45.45572000487597], [-73.66620584216989, 45.455804692333466], [-73.66642875202872, 45.45588937845204], [-73.66665166127801, 45.45597406503521], [-73.6668745724723, 45.456058751179214], [-73.66709747665884, 45.4561434359974], [-73.66732460817649, 45.45622972311971], [-73.66760386614465, 45.456335819112184], [-73.66785194966805, 45.45643006241103], [-73.66816746058315, 45.45654992724635], [-73.6685068271897, 45.4561578688859], [-73.6694196019178, 45.4556335597794], [-73.67005619300387, 45.45501973995541], [-73.6705548309064, 45.45430796505812], [-73.6712088103764, 45.453528281878526], [-73.67126709295673, 45.45355507575318], [-73.67159435500864, 45.45301344393056], [-73.67171884730126, 45.452807397930336], [-73.67178906999274, 45.45269118186251], [-73.67298902122451, 45.452811966621695], [-73.67391994787899, 45.45278905015904], [-73.67466357494855, 45.45277738724524], [-73.67750535903758, 45.452732513237514], [-73.6818973180997, 45.45405189141986], [-73.68508495704648, 45.45485861354702], [-73.68538184434794, 45.45493372316529], [-73.68723362207221, 45.45540231638952], [-73.68649777683184, 45.4567561691814], [-73.68565814426552, 45.45742711741503], [-73.6843565480289, 45.45867687145798], [-73.68392226323498, 45.4591032861182], [-73.68302259729481, 45.460029327013075], [-73.68319333651122, 45.4600954613377], [-73.68279970660761, 45.461012321729285], [-73.68183155217119, 45.46136436024222], [-73.68128795453306, 45.46215304081431], [-73.6828057220972, 45.46317888463351], [-73.68307362878588, 45.463359954488695], [-73.69330472121644, 45.47032621736773], [-73.6934514877863, 45.46979148329811], [-73.69352321087617, 45.46953015651922], [-73.69366820747629, 45.46900185181273], [-73.69381861250511, 45.468453831012454], [-73.69396671583523, 45.4679141851619], [-73.69406522106054, 45.46755520948518], [-73.69441610577887, 45.46627647655418], [-73.69485804580107, 45.46466306264476], [-73.69544708094804, 45.46505172787798], [-73.69586965267737, 45.46533682762827], [-73.69609061649354, 45.46548535734256], [-73.69727783725975, 45.46628337506016], [-73.6974632595715, 45.466406956751584], [-73.69852514653647, 45.46711467035299], [-73.70200835688017, 45.46943592745772], [-73.70365729983074, 45.47053470074625], [-73.70484047733527, 45.47132307188731], [-73.70502513019495, 45.471452251951185], [-73.70776477383052, 45.47326767488405], [-73.70785577646167, 45.47332797457087], [-73.70779900094776, 45.47337082270887], [-73.707933718385, 45.47345949623537], [-73.70804840943143, 45.47337331740049], [-73.70826320649981, 45.473211917897764], [-73.70886239342629, 45.47276154320728], [-73.70946521714738, 45.47230873686427], [-73.71012235536179, 45.471815034105404], [-73.71081781472621, 45.471292576248196], [-73.71152174275942, 45.470762861100305], [-73.7122442769932, 45.470218845736184], [-73.71291998822433, 45.469711025946346], [-73.71370227326233, 45.46912270617872], [-73.71445933456016, 45.46855253066515], [-73.71520193711154, 45.46799260190064], [-73.7159908323707, 45.46739855296237], [-73.71663298731323, 45.46691374880682], [-73.7175273819619, 45.46624881720276], [-73.71829348569021, 45.46567991227919], [-73.71898602012669, 45.46516477132859], [-73.71972294032766, 45.46461806790108], [-73.72044159584001, 45.464084811344904], [-73.72109591456156, 45.4636090786595], [-73.72164986189799, 45.46321079599726], [-73.7224913193689, 45.4626079531567], [-73.72338603659176, 45.461964580283826], [-73.7242826854244, 45.46132026305844], [-73.72481167460742, 45.46094019735368], [-73.72468148170974, 45.46077038934552], [-73.72462630911565, 45.46069173152859], [-73.72455925247823, 45.46059345005698], [-73.7245055680373, 45.460504229205405], [-73.72444742240815, 45.460405307655506], [-73.7243960162782, 45.46030922214122], [-73.72435102218166, 45.460219278321354], [-73.72430730917083, 45.46012148935769], [-73.72426832265859, 45.460024364758326], [-73.72423131557966, 45.45992889789298], [-73.7241977707094, 45.45982844018083], [-73.72416505931106, 45.45973068940397], [-73.72406538823584, 45.459435138345775], [-73.72399628857222, 45.45923159933018], [-73.72379485030866, 45.45857710398324], [-73.72376487281976, 45.4584791680997], [-73.72373565978347, 45.45838478439722], [-73.72366723307374, 45.458166903896405], [-73.72363773333264, 45.45807437422826], [-73.72360641769023, 45.457975738804265], [-73.72357546320865, 45.457878237481715], [-73.72351062175416, 45.457678147283545], [-73.72347967090568, 45.45758077983309], [-73.72344818371522, 45.45748288315066], [-73.7234174501036, 45.45738852676786], [-73.72338539332401, 45.457286819622794], [-73.72335446817915, 45.45718854770026], [-73.72332379914133, 45.45709100933179], [-73.72329209613201, 45.456993985876345], [-73.72326091333915, 45.45689297122245], [-73.72323306388837, 45.456803635937966], [-73.72320142412981, 45.45670530572899], [-73.72317153929217, 45.4566106040469], [-73.72314029564606, 45.456510963027036], [-73.72310925425104, 45.45641373051962], [-73.72307867839906, 45.456314148296556], [-73.72304865045271, 45.45621941484225], [-73.723018102371, 45.45612287948862], [-73.72298707378398, 45.456026149079435], [-73.7229564167483, 45.45592904577695], [-73.72293464006825, 45.4558640475371], [-73.72286055953477, 45.45563061727388], [-73.72283482216883, 45.45554584367265], [-73.7228057598616, 45.45545357632083], [-73.72277856014215, 45.45537003451714], [-73.722746862888, 45.45527044310379], [-73.72271557078918, 45.45517151507193], [-73.72268382373169, 45.455071857467736], [-73.72265445888343, 45.454977488774304], [-73.7226230272244, 45.454877322561316], [-73.7225915366637, 45.45477816331982], [-73.72256698602352, 45.45470104421941], [-73.72252938176757, 45.454584256157545], [-73.7224976998809, 45.45448506677287], [-73.72246606933871, 45.45438597705647], [-73.72243589393986, 45.454290247998216], [-73.7224047897595, 45.45419121593589], [-73.72237346760409, 45.45409406548836], [-73.72234144870339, 45.45399344024123], [-73.72231030273147, 45.45389588426183], [-73.72228005611257, 45.4537994858138], [-73.722248883144, 45.4536998513789], [-73.72221723537979, 45.453600258936405], [-73.72218625439623, 45.4535033035375], [-73.72215484315409, 45.45340498103546], [-73.722124976856, 45.453311191177946], [-73.72209436018453, 45.45321375982197], [-73.72206536567097, 45.45312300571653], [-73.72203535442597, 45.45302915135928], [-73.72200582300835, 45.45293538902814], [-73.72197684139964, 45.452843662271924], [-73.72194647953093, 45.45274535452599], [-73.72191861334052, 45.45265888652905], [-73.72188700631122, 45.45256100934957], [-73.72184534389231, 45.45243532835115], [-73.72173795992929, 45.45208751018717], [-73.72170973003769, 45.45198349186727], [-73.72168337316974, 45.451884048205514], [-73.72165724607585, 45.45178433177088], [-73.72163213397276, 45.4516849682794], [-73.7216068640997, 45.45158517035816], [-73.7215816326149, 45.451486514831956], [-73.72155603819384, 45.45138557924988], [-73.7215304175281, 45.451285282854315], [-73.7215060377118, 45.45118637783472], [-73.72148184989312, 45.451091772825855], [-73.72143143052453, 45.450900008084446], [-73.72137687920907, 45.45070323549792], [-73.72134657708412, 45.45060432793219], [-73.72131465130163, 45.45050400171219], [-73.72128352209114, 45.45040463720064], [-73.72125272896727, 45.45030674632654], [-73.72122226967345, 45.45021026188998], [-73.72119329577697, 45.45011819046136], [-73.72116551114507, 45.450028822400256], [-73.72113644319816, 45.44993963729775], [-73.72110514394626, 45.44983995067668], [-73.7210728958048, 45.449740482599694], [-73.72104257655432, 45.449641452256856], [-73.72101063130984, 45.44954106982363], [-73.72098106823672, 45.449447211288586], [-73.72094985166767, 45.449348499580715], [-73.7209178821693, 45.44925013767568], [-73.7208872958385, 45.44915437782581], [-73.72085013455201, 45.44903624176126], [-73.72079216137098, 45.448853204819564], [-73.72229788854253, 45.448882763423036], [-73.722280406472, 45.44882754924942], [-73.7222279566381, 45.448661908516], [-73.7220626093113, 45.44813973565219], [-73.72197700027981, 45.4478685409321], [-73.72193438573319, 45.44773354877442], [-73.72187600811442, 45.44754884160484], [-73.7218421684653, 45.447441768263005], [-73.7218282116698, 45.44739760274042], [-73.72180832763488, 45.44733468681286], [-73.72172033417789, 45.4470562814792], [-73.72159764094741, 45.44666811554656], [-73.72148931654338, 45.446326865079136], [-73.72138098066951, 45.44598561451077], [-73.7212599049955, 45.445604211896246], [-73.72120880248974, 45.44544323372542], [-73.72092527820874, 45.44454070506946], [-73.7208891694604, 45.44453259344422], [-73.72082467890785, 45.444328142095046], [-73.72081108991235, 45.44428479277906], [-73.72074286753062, 45.44406730792721], [-73.72070086256645, 45.4439333956641], [-73.72065885780219, 45.44379948338212], [-73.72061502841777, 45.443649001122026], [-73.72058372549343, 45.44354150940255], [-73.72055242144549, 45.443434026673266], [-73.72052111876391, 45.44332653583207], [-73.7204903527765, 45.44321896475727], [-73.72042576546146, 45.44306571853565], [-73.72042255281997, 45.443058097584455], [-73.72042181914284, 45.44305548852782], [-73.72037663571842, 45.442896731025165], [-73.72037542012616, 45.442892479767], [-73.72034509582758, 45.44278593542439], [-73.7203307047842, 45.44273535547091], [-73.72031478325349, 45.44267941804479], [-73.72028507878476, 45.44257507802579], [-73.72028471279123, 45.44257398901001], [-73.7202827303831, 45.44256813209253], [-73.72024658697136, 45.442461405471406], [-73.72023051179572, 45.44241390444628], [-73.72019238612258, 45.44230130288902], [-73.72017992291552, 45.44226450673956], [-73.72013817407763, 45.44214120029809], [-73.7201373530125, 45.44213879387449], [-73.72012850049472, 45.44210942534323], [-73.72010571167651, 45.442033895123636], [-73.7200751336165, 45.441932519036975], [-73.72007333753288, 45.44192657267078], [-73.72002720461194, 45.44177364337484], [-73.72002657268884, 45.4417715524343], [-73.71997802482507, 45.44161058668113], [-73.7199438422284, 45.441497291743474], [-73.71992946445653, 45.44144962092679], [-73.7198871643869, 45.4413094863887], [-73.71988069230926, 45.44128868974944], [-73.71984060929707, 45.44117628528875], [-73.7198240728573, 45.44112897855188], [-73.7198305969683, 45.44112796445993], [-73.7198120289744, 45.44106836694021], [-73.71978050318818, 45.44096723824115], [-73.71977859565553, 45.44096121379658], [-73.71974592928174, 45.440858636717685], [-73.71974450070967, 45.44085415819823], [-73.71972937493587, 45.44080667235999], [-73.71970928303917, 45.44074728921711], [-73.71967606248934, 45.440646444497396], [-73.7196740539633, 45.44064041124643], [-73.71963851333855, 45.440533586953364], [-73.71962423479901, 45.44048599418662], [-73.7196041314874, 45.44042657594959], [-73.71957257088106, 45.44032550843867], [-73.71957073725736, 45.44031941365932], [-73.71952414948115, 45.440164524211696], [-73.71950533139557, 45.440104874921225], [-73.71947348385449, 45.44000388711571], [-73.71944984557403, 45.43993102193484], [-73.71940330387208, 45.4397875217799], [-73.7193905818053, 45.4397483000213], [-73.7193463381575, 45.439611931260224], [-73.71932113480959, 45.43953422604328], [-73.7193133434622, 45.43950470602232], [-73.71931238080104, 45.439501034669995], [-73.71929636697378, 45.43942737283938], [-73.71943012351619, 45.439415858804544], [-73.71946260494283, 45.43941306354814], [-73.71965594603631, 45.439396426170035], [-73.71972767089161, 45.43939025110536], [-73.7198715218066, 45.439377873072985], [-73.72002523077353, 45.43936464170701], [-73.72008709871575, 45.439359320466664], [-73.72007119443116, 45.439243063980136], [-73.72004800173283, 45.439073502526156], [-73.72003416164561, 45.438972304695724], [-73.72080587418702, 45.439329966746975], [-73.72076888350428, 45.439144667584905], [-73.72075587279797, 45.4390794884654], [-73.72078468574561, 45.43906102267949], [-73.72085265907499, 45.43852846608417], [-73.71584297514036, 45.42227015496534], [-73.71195266984105, 45.4224861588718], [-73.70731367716716, 45.42270849824996], [-73.70178548766829, 45.42293069464873], [-73.69720198671311, 45.42306955229446], [-73.69206301552104, 45.42318072141912], [-73.68697942694763, 45.42315297831244], [-73.68200708821362, 45.4230418578469], [-73.67692352267815, 45.42284735761832], [-73.67181223053997, 45.42256969894344], [-73.66986760527318, 45.422430775748936], [-73.66620095737782, 45.421819619059825], [-73.66610407018106, 45.42179844184204]]]]}}, {"type": "Feature", "properties": {"NOM": "Montr\u00e9al-Nord"}, "geometry": {"type": "MultiPolygon", "coordinates": [[[[-73.60314035606012, 45.61112559190806], [-73.6027101406367, 45.61135837449954], [-73.60222354775192, 45.61162165851865], [-73.60224970948083, 45.611646455012284], [-73.60169305473882, 45.61195029600502], [-73.60165627438207, 45.61197037271147], [-73.60219773913595, 45.612479367627806], [-73.60220466797853, 45.612485877258294], [-73.60232376401291, 45.61259786222337], [-73.60244661604935, 45.61270857830682], [-73.60278885271403, 45.61302958510753], [-73.60279719114781, 45.61303740714238], [-73.60308267703415, 45.61330517754869], [-73.60311002395635, 45.61333082953049], [-73.60335085661416, 45.613556710666394], [-73.60478891142724, 45.61490595606537], [-73.60586076199682, 45.61591156831495], [-73.60978085009728, 45.619599312358226], [-73.61001502181676, 45.61981890264069], [-73.61013439564981, 45.619927478345396], [-73.61151510201142, 45.62118325259194], [-73.61652839506101, 45.62593672738454], [-73.61694143057233, 45.62632579538358], [-73.61786285609675, 45.627196846854275], [-73.61840314879974, 45.62770741244659], [-73.6185320384474, 45.627827766364355], [-73.61905984747503, 45.628320608901745], [-73.61925823178258, 45.62850584552992], [-73.61966848446532, 45.62888891343745], [-73.61978523183865, 45.62899823734811], [-73.62045861577782, 45.629648679607506], [-73.62067938199229, 45.62986192171864], [-73.62463535795249, 45.633682722805304], [-73.62468928154753, 45.633638391384984], [-73.62501728253638, 45.6333686908727], [-73.62567686288779, 45.63282657998092], [-73.62834624197316, 45.6305089541712], [-73.63042988145858, 45.628601846150254], [-73.63196422172113, 45.62671945058128], [-73.63424702717965, 45.62376319589431], [-73.63581664467694, 45.62139853375394], [-73.63731307989616, 45.61917846329087], [-73.63831611155466, 45.61742935432999], [-73.63889713095325, 45.61552389595263], [-73.63933270505038, 45.61383567098619], [-73.63998608485866, 45.61154432443881], [-73.64043250799071, 45.610585278294664], [-73.64128929755906, 45.60906516948352], [-73.64220078625651, 45.60744869352536], [-73.6429471405062, 45.60569985949356], [-73.64356627361664, 45.604336793695445], [-73.64415812675492, 45.60323293408483], [-73.64472294948825, 45.6021111070912], [-73.64523276625032, 45.60098934702512], [-73.6458346669436, 45.600156697678024], [-73.64667452582518, 45.59927559717542], [-73.64756986419684, 45.59851491557365], [-73.64877553068182, 45.59760920725372], [-73.64984432163996, 45.5967338126273], [-73.65066592661879, 45.5958284963037], [-73.6513041305953, 45.59498389355558], [-73.65181460722194, 45.5941393660441], [-73.65279018894331, 45.59273365763001], [-73.65339182156757, 45.591876850389056], [-73.65428599631274, 45.590766499782646], [-73.65479653378301, 45.59009078241331], [-73.65548951713924, 45.589221780390275], [-73.65649323084534, 45.588075177871396], [-73.6574867785998, 45.58663313648433], [-73.6582521921316, 45.585426549541225], [-73.65835565793006, 45.58528179087541], [-73.65846869690543, 45.585123637459326], [-73.65816959076574, 45.5850155295133], [-73.65788494693028, 45.58488963475718], [-73.65761690538069, 45.58474689972483], [-73.65736748123093, 45.584588397555976], [-73.65728181428992, 45.58452283469076], [-73.65720578784898, 45.58445165160632], [-73.65714014524372, 45.58437554431805], [-73.65709886684307, 45.58432546591903], [-73.65705260896986, 45.58427635926939], [-73.65700139518074, 45.58422856792441], [-73.6569453106963, 45.58418244171286], [-73.6568845053873, 45.58413833006313], [-73.65681919501809, 45.58409657476326], [-73.65674966052794, 45.584057502417245], [-73.65667624522385, 45.5840214169049], [-73.65659934987096, 45.58398859217615], [-73.65651942578803, 45.58395926571599], [-73.65643696617975, 45.58393363299184], [-73.65635249604694, 45.58391184314826], [-73.65626656110514, 45.583893996146855], [-73.65617971619923, 45.58388014146434], [-73.65609251372204, 45.58387027837115], [-73.65600549252935, 45.583864357723606], [-73.65591916779108, 45.58386228511905], [-73.65583402214021, 45.58386392520102], [-73.65575049838223, 45.58386910685244], [-73.65566899392088, 45.58387762899291], [-73.65551949615734, 45.58389534981887], [-73.6553682493233, 45.58390274423364], [-73.65521669663167, 45.583899741678835], [-73.65506628421441, 45.58388637080512], [-73.65494955873064, 45.58386791374656], [-73.65483579363695, 45.58384189286574], [-73.65472598070468, 45.583808535005936], [-73.65462107724663, 45.583768130972224], [-73.65444348989284, 45.5836919522088], [-73.6543319749402, 45.58364411623201], [-73.65430295698576, 45.58363166827647], [-73.65408895535045, 45.583539868150574], [-73.65386099033991, 45.58344207720678], [-73.65378232234524, 45.58341037052706], [-73.6536836165015, 45.583368644549594], [-73.6535677855453, 45.58332030701716], [-73.65345274693101, 45.58327104342808], [-73.65335236896914, 45.583228607629536], [-73.65325198802977, 45.583186171746576], [-73.65315161349866, 45.58314373576649], [-73.65305123599009, 45.58310129970191], [-73.65290401675219, 45.5830390601254], [-73.65256976927954, 45.58289772880093], [-73.65247803669078, 45.582858953352996], [-73.65255566007568, 45.58269333986783], [-73.65248619777395, 45.58266400858389], [-73.65222393692343, 45.582548642478805], [-73.65207694958967, 45.58248683210435], [-73.6519402202421, 45.58242933459704], [-73.65180217365395, 45.58237285032593], [-73.65166675612649, 45.58231433909667], [-73.65153002448405, 45.58225684000121], [-73.65131640228114, 45.58217001688096], [-73.65125599250123, 45.58214528453768], [-73.65085203323112, 45.581979904730936], [-73.65061766771656, 45.58188952242728], [-73.65057309456601, 45.581866911869795], [-73.65038230045326, 45.58178925073195], [-73.65022784025966, 45.58172637903871], [-73.65009691280063, 45.581664564759066], [-73.6497439513143, 45.58150954685422], [-73.64973611502124, 45.58151566437502], [-73.64968471937264, 45.58149427836952], [-73.64935154615398, 45.58135278350262], [-73.64930701287022, 45.581334238770445], [-73.64916721758728, 45.5812793375207], [-73.6491226813024, 45.5812607960157], [-73.64880751425922, 45.58112955951624], [-73.64875575401283, 45.58110726516784], [-73.64842222967579, 45.580966112944246], [-73.64837757224925, 45.58094771410047], [-73.648243096048, 45.58088879445335], [-73.64819804784815, 45.58087045865665], [-73.64781688846321, 45.58070876436292], [-73.64777420271587, 45.5806928825211], [-73.6473935542575, 45.5805282500557], [-73.64717367709858, 45.580432427826175], [-73.64687471971412, 45.580308932064106], [-73.64673033120414, 45.580249479652416], [-73.64662719808541, 45.58020701509919], [-73.64652406511915, 45.58016454935401], [-73.6464209323111, 45.580122084613535], [-73.64631779965552, 45.58007961868104], [-73.64621466715813, 45.58003715375325], [-73.64611153481324, 45.579994687633516], [-73.64600839949811, 45.57995222252259], [-73.6459052674639, 45.57990975621563], [-73.64577979052589, 45.57985809045166], [-73.64524178562071, 45.579636558576254], [-73.64492970316843, 45.57951042828422], [-73.64481249842707, 45.579464434217904], [-73.64445436403263, 45.57932088502572], [-73.64422735617988, 45.57922816368494], [-73.64393849292692, 45.57910286582085], [-73.64153309216502, 45.578102929752745], [-73.64131178114027, 45.5780101417178], [-73.64123111726074, 45.57797632315004], [-73.6405050214224, 45.577671895400165], [-73.64045359706995, 45.57771021464725], [-73.64015457238882, 45.577521526165675], [-73.63651465516828, 45.57600280446067], [-73.63649346607727, 45.57602612944203], [-73.63640748642993, 45.57612077475689], [-73.63634247148545, 45.57619234488384], [-73.63534730915771, 45.57728779346161], [-73.6348876798808, 45.57779372644263], [-73.63490095842907, 45.5777995686644], [-73.63424023610943, 45.57850643732336], [-73.63421625540215, 45.57853283505178], [-73.6337971259054, 45.57899409422149], [-73.63358609149947, 45.579225846123535], [-73.63361098748311, 45.579249059643345], [-73.63358791709625, 45.57925000355168], [-73.63291221962211, 45.580015286283064], [-73.63265108919578, 45.57990220301021], [-73.63222573810376, 45.57971799953362], [-73.63200280652498, 45.57962145533725], [-73.63127749896684, 45.580404927152074], [-73.63071637466751, 45.58101103163551], [-73.63076287642502, 45.581061312248025], [-73.63044825852988, 45.581416235832926], [-73.63025568206594, 45.581604141351875], [-73.62994112311861, 45.581958984253646], [-73.62951285918595, 45.58237565661114], [-73.62931349360147, 45.58261828419881], [-73.62899918377441, 45.58300079214694], [-73.6288181929849, 45.58324964131792], [-73.62883308548517, 45.58325802044064], [-73.62884792773666, 45.58326644348293], [-73.62886271908779, 45.58327491055945], [-73.62887745927362, 45.5832834215188], [-73.62889214803009, 45.58329197620817], [-73.62890678509405, 45.58330057447454], [-73.6289213702033, 45.58330921616389], [-73.62893590309659, 45.58331790112124], [-73.62895038351355, 45.58332662919121], [-73.62896481119473, 45.58333540021749], [-73.62897918588175, 45.58334421404272], [-73.62899350731706, 45.583353070509276], [-73.62900777524125, 45.5833619694602], [-73.62901985803529, 45.583369565315245], [-73.62903190184053, 45.58337719164152], [-73.62904390650225, 45.58338484833844], [-73.62905587186505, 45.58339253530693], [-73.62906779777306, 45.583400252449465], [-73.62908322738505, 45.58341031985911], [-73.62909858985385, 45.58342043777434], [-73.62911388484146, 45.58343060597428], [-73.629129112014, 45.58344082423682], [-73.62914427103907, 45.583451092339196], [-73.62915936158583, 45.58346141005703], [-73.62917438332492, 45.583471777165414], [-73.62918933592842, 45.583482193437995], [-73.62920421907, 45.5834926586473], [-73.62921903242479, 45.583503172565194], [-73.62923377566945, 45.583513734961976], [-73.62924844848219, 45.58352434560723], [-73.62926305054273, 45.583535004269464], [-73.62927758153234, 45.58354571071591], [-73.62929204113388, 45.58355646471299], [-73.62930642903171, 45.583567266025995], [-73.6293207449118, 45.58357811441924], [-73.62933498846164, 45.58358900965594], [-73.62934915937038, 45.583599951498115], [-73.62936325732865, 45.58361093970711], [-73.62937728202877, 45.58362197404325], [-73.62939123316458, 45.58363305426559], [-73.62940511043156, 45.58364418013232], [-73.62941891352683, 45.58365535140063], [-73.62943264214908, 45.583666567826626], [-73.62944629599862, 45.58367782916557], [-73.62945987477747, 45.58368913517176], [-73.62947337819197, 45.58370048559844], [-73.62948555418139, 45.58371081337894], [-73.62949766776661, 45.58372117727546], [-73.62950971873622, 45.583731577102505], [-73.62952170687403, 45.5837420126736], [-73.62953363196496, 45.58375248380164], [-73.62954549379513, 45.58376299029868], [-73.62955729215173, 45.58377353197639], [-73.6295690268231, 45.58378410864572], [-73.62958069759875, 45.58379472011677], [-73.62959230426934, 45.58380536619942], [-73.62960384662658, 45.583816046702594], [-73.62960862489729, 45.58382033609544], [-73.62770551618385, 45.586094823781664], [-73.62585197354443, 45.5883103862436], [-73.62582553558323, 45.588342014296735], [-73.6256327061956, 45.58857268405324], [-73.62552557610086, 45.58870084025344], [-73.6251141365031, 45.58919301575502], [-73.62413450393667, 45.590364840256406], [-73.62402703276581, 45.590493390607435], [-73.62363407438247, 45.590963424510726], [-73.623526619565, 45.59109195249842], [-73.62313536157129, 45.59155994187821], [-73.62302791387111, 45.59168845835681], [-73.62284099592769, 45.59191202622767], [-73.62220338659179, 45.5926649449431], [-73.62181091166718, 45.59313388094365], [-73.62159683217524, 45.59338966304838], [-73.62138293009646, 45.59364523045083], [-73.62120798274381, 45.59385425324275], [-73.62118460882107, 45.59382903650425], [-73.61910518886887, 45.59631185435135], [-73.61904572485763, 45.5963828484095], [-73.61865766161633, 45.59684610003647], [-73.61855583843723, 45.596967643837196], [-73.61835615791854, 45.59721157432111], [-73.61827613357914, 45.59730308780681], [-73.61814820502273, 45.597452739532045], [-73.617822765127, 45.597841217131744], [-73.61711950186209, 45.5986823032883], [-73.61616542253024, 45.5998214765741], [-73.6158303705751, 45.60022233783074], [-73.61559720600258, 45.60050129563083], [-73.61542473821748, 45.60070763410578], [-73.61535934644336, 45.600785715930364], [-73.6152603406955, 45.600903934314736], [-73.61490114422905, 45.60133283002518], [-73.6147472521055, 45.601518661061995], [-73.61448839983458, 45.601827544276766], [-73.61444964531195, 45.60187362885888], [-73.61419985534876, 45.602170630692875], [-73.61409858134323, 45.60229104513044], [-73.61399730692675, 45.602411459449975], [-73.61389798238449, 45.602529554584194], [-73.6138839741477, 45.60254621100195], [-73.61365197469205, 45.60282229091735], [-73.61365353805118, 45.60282375952682], [-73.61360147939375, 45.602885712959086], [-73.61350181675193, 45.60300431865345], [-73.61340215287578, 45.60312292460586], [-73.6130978377105, 45.603485075835074], [-73.61304911554846, 45.603543772755515], [-73.61242337173476, 45.60429095062751], [-73.61214964376217, 45.60461779089584], [-73.61155028341126, 45.6053395647928], [-73.61133984828949, 45.605587489261154], [-73.61068239658982, 45.60636208855461], [-73.61010363421853, 45.6070746839502], [-73.60949816695857, 45.607787410590696], [-73.60942689442808, 45.607865564237365], [-73.60935495146266, 45.60794342265276], [-73.60928234180038, 45.608020981596475], [-73.60920906925176, 45.60809823685936], [-73.60913513769917, 45.6081751842645], [-73.60906055109614, 45.608251819667466], [-73.60898531346658, 45.60832813895756], [-73.60890942890418, 45.6084041380584], [-73.60883290157159, 45.60847981292843], [-73.60875573569963, 45.60855515956168], [-73.60833592553291, 45.60893570932554], [-73.60816773485855, 45.60908565093752], [-73.60815563540339, 45.609096864526755], [-73.60814352235921, 45.609108070897534], [-73.60813139573914, 45.60911927003778], [-73.60811925555625, 45.609130461935415], [-73.60810710182376, 45.60914164657821], [-73.60801428768606, 45.60922615004301], [-73.60792040398725, 45.609310090520125], [-73.60782546117927, 45.60939345804351], [-73.60772946996465, 45.60947624277571], [-73.6076324412926, 45.609558435011294], [-73.60753438635477, 45.609640025180795], [-73.60743531658103, 45.60972100385431], [-73.6073352436349, 45.60980136174523], [-73.60723417940912, 45.60988108971374], [-73.60713213602085, 45.609960178770535], [-73.60707955464555, 45.610000389848366], [-73.6070267156635, 45.610040435392726], [-73.60697362066492, 45.610080314186945], [-73.60692027125556, 45.61012002502454], [-73.60686666905659, 45.61015956670931], [-73.60685412572403, 45.610168768831485], [-73.60684156868798, 45.610177961758765], [-73.60682899796903, 45.61018714547621], [-73.6068164135877, 45.610196319968594], [-73.60680381556459, 45.610205485221044], [-73.60608444512437, 45.610754368990364], [-73.60598640877753, 45.61066036302812], [-73.60590192440824, 45.61057935158537], [-73.60563902487473, 45.610328583943], [-73.60550028475085, 45.61019816267664], [-73.60538185621753, 45.61008683502183], [-73.60509744543981, 45.60981947783321], [-73.60488358472296, 45.609619067621594], [-73.60476057905126, 45.609503797986434], [-73.60351879367504, 45.610169153702266], [-73.60365472385658, 45.61029537077773], [-73.60403230581932, 45.61064595532909], [-73.6033811363488, 45.611000070868116], [-73.60317360678178, 45.611107600513705], [-73.60314035606012, 45.61112559190806]]]]}}, {"type": "Feature", "properties": {"NOM": "Rivi\u00e8re-des-Prairies-Pointe-aux-Trembles"}, "geometry": {"type": "MultiPolygon", "coordinates": [[[[-73.56834116676959, 45.63420542705064], [-73.56415901676957, 45.63694591727203], [-73.56134009396735, 45.6387925086137], [-73.55775593418602, 45.641140257019295], [-73.55555578025776, 45.642581536041284], [-73.55550111324088, 45.64261733499433], [-73.55451771236598, 45.643239525365374], [-73.55350432742635, 45.64383758445751], [-73.55246216272263, 45.6444108036682], [-73.55246318483837, 45.644411822695645], [-73.55233115849002, 45.64447958035613], [-73.55205727702366, 45.64462233245437], [-73.55178161451904, 45.64476337144113], [-73.55150418124185, 45.64490268740112], [-73.5512250106169, 45.64504034329409], [-73.54943216697964, 45.645915725334916], [-73.54933802209275, 45.645962444208116], [-73.5492443846383, 45.64600966824739], [-73.54915126286025, 45.6460573933623], [-73.54905866491285, 45.646105615374495], [-73.54896659885812, 45.64615433001891], [-73.54887129701584, 45.646205876279765], [-73.54877664570388, 45.646258017031045], [-73.54868265619292, 45.64631074617766], [-73.54858933959801, 45.64636405748515], [-73.54849670687432, 45.64641794458158], [-73.54839920419562, 45.64647491006246], [-73.54830235076362, 45.64653242453608], [-73.54820615597431, 45.64659048251425], [-73.54811062909732, 45.64664907840342], [-73.54801577927313, 45.646708206506716], [-73.54793285603022, 45.64676087449339], [-73.54784970815554, 45.64681336881549], [-73.54776633675891, 45.646865688767775], [-73.5476827429562, 45.64691783364968], [-73.54759892786925, 45.64696980276516], [-73.54752586369294, 45.647014951396876], [-73.54745222648391, 45.64705964592016], [-73.5473780248806, 45.64710388099628], [-73.54730326765554, 45.64714765139475], [-73.54722796371205, 45.64719095199529], [-73.54712851182379, 45.64724745642864], [-73.54702824778394, 45.647303261359575], [-73.54692718665362, 45.6473583582297], [-73.54682534373696, 45.64741273869409], [-73.54672273457338, 45.64746639462568], [-73.54663572344867, 45.64751122004625], [-73.54654838492836, 45.64755573374399], [-73.5464607224233, 45.64759993396124], [-73.54637273936999, 45.647643818965086], [-73.54628443922988, 45.64768738704722], [-73.54619145025819, 45.64773221583147], [-73.54609864186446, 45.647777229232744], [-73.54600601516566, 45.647822426712835], [-73.54591357127448, 45.647867807728936], [-73.54582131129918, 45.64791337173407], [-73.54571010030747, 45.64796731588186], [-73.54559931400242, 45.64802169210474], [-73.54548895749429, 45.648076497924464], [-73.5453790358541, 45.648131730823316], [-73.54526955411276, 45.648187388244274], [-73.54518542157015, 45.64822820534738], [-73.54510120133395, 45.64826893366807], [-73.54501689368982, 45.64830957306745], [-73.54493249892396, 45.6483501234076], [-73.54484801732325, 45.64839058455089], [-73.54477388665498, 45.64835720426894], [-73.54459624138771, 45.64827686143761], [-73.54441859592755, 45.64819651732523], [-73.54440859015813, 45.64820139823982], [-73.54312570755948, 45.6476290633302], [-73.53867010734226, 45.64554973570003], [-73.5333069889312, 45.64312993213747], [-73.53307544524178, 45.64302545641886], [-73.53298970176948, 45.6429863956909], [-73.52768411265045, 45.64058726819115], [-73.52283665248733, 45.63839646226616], [-73.52138609901158, 45.63772011041519], [-73.52141417884741, 45.63769282885941], [-73.52034914827836, 45.637519632378144], [-73.52020820456791, 45.6374967974245], [-73.51940481747276, 45.63736664251694], [-73.51814650363283, 45.63716276523661], [-73.51800276527057, 45.6371394735946], [-73.51787936662427, 45.63711948003648], [-73.51644724917878, 45.636884994661216], [-73.51606731856624, 45.63682039562659], [-73.51144661872561, 45.6360644645546], [-73.5112181660323, 45.636027084315636], [-73.50840253525806, 45.635566347278264], [-73.50817406737181, 45.63552896094984], [-73.50779336049469, 45.63546665867971], [-73.50640285660727, 45.63523820915848], [-73.50575473917677, 45.63513303734186], [-73.50552604914012, 45.635096422272696], [-73.5051453673653, 45.635034112072304], [-73.50350375092911, 45.63476539643364], [-73.50312220912373, 45.63470294274138], [-73.50289406118173, 45.63466475039658], [-73.50251298505462, 45.63460229915596], [-73.50049020801349, 45.63427079703738], [-73.50010912440011, 45.63420834227312], [-73.49988071756972, 45.6341709033575], [-73.49950008551464, 45.63410851674717], [-73.4978026842081, 45.633830295046295], [-73.49742371005883, 45.633768173292445], [-73.49726013920089, 45.63374135927989], [-73.49709873484453, 45.63371473405074], [-73.4969385465591, 45.63368830658694], [-73.49677715530458, 45.63366218660372], [-73.4963227800852, 45.63358769548462], [-73.49626134182645, 45.63357762357828], [-73.49617829805239, 45.633564009217395], [-73.49609524149228, 45.63355039479576], [-73.49597247931202, 45.63353026780591], [-73.49584971850234, 45.633510139784384], [-73.4957666749276, 45.63349652512413], [-73.49568363011046, 45.63348291040342], [-73.49555974209889, 45.63346259846378], [-73.49552914174409, 45.6334575843598], [-73.49540441373945, 45.63343713544574], [-73.4952142410951, 45.63340595419033], [-73.49500259922758, 45.63337125787457], [-73.49464099121349, 45.63331196658276], [-73.49444572109954, 45.63327994877293], [-73.49409106591118, 45.63322180335093], [-73.49380838267872, 45.633175887537874], [-73.49271597948389, 45.632996363420325], [-73.48403727848739, 45.63169151602398], [-73.48397541736101, 45.63177698345498], [-73.48391262738063, 45.63186215877942], [-73.48384891272673, 45.63194703457645], [-73.4837842777399, 45.63203160346424], [-73.48371872691996, 45.632115858102516], [-73.48365226492488, 45.63219979119388], [-73.48358489656977, 45.632283395486944], [-73.48351662682575, 45.63236666377768], [-73.48344746081868, 45.63244958891172], [-73.48337740382802, 45.63253216378602], [-73.48330646128541, 45.6326143813516], [-73.48323463877331, 45.63269623461506], [-73.48316194202356, 45.63277771664056], [-73.48308837691579, 45.63285882055206], [-73.48301394947592, 45.6329395395347], [-73.48293866587446, 45.633019866837344], [-73.48286253242489, 45.63309979577423], [-73.4827855555817, 45.63317931972663], [-73.48270774193882, 45.63325843214503], [-73.48262909822759, 45.6333371265503], [-73.48254963131478, 45.63341539653642], [-73.48246934820075, 45.63349323577136], [-73.4823882560173, 45.6335706379992], [-73.48230636202555, 45.633647597041715], [-73.48222367361386, 45.633724106799995], [-73.48214019829565, 45.633800161255934], [-73.48205594370698, 45.633875754474076], [-73.4819709176045, 45.63395088060293], [-73.4818851278629, 45.63402553387654], [-73.48179858247265, 45.63409970861575], [-73.48167736337054, 45.634203868629896], [-73.4815574849055, 45.63430899818046], [-73.48143897003125, 45.63441508478814], [-73.48132184139477, 45.634522115624684], [-73.48120612132298, 45.634630077518096], [-73.48109183180978, 45.63473895695695], [-73.48097899450299, 45.63484874009543], [-73.48086763069188, 45.63495941275917], [-73.4807577612944, 45.63507096045046], [-73.48064940684519, 45.63518336835463], [-73.48054258748314, 45.63529662134543], [-73.48043732293995, 45.635410703992434], [-73.48033363252829, 45.63552560056749], [-73.48023153513061, 45.63564129505145], [-73.48013104918813, 45.635757771141414], [-73.48003219269016, 45.63587501225863], [-73.47993498316359, 45.63599300155602], [-73.4798394376629, 45.63611172192574], [-73.4797455727604, 45.63623115600822], [-73.4796534045368, 45.63635128619965], [-73.47956294857222, 45.63647209466106], [-73.47947421993742, 45.63659356332699], [-73.47938723318559, 45.6367156739148], [-73.4793020023444, 45.63683840793298], [-73.47921854090846, 45.63696174669136], [-73.47913686183226, 45.637085671310345], [-73.47905697752347, 45.63721016273038], [-73.47897889983658, 45.637335201721505], [-73.4789026400671, 45.63746076889376], [-73.47882820894618, 45.63758684470724], [-73.47875561663554, 45.63771340948144], [-73.47868487272294, 45.637840443406475], [-73.47861598621816, 45.63796792655241], [-73.47854896554931, 45.63809583888046], [-73.47848381855955, 45.638224160253124], [-73.47842055250452, 45.638352870444415], [-73.47835917404988, 45.63848194915048], [-73.47829968926968, 45.63861137600061], [-73.47824210364475, 45.63874113056728], [-73.47818642206207, 45.63887119237677], [-73.47813264881407, 45.63900154092003], [-73.4780807875988, 45.63913215566304], [-73.47803084152028, 45.63926301605715], [-73.47798281308953, 45.639394101549875], [-73.47793670422568, 45.639525391595235], [-73.47789251625811, 45.63965686566405], [-73.47785024992834, 45.63978850325399], [-73.47780990539289, 45.63992028390058], [-73.47777148222632, 45.64005218718611], [-73.47773497942471, 45.64018419275091], [-73.4777072414771, 45.64028900284331], [-73.47768040637472, 45.64039397750015], [-73.4776544768401, 45.640499111004054], [-73.47762945549799, 45.64060439760989], [-73.47760534487473, 45.6407098315453], [-73.47758214739761, 45.64081540701233], [-73.47755986539414, 45.64092111818811], [-73.47753850109142, 45.64102695922599], [-73.47751805661564, 45.641132924256745], [-73.4774985339914, 45.6412390073893], [-73.47747993514125, 45.641345202712465], [-73.47746226188514, 45.641451504295], [-73.4774455159399, 45.641557906188], [-73.47742969891888, 45.64166440242454], [-73.47741481233142, 45.64177098702215], [-73.4774008575825, 45.64187765398305], [-73.47738783597235, 45.64198439729564], [-73.47737574869613, 45.6420912109354], [-73.47736459684364, 45.64219808886628], [-73.47735438139897, 45.64230502504174], [-73.47734510324027, 45.64241201340558], [-73.47733676313955, 45.64251904789373], [-73.47732936176251, 45.642626122434805], [-73.47732289966835, 45.642733230951514], [-73.47731737730956, 45.64284036736162], [-73.47731279503195, 45.64294752557935], [-73.47730915307454, 45.64305469951671], [-73.47730645156946, 45.643161883083806], [-73.47730469054197, 45.643269070190996], [-73.47730386991054, 45.64337625474921], [-73.47730398948678, 45.64348343067206], [-73.47730504897567, 45.643590591875785], [-73.47730704797549, 45.64369773228137], [-73.47730998597812, 45.64380484581541], [-73.4773138623692, 45.643911926411114], [-73.47731867642815, 45.64401896800931], [-73.47732442732865, 45.64412596456024], [-73.4773311141387, 45.64423291002413], [-73.47733873582105, 45.644339798372094], [-73.47734729123341, 45.64444662358807], [-73.4773567791289, 45.64455337966945], [-73.47736719815632, 45.644660060627956], [-73.47737854686068, 45.6447666604913], [-73.4773908236835, 45.6448731733038], [-73.47740402696338, 45.6449795931281], [-73.47741815493649, 45.645085914045204], [-73.47743320573697, 45.645192130156836], [-73.47744917739763, 45.645298235585585], [-73.47746606785041, 45.64540422447627], [-73.47748387492709, 45.64551009099705], [-73.47759116078694, 45.6460524015946], [-73.47772894029917, 45.646591312297666], [-73.47789699809611, 45.6471259798877], [-73.47800610410442, 45.647492355003095], [-73.47813853832577, 45.64785492769084], [-73.47829403446173, 45.64821296766305], [-73.4784418919761, 45.648527139364326], [-73.47859855239953, 45.648839205621464], [-73.4787639549813, 45.64914904512911], [-73.4792726239315, 45.64984620773667], [-73.479778959658, 45.650544207466346], [-73.48028295928022, 45.65124304046631], [-73.48089476534354, 45.652037204109064], [-73.48151312123906, 45.652828871973426], [-73.48213800651821, 45.6536180175261], [-73.48254121113442, 45.65423328640604], [-73.48290808219996, 45.654859639209754], [-73.48323800064573, 45.6554960210983], [-73.48382436969462, 45.656830580677415], [-73.48434650362684, 45.65817819757488], [-73.48480380875719, 45.659537351472025], [-73.48577977422242, 45.66253605141921], [-73.48643031359198, 45.66564187959844], [-73.48659265000336, 45.668051483013635], [-73.48659160160715, 45.67244238080955], [-73.48642743192441, 45.67801113865702], [-73.48618192976396, 45.682616087855024], [-73.48561130879443, 45.68507913611925], [-73.4843890666654, 45.68711365231226], [-73.48243393004306, 45.68909450096124], [-73.48023361215348, 45.69193215553005], [-73.47931665920942, 45.69344472556979], [-73.47866433417634, 45.69494392766489], [-73.47850096192013, 45.69620213734532], [-73.47833786462157, 45.69700526649279], [-73.4779299998166, 45.69804934137475], [-73.47744072448087, 45.69895958391821], [-73.47658538090727, 45.699601938766186], [-73.47560754800665, 45.7000569040298], [-73.47447531775339, 45.70039484196699], [-73.47467619778173, 45.70084890109426], [-73.4747785826465, 45.70162276178032], [-73.47463688775339, 45.70258552875479], [-73.47422540217084, 45.70376418955464], [-73.47386527781903, 45.70492486416717], [-73.47396757955624, 45.70586968908747], [-73.47455792152533, 45.706805625373384], [-73.47535384522743, 45.70757963706965], [-73.47635589477918, 45.70690499079546], [-73.47837266361388, 45.70581661922173], [-73.4809416026049, 45.704665318504404], [-73.48354890207396, 45.703720921919604], [-73.48473137601393, 45.703344141612575], [-73.48642450455495, 45.70284090817437], [-73.48892116102341, 45.7023404306785], [-73.48919976964298, 45.70229989385303], [-73.49007301315261, 45.702344963639504], [-73.49077926828826, 45.702659956836214], [-73.49117730567544, 45.70307390151668], [-73.49143408605158, 45.70347883616374], [-73.49184497245528, 45.70391977375857], [-73.49228154517667, 45.7043967040266], [-73.49293643574451, 45.70497262551214], [-73.49345011444561, 45.70517061454956], [-73.4944133015876, 45.70524265059144], [-73.49682772805836, 45.704954803602895], [-73.4973414339822, 45.70486483560253], [-73.49960172021298, 45.70450494139033], [-73.50039347877687, 45.70437886166645], [-73.50345650068797, 45.70365967912352], [-73.5076749955472, 45.70255043720311], [-73.51287264716379, 45.701272835765124], [-73.51415433464513, 45.700962128559866], [-73.51666204582507, 45.70064475609189], [-73.51910139122826, 45.69995730139104], [-73.52148491415383, 45.698871870370795], [-73.52309848539322, 45.69788319650574], [-73.52515186258158, 45.69619482294663], [-73.52665490924666, 45.69426563663081], [-73.5276445275242, 45.69255361177841], [-73.52834038178689, 45.69076929889641], [-73.52896279231119, 45.688960882153864], [-73.52954889863375, 45.687465908406715], [-73.5301717134169, 45.68635652878712], [-73.53101489254756, 45.68529549954931], [-73.53251750473916, 45.684017311262416], [-73.53420371861249, 45.68266660763089], [-73.53603608845044, 45.68100248665895], [-73.53733715515793, 45.679832645041415], [-73.53865657804879, 45.67879551930069], [-73.54041584103703, 45.67770989879718], [-73.54243148805584, 45.67679297765693], [-73.5443744857484, 45.6760688075601], [-73.54629899323682, 45.675453320362585], [-73.54868187821634, 45.67482545786614], [-73.55036808181264, 45.67443902803445], [-73.55209070641034, 45.67373903109918], [-73.5541793774568, 45.67270128256199], [-73.555718085833, 45.671543177197606], [-73.55696401629149, 45.67069872120321], [-73.55875935890118, 45.66946818464104], [-73.56150680992162, 45.6676343550992], [-73.56344832602137, 45.66628316817458], [-73.56590317121989, 45.66505205933918], [-73.5689444792115, 45.66394113143295], [-73.57202207310947, 45.662661459227756], [-73.57429299072466, 45.661237434333756], [-73.57791964814602, 45.659499011825744], [-73.58094181246436, 45.65811069718975], [-73.58478800722123, 45.65673357128382], [-73.58768140106373, 45.655164201583915], [-73.5907207980465, 45.65340179306025], [-73.59368687860736, 45.65183220989178], [-73.59694599708017, 45.65011760096932], [-73.59928922327124, 45.64893427978713], [-73.60097360350949, 45.64816122400324], [-73.60243915658744, 45.64782236437003], [-73.60441701458944, 45.64733831244045], [-73.60665123694693, 45.64651652397016], [-73.60877446376796, 45.64540547723076], [-73.61111701561435, 45.6440530896305], [-73.61360533545796, 45.64226639556723], [-73.6163129246039, 45.640214400228494], [-73.61874581336065, 45.63843970791372], [-73.62119625116887, 45.636387773357974], [-73.62373863752568, 45.63441991650521], [-73.62463535795249, 45.633682722805304], [-73.62067938199229, 45.62986192171864], [-73.62045861577782, 45.629648679607506], [-73.61978523183865, 45.62899823734811], [-73.61966848446532, 45.62888891343745], [-73.61925823178258, 45.62850584552992], [-73.61905984747503, 45.628320608901745], [-73.6185320384474, 45.627827766364355], [-73.61840314879974, 45.62770741244659], [-73.61786285609675, 45.627196846854275], [-73.61694143057233, 45.62632579538358], [-73.61652839506101, 45.62593672738454], [-73.61151510201142, 45.62118325259194], [-73.61013439564981, 45.619927478345396], [-73.61001502181676, 45.61981890264069], [-73.60978085009728, 45.619599312358226], [-73.60586076199682, 45.61591156831495], [-73.60478891142724, 45.61490595606537], [-73.60335085661416, 45.613556710666394], [-73.60311002395635, 45.61333082953049], [-73.60308267703415, 45.61330517754869], [-73.60279719114781, 45.61303740714238], [-73.60278885271403, 45.61302958510753], [-73.60244661604935, 45.61270857830682], [-73.60232376401291, 45.61259786222337], [-73.60141870180655, 45.61290269877405], [-73.60126484623963, 45.61295502778245], [-73.60111156391653, 45.61300817769392], [-73.60095886343252, 45.61306214410954], [-73.60080675260826, 45.61311692702457], [-73.60065524160436, 45.613172522038965], [-73.60050433980683, 45.61322892914659], [-73.60035405423844, 45.61328613955639], [-73.60020439506798, 45.61334415326186], [-73.60005536932633, 45.61340296586555], [-73.5999069879651, 45.613462577360465], [-73.59975925721723, 45.61352297456242], [-73.59961218883275, 45.61358416625135], [-73.59946578826232, 45.613646139243556], [-73.5993200649007, 45.613708897927395], [-73.59917502655426, 45.61377243351121], [-73.59903068416767, 45.613836741594426], [-73.598887043998, 45.613901822174235], [-73.59874411541728, 45.61396766645793], [-73.59860190624795, 45.61403427444113], [-73.59846042431258, 45.6141016461199], [-73.59831966700665, 45.61416977171099], [-73.59816850778627, 45.61424418501876], [-73.59801818089848, 45.6143194926167], [-73.59786870239708, 45.61439568760128], [-73.59772008818034, 45.61447276288021], [-73.59757235398544, 45.61455071117513], [-73.59742551538294, 45.61462952502333], [-73.59727958777125, 45.61470919678038], [-73.59713458637142, 45.614789718622625], [-73.59699052622173, 45.61487108254924], [-73.59684742217244, 45.6149532803859], [-73.59670528888086, 45.615036303786475], [-73.59656414080622, 45.61512014423642], [-73.59642399220483, 45.61520479305541], [-73.59628485712521, 45.61529024140064], [-73.5961467494035, 45.61537648026963], [-73.59600968265882, 45.61546350050371], [-73.59587367028875, 45.615551292790535], [-73.59573872546511, 45.61563984766827], [-73.59560486112966, 45.61572915552856], [-73.59547208998998, 45.61581920661997], [-73.59472539096075, 45.61632983750608], [-73.5900558077571, 45.61952281649164], [-73.58708100604484, 45.621556643445395], [-73.58299265570355, 45.624351452340385], [-73.58094160787269, 45.62575338008289], [-73.57923996876433, 45.626916487752204], [-73.57762380234566, 45.628021673542776], [-73.57698778544056, 45.62845559200936], [-73.5740061791279, 45.63049309128918], [-73.56834116676959, 45.63420542705064]]]]}}, {"type": "Feature", "properties": {"NOM": "Ahuntsic-Cartierville"}, "geometry": {"type": "MultiPolygon", "coordinates": [[[[-73.65430295698576, 45.58363166827647], [-73.65431799349658, 45.583602459110246], [-73.65432910505504, 45.58358087426655], [-73.65435466066246, 45.58355384482908], [-73.65444416677818, 45.583481737427846], [-73.654507796327, 45.58331968191889], [-73.65463557309891, 45.5831845344686], [-73.65476302785082, 45.58293240935153], [-73.65481389072116, 45.58278836756056], [-73.6549156404318, 45.582509282172516], [-73.6549281827345, 45.58241028380592], [-73.65510691683227, 45.58216699613749], [-73.65522155302064, 45.581914978750106], [-73.65528550105233, 45.58186990031166], [-73.65541354576767, 45.58183373296164], [-73.65550297327599, 45.58173462989671], [-73.65551534047911, 45.58157264354438], [-73.65557948670974, 45.58159955112199], [-73.6556435335492, 45.58159046557256], [-73.65577150274846, 45.581527303002325], [-73.65619360170614, 45.58124768826202], [-73.65632166939348, 45.581220518165935], [-73.65652647267235, 45.581139343849216], [-73.65666735418094, 45.58111215580698], [-73.65694899143324, 45.58101278783621], [-73.65710253604655, 45.580931592012675], [-73.65760108095142, 45.580498986529115], [-73.6580103998274, 45.58023747015552], [-73.65815105099898, 45.58012929581784], [-73.65834252757215, 45.57986807961115], [-73.65834237581622, 45.57981408996517], [-73.65831662150835, 45.579769134112446], [-73.65822669658392, 45.57968827391378], [-73.65825219800172, 45.57964324704134], [-73.65831636862427, 45.57967915136706], [-73.65831621689442, 45.57962516171921], [-73.65838036223849, 45.57965206773445], [-73.65845752403294, 45.57975094213616], [-73.65845767589887, 45.57980493178244], [-73.65848343033569, 45.57984988760291], [-73.65854747471387, 45.5798408004259], [-73.65868789573449, 45.579651640952285], [-73.65884135801402, 45.57954344795673], [-73.65896934436647, 45.579489280067236], [-73.65907160088886, 45.579399063741356], [-73.65909710150052, 45.579354036679185], [-73.65909692386812, 45.579291139637995], [-73.65901978698487, 45.5792012639359], [-73.65905810133145, 45.579156219043305], [-73.6591861374497, 45.579120047458986], [-73.6594035387659, 45.57896677302946], [-73.65953157423104, 45.57893060105765], [-73.65968516045788, 45.57886739829637], [-73.65973631326615, 45.57883133353784], [-73.65990230403273, 45.57862414015846], [-73.66004248741164, 45.57835399450636], [-73.66015755399441, 45.578263850126035], [-73.66018272061929, 45.5781018452239], [-73.6600284469059, 45.577922095195014], [-73.66005394608688, 45.5778770679095], [-73.66020760562314, 45.577840859269074], [-73.66051466772404, 45.5776784586009], [-73.66064257125622, 45.5775972939963], [-73.66073200826266, 45.57750709418016], [-73.66077011492318, 45.57739015336919], [-73.66078215789987, 45.57712018701501], [-73.66067852216752, 45.576724407011945], [-73.66067803431322, 45.57655334884011], [-73.66070337861669, 45.57645442261122], [-73.66062611479842, 45.57631955655302], [-73.66060041157498, 45.5762925977458], [-73.66060012942401, 45.57619361667639], [-73.66066416930269, 45.57618452831295], [-73.66072813214934, 45.5761484450763], [-73.66084316744951, 45.576049301698696], [-73.66088129833672, 45.575941268219104], [-73.66107287668312, 45.575725038678854], [-73.66113652992395, 45.57558097585437], [-73.66117484012211, 45.57553593022882], [-73.66125099677606, 45.57528386989576], [-73.66121222336426, 45.575166946502414], [-73.66117365603887, 45.57512200933819], [-73.66116101136262, 45.575001087975494], [-73.66143426222354, 45.57505866319905], [-73.66138971756308, 45.57515919928884], [-73.66153305492526, 45.57518941215073], [-73.66157759935354, 45.57508887600579], [-73.66172907838285, 45.57512080327807], [-73.66158454489911, 45.57542737125549], [-73.66182735916617, 45.5754997523366], [-73.66177707496678, 45.575544077276994], [-73.66176444285526, 45.5756070833784], [-73.66179058559591, 45.575787012675725], [-73.66171450816672, 45.57606606818029], [-73.66172776035548, 45.576219020779284], [-73.66170241821693, 45.57631803811953], [-73.66161352618144, 45.57659702078617], [-73.66149882670629, 45.576813233423955], [-73.66143527614531, 45.57699328952987], [-73.66143548241871, 45.577065275749256], [-73.66146123797148, 45.57711023091851], [-73.66151264601392, 45.57716414812976], [-73.66164096001306, 45.577226954838146], [-73.66165392827084, 45.57728092636892], [-73.66160290715352, 45.577361983376726], [-73.66139889855557, 45.577713205999274], [-73.66137396757554, 45.57795619565994], [-73.66129742144506, 45.57807328182477], [-73.66099095062711, 45.57844255404055], [-73.6608118684489, 45.57855087689608], [-73.66062035648642, 45.57879410073054], [-73.6606078506304, 45.57890209804511], [-73.66068532329338, 45.57910895024599], [-73.66060890244133, 45.579271027301104], [-73.6603407088751, 45.579586344897336], [-73.6601748192384, 45.57982953197476], [-73.66003430052173, 45.579982700170596], [-73.65994513925686, 45.58017178953066], [-73.65980466985918, 45.58034286310003], [-73.6596768101645, 45.58044211416552], [-73.65952324512158, 45.58051431517663], [-73.65938254471138, 45.580604494648895], [-73.65906254762903, 45.58073091696878], [-73.65875541399751, 45.58087531712952], [-73.65846116893496, 45.581046693505954], [-73.65793606370895, 45.58114640206346], [-73.65759045668379, 45.58128176307514], [-73.65753932569804, 45.581326916016934], [-73.65746294310414, 45.581506987464515], [-73.65724585326112, 45.5817772356865], [-73.65716909251593, 45.581822332851665], [-73.65715655428049, 45.58192133146904], [-73.65696426286456, 45.58189460092357], [-73.6569131055018, 45.58193066442743], [-73.65688762704433, 45.58198468925721], [-73.6568493591545, 45.58204772994722], [-73.65691345642927, 45.58205664022916], [-73.65695202512285, 45.58210157877512], [-73.6569011683382, 45.582245621527306], [-73.65688867966483, 45.58236261665061], [-73.65681209318981, 45.58247070146877], [-73.65687626612254, 45.58250660658266], [-73.65695305310672, 45.58247050788883], [-73.65700363406967, 45.5822274841375], [-73.65708027003343, 45.58213739572977], [-73.65714421682688, 45.58209231625424], [-73.65722110353676, 45.58209221046388], [-73.65727248696172, 45.58213713126425], [-73.65733655927056, 45.582137043037186], [-73.6577201112855, 45.58182157342744], [-73.65882011911447, 45.58110018488042], [-73.65902484187913, 45.58099192038919], [-73.6592553448437, 45.580937609438706], [-73.65949871249444, 45.58090127667711], [-73.65947326245553, 45.58096430036135], [-73.65928125309875, 45.5810365547013], [-73.65930700875808, 45.58108151032473], [-73.65956306376518, 45.58100016819582], [-73.65970368833925, 45.580882993690345], [-73.65989564554613, 45.58079274209549], [-73.66042064148236, 45.5806570314451], [-73.66053576344042, 45.58058488325924], [-73.6606377374351, 45.58039577543568], [-73.66071433916504, 45.58029659541716], [-73.66089335048945, 45.580161459687105], [-73.66102100189555, 45.57999031195843], [-73.66114893567745, 45.57991814508675], [-73.66118699133527, 45.57978311675632], [-73.66144182570648, 45.57927885155089], [-73.66145451056926, 45.57923384207198], [-73.66142872826124, 45.57917988864529], [-73.66142852198129, 45.57910790245265], [-73.66149217811046, 45.57896383951169], [-73.66165831772932, 45.57881063324126], [-73.661696578044, 45.57874759091471], [-73.66182440474945, 45.578639430177034], [-73.66188836963404, 45.578603346303524], [-73.66191412625449, 45.578648301357056], [-73.66197816870842, 45.57863921225741], [-73.66200366665284, 45.57859418454405], [-73.66206760548452, 45.578549102295376], [-73.66215688657056, 45.578405002612904], [-73.66216954476438, 45.57835099477383], [-73.6621693634463, 45.57828800684843], [-73.66210511428444, 45.57822510985383], [-73.66210485536286, 45.57813512710078], [-73.66236032241115, 45.5778558166203], [-73.66264169952166, 45.577675450111315], [-73.6628590595795, 45.5775130799286], [-73.66315329912723, 45.5773507813205], [-73.66334505614607, 45.57719753596353], [-73.66342183174592, 45.57716143290369], [-73.66348595060008, 45.57717933778796], [-73.6635499388847, 45.57715225125489], [-73.6637414587765, 45.57691802074074], [-73.66395883919424, 45.57676473761164], [-73.66421408102458, 45.5764134367224], [-73.66444350967939, 45.575999184193535], [-73.66464767717719, 45.57571094400976], [-73.66474989170501, 45.57561181516779], [-73.66486476084062, 45.57545867807246], [-73.66491590723791, 45.57542261098195], [-73.6649794976095, 45.5752605494653], [-73.66504350935584, 45.57524246036918], [-73.66509462907563, 45.57519739491902], [-73.66513277760772, 45.575098358295165], [-73.6653244159706, 45.574909116456986], [-73.66547753518854, 45.57469284425856], [-73.66554149352113, 45.574656849206676], [-73.66578408861999, 45.57436855123124], [-73.66587316816532, 45.57416146060146], [-73.6659114736101, 45.57411641338284], [-73.66597545725038, 45.57408932548308], [-73.66597479414158, 45.574081695872394], [-73.66599102162111, 45.57405698090819], [-73.66598596200879, 45.57402396443054], [-73.66600401421691, 45.57398497547944], [-73.66603203090929, 45.57395298173359], [-73.66605697053707, 45.57391596239338], [-73.6660750192216, 45.573871024646806], [-73.66608201143417, 45.57383898046614], [-73.66609696061953, 45.57382096209357], [-73.66610795299454, 45.57378503471917], [-73.66607801195664, 45.57370400339635], [-73.66604495021572, 45.573637004980384], [-73.66602904482197, 45.57361705092936], [-73.66601799836629, 45.57359897226315], [-73.66600197803656, 45.57358000909022], [-73.66594697940384, 45.573531048156866], [-73.66589898079678, 45.57345003401529], [-73.66588094603863, 45.57342702450647], [-73.66586300595486, 45.57340004569847], [-73.66584404606364, 45.57338396713282], [-73.66581903041993, 45.57335898811795], [-73.66579900318956, 45.5733420103621], [-73.66575099412805, 45.57329303018944], [-73.66569799249115, 45.57324199662265], [-73.66563800441726, 45.57318097602755], [-73.66561501146872, 45.57316103219368], [-73.66560797087755, 45.57313700878758], [-73.66558501764713, 45.57309699953597], [-73.66552605206034, 45.57302499944778], [-73.66549803745136, 45.572986976242134], [-73.665462965574, 45.57295498492749], [-73.66543597130217, 45.57290400354682], [-73.66538803030619, 45.57287797783484], [-73.66529605329295, 45.57283104074428], [-73.66520297849056, 45.57280903951321], [-73.66512494806739, 45.572794035151205], [-73.665025008185, 45.5727710448844], [-73.6649210395372, 45.572778041850874], [-73.66481199044073, 45.5727809896096], [-73.66478694940795, 45.572783005364606], [-73.66476603394102, 45.57278501426399], [-73.66458398821223, 45.572800034832525], [-73.66453401182817, 45.57280604571542], [-73.66444800431837, 45.572812018466955], [-73.66437596957593, 45.57282399992389], [-73.66430904238382, 45.572851990999695], [-73.66425295699698, 45.572858010546085], [-73.66417903647462, 45.57287801209367], [-73.66412899265707, 45.57289697957776], [-73.66405602557582, 45.572914001231716], [-73.66399702737513, 45.57294099182173], [-73.66396602418455, 45.572963991040446], [-73.66394196181456, 45.57297698315623], [-73.66392595897227, 45.57299896202234], [-73.6639049718116, 45.573012039700586], [-73.66364904092883, 45.57338704267096], [-73.66349499570089, 45.57354502178075], [-73.66346401518071, 45.573576020334194], [-73.66339598890804, 45.57362399771111], [-73.66336203998654, 45.57365203103687], [-73.66333000419235, 45.57368500979286], [-73.66331094447999, 45.573708982468915], [-73.66328297168769, 45.57379198695666], [-73.66325898991572, 45.573832971681895], [-73.66323296763592, 45.57386000382475], [-73.66322004087492, 45.573882968907974], [-73.66316500564508, 45.57392903793564], [-73.66313902524344, 45.5739710072059], [-73.66311698972694, 45.573989044307844], [-73.66307304145585, 45.574033018847324], [-73.66306602384081, 45.574052015317], [-73.66306302248867, 45.57407703492679], [-73.66304800630606, 45.57410900938909], [-73.6630330516216, 45.57412504773949], [-73.66300696267938, 45.574133993304535], [-73.66299599108739, 45.57417604010501], [-73.66297496688136, 45.57421197339114], [-73.66294303074444, 45.57424504277616], [-73.66293200421916, 45.57426900302828], [-73.66288194441117, 45.574318025266734], [-73.66286402263061, 45.57433199821177], [-73.66284497706297, 45.57436100894546], [-73.66283194483539, 45.57438703266139], [-73.66281299137675, 45.574408024857], [-73.66280701431943, 45.57442801054127], [-73.66278796691539, 45.57445197231139], [-73.66275104041691, 45.574514032334356], [-73.66274201961228, 45.57453600108124], [-73.66271598637631, 45.57455899377382], [-73.66268902097265, 45.574591965122515], [-73.66262895556717, 45.57468996224211], [-73.6626010190554, 45.57471501733215], [-73.66258200031437, 45.57474897615664], [-73.66257698409795, 45.57476896046019], [-73.66256604551184, 45.574787962476734], [-73.66254801730793, 45.57480598476529], [-73.66253604832882, 45.57483201593084], [-73.66253600916392, 45.57485397188084], [-73.66253395165332, 45.57487404015596], [-73.66252100087155, 45.5748919661325], [-73.66249705137943, 45.57490495777889], [-73.66248545070147, 45.5749080993953], [-73.66240630037268, 45.574988956546996], [-73.6611118390447, 45.574716117660564], [-73.66112251726071, 45.574692822153146], [-73.66120106703404, 45.574700712641764], [-73.66123117351889, 45.574632277541525], [-73.66125875176249, 45.574569590527524], [-73.6612754624621, 45.574535661275775], [-73.66132267957782, 45.5744397049321], [-73.6613701427016, 45.574343805808994], [-73.66138618978404, 45.57431084659607], [-73.66141455425216, 45.57424721360673], [-73.66145715940395, 45.57415163534966], [-73.66149989175632, 45.5740557842461], [-73.66153968882077, 45.57395956834471], [-73.6615794857497, 45.57386335242801], [-73.66161194059492, 45.57378489156805], [-73.66161910818397, 45.57376709894967], [-73.66165795865761, 45.57367066838172], [-73.66169680772259, 45.57357423960059], [-73.66171819202755, 45.57352116423749], [-73.66173343351264, 45.57347730644704], [-73.66176733729222, 45.573379750851544], [-73.66180911199187, 45.573259552421895], [-73.661824327884, 45.57320326347461], [-73.66184336491042, 45.57312037997543], [-73.6618684783716, 45.573011025601986], [-73.66188663706262, 45.572931962224416], [-73.66189004396257, 45.572910138269194], [-73.66190527167176, 45.57281254070101], [-73.66192867758869, 45.57265925712693], [-73.66193061130487, 45.57261077683238], [-73.66193688053926, 45.57245345749855], [-73.66193920176522, 45.5722143760101], [-73.66175503529293, 45.57212759256755], [-73.66175788727688, 45.57202404124215], [-73.66175883930715, 45.57199952306653], [-73.66192318339154, 45.57144643511815], [-73.66191707420424, 45.57139903701391], [-73.66192946976913, 45.57133970070026], [-73.66197498013668, 45.57123162211173], [-73.66209682652057, 45.570993384243984], [-73.66216486018466, 45.57087122722833], [-73.66219909856841, 45.57082751335479], [-73.66224728334365, 45.57077646402661], [-73.66230394086243, 45.5707264122521], [-73.66235757726852, 45.570689712856456], [-73.66255072138516, 45.570546518709044], [-73.66257055519877, 45.57052378321416], [-73.66250556335497, 45.57045899236925], [-73.66246624589147, 45.5701531052599], [-73.6624655454457, 45.5699101514829], [-73.66256679286789, 45.56947808782309], [-73.66255382555255, 45.569424116320576], [-73.66255333239214, 45.569253148827805], [-73.66264207817845, 45.56892908276101], [-73.6629479139367, 45.56836175231475], [-73.66358727868426, 45.56794691544626], [-73.66353436265541, 45.56737109817368], [-73.66343090837593, 45.567038308037915], [-73.66319853808811, 45.56642675378892], [-73.66337601241187, 45.56577862026743], [-73.66343910062815, 45.56544559174246], [-73.66350281459026, 45.565328522248706], [-73.66388558993738, 45.56479707211751], [-73.66419207213234, 45.56446360279841], [-73.66434543033654, 45.564337496482366], [-73.66444775609347, 45.56428335922187], [-73.66499776025265, 45.563994619446795], [-73.66518967787869, 45.563913357076835], [-73.66562472613086, 45.563741758791586], [-73.66576569206788, 45.563759550995435], [-73.66591938891072, 45.563750329530706], [-73.66611146348495, 45.56372305539044], [-73.6663035378724, 45.56369578092735], [-73.66664949477747, 45.563722271768256], [-73.6667903278501, 45.56369507122687], [-73.66699502544846, 45.563604788824186], [-73.6671356976977, 45.56352350719698], [-73.66723793946667, 45.56344246342928], [-73.66736593463744, 45.563406282635015], [-73.66741706851522, 45.56337021436599], [-73.66846519074291, 45.562594725705964], [-73.66910447676545, 45.5621889468692], [-73.66944977650729, 45.561999470108596], [-73.67007610288259, 45.56154862243882], [-73.67049773669092, 45.56118806037797], [-73.67063842536975, 45.561115863600115], [-73.67076624951225, 45.56102568920109], [-73.67114955528902, 45.560701084465194], [-73.67141811891493, 45.56055679922916], [-73.67169918891811, 45.560313421934765], [-73.67191648373958, 45.56016012334007], [-73.67277160088778, 45.559142020668396], [-73.67303962759394, 45.55882658211629], [-73.67325627727098, 45.558466410900735], [-73.67333263369416, 45.55830432488675], [-73.67338334401305, 45.55813327940115], [-73.67365069759542, 45.55760197099575], [-73.67373969417412, 45.55738587539996], [-73.67379023600986, 45.5571608398902], [-73.67386642263831, 45.556944763666465], [-73.67387834329702, 45.55665679845236], [-73.67390359978785, 45.55653978150512], [-73.67390176793765, 45.55594589340324], [-73.67399051103888, 45.55564881280557], [-73.6740670838045, 45.555558712674426], [-73.67420711440133, 45.55527955042367], [-73.67447486444111, 45.55488321445359], [-73.67455163039803, 45.554856102133854], [-73.67464098154956, 45.55475698372997], [-73.67474261072304, 45.554486877833895], [-73.67485738189855, 45.55432473191839], [-73.67492133878953, 45.55429763895336], [-73.67517680230203, 45.5540722887398], [-73.67539372775298, 45.55381100372012], [-73.67564921520679, 45.5535946507448], [-73.67568747086575, 45.55354060180964], [-73.67585352517986, 45.55339637268667], [-73.67607050109655, 45.553153082976266], [-73.67632601111433, 45.55294572677936], [-73.67636426568545, 45.55289167761302], [-73.67649200571462, 45.5527835001005], [-73.67674711762982, 45.552450166624645], [-73.67696383189823, 45.5521258904019], [-73.67711687334406, 45.55191869108848], [-73.6773851248464, 45.55169331601321], [-73.67788305721558, 45.55119763223915], [-73.67804892855119, 45.55099941001915], [-73.67830447845046, 45.55081004596628], [-73.67864924972432, 45.550485475617606], [-73.67876420151039, 45.550386404756146], [-73.67899424610394, 45.55023307247522], [-73.67909641788617, 45.55014292877239], [-73.67919830339885, 45.54996280185844], [-73.67924907429823, 45.549818748493074], [-73.67932474372466, 45.54944969708287], [-73.67933723596757, 45.54935069553741], [-73.67931122141493, 45.54922475936456], [-73.67923403642618, 45.5491169001972], [-73.67914418773891, 45.54905405262704], [-73.67910542401377, 45.54894613311042], [-73.67923309266334, 45.54881995585175], [-73.67924572793396, 45.54876594587455], [-73.67921997122697, 45.54872099449291], [-73.67925824877032, 45.54867594263981], [-73.67932236881741, 45.548702837080356], [-73.6793863458106, 45.54868473991552], [-73.67943743002981, 45.548639667890626], [-73.67947607962813, 45.548711594044754], [-73.67956598544113, 45.548792437985156], [-73.6796429126412, 45.5488193121129], [-73.67983507314047, 45.54883700648106], [-73.67989919364503, 45.548863900596366], [-73.68000196465229, 45.548962720647296], [-73.68002775081867, 45.54901667016262], [-73.68000228058932, 45.549061702090825], [-73.6799511964411, 45.549106774364866], [-73.67987446961105, 45.54914288863757], [-73.67982341398036, 45.549196959166935], [-73.67979808695289, 45.54928698261226], [-73.67986243754883, 45.54938586324621], [-73.67992655869126, 45.5494127573426], [-73.68014430658121, 45.549421412526634], [-73.68083548115837, 45.54929434346758], [-73.68137311388863, 45.54921250589907], [-73.68210255862938, 45.54904037660858], [-73.68244822908586, 45.54900383161576], [-73.68284501001244, 45.548931210346396], [-73.68333152583389, 45.548885438796304], [-73.68374105301467, 45.54879479723893], [-73.68389470605861, 45.54878555163315], [-73.68409982149747, 45.54884820976506], [-73.68421531854361, 45.54892001044071], [-73.68435619437354, 45.54891978317681], [-73.68442031712048, 45.54894667475048], [-73.68469002821769, 45.54918019632567], [-73.6848182157023, 45.549215982437566], [-73.68517701742292, 45.54927838988102], [-73.68562546885218, 45.54934065055587], [-73.68574073174555, 45.54934046320153], [-73.68604798070942, 45.549303969783054], [-73.68621435259045, 45.549267705268974], [-73.68635505086016, 45.549213485681534], [-73.6865982044296, 45.549159098609145], [-73.68713543924403, 45.54896025590957], [-73.68740393561862, 45.548824840373534], [-73.68776168880063, 45.54857220798103], [-73.68815734927253, 45.548166721679095], [-73.68825953268639, 45.548085568087636], [-73.68854010688084, 45.54773416930936], [-73.68865512536061, 45.547661901650315], [-73.68874474147856, 45.547652755256095], [-73.68902663783804, 45.54769737182901], [-73.68914189735044, 45.54769718104811], [-73.69024262852987, 45.54750638765423], [-73.69030657027865, 45.5474792860673], [-73.69066491064106, 45.54740670164849], [-73.69090814361972, 45.547379300334676], [-73.69135606715894, 45.54728856727795], [-73.69162497345928, 45.54727911815081], [-73.69190677803839, 45.54729664180651], [-73.69202197543726, 45.54727845150169], [-73.69229063612907, 45.54719701433061], [-73.69244425267624, 45.547178758922264], [-73.69264915655023, 45.54717841354862], [-73.69279015100173, 45.547214169128544], [-73.69284137700167, 45.547214082664425], [-73.69296959594429, 45.547258857949714], [-73.69316206342731, 45.547366512996874], [-73.69325177083513, 45.54738435799504], [-73.69339267361215, 45.547393117902246], [-73.69373838836908, 45.54737453538098], [-73.69417381057508, 45.54737379608745], [-73.69467345180219, 45.547426935878875], [-73.69490393854657, 45.547417544499794], [-73.695364693603, 45.54733577219267], [-73.69568460696416, 45.5472632377369], [-73.69588929232344, 45.547199898396826], [-73.69696437785615, 45.54700908418933], [-73.69741222563886, 45.54690033078617], [-73.6976555477156, 45.546899910034114], [-73.69812944865177, 45.546917085801354], [-73.69846216246935, 45.54684452135941], [-73.69937059061739, 45.546608982098654], [-73.69962630371401, 45.54649155681133], [-73.6997926903821, 45.54646427083939], [-73.69989517286945, 45.5464730899169], [-73.70007449335752, 45.54648177435123], [-73.70049761400234, 45.54662500629573], [-73.70058719451724, 45.54660685230944], [-73.70081729240324, 45.54648946933145], [-73.70109822952402, 45.54626401604839], [-73.70112358537071, 45.54619198450592], [-73.70108497409176, 45.54613806230124], [-73.70111042615831, 45.546093025680136], [-73.70123810326753, 45.545984820473805], [-73.70136606902942, 45.5459575998844], [-73.70164783777565, 45.545966101213416], [-73.70189112354828, 45.54595667313985], [-73.70199350875332, 45.545938495417545], [-73.70240224160688, 45.545640825949974], [-73.70246601386653, 45.5455687260282], [-73.70258046093012, 45.54534356402429], [-73.70264429728714, 45.545289460614356], [-73.70268245676323, 45.545217405999864], [-73.7026821657382, 45.545136421235064], [-73.70263058604999, 45.545037530727754], [-73.70237382002333, 45.54485792771292], [-73.7023864645382, 45.54481291348603], [-73.70248862169998, 45.544731838047106], [-73.70264206654133, 45.5446685773943], [-73.70275735211787, 45.54467737119432], [-73.70291131446147, 45.5447580831063], [-73.70302669743387, 45.54479387155699], [-73.70314198299789, 45.544802574085196], [-73.70325723649715, 45.54480236907242], [-73.70350041989907, 45.54476603353926], [-73.70361547841404, 45.544711838320744], [-73.70380711205408, 45.54458551946878], [-73.70394732614969, 45.54440530191102], [-73.70419014872878, 45.54426989264218], [-73.70504712473134, 45.543989408254305], [-73.70555991254675, 45.544141458891175], [-73.70564948747655, 45.54412330093688], [-73.70577711858573, 45.544006092335486], [-73.70595616924564, 45.54394278109432], [-73.70621185651099, 45.54382534105524], [-73.70639100488599, 45.54378902405451], [-73.7066598588904, 45.54377054125574], [-73.7068134283962, 45.54374326823069], [-73.70691574196415, 45.54370708948511], [-73.70704346858851, 45.543616874388356], [-73.70719644250923, 45.54342763131652], [-73.70728551974827, 45.54327449746681], [-73.70734901846446, 45.54313040834254], [-73.70737416643561, 45.54300438554162], [-73.70748875422247, 45.5428242101038], [-73.70753984375607, 45.542788123822504], [-73.70775607869487, 45.54239180253965], [-73.70786174202914, 45.5422891513297], [-73.70786563164646, 45.542291593570404], [-73.70927472779016, 45.54317631034483], [-73.70943694958531, 45.54301759227559], [-73.71016560026484, 45.54212416116054], [-73.71107674193162, 45.54123038730249], [-73.7119886844749, 45.540529456761035], [-73.71332135681246, 45.539875970629524], [-73.714928378589, 45.53924598227802], [-73.71613335309361, 45.538689174957966], [-73.71755927978121, 45.53846958572496], [-73.71891256813942, 45.53839455623295], [-73.7201192834832, 45.53827173741155], [-73.72128817575596, 45.53793191848893], [-73.72234689685655, 45.537351121279485], [-73.7240259981445, 45.53643171763989], [-73.72537564654695, 45.53551275786653], [-73.72621444847708, 45.53481194819919], [-73.7267608484505, 45.53428044806063], [-73.72745321232857, 45.533676212336395], [-73.72799997691635, 45.533241178909414], [-73.7288028515674, 45.53273318594974], [-73.72978809639113, 45.532200882190736], [-73.73084759439924, 45.531909240957916], [-73.73241864825481, 45.531520256682164], [-73.73435580284693, 45.53113059026317], [-73.73647408781954, 45.530451190981395], [-73.73811631087676, 45.52960382970351], [-73.73986739057926, 45.528466979074395], [-73.7412527125957, 45.527451374597746], [-73.74209005641487, 45.526533386656254], [-73.74263581328783, 45.52585710526241], [-73.74314304887373, 45.524771075690815], [-73.74401498080903, 45.52341905628198], [-73.74474147070602, 45.52228422376417], [-73.74572428070314, 45.52126951469605], [-73.74663462766848, 45.520399484934515], [-73.74761927735601, 45.51974643716072], [-73.74867802483638, 45.51933421934969], [-73.74973750675363, 45.51913896506244], [-73.75105365010755, 45.5190637256942], [-73.75255276763673, 45.51906042115879], [-73.75357623620705, 45.51893765164509], [-73.75463536465168, 45.518645880778664], [-73.75587625049724, 45.51813671898308], [-73.75700665236442, 45.51743493569188], [-73.75813591553249, 45.51646784716726], [-73.75919110977433, 45.515380594930264], [-73.75969902895326, 45.514487341370085], [-73.76031795031088, 45.513858954601844], [-73.76122873883371, 45.513181929473376], [-73.76246887273419, 45.51250386898605], [-73.76354384823149, 45.51197898454234], [-73.76363221647145, 45.51193576549648], [-73.76368126824056, 45.51191182647203], [-73.7636906258501, 45.5119072596179], [-73.75851296927083, 45.50861171590653], [-73.75840015850233, 45.50853960590298], [-73.75805575320221, 45.50832037125454], [-73.75785140758254, 45.50819029405061], [-73.75548197959269, 45.50668194934126], [-73.75517296632617, 45.50648522389189], [-73.7541077934356, 45.506869732678595], [-73.7488341188601, 45.5087732214271], [-73.74877844173449, 45.50879331673504], [-73.74872275207137, 45.50881341204305], [-73.74734043067697, 45.509312284558796], [-73.74585149321955, 45.50984960870855], [-73.74239923052782, 45.511095622613475], [-73.74185825886491, 45.511290525268244], [-73.74092434914125, 45.511627483364116], [-73.74040621831271, 45.511814426575754], [-73.73878647440571, 45.51239886773085], [-73.73554708638231, 45.513567825740324], [-73.73498124549717, 45.51377200466334], [-73.73421024805039, 45.514050197023785], [-73.73276609098049, 45.514571265051174], [-73.73254337392149, 45.51465161911904], [-73.73206145671783, 45.514825489069565], [-73.73188743763276, 45.514888277733355], [-73.73171351799093, 45.51495102638591], [-73.73153958546256, 45.51501377479907], [-73.73136566504601, 45.51507652292205], [-73.73119122889592, 45.515138568822344], [-73.73101782306884, 45.51520202276752], [-73.73084390147227, 45.51526476570259], [-73.73066996700707, 45.51532751279186], [-73.7304964440563, 45.51539011818506], [-73.73032292071991, 45.51545272331478], [-73.73014938448077, 45.51551532381247], [-73.72997586037322, 45.51557792841504], [-73.72980232338075, 45.51564053277922], [-73.72962879848416, 45.515703132461], [-73.72945527321987, 45.515765736272954], [-73.72928173507061, 45.51582833984654], [-73.72911005623298, 45.515890271575714], [-73.72893838951735, 45.5159522030219], [-73.72876486270117, 45.516014801391584], [-73.72859170006394, 45.51607791283759], [-73.72851300288188, 45.51610565868277], [-73.72882610756788, 45.516300945057324], [-73.7293955858091, 45.5166572612014], [-73.7296234468048, 45.516799833291614], [-73.73000972158977, 45.51704151233392], [-73.73027234872986, 45.51720582810273], [-73.73045913487321, 45.517322694361305], [-73.73066025823306, 45.51744852977159], [-73.73087895222034, 45.51758535324254], [-73.73109760967805, 45.51772215439678], [-73.73128422380759, 45.51783891419372], [-73.7314708386908, 45.517955669288085], [-73.7316894990161, 45.51809246929472], [-73.73187612807494, 45.518209223693326], [-73.73206274540556, 45.518325977808324], [-73.73226687113487, 45.518453684795155], [-73.73250141384055, 45.518600420367726], [-73.73282214339456, 45.518801071321086], [-73.73306998598783, 45.518956122346644], [-73.73331805554288, 45.5191113173605], [-73.73372514119208, 45.51936598628686], [-73.73397352763563, 45.519521368149285], [-73.73411512320727, 45.519609950474816], [-73.73419668684453, 45.51966097050047], [-73.7345522700244, 45.51988341719718], [-73.73474302177513, 45.5200027463307], [-73.73496293872172, 45.52014031513519], [-73.73514747576868, 45.52025575032529], [-73.73533218906975, 45.520371303483145], [-73.73551691562717, 45.52048685631276], [-73.73573704942044, 45.52062455937465], [-73.73590060889434, 45.52072687734089], [-73.73575765180094, 45.520828452842736], [-73.7355955500514, 45.520943631161074], [-73.73557524676502, 45.52095805378224], [-73.73543344762204, 45.52105880485458], [-73.735271332049, 45.52117398273648], [-73.73521799967945, 45.52121187882876], [-73.73510922831497, 45.52128916036176], [-73.73506697604415, 45.521319181943774], [-73.73494712391945, 45.521404337755804], [-73.7349159393524, 45.521426489277765], [-73.73478501886241, 45.52151951491879], [-73.73476491458703, 45.52153379638537], [-73.73461817681438, 45.521638049616975], [-73.73446833497651, 45.52174451029874], [-73.73444831777188, 45.52175872562404], [-73.73430637751811, 45.52185957662876], [-73.73429235545105, 45.52186953526605], [-73.73414441941765, 45.52197464712185], [-73.73412760533229, 45.521986588649455], [-73.73398246063869, 45.522089712990685], [-73.73396833872451, 45.522099737698575], [-73.73380772536208, 45.52221384711746], [-73.73358620146442, 45.52236892518101], [-73.7334615084215, 45.52245744174853], [-73.7334582677102, 45.5224597463032], [-73.73333913338864, 45.52254431896864], [-73.73333682750655, 45.52254596254769], [-73.7331785420917, 45.52265833078619], [-73.73317239712985, 45.52266269314231], [-73.7330214152383, 45.52276987480854], [-73.73301326348407, 45.52277566482471], [-73.73284820857161, 45.52289284438442], [-73.7328347593478, 45.522902393054586], [-73.73268305323795, 45.52301008981393], [-73.7326480900618, 45.52303490662586], [-73.73246143241842, 45.52316742425898], [-73.73243515692666, 45.523186076469344], [-73.73231594476823, 45.523270705333864], [-73.73217646652213, 45.5233697192409], [-73.73199165788967, 45.52349597602059], [-73.73174372566741, 45.52367306745285], [-73.73161251191884, 45.523590435821845], [-73.73159628788513, 45.523580194857104], [-73.73146700982032, 45.52349912143083], [-73.73142773686139, 45.523474071510776], [-73.73132192900111, 45.52340743931583], [-73.73126790969229, 45.523373422439455], [-73.73117664098243, 45.523315939215756], [-73.73112842485845, 45.52328558370341], [-73.7310313409516, 45.52322444334752], [-73.73098895295959, 45.52319774476948], [-73.73088605387473, 45.52313294287308], [-73.7308349428276, 45.52310075649968], [-73.73074076728672, 45.52304144660528], [-73.73065188098838, 45.52298546520296], [-73.73047753053511, 45.522875665797116], [-73.73047143938881, 45.52287183355542], [-73.73030318075993, 45.522765866121894], [-73.7302956984344, 45.52276115353157], [-73.73012884418164, 45.52265607054555], [-73.73012136186729, 45.52265135354996], [-73.72995449576261, 45.52254627033118], [-73.72994701349528, 45.52254155771781], [-73.72979184134296, 45.52244382782586], [-73.72977266578343, 45.522431757222236], [-73.72881588973523, 45.52182917233692], [-73.72881378424005, 45.52182784964161], [-73.72875130832166, 45.52178850130991], [-73.72872661875344, 45.52177294853908], [-73.72865322694642, 45.52172672821454], [-73.7284905772485, 45.521624283832544], [-73.7284505729159, 45.52159909538144], [-73.72832791564012, 45.52152183924095], [-73.72817169636002, 45.521423445767795], [-73.72806080795158, 45.52135360445067], [-73.72781854188176, 45.52156045796742], [-73.72774966263836, 45.52161927825452], [-73.727614220803, 45.52173491932345], [-73.7274778441008, 45.521851366147395], [-73.72744064467179, 45.521883123556144], [-73.72730426725386, 45.52199957017122], [-73.72729185905582, 45.522010157437684], [-73.72713067699515, 45.52214777395403], [-73.72699676504517, 45.52226212386911], [-73.72698063175089, 45.522275890791384], [-73.7268603358995, 45.52237859641163], [-73.726831719481, 45.52240302976627], [-73.72672697098592, 45.52249247039436], [-73.72669526479405, 45.52251953730944], [-73.72659355568977, 45.52260638386265], [-73.7265464384633, 45.52264660543654], [-73.72646031423334, 45.52272013865322], [-73.72639752425609, 45.522773748234684], [-73.72632686048206, 45.5228340826379], [-73.72626106776006, 45.52289025086132], [-73.72623076893753, 45.52291611975814], [-73.72613468959716, 45.522998152378264], [-73.72611215226796, 45.52301739328447], [-73.72604125117512, 45.52307793009065], [-73.72596323608778, 45.52314453111822], [-73.72594781247152, 45.5231577033324], [-73.72585437352151, 45.5232374808907], [-73.72582677779992, 45.52326103322192], [-73.72576088444401, 45.523317293620615], [-73.72567786035242, 45.52338817507437], [-73.72563628596032, 45.52342367521709], [-73.72552895471787, 45.523515312312746], [-73.72551168698966, 45.523530052282766], [-73.72532930393132, 45.52368575759475], [-73.7251668499676, 45.52382657685111], [-73.72494489318021, 45.524015457651494], [-73.72493806562872, 45.52402126645124], [-73.72487643078448, 45.52407372174726], [-73.72484518347201, 45.524100312712996], [-73.72481478334204, 45.524126181428066], [-73.72474547344669, 45.52418516329308], [-73.7246245576719, 45.52428806106856], [-73.7245901953177, 45.524317298731944], [-73.72450009054977, 45.52439397101782], [-73.72445279542785, 45.524434218427366], [-73.7244055002385, 45.52447446581718], [-73.72436584249431, 45.5245082130135], [-73.72435821746558, 45.52451470876918], [-73.72431092214141, 45.5245549561195], [-73.7242742918539, 45.52458611820816], [-73.72426362674985, 45.524595203450104], [-73.72419044084594, 45.52465747910686], [-73.72411725478062, 45.52471975471634], [-73.724069959113, 45.524760001966115], [-73.72402582806676, 45.524797558409475], [-73.72402266336051, 45.52480024480245], [-73.72397536755805, 45.524840492012935], [-73.72393030193824, 45.524878845519666], [-73.72392807168818, 45.52488073920348], [-73.7238807757509, 45.52492098637431], [-73.72383973436033, 45.52495590483402], [-73.72383347972877, 45.52496122913177], [-73.72376029287612, 45.52502350451063], [-73.72374917905407, 45.52503296844529], [-73.72368711836349, 45.52508577981786], [-73.72365861099921, 45.52511003200856], [-73.72363982208272, 45.52512602688811], [-73.72359252573457, 45.525166273938716], [-73.72356805519861, 45.5251870954751], [-73.72354522931897, 45.52520652096949], [-73.72349793283598, 45.52524676798063], [-73.7234824580473, 45.525259935563376], [-73.72345063626817, 45.52528701057832], [-73.72340333965033, 45.525327257549876], [-73.72339684817368, 45.52533277561143], [-73.72333015184894, 45.525389532651026], [-73.72330629165866, 45.52540983886871], [-73.72325696388613, 45.52545180770483], [-73.72321572239497, 45.52548690207804], [-73.72320966699222, 45.52549205459565], [-73.72316237003092, 45.52553230146664], [-73.72311507298481, 45.52557254392419], [-73.72306777588867, 45.52561279075588], [-73.72304452605366, 45.52563258165757], [-73.72302047872509, 45.52565303756755], [-73.72297318149408, 45.525693284359676], [-73.72295395605812, 45.525709640264175], [-73.7228668870642, 45.52578373058138], [-73.72285907477439, 45.525790380381906], [-73.7227136954044, 45.52590825378392], [-73.72269825595336, 45.525920964240235], [-73.72247568017299, 45.526109226254434], [-73.72216855098951, 45.52636040819945], [-73.72204084095053, 45.52646421273842], [-73.7216919786169, 45.52674772460111], [-73.7215408213312, 45.52665294156093], [-73.72149453806432, 45.52662392273815], [-73.72140980455427, 45.52657078645687], [-73.72130790150841, 45.52650689233387], [-73.72130529470388, 45.526505254122654], [-73.72119153604432, 45.52643392667351], [-73.72107507064362, 45.52636090396845], [-73.72107236359801, 45.52635920443338], [-73.72095860552703, 45.52628787674945], [-73.7208421532134, 45.526214849386015], [-73.7208030893805, 45.52619035506466], [-73.72072610001683, 45.52614150478196], [-73.7207017988285, 45.5261260857443], [-73.72061024652974, 45.5260680014984], [-73.72049440582879, 45.52599449367802], [-73.72037855294506, 45.525920990156486], [-73.7202569227266, 45.52584380690821], [-73.72021486297115, 45.5258171256805], [-73.72014107046131, 45.525770303142714], [-73.72007006030799, 45.52572524148329], [-73.72002523098212, 45.52569679484044], [-73.71992525811619, 45.525633357100155], [-73.71979354044431, 45.52554978229677], [-73.71978697337371, 45.525545616477935], [-73.7196777018872, 45.525476278031235], [-73.71965223575889, 45.52546012285913], [-73.71956185111317, 45.52540276927704], [-73.71944601315938, 45.525329264773625], [-73.71944371971762, 45.52532781045501], [-73.7193301629887, 45.52525575578143], [-73.71923317440177, 45.52519420979983], [-73.7192143256382, 45.52518225103998], [-73.71909848857231, 45.525108741785836], [-73.71908837495113, 45.52510232873592], [-73.71889723137991, 45.52498104107046], [-73.71886680286109, 45.524961727338365], [-73.71875095421579, 45.52488822214503], [-73.718715450243, 45.52486569308013], [-73.71863511835652, 45.52481471241487], [-73.71853444683785, 45.52475083541004], [-73.71851732779177, 45.52473996726857], [-73.71836639380123, 45.52485846090937], [-73.71810612778134, 45.52506278851787], [-73.71792976598218, 45.52519476181014], [-73.71751042275855, 45.52552783385669], [-73.71751427015748, 45.52553027384832], [-73.71744836957643, 45.52558085227094], [-73.71730348255014, 45.525692052009596], [-73.71709187088564, 45.52555764636747], [-73.71657958103216, 45.52523225997871], [-73.71580088745421, 45.52473765314274], [-73.7156098143864, 45.52461628514228], [-73.71462545713321, 45.5239910234616], [-73.71309127628433, 45.525160014121965], [-73.71287892104795, 45.525081006238125], [-73.7128501245808, 45.525070258094594], [-73.71282137179261, 45.52505944826196], [-73.7127926646407, 45.52504857867342], [-73.71276400337642, 45.52503764942413], [-73.71273538825069, 45.525026660609846], [-73.71270681951408, 45.52501561232662], [-73.7126782974167, 45.52500450467148], [-73.71264982220832, 45.524993337741435], [-73.71262139413824, 45.5249821116344], [-73.71259301345535, 45.524970826448666], [-73.71256468040814, 45.52495948228306], [-73.71253639524473, 45.52494807923688], [-73.71250815821271, 45.524936617409985], [-73.71247996955935, 45.52492509690267], [-73.71245182953143, 45.52491351781594], [-73.71242373837536, 45.5249018802512], [-73.71239569633508, 45.52489018430713], [-73.71236869397164, 45.52487884727872], [-73.71234173775991, 45.52486745611994], [-73.71231482791727, 45.524856010926456], [-73.71228796466293, 45.524844511791116], [-73.71226114821577, 45.524832958807735], [-73.71223437879418, 45.52482135207044], [-73.71220765661626, 45.524809691673866], [-73.71218098189966, 45.52479797771294], [-73.71215435486175, 45.52478621028325], [-73.7121277757194, 45.52477438948039], [-73.71210124468912, 45.52476251540094], [-73.71207476198933, 45.52475058813898], [-73.71206229921208, 45.52474494918677], [-73.71204984723714, 45.52473929845413], [-73.71203740608786, 45.524733635953346], [-73.71202497578594, 45.524727961692555], [-73.71201680164384, 45.52472422120466], [-73.71200863222043, 45.52472047562863], [-73.7120004675186, 45.524716724969764], [-73.71199230754829, 45.524712969228524], [-73.71196528590879, 45.524700480259156], [-73.71193831653729, 45.52468793560617], [-73.71191139966193, 45.52467533537322], [-73.71188453551459, 45.52466267966895], [-73.7118577243266, 45.524649968602226], [-73.71183096632888, 45.524637202282605], [-73.71180426175182, 45.52462438082003], [-73.71177761082544, 45.52461150432495], [-73.71175101377926, 45.52459857290831], [-73.71172447084231, 45.52458558668138], [-73.71169798224325, 45.524572545756165], [-73.7116715482101, 45.52455945024496], [-73.71164516897056, 45.52454630026045], [-73.71161884475181, 45.524533095915935], [-73.71159257578053, 45.5245198373253], [-73.71156636228295, 45.52450652460253], [-73.71154020448485, 45.52449315786242], [-73.71151410261147, 45.52447973722006], [-73.71148805688759, 45.524466262791066], [-73.71146206753751, 45.524452734691465], [-73.71143613478507, 45.52443915303789], [-73.71141025885358, 45.52442551794719], [-73.71138443996585, 45.52441182953681], [-73.71135867834428, 45.52439808792469], [-73.71133297421068, 45.52438429322931], [-73.71130732778641, 45.52437044556928], [-73.71128173929235, 45.524356545063995], [-73.71125620894885, 45.524342591833225], [-73.71123073697979, 45.52432858600138], [-73.71120568672417, 45.524314729150376], [-73.71118069359895, 45.52430082142054], [-73.71115575781728, 45.524286862929834], [-73.71113087958786, 45.52427285379496], [-73.71110605911878, 45.52425879413313], [-73.71108129661776, 45.52424468406201], [-73.71105659229195, 45.52423052369973], [-73.71103194634802, 45.52421631316476], [-73.71100735899219, 45.52420205257609], [-73.71098283043018, 45.52418774205291], [-73.71095836086721, 45.52417338171506], [-73.71093395050801, 45.524158971682674], [-73.71090959955677, 45.52414451207641], [-73.71088530821729, 45.52413000301727], [-73.71086107669274, 45.52411544462659], [-73.7108369051859, 45.524100837026225], [-73.71081279389486, 45.52408618033706], [-73.7107931240812, 45.524074216943156], [-73.71077349449087, 45.52406222095008], [-73.71075390523696, 45.52405019242473], [-73.71073435642855, 45.52403813143418], [-73.71071484817446, 45.524026038045555], [-73.7106953805797, 45.524013912326154], [-73.71067751016987, 45.52400273051175], [-73.71065967429404, 45.52399152148782], [-73.71064187303635, 45.52398028530818], [-73.71062410647968, 45.523969022025824], [-73.70920668417682, 45.52306457028039], [-73.70890977938787, 45.52317145996944], [-73.70889314382877, 45.523177443922506], [-73.70721873713256, 45.523780763246755], [-73.70708920078224, 45.52382713252052], [-73.7069764563404, 45.52386748693671], [-73.7067588449489, 45.523945377964665], [-73.70566905823523, 45.52433776500811], [-73.7045839258134, 45.52472846806074], [-73.70378884913788, 45.52501472275799], [-73.70372062958886, 45.52503928246797], [-73.70278327902696, 45.52537674687396], [-73.70170322402195, 45.52576511554445], [-73.69963883561385, 45.52650533181284], [-73.69952922800925, 45.52654661803263], [-73.69923187403062, 45.526653505253215], [-73.69904606954438, 45.52672034609682], [-73.69874883887425, 45.52682726699195], [-73.69849691299596, 45.526917891076955], [-73.69840835501228, 45.52694971944624], [-73.69837120876484, 45.52696308822395], [-73.69822238009014, 45.52701664272375], [-73.69784948604385, 45.52715077999059], [-73.69775298322956, 45.52718643538258], [-73.69764998708804, 45.52722254130272], [-73.69752420041982, 45.52726779038269], [-73.69727807672564, 45.527356319103724], [-73.69704037432396, 45.527441823051234], [-73.69690488475442, 45.52749055924321], [-73.69677987726756, 45.527535520564776], [-73.69675102732467, 45.52754586480627], [-73.69661790914388, 45.527593594798326], [-73.6965265018541, 45.52762636687082], [-73.69643509447326, 45.52765914326376], [-73.69634368697844, 45.52769191738671], [-73.69620138426039, 45.52774294041284], [-73.6960605297202, 45.52779344231364], [-73.69603721591139, 45.52780137174318], [-73.69601388474827, 45.527809272168895], [-73.69599053381425, 45.52781714368898], [-73.69596716318001, 45.52782498628144], [-73.69594337647112, 45.52783293218767], [-73.69591956954943, 45.527840848138744], [-73.69589574249015, 45.527848734104744], [-73.69587189537089, 45.52785659006474], [-73.69584802812555, 45.5278644158829], [-73.69582414096897, 45.52787221163228], [-73.69580023397823, 45.527879977291235], [-73.69577630722964, 45.52788771283143], [-73.69575147354827, 45.52789570300533], [-73.69572661878742, 45.527903660737586], [-73.69570174303148, 45.52791158599894], [-73.69567684636635, 45.52791947876176], [-73.69565192887933, 45.52792733900104], [-73.69562253038218, 45.52793656263103], [-73.69559310320777, 45.527945740985636], [-73.69556364750251, 45.527954874022306], [-73.69553416340773, 45.52796396169732], [-73.69550465106481, 45.52797300396704], [-73.69547511061526, 45.527982000788185], [-73.69544554220083, 45.527990952117484], [-73.69541594595798, 45.52799985791048], [-73.69538487598666, 45.52800914943856], [-73.6953537756899, 45.52801839072198], [-73.69532264523306, 45.528027581708166], [-73.69529148478087, 45.52803672234847], [-73.69526029449719, 45.528045812598236], [-73.69523708245852, 45.52805253940659], [-73.69521385410034, 45.52805923834425], [-73.69519060949565, 45.52806590938762], [-73.69516734870705, 45.52807255252126], [-73.6951440900701, 45.52807916252838], [-73.69512081541819, 45.52808574462924], [-73.6950975248154, 45.528092298800985], [-73.69507421833326, 45.52809882502827], [-73.69505089574747, 45.528105323373204], [-73.69502755741122, 45.52811179371926], [-73.69500420338898, 45.528118236047966], [-73.69498083375235, 45.528124650340125], [-73.6949542545021, 45.52813190620002], [-73.69492765528202, 45.52813912581345], [-73.6949010361864, 45.52814630915141], [-73.69487439731527, 45.52815345618696], [-73.69484773877483, 45.528160566894904], [-73.69482106034033, 45.528167641393566], [-73.69479436242584, 45.52817467950632], [-73.69476764513657, 45.52818168120878], [-73.69474090857297, 45.52818864647479], [-73.69471415283095, 45.52819557527572], [-73.69469031211445, 45.52820171441705], [-73.69466645634446, 45.52820782460359], [-73.69464258559275, 45.52821390581993], [-73.69461869992996, 45.52821995804505], [-73.69459506575632, 45.52822591415876], [-73.69457141713734, 45.52823184189838], [-73.69454775414799, 45.52823774124326], [-73.69452407685132, 45.528243612179445], [-73.69449740639028, 45.5282501872078], [-73.6944707179958, 45.528256726186385], [-73.69444401176168, 45.52826322908852], [-73.69441728778666, 45.528269695890195], [-73.69439054617433, 45.52827612656999], [-73.6943635715282, 45.52828257231674], [-73.69433657916295, 45.52828898131156], [-73.6943095691748, 45.52829535352755], [-73.69428254166515, 45.52830168894076], [-73.69425549674075, 45.5283079875302], [-73.6942317139173, 45.52831349270687], [-73.69420791778724, 45.52831896940628], [-73.69418410841763, 45.52832441760921], [-73.69416028587948, 45.52832983730313], [-73.69413645006246, 45.528335228363666], [-73.69411260121603, 45.52834059088535], [-73.69408873940802, 45.528345924850036], [-73.69406486470906, 45.52835123024463], [-73.69404097745587, 45.528356506968336], [-73.69401707745182, 45.52836175508688], [-73.69399316476355, 45.528366974587556], [-73.69396923946314, 45.528372165452765], [-73.69394200128541, 45.528378037246185], [-73.69391474697034, 45.52838387192539], [-73.69388747661719, 45.5283896694715], [-73.69386019032837, 45.528395429862805], [-73.6938328882095, 45.52840115307439], [-73.69380557022575, 45.528406838925775], [-73.69377823660885, 45.52841248755351], [-73.69375088746622, 45.528418098938815], [-73.69372352290048, 45.528423673060125], [-73.69369614300983, 45.5284292098947], [-73.69367174822949, 45.5284341089265], [-73.69364734145896, 45.52843897836058], [-73.69362292276558, 45.52844381817941], [-73.69359849222745, 45.52844862837148], [-73.69357404985429, 45.528453408997706], [-73.6935495957827, 45.5284581599656], [-73.6935251300808, 45.52846288126505], [-73.6935006528261, 45.52846757287803], [-73.69348439405248, 45.52847067188532], [-73.69346813023995, 45.52847375779206], [-73.69345186140393, 45.5284768305916], [-73.69343558757181, 45.52847989028259], [-73.69340611656297, 45.52848539503025], [-73.69337662937502, 45.52849085680258], [-73.69334712612944, 45.528496275572884], [-73.69331760695314, 45.528501651318], [-73.69328807197861, 45.52850698401781], [-73.69325060893912, 45.528513684050395], [-73.69321312097524, 45.52852031485448], [-73.69317560834112, 45.52852687638137], [-73.6931380712959, 45.52853336858571], [-73.69310051009896, 45.52853979142258], [-73.69306292500978, 45.52854614484761], [-73.6930253162881, 45.52855242881698], [-73.69298768419371, 45.528558643287184], [-73.69295002898663, 45.52856478821532], [-73.69291235092702, 45.528570863558876], [-73.69287465027523, 45.52857686927601], [-73.69283692729172, 45.52858280532505], [-73.6927991822371, 45.52858867166513], [-73.6927614153722, 45.52859446825566], [-73.69272362695794, 45.52860019505667], [-73.69268581725541, 45.528605852028356], [-73.69264798652586, 45.52861143913187], [-73.69261013503063, 45.52861695632856], [-73.6925722630313, 45.528622403580215], [-73.69253437078946, 45.52862778084926], [-73.692496458567, 45.528633088098545], [-73.69245852662581, 45.528638325291425], [-73.692420575228, 45.52864349239163], [-73.69238260463574, 45.52864858936352], [-73.69234461511144, 45.52865361617188], [-73.69230660691753, 45.528658572781985], [-73.69226858031665, 45.52866345915953], [-73.69223053557151, 45.52866827527078], [-73.692192472945, 45.5286730210825], [-73.69215439270008, 45.52867769656193], [-73.69211629509986, 45.52868230167657], [-73.69207818040758, 45.52868683639485], [-73.69204004888658, 45.528691300685246], [-73.69200190080035, 45.52869569451704], [-73.6919637364124, 45.52870001785978], [-73.69192555598649, 45.52870427068371], [-73.69188735978635, 45.52870845295924], [-73.69184914807597, 45.528712564657745], [-73.69181092111931, 45.528716605750596], [-73.69177267918049, 45.52872057620997], [-73.69173442252378, 45.52872447600843], [-73.69169615141347, 45.52872830511896], [-73.69165786611399, 45.5287320635152], [-73.69161956688988, 45.52873575117112], [-73.69158125400578, 45.528739368061345], [-73.69154292772637, 45.52874291416067], [-73.69150458831648, 45.528746389444805], [-73.691466236041, 45.52874979388962], [-73.69142787116493, 45.52875312747162], [-73.69138949395334, 45.52875639016783], [-73.6913511046714, 45.528759581955605], [-73.69131270358434, 45.52876270281305], [-73.69127429095752, 45.5287657527183], [-73.69123586705633, 45.52876873165057], [-73.69119743214624, 45.52877163958924], [-73.69115898649282, 45.52877447651414], [-73.69112053036173, 45.52877724240557], [-73.69108206401864, 45.528779937244614], [-73.69104358772935, 45.52878256101258], [-73.69100510175974, 45.52878511369136], [-73.69096660637565, 45.52878759526328], [-73.69092810184311, 45.52879000571121], [-73.69088958842816, 45.52879234501845], [-73.6908510663969, 45.528794613169005], [-73.6908125360155, 45.52879681014695], [-73.69077399755018, 45.52879893593713], [-73.6907354512672, 45.52880099052519], [-73.69069689743291, 45.528802973896596], [-73.69065833631372, 45.528804886037705], [-73.69061976817602, 45.52880672693545], [-73.6905811932863, 45.52880849657687], [-73.69054261191111, 45.528810194950005], [-73.69050402431704, 45.528811822042876], [-73.69046543077066, 45.52881337784442], [-73.69042683153869, 45.528814862343836], [-73.69038822688775, 45.52881627553077], [-73.69034961708465, 45.52881761739561], [-73.69031100239611, 45.52881888792908], [-73.69027238308898, 45.52882008712225], [-73.69023375943009, 45.528821214966875], [-73.6901951316863, 45.528822271455304], [-73.69015650012446, 45.52882325658015], [-73.69011786501156, 45.52882417033448], [-73.69007922661451, 45.52882501271217], [-73.69004058520034, 45.528825783707326], [-73.69000194103594, 45.52882648331461], [-73.68996329438839, 45.52882711152925], [-73.6899246455247, 45.528827668346764], [-73.68988599471193, 45.528828153763456], [-73.68984734221709, 45.52882856777592], [-73.68980868830728, 45.52882891038127], [-73.68977003324959, 45.5288291815771], [-73.68973137731109, 45.528829381361696], [-73.68969272075887, 45.52882950973344], [-73.68965406386003, 45.52882956669163], [-73.68961540688164, 45.52882955223589], [-73.68957675009085, 45.52882946636616], [-73.68953809375472, 45.52882930908315], [-73.68949943814034, 45.52882908038795], [-73.68946078351483, 45.52882878028211], [-73.68942213014527, 45.52882840876761], [-73.68938347829872, 45.528827965847235], [-73.68934482824223, 45.5288274515238], [-73.68930618024285, 45.528826865801086], [-73.68926753456765, 45.528826208682894], [-73.68922889148362, 45.528825480173985], [-73.68919025125778, 45.528824680279335], [-73.68915161415711, 45.528823809004415], [-73.68911298044858, 45.52882286635523], [-73.6890743503991, 45.52882185233838], [-73.6890357242756, 45.528820766960855], [-73.68899710234497, 45.528819610230045], [-73.68895848487406, 45.52881838215412], [-73.68891987212967, 45.5288170827414], [-73.68888126437864, 45.52881571200089], [-73.68884266188769, 45.528814269942124], [-73.68880406492359, 45.52881275657515], [-73.68876547375297, 45.52881117191028], [-73.68872688864248, 45.528809515958436], [-73.68868830985875, 45.528807788731164], [-73.68864973766831, 45.52880599024033], [-73.68861117233769, 45.52880412049841], [-73.68857261413335, 45.52880217951825], [-73.68853406332171, 45.52880016731329], [-73.68849552016913, 45.5287980838976], [-73.68845698494191, 45.52879592928539], [-73.68841845790631, 45.52879370349154], [-73.68837993932856, 45.52879140653145], [-73.68834142947475, 45.52878903842098], [-73.68830292861098, 45.52878659917653], [-73.6882644370033, 45.52878408881512], [-73.6882259549176, 45.528781507353784], [-73.68818748261984, 45.52877885481045], [-73.6881490203807, 45.528776131206534], [-73.68811095892521, 45.52877336490866], [-73.68807290783953, 45.52877052900205], [-73.68803486738466, 45.5287676235042], [-73.68799683781832, 45.52876464843439], [-73.68795881939808, 45.52876160381302], [-73.68792081238148, 45.52875848966062], [-73.68788281702598, 45.52875530599829], [-73.6878448335889, 45.528752052847665], [-73.6878068623276, 45.52874873023074], [-73.68776890349923, 45.52874533816996], [-73.68773095736094, 45.5287418766884], [-73.68769302416977, 45.528738345809415], [-73.68765510418262, 45.52873474555697], [-73.68761719765642, 45.52873107595559], [-73.68757930484787, 45.5287273370297], [-73.68754142601371, 45.52872352880507], [-73.68750356141044, 45.52871965130739], [-73.68746571129459, 45.5287157045628], [-73.68742787592255, 45.52871168859815], [-73.68739005555057, 45.528707603440594], [-73.68735225043487, 45.52870344911778], [-73.68731446083152, 45.52869922565785], [-73.68727668699647, 45.52869493308953], [-73.68723892918558, 45.52869057144175], [-73.68720118765468, 45.5286861407441], [-73.68716346265931, 45.52868164102666], [-73.6871257544551, 45.528677072319795], [-73.68709807103346, 45.52867366604623], [-73.68679638777571, 45.52891352602523], [-73.68674532493492, 45.528954122040275], [-73.68637059380448, 45.52925205216358], [-73.68574273112029, 45.52966336048258], [-73.68558525719823, 45.529766520121065], [-73.68510291994092, 45.53008249016916], [-73.68498016398131, 45.53016290340847], [-73.68441192400692, 45.530283042013686], [-73.68046619506882, 45.53119595972111], [-73.68044626148223, 45.53120056949127], [-73.67706385219815, 45.53198302106182], [-73.67703317068288, 45.53199008061365], [-73.67700246016476, 45.531997076301316], [-73.67697171999126, 45.53200400736066], [-73.67694095043764, 45.53201087372959], [-73.67691015177962, 45.53201767534659], [-73.67687932429305, 45.532024412150776], [-73.67684846825406, 45.5320310840818], [-73.67681758393904, 45.53203769107983], [-73.67678667162465, 45.53204423308573], [-73.67675573158783, 45.53205071004083], [-73.67672476410567, 45.53205712188726], [-73.6766937694556, 45.53206346856746], [-73.67666274791523, 45.53206975002464], [-73.67663169976251, 45.53207596620243], [-73.6766006252755, 45.53208211704525], [-73.67656952473257, 45.53208820249795], [-73.67653839841232, 45.53209422250608], [-73.67650724659354, 45.53210017701555], [-73.67647606955533, 45.532106065973245], [-73.67644486757695, 45.53211188932621], [-73.67641364093787, 45.532117647022496], [-73.67638238991783, 45.53212333901027], [-73.67635111479679, 45.53212896523879], [-73.67631981585485, 45.532134525657476], [-73.67628849337244, 45.53214002021655], [-73.67625714763014, 45.53214544886682], [-73.67622577890869, 45.53215081155967], [-73.67619438748912, 45.532156108247044], [-73.67616297365264, 45.53216133888153], [-73.67613153768058, 45.53216650341625], [-73.67610007985462, 45.53217160180494], [-73.67606860045655, 45.53217663400188], [-73.6760370997683, 45.532181599961994], [-73.6760055780721, 45.53218649964092], [-73.67597403565027, 45.53219133299464], [-73.67594247278542, 45.53219609997988], [-73.67591088976026, 45.5322008005539], [-73.6758792868577, 45.53220543467478], [-73.67584766436084, 45.5322100023008], [-73.67581602255294, 45.53221450339107], [-73.67578436171745, 45.532218937905334], [-73.67575268213804, 45.53222330580394], [-73.6757209840984, 45.5322276070476], [-73.67568926788256, 45.53223184159785], [-73.67565753377457, 45.5322360094167], [-73.67562578205875, 45.53224011046697], [-73.67559401301953, 45.532244144711775], [-73.67556222694141, 45.532248112115035], [-73.67553042410893, 45.53225201264515], [-73.67549781713181, 45.53225594003447], [-73.6754651931633, 45.53225979711565], [-73.67543255251508, 45.53226358385856], [-73.67539989549408, 45.53226730022759], [-73.67536722240764, 45.5322709461876], [-73.67533453356305, 45.532274521704494], [-73.67530182926777, 45.53227802674452], [-73.6752691098295, 45.532281461274856], [-73.67523637555603, 45.532284825262956], [-73.67520362675526, 45.53228811867741], [-73.67517086373526, 45.53229134148708], [-73.67513808680425, 45.53229449366175], [-73.67510529627056, 45.53229757517166], [-73.67507249244265, 45.53230058598792], [-73.67503967562907, 45.5323035260822], [-73.67500684613857, 45.532306395426886], [-73.67497400427996, 45.53230919399473], [-73.67494115036216, 45.532311921759636], [-73.67490828469425, 45.53231457869589], [-73.6748754075854, 45.53231716477847], [-73.67484251934488, 45.53231967998313], [-73.67480962028208, 45.53232212428619], [-73.67477671070644, 45.532324497664625], [-73.67474379092756, 45.53232680009612], [-73.67471086125516, 45.53232903155905], [-73.67467792199893, 45.532331192032295], [-73.67464497346882, 45.532333281495625], [-73.6746120159747, 45.53233529992935], [-73.67457904982665, 45.53233724731465], [-73.67454607533476, 45.532339123632845], [-73.67451309280922, 45.532340928866574], [-73.6744801025603, 45.532342662998964], [-73.67444710489835, 45.53234432601332], [-73.67441410013377, 45.532345917894254], [-73.67438108857704, 45.53234743862677], [-73.6743480705387, 45.53234888819645], [-73.67431504632935, 45.53235026658987], [-73.67428201625968, 45.53235157379386], [-73.67424898064036, 45.532352809796045], [-73.67421593978217, 45.532353974585156], [-73.67418289399593, 45.53235506815002], [-73.67414984359252, 45.53235609048025], [-73.67411678888283, 45.532357041566264], [-73.6740837301778, 45.53235792139943], [-73.67405066778842, 45.53235872997097], [-73.67401760202573, 45.53235946727367], [-73.67398453320074, 45.53236013330047], [-73.67395146162457, 45.53236072804515], [-73.67391838760831, 45.5323612515019], [-73.6738853114631, 45.53236170366604], [-73.67385223350007, 45.532362084533226], [-73.6738191540304, 45.53236239409982], [-73.67378607336525, 45.532362632362926], [-73.67375299181583, 45.53236279932054], [-73.67371990969335, 45.53236289497073], [-73.67368682730901, 45.53236291931287], [-73.67365374497399, 45.53236287234655], [-73.67362066299954, 45.532362754072146], [-73.67358758169682, 45.532362564491216], [-73.67355450137705, 45.532362303604906], [-73.67352142235144, 45.532361971416286], [-73.67348834493112, 45.532361567928106], [-73.6734552694273, 45.5323610931442], [-73.67342219615107, 45.532360547069], [-73.67338912541359, 45.53235992970794], [-73.67335605752596, 45.532359241066374], [-73.67332299279923, 45.53235848115128], [-73.67328993154446, 45.53235764996942], [-73.67325687407265, 45.532356747528716], [-73.67322382069476, 45.5323557738377], [-73.67319077172175, 45.532354728905524], [-73.6731577274645, 45.532353612741886], [-73.67312468823387, 45.53235242535758], [-73.67309165434064, 45.53235116676357], [-73.67305862609557, 45.53234983697161], [-73.67302560380936, 45.53234843599438], [-73.67299258779266, 45.53234696384501], [-73.67295957835603, 45.53234542053734], [-73.67292657581002, 45.53234380608592], [-73.67289358046507, 45.53234212050586], [-73.67286059263158, 45.53234036381315], [-73.67282761261986, 45.5323385360241], [-73.67279464074012, 45.53233663715622], [-73.67276167730257, 45.53233466722696], [-73.6727287226173, 45.53233262625519], [-73.6726957769943, 45.532330514259996], [-73.67266284074348, 45.53232833126125], [-73.6726299141747, 45.53232607727944], [-73.6725969975977, 45.532323752335905], [-73.67256409132206, 45.532321356452236], [-73.67253119565741, 45.532318889651265], [-73.67249831091316, 45.532316351956084], [-73.67246543739866, 45.53231374339059], [-73.67243257542316, 45.5323110639792], [-73.67239972529578, 45.5323083137474], [-73.67236688732557, 45.532305492720724], [-73.6723340618214, 45.532302600925924], [-73.67230124909206, 45.53229963839021], [-73.67226844944625, 45.53229660514123], [-73.67223566319248, 45.532293501207704], [-73.67220289063918, 45.53229032661883], [-73.67217013209468, 45.5322870814045], [-73.67213738786707, 45.532283765595146], [-73.6721046582644, 45.532280379221945], [-73.67207194359456, 45.53227692231688], [-73.67203924416532, 45.53227339491234], [-73.67200656028425, 45.5322697970416], [-73.67197389225879, 45.532266128738414], [-73.67194124039628, 45.532262390037346], [-73.67190860500384, 45.53225858097356], [-73.67187598638853, 45.532254701582886], [-73.67184338485713, 45.53225075190186], [-73.67181080071632, 45.53224673196754], [-73.67177823427262, 45.532242641817845], [-73.67174568583242, 45.53223848149119], [-73.67171315570187, 45.532234251026715], [-73.67168064418696, 45.5322299504642], [-73.67164815159353, 45.53222557984413], [-73.67161567822727, 45.53222113920758], [-73.6715832243936, 45.53221662859637], [-73.67155079039784, 45.532212048053], [-73.6715183765451, 45.53220739762039], [-73.67148598314023, 45.53220267734237], [-73.67145361048802, 45.53219788726341], [-73.67142125889296, 45.532193027428406], [-73.67138892865938, 45.53218809788327], [-73.6713566200914, 45.53218309867419], [-73.67132433349296, 45.53217802984831], [-73.67129206916776, 45.53217289145335], [-73.67125982741926, 45.53216768353743], [-73.67122760855085, 45.532162406149745], [-73.6711954128655, 45.53215705933995], [-73.67116324066613, 45.532151643158194], [-73.6711310922554, 45.53214615765551], [-73.67109896793562, 45.53214060288355], [-73.67106686800908, 45.532134978894476], [-73.67103479277766, 45.53212928574124], [-73.67100274254312, 45.53212352347738], [-73.67097071760695, 45.53211769215704], [-73.67093871827039, 45.53211179183524], [-73.67090674483444, 45.53210582256733], [-73.67087479759988, 45.53209978440949], [-73.6708428768672, 45.532093677418615], [-73.67081098293669, 45.532087501652036], [-73.67077911610836, 45.53208125716792], [-73.67074727668198, 45.53207494402495], [-73.67071546495703, 45.53206856228253], [-73.67068368123277, 45.53206211200074], [-73.67065192580817, 45.532055593240216], [-73.67062019898195, 45.532049006062294], [-73.67058850105252, 45.5320423505289], [-73.67055683231808, 45.53203562670277], [-73.6705251930765, 45.532028834646944], [-73.67049358362542, 45.5320219744255], [-73.67046200426216, 45.532015046102806], [-73.67043045528379, 45.532008049744256], [-73.67039893698706, 45.53200098541543], [-73.67036744966843, 45.53199385318292], [-73.67033599362414, 45.53198665311382], [-73.67030456915003, 45.53197938527578], [-73.67027317654173, 45.53197204973723], [-73.67024181609449, 45.53196464656702], [-73.67021048810335, 45.531957175835124], [-73.67017919286295, 45.53194963761156], [-73.6701479306677, 45.53194203196731], [-73.67011670181164, 45.53193435897375], [-73.67008550658856, 45.531926618703345], [-73.67005434529186, 45.53191881122878], [-73.67002321821467, 45.531910936623404], [-73.66999212564976, 45.53190299496151], [-73.66996106788962, 45.531894986317575], [-73.66993004522641, 45.5318869107671], [-73.66989905795188, 45.53187876838593], [-73.66986810635757, 45.531870559250756], [-73.66983719073458, 45.531862283438755], [-73.66980631137373, 45.531853941027705], [-73.66977546856546, 45.53184553209622], [-73.66974466259992, 45.53183705672335], [-73.66971389376685, 45.53182851498878], [-73.66968316235568, 45.53181990697283], [-73.66965246865549, 45.53181123275661], [-73.66962181295494, 45.53180249242161], [-73.66959119554244, 45.531793686049966], [-73.66956061670125, 45.53178481372351], [-73.66909923908545, 45.53165036183043], [-73.66765044225724, 45.531228145857334], [-73.66756151811366, 45.53120223032905], [-73.66741733824666, 45.53116021119248], [-73.66719792557943, 45.531096264208784], [-73.6668198269218, 45.53098607257647], [-73.6659738924931, 45.53073952438281], [-73.66574030414527, 45.53067144594414], [-73.66507486336452, 45.530477496323044], [-73.66332273515295, 45.52996679538169], [-73.66191299991837, 45.5295558670752], [-73.65615466053447, 45.52787710781153], [-73.65438927742197, 45.527363896078796], [-73.6543723767873, 45.527338259708], [-73.65404875799102, 45.52726253598888], [-73.65369140446703, 45.527158430850214], [-73.65096021383427, 45.52636270528541], [-73.65091166704966, 45.52634781750929], [-73.65075427709174, 45.52630241497479], [-73.65075084123664, 45.526308299567305], [-73.65036088077179, 45.52697617757498], [-73.65026283819235, 45.52714354621205], [-73.6499925133431, 45.52760501149438], [-73.64890756729775, 45.529464495064936], [-73.64856644769802, 45.53006132001446], [-73.64819004223557, 45.530719868206745], [-73.64831068372925, 45.53075498946196], [-73.6486181038559, 45.530844484439676], [-73.648595698405, 45.530879709537096], [-73.6484160819214, 45.53117369787685], [-73.6483827313866, 45.53122711680605], [-73.64820348123925, 45.5315133846655], [-73.64816412702253, 45.53157622799746], [-73.6479652126463, 45.53188720927025], [-73.64775128052962, 45.53220982375699], [-73.64756359912735, 45.53248556947817], [-73.64736394083323, 45.532772640512896], [-73.64713538346302, 45.53309487202241], [-73.64695221175388, 45.53335375276949], [-73.64679423622553, 45.533574973121695], [-73.64666667100624, 45.53375730177904], [-73.64652912383315, 45.53396112360874], [-73.64641340862553, 45.534139570872185], [-73.64616478747182, 45.5345282629802], [-73.6459706403458, 45.5348308796593], [-73.6459110770225, 45.53492361975284], [-73.64585535759576, 45.53501017813944], [-73.6456713652963, 45.535296002337105], [-73.6456591151349, 45.53531407468301], [-73.64564719862922, 45.53533225967107], [-73.64563561888276, 45.535350552723514], [-73.64562437882894, 45.53536894920656], [-73.64561348122868, 45.5353874444351], [-73.64540005128005, 45.535719714272744], [-73.64518932919808, 45.536046862283314], [-73.64497676207894, 45.53637645369], [-73.64475478813338, 45.53672225934284], [-73.6445539597034, 45.53703287592532], [-73.64431054909387, 45.537414473671156], [-73.64425724738834, 45.53749860754704], [-73.64409797295, 45.53775000775802], [-73.64389458848423, 45.53806638547974], [-73.64368919882521, 45.53838611233714], [-73.6435132753566, 45.53866018921354], [-73.64334154475698, 45.53892804469291], [-73.6431564226369, 45.53921631313279], [-73.64294096335539, 45.53955249871672], [-73.64272736652943, 45.53988121912244], [-73.64252737121853, 45.540196070178226], [-73.6423374302383, 45.54049575141472], [-73.6419494237027, 45.541102028915645], [-73.64156526865284, 45.54170047140388], [-73.64118012880502, 45.542300189225934], [-73.64078911986205, 45.54290523231976], [-73.64037976262519, 45.543501143409095], [-73.64031994386298, 45.54357701860316], [-73.64026012513918, 45.543652893842626], [-73.64020030645383, 45.54372876912757], [-73.64014048780693, 45.54380464445785], [-73.64008066919847, 45.543880519833586], [-73.64002085062845, 45.54395639525459], [-73.63996103209688, 45.54403227072112], [-73.63951424353108, 45.544554692477554], [-73.63929378652666, 45.544809832533055], [-73.6390465879769, 45.545097022052985], [-73.63880488939326, 45.54537772085935], [-73.63830732870211, 45.54595354108552], [-73.63784725927026, 45.54648934273579], [-73.63742571248606, 45.546977048041605], [-73.63733480587682, 45.54708375547313], [-73.63724351907504, 45.54719030374631], [-73.63715185292698, 45.5472966918598], [-73.63705980828595, 45.547402918815045], [-73.63696738601244, 45.54750898361657], [-73.636874586974, 45.54761488527177], [-73.63678141204518, 45.54772062279148], [-73.63673364764948, 45.547774751065326], [-73.63668526693185, 45.54782861443075], [-73.63663627438349, 45.54788220770459], [-73.63658667461303, 45.547935525753914], [-73.63653647234513, 45.54798856349813], [-73.63648567241901, 45.54804131591019], [-73.63643427978688, 45.54809377801847], [-73.63642653103864, 45.54810128698911], [-73.63641875013344, 45.54810877965549], [-73.63641093717584, 45.54811625591593], [-73.63640309227107, 45.54812371566906], [-73.6363952155253, 45.54813115881358], [-73.63638730704561, 45.54813858524923], [-73.63637936693988, 45.54814599487589], [-73.63634609591382, 45.54817715028907], [-73.63631256010132, 45.54820816740843], [-73.63627876125543, 45.54823904457153], [-73.6362447011574, 45.548269780130575], [-73.63621038161625, 45.54830037245268], [-73.6361758044686, 45.54833081992021], [-73.63614097157816, 45.54836112093117], [-73.63610171641082, 45.548392329957245], [-73.63606253740879, 45.548423586414856], [-73.63602343474616, 45.54845489016618], [-73.63598440859633, 45.548486241072965], [-73.63594545913203, 45.54851763899649], [-73.63590658652535, 45.548549083797816], [-73.63586779094767, 45.54858057533715], [-73.63585884111673, 45.5485872269109], [-73.63584984347222, 45.54859384696449], [-73.63584079835232, 45.548600435244104], [-73.63583170609888, 45.548606991498175], [-73.63582256705729, 45.54861351547774], [-73.63581338157647, 45.54862000693604], [-73.63580415000892, 45.5486264656291], [-73.63576478102476, 45.548654152096255], [-73.63572525531129, 45.548681729207914], [-73.63568557379301, 45.54870919630871], [-73.63564573740196, 45.54873655274805], [-73.63560574707735, 45.54876379788094], [-73.63556560376571, 45.54879093106744], [-73.63552530842074, 45.54881795167282], [-73.63547802576088, 45.548847480482365], [-73.63543051624244, 45.548876831432054], [-73.63538278190292, 45.54890600323556], [-73.63533482479927, 45.54893499462158], [-73.63528664700794, 45.54896380433491], [-73.63523825062441, 45.548992431135765], [-73.63518963776286, 45.5490208738004], [-73.63512632675074, 45.54905537420862], [-73.63506253147744, 45.54908944252546], [-73.6349982609369, 45.549123073749904], [-73.63493352426168, 45.54915626300433], [-73.6348683307187, 45.54918900553741], [-73.6348026897049, 45.54922129672603], [-73.63473661074252, 45.549253132077794], [-73.63469974846274, 45.54927072746786], [-73.63466270439267, 45.54928813702579], [-73.63462548138574, 45.54930535936824], [-73.63458808232366, 45.54932239314075], [-73.63455051011569, 45.54933923701836], [-73.63451276769788, 45.54935588970541], [-73.63447485803232, 45.54937234993636], [-73.63441586717866, 45.549396909834144], [-73.63435669550789, 45.54942125723316], [-73.63429734534927, 45.5494453911522], [-73.63423781904636, 45.54946931062674], [-73.63417811895673, 45.54949301470945], [-73.63411824745168, 45.549516502470034], [-73.6340582069159, 45.54953977299518], [-73.63399840800899, 45.549561473628856], [-73.6339384627126, 45.54958297686661], [-73.63387837300893, 45.54960428198065], [-73.63381814088991, 45.54962538825653], [-73.63375776835694, 45.54964629499279], [-73.63369725742079, 45.54966700150126], [-73.6336366101012, 45.54968750710731], [-73.63362463583437, 45.549691283726304], [-73.63361264203388, 45.54969502999293], [-73.63360062893373, 45.549698745832686], [-73.6335885967686, 45.5497024311722], [-73.63357654577402, 45.549706085939505], [-73.63356447618617, 45.54970971006357], [-73.633552388242, 45.54971330347456], [-73.63350170448412, 45.549728520658526], [-73.63345096598641, 45.54974364832884], [-73.63340017322945, 45.54975868634011], [-73.63334932669483, 45.549773634548785], [-73.63329842686525, 45.54978849281276], [-73.63324747422436, 45.54980326099196], [-73.63319646925677, 45.54981793894806], [-73.63313284297911, 45.549833852822346], [-73.63306920350146, 45.5498497407151], [-73.6330055508561, 45.549865602618354], [-73.63294188507527, 45.549881438524], [-73.6328782061912, 45.54989724842392], [-73.63281451423617, 45.549913032310286], [-73.63275080924248, 45.54992879017498], [-73.63270942217834, 45.54993820340942], [-73.63266795172991, 45.549947438481276], [-73.63262640022998, 45.549956494848864], [-73.63258477002071, 45.54996537199064], [-73.63254306345326, 45.54997406940533], [-73.63250128288732, 45.54998258661167], [-73.63245943069067, 45.54999092314913], [-73.6324334235897, 45.54999600684119], [-73.63240741654248, 45.55000109067474], [-73.63238140954893, 45.55000617464996], [-73.6323554026091, 45.55001125876667], [-73.63232939572295, 45.550016343024986], [-73.63230338889053, 45.55002142742487], [-73.63227738211184, 45.55002651196635], [-73.63219615008686, 45.55004008734398], [-73.63211477988527, 45.55005326392485], [-73.63203327746113, 45.55006604068285], [-73.63195164878876, 45.550078416650535], [-73.63186989986131, 45.55009039091947], [-73.63178803668933, 45.55010196263969], [-73.63170606529926, 45.55011313102094], [-73.63162683754334, 45.550124556678945], [-73.63154767450439, 45.55013620738476], [-73.63146857812414, 45.55014808286435], [-73.63138955034113, 45.550160182832165], [-73.63131059309053, 45.55017250699185], [-73.63123170830403, 45.5501850550365], [-73.63115289790974, 45.550197826647576], [-73.63108934492709, 45.55020920995468], [-73.63102581038056, 45.55022064429082], [-73.6309622943946, 45.55023212963356], [-73.63089879709368, 45.55024366596065], [-73.63083531860208, 45.55025525324947], [-73.63077185904416, 45.55026689147718], [-73.63070841854405, 45.550278580620784], [-73.6306433318281, 45.55029272186665], [-73.63057825253789, 45.550306880038264], [-73.63051318068686, 45.550321055132834], [-73.63044811628838, 45.55033524714736], [-73.63038305935581, 45.55034945607889], [-73.6303180099025, 45.550363681924644], [-73.63025296794187, 45.55037792468154], [-73.63020405448532, 45.55038963553387], [-73.6301552687978, 45.55040161498253], [-73.63010661535533, 45.55041386198303], [-73.63005809861062, 45.550426375442186], [-73.63000972299163, 45.55043915421802], [-73.62996149290038, 45.5504521971199], [-73.6299134127115, 45.55046550290945], [-73.62983796367025, 45.550487641650555], [-73.6297626642734, 45.55051003476115], [-73.62968751712442, 45.55053268148785], [-73.62961252481654, 45.55055558105935], [-73.62953768993232, 45.55057873268711], [-73.62946301504346, 45.550602135565256], [-73.62938850271047, 45.55062578887062], [-73.62937272023088, 45.55063134178542], [-73.62935698178704, 45.55063695714103], [-73.62934128812854, 45.550642634677544], [-73.62932564000089, 45.55064837412889], [-73.6293100381452, 45.55065417522338], [-73.6292944832983, 45.550660037683215], [-73.6292789761924, 45.55066596122488], [-73.62920953899952, 45.55069067058965], [-73.62914040442351, 45.55071580668755], [-73.62907158041644, 45.550741366749875], [-73.62900307486137, 45.550767347910714], [-73.62893489556933, 45.55079374720781], [-73.62886705027645, 45.550820561583826], [-73.62879954664092, 45.55084778788742], [-73.62873384769671, 45.550874557052296], [-73.6286684382511, 45.55090168168725], [-73.62860332413602, 45.5509291594582], [-73.62853851113219, 45.55095698796835], [-73.62847400496747, 45.55098516475826], [-73.62840981131517, 45.5510136873075], [-73.6283459357924, 45.55104255303479], [-73.62826478103837, 45.55107913634979], [-73.62818422981353, 45.551116393616574], [-73.62810429906315, 45.551154317393134], [-73.62802500548236, 45.551192899958124], [-73.62794636550461, 45.55123213331605], [-73.62786839529024, 45.551272009202705], [-73.62779111071538, 45.55131251909098], [-73.62772227169904, 45.551348930285066], [-73.62765353126319, 45.55138543379527], [-73.62758488978396, 45.551422029423534], [-73.62751634763637, 45.55145871697088], [-73.62744790519442, 45.55149549623717], [-73.62737956283094, 45.551532367021466], [-73.62731132091776, 45.55156932912158], [-73.62724287904436, 45.5516070938298], [-73.62717434935453, 45.55164478021537], [-73.62710573212063, 45.55168238812743], [-73.62703702761571, 45.55171991741574], [-73.62696823611356, 45.55175736793061], [-73.62689935788858, 45.55179473952304], [-73.62683039321598, 45.55183203204463], [-73.62675822621276, 45.55187111719869], [-73.62668620211703, 45.55191033316874], [-73.62661432164893, 45.55194967956679], [-73.62654258552584, 45.551989156002506], [-73.62647099446221, 45.55202876208294], [-73.62639954916958, 45.55206849741227], [-73.62632825035665, 45.55210836159273], [-73.62614942041053, 45.55220477913098], [-73.62595738066881, 45.55230980059565], [-73.62558853752758, 45.552511612517854], [-73.6254050979251, 45.55261211016589], [-73.62515203438151, 45.55275041601626], [-73.62499702820139, 45.552836192986], [-73.62485541891783, 45.55291455619223], [-73.6246265567981, 45.55303924068765], [-73.62440257053825, 45.55316194537391], [-73.62412724785639, 45.55331151298554], [-73.62378450143517, 45.55349839623333], [-73.62357276347949, 45.55361379296356], [-73.62339540591756, 45.55371145812186], [-73.62326670150095, 45.55378122664609], [-73.62320876182787, 45.55381192047496], [-73.62315062332196, 45.55384243037997], [-73.62309228776029, 45.55387275541074], [-73.62303375693213, 45.553902894628], [-73.62297503263883, 45.553932847104186], [-73.62291611669364, 45.55396261192297], [-73.62285701092145, 45.55399218817974], [-73.62281212531428, 45.55401478418196], [-73.62276705464726, 45.554037200390894], [-73.62272180111334, 45.55405943568922], [-73.6226763669236, 45.55408148897707], [-73.62263075430695, 45.55410335917244], [-73.62258496550974, 45.55412504521143], [-73.62253900279538, 45.554146546048116], [-73.6224799484958, 45.55417398103378], [-73.62242076164563, 45.55420127599683], [-73.6223614432548, 45.55422843046456], [-73.62230199433779, 45.55425544396893], [-73.62224241591355, 45.55428231604704], [-73.62218270900546, 45.55430904624056], [-73.62212287464128, 45.554335634096034], [-73.62206885376945, 45.55435883943331], [-73.62201475754728, 45.55438195854826], [-73.62196058639321, 45.55440499126028], [-73.6219063407268, 45.55442793738992], [-73.62185202096884, 45.55445079675927], [-73.62179762754124, 45.5544735691915], [-73.62174316086703, 45.554496254511314], [-73.62392968943121, 45.55547398714381], [-73.62652745122655, 45.55659863108209], [-73.6268552491472, 45.55674114186414], [-73.62691875041162, 45.55676856138283], [-73.62755734502173, 45.557040997648095], [-73.62877126259808, 45.55757063480981], [-73.63055934674699, 45.55834472455455], [-73.6315150922146, 45.55875856891941], [-73.63379859061472, 45.55975264576816], [-73.6363474376058, 45.56086234164661], [-73.6365575368257, 45.560954057564395], [-73.63696895559774, 45.56113081922702], [-73.637348926064, 45.56129685684838], [-73.63752355705712, 45.56137312079882], [-73.6390759766679, 45.56204675222054], [-73.63955329083477, 45.56225211262577], [-73.63965531146134, 45.562296454274836], [-73.6400993138782, 45.56249040134815], [-73.64063701123936, 45.56272430870018], [-73.64103077434966, 45.56289559668371], [-73.64128475848628, 45.56300616918138], [-73.6417749645837, 45.563218347467824], [-73.6420867565202, 45.563355511341896], [-73.64233141800321, 45.56346205361979], [-73.64270615538689, 45.563625394028875], [-73.64286588592908, 45.56369445006269], [-73.6433437261119, 45.56390188953671], [-73.64346046559925, 45.56395226447909], [-73.64386982295392, 45.564130547794306], [-73.64428127695184, 45.56430982041844], [-73.644370492967, 45.56434980745767], [-73.64450534347377, 45.56440861452273], [-73.64459723209347, 45.564448523624435], [-73.64475249552473, 45.56451594849525], [-73.64496319484343, 45.56460902435532], [-73.64505746106519, 45.564648700008185], [-73.64536339107998, 45.564779028217195], [-73.64528766371959, 45.564896955191614], [-73.6452539823474, 45.56494994941858], [-73.64517886065656, 45.56506172423715], [-73.64508151729846, 45.5652040212863], [-73.64499170774525, 45.565334577456795], [-73.64487612492863, 45.56549590252719], [-73.64476849097484, 45.56564456208584], [-73.64465893562722, 45.56578917300956], [-73.64453182213539, 45.56595100373976], [-73.64441783594691, 45.5660942884347], [-73.64430424085776, 45.56623636308193], [-73.64418368897674, 45.56638385993804], [-73.64399448139993, 45.56661160981471], [-73.6438655350406, 45.56676556161923], [-73.64371517155533, 45.56694665539519], [-73.64362426001506, 45.56705677767144], [-73.64349001153546, 45.56721791348529], [-73.64335210174117, 45.56738215704813], [-73.64324205997094, 45.567513108759876], [-73.6431131527574, 45.56766738330508], [-73.64297812007355, 45.56782790373002], [-73.64280985256511, 45.56803206358285], [-73.64266187518635, 45.56820960942488], [-73.64254956537448, 45.568343555322734], [-73.64240438242068, 45.56851658947939], [-73.64224784644374, 45.56870314675279], [-73.64211429595086, 45.568865281926776], [-73.6419939739134, 45.56900660005944], [-73.64186470232478, 45.56916203998314], [-73.64175790137492, 45.56928948252745], [-73.64160958725425, 45.56946572859752], [-73.64149093546844, 45.56960894594205], [-73.64137039036184, 45.56975344584026], [-73.64125667045447, 45.569890054257804], [-73.64110776935765, 45.57006546892473], [-73.64098243305256, 45.570216359697945], [-73.64087058185098, 45.57034875253175], [-73.64076471427947, 45.570475327045614], [-73.64065640325651, 45.57060575315902], [-73.64051860384599, 45.570771381539366], [-73.6403818341753, 45.57093418589558], [-73.6402382951029, 45.57110564365454], [-73.64015643805209, 45.5712041164615], [-73.64007102603728, 45.57130557624102], [-73.6399894380633, 45.57140333468665], [-73.6398984218947, 45.571511522667365], [-73.639806364586, 45.571621749828815], [-73.63970633201376, 45.571741289549195], [-73.63962381501297, 45.57183868500246], [-73.63954427176725, 45.57193430693772], [-73.63946671477656, 45.572027935450876], [-73.6393791508887, 45.57213164280046], [-73.6392995561403, 45.57222655885688], [-73.63922503391758, 45.57231538785325], [-73.63915077391086, 45.572404177291], [-73.63907010111298, 45.57250181722982], [-73.63898624073931, 45.57260210866712], [-73.63891761047569, 45.57268303497429], [-73.63883120928978, 45.572786727599805], [-73.63873817920567, 45.572897684871315], [-73.6386303075352, 45.57302560596403], [-73.63852899783363, 45.57314671586307], [-73.63842222062326, 45.573274552092386], [-73.63835431775891, 45.57335582233799], [-73.63823633543417, 45.57349650201537], [-73.63812642992669, 45.573628462609726], [-73.63802358087446, 45.57375153950121], [-73.63790197483561, 45.573895882245566], [-73.63782046771611, 45.57399432576717], [-73.63772046562369, 45.57411434257526], [-73.63763095568673, 45.574219938096086], [-73.63754662852388, 45.57432141051712], [-73.6374655918881, 45.57441662827904], [-73.63737337375188, 45.57452827382641], [-73.6372896903538, 45.57462780079469], [-73.63720238073604, 45.57473336696824], [-73.63711304262982, 45.57483972003265], [-73.63702443436566, 45.574945397701164], [-73.63693432071625, 45.57505301988119], [-73.63685999889941, 45.57514251783309], [-73.6367650495818, 45.57525536915763], [-73.63664593449454, 45.575397295654966], [-73.6364314982468, 45.575655421532204], [-73.63623904271262, 45.575887799638544], [-73.63651465516828, 45.57600280446067], [-73.64015457238882, 45.577521526165675], [-73.64045359706995, 45.57771021464725], [-73.6405050214224, 45.577671895400165], [-73.64123111726074, 45.57797632315004], [-73.64131178114027, 45.5780101417178], [-73.64153309216502, 45.578102929752745], [-73.64393849292692, 45.57910286582085], [-73.64422735617988, 45.57922816368494], [-73.64445436403263, 45.57932088502572], [-73.64481249842707, 45.579464434217904], [-73.64492970316843, 45.57951042828422], [-73.64524178562071, 45.579636558576254], [-73.64577979052589, 45.57985809045166], [-73.6459052674639, 45.57990975621563], [-73.64600839949811, 45.57995222252259], [-73.64611153481324, 45.579994687633516], [-73.64621466715813, 45.58003715375325], [-73.64631779965552, 45.58007961868104], [-73.6464209323111, 45.580122084613535], [-73.64652406511915, 45.58016454935401], [-73.64662719808541, 45.58020701509919], [-73.64673033120414, 45.580249479652416], [-73.64687471971412, 45.580308932064106], [-73.64717367709858, 45.580432427826175], [-73.6473935542575, 45.5805282500557], [-73.64777420271587, 45.5806928825211], [-73.64781688846321, 45.58070876436292], [-73.64819804784815, 45.58087045865665], [-73.648243096048, 45.58088879445335], [-73.64837757224925, 45.58094771410047], [-73.64842222967579, 45.580966112944246], [-73.64875575401283, 45.58110726516784], [-73.64880751425922, 45.58112955951624], [-73.6491226813024, 45.5812607960157], [-73.64916721758728, 45.5812793375207], [-73.64930701287022, 45.581334238770445], [-73.64935154615398, 45.58135278350262], [-73.64968471937264, 45.58149427836952], [-73.64973611502124, 45.58151566437502], [-73.6497439513143, 45.58150954685422], [-73.65009691280063, 45.581664564759066], [-73.65022784025966, 45.58172637903871], [-73.65038230045326, 45.58178925073195], [-73.65057309456601, 45.581866911869795], [-73.65061766771656, 45.58188952242728], [-73.65085203323112, 45.581979904730936], [-73.65125599250123, 45.58214528453768], [-73.65131640228114, 45.58217001688096], [-73.65153002448405, 45.58225684000121], [-73.65166675612649, 45.58231433909667], [-73.65180217365395, 45.58237285032593], [-73.6519402202421, 45.58242933459704], [-73.65207694958967, 45.58248683210435], [-73.65222393692343, 45.582548642478805], [-73.65248619777395, 45.58266400858389], [-73.65255566007568, 45.58269333986783], [-73.65247803669078, 45.582858953352996], [-73.65256976927954, 45.58289772880093], [-73.65290401675219, 45.5830390601254], [-73.65305123599009, 45.58310129970191], [-73.65315161349866, 45.58314373576649], [-73.65325198802977, 45.583186171746576], [-73.65335236896914, 45.583228607629536], [-73.65345274693101, 45.58327104342808], [-73.6535677855453, 45.58332030701716], [-73.6536836165015, 45.583368644549594], [-73.65378232234524, 45.58341037052706], [-73.65386099033991, 45.58344207720678], [-73.65408895535045, 45.583539868150574], [-73.65430295698576, 45.58363166827647]]]]}}, {"type": "Feature", "properties": {"NOM": "Westmount"}, "geometry": {"type": "MultiPolygon", "coordinates": [[[[-73.58154304624297, 45.486739416813776], [-73.58175010910703, 45.486998629179105], [-73.58215654047191, 45.48732951414363], [-73.583134420547, 45.48812561804545], [-73.58293473145066, 45.48818607217521], [-73.58241256819774, 45.48834416029538], [-73.58250124122613, 45.48837495817058], [-73.5825682116704, 45.48839821437105], [-73.58347473515771, 45.48868089235261], [-73.58359613144121, 45.48871938084464], [-73.5838479556263, 45.48879915472983], [-73.58430337011006, 45.48894932405726], [-73.58463435850534, 45.48906024168762], [-73.58464805557772, 45.489064827048146], [-73.5848801523633, 45.489142609314555], [-73.58623560667417, 45.48957866932295], [-73.58645592347011, 45.489649444681575], [-73.58871082669584, 45.49038652903403], [-73.58902653763599, 45.490479405075874], [-73.58968587524662, 45.4906826725705], [-73.5896882127469, 45.49068339131426], [-73.58987613908378, 45.490735986476054], [-73.5900453242299, 45.490797972417596], [-73.59019972390286, 45.4908545478664], [-73.59035703824784, 45.490912192881424], [-73.59053355334149, 45.49097686568316], [-73.59055654949655, 45.49098529228908], [-73.59068696663817, 45.49101474574439], [-73.59078067475006, 45.49104499274653], [-73.59096348641445, 45.491104005091], [-73.59115647232348, 45.49116630435416], [-73.59140396885286, 45.4912461919006], [-73.59160188252466, 45.491310081406546], [-73.59189569198499, 45.49140491790004], [-73.59194693063311, 45.491420584409624], [-73.5920322230391, 45.49144654443974], [-73.59206452939678, 45.491456975588406], [-73.59240936666613, 45.49156828581619], [-73.59257756827718, 45.49163872241454], [-73.5928962599438, 45.49175820719937], [-73.5929254936652, 45.491727207317815], [-73.59331779383572, 45.491861517125635], [-73.59348197686667, 45.491912719731324], [-73.59349709480962, 45.49191743505842], [-73.5937417806082, 45.49199550520142], [-73.59401828639508, 45.492083711431526], [-73.59419446220275, 45.492142508761226], [-73.59450175600813, 45.492240517297375], [-73.59479156515573, 45.49233294184888], [-73.59500530360194, 45.49240110502949], [-73.59529918256844, 45.492495212114456], [-73.59558520458522, 45.49258806400378], [-73.59569573753195, 45.49262331936205], [-73.59619094853734, 45.49204152815276], [-73.59647559989398, 45.491707106473726], [-73.59650731713943, 45.4917204367536], [-73.59687498605929, 45.49187497969179], [-73.59688118763083, 45.49187758433379], [-73.59708259690261, 45.49196223952674], [-73.59709211107156, 45.49196669551419], [-73.59725451018633, 45.4920427410014], [-73.59727398560258, 45.49205185907338], [-73.59743486439454, 45.49212086677278], [-73.59772008160834, 45.49224320940893], [-73.59822006494716, 45.492457671251834], [-73.59845334203847, 45.49254867197823], [-73.59853768762753, 45.49258157891067], [-73.59860291369405, 45.49260991079347], [-73.59889049245159, 45.492734814421624], [-73.59890206634255, 45.49273984405895], [-73.59918220972212, 45.49286151957055], [-73.59936165679137, 45.492939458537876], [-73.59937016057587, 45.49294199952875], [-73.59941196380436, 45.49295447662054], [-73.59946863852201, 45.49297139164001], [-73.59950674785092, 45.492987698889536], [-73.59990246725314, 45.493157040986944], [-73.59995674176884, 45.493180104750515], [-73.60032314311228, 45.493323446721995], [-73.60044100635864, 45.49337200857006], [-73.60064807264227, 45.49345732033357], [-73.60076346233558, 45.49349745237815], [-73.60124087750093, 45.49369881476244], [-73.60108259057014, 45.49400082851796], [-73.60106964577015, 45.49402987841029], [-73.60097909754131, 45.49419966353165], [-73.60093726804085, 45.49427810296306], [-73.60135336283916, 45.49432747641993], [-73.60288447177611, 45.49450914338256], [-73.60276803161011, 45.49499599457544], [-73.60296912638101, 45.494942556582394], [-73.60319103294862, 45.49487590836004], [-73.60320643112455, 45.49487132211214], [-73.60322186817693, 45.49486680096812], [-73.60323734354888, 45.49486234509368], [-73.60325285668257, 45.49485795464937], [-73.6032684070187, 45.494853629793525], [-73.60328399399661, 45.494849370682054], [-73.60329961705439, 45.49484517746849], [-73.6033152756288, 45.49484105030405], [-73.60333096915531, 45.494836989337564], [-73.60334669706815, 45.494832994715274], [-73.6033624588003, 45.49482906658129], [-73.60337825378348, 45.494825205077305], [-73.60339408144829, 45.494821410342404], [-73.60340994122414, 45.494817682513386], [-73.60342583253922, 45.49481402172469], [-73.60344175482061, 45.49481042810839], [-73.60345770749429, 45.494806901793886], [-73.60347368998518, 45.494803442908406], [-73.60348970171704, 45.494800051576576], [-73.60350574211266, 45.494796727920715], [-73.6035218105937, 45.49479347206069], [-73.60353790658091, 45.49479028411368], [-73.60355402949399, 45.494787164194854], [-73.60357017875168, 45.4947841124165], [-73.60358635377179, 45.494781128888825], [-73.6036025539712, 45.494778213719144], [-73.6036187787658, 45.49477536701282], [-73.60363502757072, 45.49477258887233], [-73.60365129980013, 45.4947698793977], [-73.60366759486747, 45.49476723868701], [-73.60368391218518, 45.49476466683508], [-73.60370025116505, 45.49476216393478], [-73.60371661121803, 45.49475973007632], [-73.60373299175433, 45.49475736534735], [-73.60374939218335, 45.49475506983343], [-73.6037658119139, 45.49475284361705], [-73.60378225035402, 45.494750686778474], [-73.60379870691104, 45.49474859939544], [-73.60381518099169, 45.494746581543296], [-73.6038316720021, 45.49474463329495], [-73.60384817934768, 45.494742754720335], [-73.60386470243338, 45.494740945887294], [-73.60388124066348, 45.49473920686089], [-73.6038977934418, 45.494737537704104], [-73.60391436017154, 45.49473593847694], [-73.60393094025551, 45.4947344092371], [-73.60394753309586, 45.49473295003981], [-73.60396413809453, 45.49473156093735], [-73.60398075465284, 45.49473024198022], [-73.60399738217168, 45.494728993215645], [-73.60401402005171, 45.49472781468872], [-73.60403066769307, 45.494726706442], [-73.60404732449557, 45.494725668515535], [-73.60406398985874, 45.49472470094639], [-73.60408066318178, 45.49472380376997], [-73.60409734386356, 45.4947229770181], [-73.60411403130277, 45.49472222072093], [-73.60413072489777, 45.49472153490556], [-73.60414742404674, 45.49472091959665], [-73.6041641281477, 45.49472037481662], [-73.6041808365984, 45.49471990058499], [-73.60419754879646, 45.49471949691878], [-73.60421426413946, 45.49471916383268], [-73.60423098202469, 45.494718901338736], [-73.60424770184957, 45.494718709446154], [-73.60426442301151, 45.494718588159316], [-73.60428045343103, 45.494718537980226], [-73.60429648399126, 45.494718552728536], [-73.60431251416489, 45.49471863240432], [-73.6043285434203, 45.49471877700515], [-73.60434457122585, 45.49471898652614], [-73.60436059705003, 45.494719260960366], [-73.60437662036134, 45.49471960029853], [-73.60439264062835, 45.49472000452969], [-73.60440865731975, 45.494720473640186], [-73.60442466990438, 45.49472100761463], [-73.60444067785116, 45.49472160643525], [-73.60445668062923, 45.49472227008217], [-73.60447267770779, 45.494722998533284], [-73.60448866855634, 45.49472379176458], [-73.60450465264458, 45.494724649749735], [-73.60452062944236, 45.49472557246029], [-73.60453659841986, 45.494726559865484], [-73.60455255904739, 45.49472761193287], [-73.6045685107957, 45.49472872862739], [-73.60458445313573, 45.49472990991194], [-73.60460038553872, 45.49473115574738], [-73.60461630747633, 45.49473246609249], [-73.6046322184205, 45.49473384090371], [-73.60464811784351, 45.49473528013549], [-73.60466400521808, 45.49473678374009], [-73.60467988001733, 45.49473835166774], [-73.60469574171069, 45.494739983864264], [-73.60471190700825, 45.49474171334401], [-73.60472805757207, 45.4947435095992], [-73.60474419284957, 45.49474537256827], [-73.60476031228363, 45.494747302187186], [-73.60477641531767, 45.494749298388996], [-73.60479250139568, 45.494751361105116], [-73.6048085699622, 45.494753490263975], [-73.60482462046247, 45.49475568579239], [-73.60484065234222, 45.494757947614325], [-73.60485666504796, 45.494760275651785], [-73.60487265802675, 45.49476266982425], [-73.6048886307264, 45.49476513004934], [-73.6049045825954, 45.49476765624173], [-73.60492051308293, 45.49477024831456], [-73.60493642163897, 45.49477290617798], [-73.60495230771417, 45.49477562974057], [-73.60496817076005, 45.494778418908], [-73.60498401022889, 45.49478127358411], [-73.60499982557376, 45.49478419367035], [-73.60501561624854, 45.494787179065746], [-73.6050313817027, 45.49479022966814], [-73.60505312912794, 45.49479560115786], [-73.60507487187725, 45.49480098200755], [-73.6050966099412, 45.49480637221677], [-73.60511834331905, 45.49481177178437], [-73.60516665308128, 45.494823804348385], [-73.60521494084985, 45.49483588053232], [-73.60526320654208, 45.49484800031047], [-73.60531145007843, 45.49486016366297], [-73.60535967137935, 45.494872370569645], [-73.6054078703654, 45.49488462101048], [-73.60545604694836, 45.49489691496657], [-73.60546144177313, 45.49489829194967], [-73.60546683564364, 45.49489967076475], [-73.60547222856441, 45.494901051413606], [-73.6055261757139, 45.494914891844566], [-73.60558009454402, 45.49492878676544], [-73.60563398494894, 45.49494273614884], [-73.60568784681749, 45.49495673996613], [-73.60574168003852, 45.4949707981883], [-73.60579548450096, 45.49498491078639], [-73.605849260093, 45.49499907772531], [-73.60589834175568, 45.49501205669616], [-73.60594739899707, 45.49502508126871], [-73.60599643173144, 45.495038151427494], [-73.60604543987316, 45.49505126714964], [-73.60609442333664, 45.495064428412455], [-73.60614338203636, 45.49507763519271], [-73.60619231588682, 45.495090887467576], [-73.6062412248014, 45.49510418521029], [-73.60628965297875, 45.49511739745166], [-73.60633805664582, 45.495130654066905], [-73.6063864357173, 45.49514395503638], [-73.60643479011104, 45.49515730033773], [-73.60648311974494, 45.49517068994828], [-73.60653142453695, 45.4951841238452], [-73.60657970432288, 45.495197603015534], [-73.60664944267322, 45.49521788547988], [-73.6068419458761, 45.49527387995101], [-73.60696025789052, 45.495121656879476], [-73.60703120212277, 45.49502737918951], [-73.60719711913502, 45.49481297453874], [-73.60739950156871, 45.49457059097341], [-73.60754977984563, 45.49442775745946], [-73.60838564844865, 45.49366591780052], [-73.60881695346232, 45.493828613355724], [-73.6093997348864, 45.49405378673791], [-73.60947190843207, 45.49397306112321], [-73.6098944003367, 45.49350052266878], [-73.61046327407274, 45.4928601000909], [-73.61046738952733, 45.49285596596471], [-73.6104719328607, 45.49285140522854], [-73.61091047818232, 45.49241117677878], [-73.61145827010998, 45.491861272537726], [-73.61155845802622, 45.49176108457468], [-73.61160531561889, 45.49171422314521], [-73.61231308783238, 45.491987041846556], [-73.61234840676666, 45.492001343997586], [-73.61261893344289, 45.49211089997262], [-73.61287514654116, 45.49221466088136], [-73.61313136032678, 45.49231841681911], [-73.61321586062763, 45.4923526352875], [-73.61346300484007, 45.49246267816937], [-73.61371012622837, 45.49257271174963], [-73.61412199467227, 45.492756096928716], [-73.61424707088466, 45.49281009878993], [-73.61437122955786, 45.49286370159898], [-73.61457916255523, 45.49295347768549], [-73.61475690624563, 45.49303021664475], [-73.61503274054378, 45.49277372074136], [-73.6151689419102, 45.4926201397705], [-73.61540044683241, 45.49235909175897], [-73.61559284526741, 45.49214213481747], [-73.61581506558463, 45.49189048483254], [-73.6160305480739, 45.491639043362056], [-73.61630419636568, 45.4913197243658], [-73.6164077087505, 45.49120336406001], [-73.61657730514641, 45.491012725389425], [-73.6167427647496, 45.490826734907884], [-73.61689374489568, 45.49065702475169], [-73.61701370146062, 45.490522180019866], [-73.61715043273871, 45.49036848623807], [-73.61736844464637, 45.49013125344379], [-73.61746216188064, 45.49001058314117], [-73.61763979518575, 45.48981677546398], [-73.61793313512224, 45.489496729177276], [-73.6180742777287, 45.489345375983504], [-73.61831088404072, 45.48908394757201], [-73.61840824770414, 45.488976374933536], [-73.61836472570033, 45.48882965913861], [-73.61835580602704, 45.488799597378524], [-73.6183176970059, 45.488671118910396], [-73.61833013643681, 45.48861697470427], [-73.61834293913505, 45.488561248360526], [-73.61839233438816, 45.48834624485713], [-73.61842343488901, 45.48821087552071], [-73.61837508842211, 45.48818892159978], [-73.6182112898742, 45.48811454641437], [-73.61812140285903, 45.488073724552684], [-73.61801154759696, 45.48802385449636], [-73.61790238608333, 45.487974256031976], [-73.61779240296852, 45.48792429802042], [-73.61768239978306, 45.48787435749835], [-73.61762598103677, 45.487848720802674], [-73.61746312586051, 45.48777477415882], [-73.61733940739929, 45.48771852036934], [-73.61721653042773, 45.48766278404749], [-73.61711176046218, 45.4876152366056], [-73.61709277164556, 45.487606617906565], [-73.61699723548381, 45.48756319104385], [-73.61696907935197, 45.48755039005021], [-73.61684630828566, 45.48749453898178], [-73.61672343345798, 45.48743880212516], [-73.61667449711125, 45.48741660203276], [-73.61660055692049, 45.487383065137564], [-73.61656475109253, 45.487366783193146], [-73.61647776592584, 45.487327231266924], [-73.61645507429735, 45.487316929026775], [-73.61631400942187, 45.48725283573187], [-73.61625202173752, 45.48722463805931], [-73.61620597384399, 45.48720368265842], [-73.61612966119506, 45.487169146089414], [-73.6160944923729, 45.4871532324267], [-73.61602705008204, 45.48712255329727], [-73.61598645834734, 45.4871040791433], [-73.61592555300437, 45.48707635472194], [-73.61587844399396, 45.487054908162285], [-73.61580102469274, 45.48701987160487], [-73.61576696037547, 45.48700445761171], [-73.61568965377049, 45.486969289051046], [-73.61565892574757, 45.486955304017975], [-73.6155831895702, 45.48692093346228], [-73.61555638249104, 45.48690877224544], [-73.61547670354781, 45.486872604158634], [-73.61545383801888, 45.486862231594145], [-73.61533076611475, 45.48680623859337], [-73.61529174506623, 45.4867885359106], [-73.61553827010918, 45.48653763060454], [-73.61568472327282, 45.48638869149075], [-73.61593235057681, 45.48613737118509], [-73.61597175432964, 45.48609740932033], [-73.6162536554923, 45.485811535981796], [-73.61642228904289, 45.48564984015807], [-73.61657699436766, 45.48548691925055], [-73.61683005935704, 45.48521442218353], [-73.61686693547274, 45.48517365413322], [-73.61696818771478, 45.48506170246607], [-73.61700535863385, 45.48502105709404], [-73.61721629022774, 45.48479037834944], [-73.6172175896443, 45.48478896221912], [-73.61720988034864, 45.484785481469316], [-73.61711466309382, 45.484742599184756], [-73.61709446560451, 45.48473350719288], [-73.6169713390734, 45.48467805203593], [-73.61684821122222, 45.48462259674708], [-73.61672508517402, 45.48456714132305], [-73.61656091645037, 45.48449320348038], [-73.61617784681546, 45.484320672148016], [-73.61606973357975, 45.48427197595268], [-73.6160684147887, 45.484271379738715], [-73.61595842067818, 45.48422184174311], [-73.61593839898956, 45.48421281966801], [-73.61582216325944, 45.4841604670692], [-73.61569903922334, 45.48410501053272], [-73.61569215072092, 45.484101915501306], [-73.61557591659988, 45.48404955386165], [-73.61527599227219, 45.48391446700205], [-73.61524758461516, 45.48390167461741], [-73.61500312174022, 45.48378989718961], [-73.61492099463794, 45.48375280846639], [-73.61459292647254, 45.48360463707786], [-73.61446110174157, 45.483545101714505], [-73.6144288630371, 45.4835305818148], [-73.61426468376824, 45.48345665824437], [-73.61413778964778, 45.48339951657801], [-73.61401465607257, 45.48334407580337], [-73.61381104259418, 45.48325238733456], [-73.61368069745073, 45.483193701986025], [-73.61355656867353, 45.48313780475289], [-73.61343504576142, 45.48308308232967], [-73.61331191356395, 45.48302764079318], [-73.6131887829742, 45.482972199121754], [-73.61306565129074, 45.48291674853061], [-73.61294252242814, 45.482861306590856], [-73.61281938869006, 45.48280585573522], [-73.61269626029805, 45.482750413528684], [-73.61257312831347, 45.4826949624047], [-73.61244999658398, 45.482639519934935], [-73.61237764202076, 45.48260693656158], [-73.61302590333104, 45.48195873274565], [-73.61383818928907, 45.48116295924077], [-73.61397483941754, 45.48102908504426], [-73.61434022662337, 45.48067111875228], [-73.6143755563224, 45.48062189118908], [-73.61262797453126, 45.47984106802132], [-73.61240750650161, 45.479742565673064], [-73.611404841334, 45.47929594447984], [-73.61129325554727, 45.479245603832915], [-73.61107004768718, 45.47914497497138], [-73.61095836169919, 45.47909473954424], [-73.61084667719543, 45.47904451279355], [-73.61045917048067, 45.478870244062186], [-73.61046550931384, 45.47886569476027], [-73.61030038936248, 45.47879100182316], [-73.60999273354916, 45.47865183978968], [-73.6098812351006, 45.478601401010415], [-73.60978299680353, 45.47855696007485], [-73.60973381179019, 45.47853471327586], [-73.60965831303457, 45.478500558202505], [-73.60954685229963, 45.47845013663433], [-73.60944198138336, 45.47840270520427], [-73.60933377490691, 45.47835375662098], [-73.60932389151705, 45.47834934593371], [-73.60921198577049, 45.47829941656735], [-73.60910008022144, 45.47824948709064], [-73.60899355225476, 45.47820196016661], [-73.60898817527723, 45.47819956629094], [-73.60887626856189, 45.47814963659521], [-73.60881464139806, 45.47812214629153], [-73.60863077179846, 45.47804218746223], [-73.60854027374218, 45.478000110735785], [-73.60842900999357, 45.47794837853778], [-73.60831597503982, 45.47789582187888], [-73.60820540829216, 45.47784440515361], [-73.6081980570177, 45.477840993752785], [-73.60786525992589, 45.477694283680584], [-73.60775545139697, 45.47764437726387], [-73.6076441068933, 45.47759376918309], [-73.60753276338626, 45.477543169780006], [-73.6074887042979, 45.477523140439814], [-73.60742144148048, 45.47749253509728], [-73.60730763659019, 45.47744076025421], [-73.60719659511255, 45.4773902041762], [-73.60708534366321, 45.47733956031093], [-73.60697409161574, 45.47728890754976], [-73.60686284017446, 45.47723826346687], [-73.60675480908775, 45.47718907495145], [-73.60664687671863, 45.477139938834654], [-73.60653889972055, 45.4770907765615], [-73.60640247129014, 45.47702867029447], [-73.60606732925989, 45.47687608714915], [-73.60605727491071, 45.47687150906372], [-73.60580485557307, 45.476755264226036], [-73.60580326432301, 45.47675452782522], [-73.60548774816253, 45.4766118717036], [-73.60540473816036, 45.4765725098268], [-73.60499732262582, 45.477017245788794], [-73.60484512189473, 45.47694922036498], [-73.60468059010195, 45.47687567917704], [-73.60433505911577, 45.47672123688196], [-73.60398953131352, 45.476566803432945], [-73.60385131816241, 45.47650502958142], [-73.60376246610092, 45.47646531998126], [-73.60372742199021, 45.47644965757309], [-73.60368678127752, 45.476431486061124], [-73.60351894856672, 45.476356469540335], [-73.60338074411766, 45.47629469510928], [-73.60324253870782, 45.47623292950968], [-73.60311147520778, 45.47617434635443], [-73.60289158928099, 45.4760760536411], [-73.60240340469602, 45.475857849225584], [-73.60218481923552, 45.47576014248075], [-73.6013937806962, 45.47540654956248], [-73.60122818904104, 45.47533253010327], [-73.6011710651721, 45.475306990733515], [-73.60053975570544, 45.475025432034215], [-73.59847337643053, 45.474103130837904], [-73.59576495372066, 45.4760090591575], [-73.5955776868777, 45.476138902980125], [-73.595127961204, 45.47645099756905], [-73.59468674364489, 45.476757182729045], [-73.5939081684267, 45.47729936823776], [-73.59375776879395, 45.477403352066126], [-73.59347810237911, 45.47759981647832], [-73.5929576372017, 45.47796213086684], [-73.59258932309864, 45.47821747159523], [-73.5925435415331, 45.478248976976], [-73.5922622256812, 45.47844256618364], [-73.59217578941818, 45.47850270777791], [-73.59170591262072, 45.47882921896163], [-73.59086793417418, 45.47941446393635], [-73.59063532190424, 45.47957591815305], [-73.59056547714441, 45.4796244018261], [-73.59051770384563, 45.47965671735404], [-73.59017586662358, 45.47989343386509], [-73.59000683473457, 45.48001015176349], [-73.58935759098286, 45.48046125267066], [-73.58864794755644, 45.48095644879889], [-73.58673970371245, 45.482287990477005], [-73.58672145919998, 45.48227280184764], [-73.58666175291155, 45.48230807649542], [-73.58668445497017, 45.48232697889027], [-73.58664094794237, 45.482357328985756], [-73.58636095350245, 45.482444296948785], [-73.5863485319579, 45.482444932562935], [-73.58633610357619, 45.48244549823395], [-73.5863236691573, 45.482445993924244], [-73.58631122949758, 45.48244641960209], [-73.58629878539362, 45.48244677524042], [-73.58628633764235, 45.48244706081614], [-73.58627388704095, 45.482447276311355], [-73.5862614343867, 45.48244742171173], [-73.5862489804771, 45.48244749700852], [-73.58623652610967, 45.48244750219648], [-73.58622407208203, 45.48244743727551], [-73.58621161919172, 45.482447302249724], [-73.5861991682362, 45.48244709712767], [-73.58618672001283, 45.482446821922444], [-73.58617427531881, 45.482446476651965], [-73.58616183495111, 45.48244606133806], [-73.58614939970637, 45.482445576007485], [-73.58613697038095, 45.48244502069121], [-73.58612454777085, 45.482444395424814], [-73.58611213267159, 45.48244370024845], [-73.58609972587821, 45.48244293520637], [-73.58608732818529, 45.482442100347974], [-73.58607494038672, 45.4824411957265], [-73.58606256327587, 45.48244022139982], [-73.58605019764532, 45.48243917743027], [-73.586037844287, 45.482438063885], [-73.58602550399198, 45.482436880835124], [-73.58601317755054, 45.48243562835638], [-73.58600086575211, 45.482434306529065], [-73.58598856938505, 45.482432915437805], [-73.58597628923688, 45.482431455171614], [-73.58596402609396, 45.48242992582408], [-73.58595188644397, 45.48242834129021], [-73.58584210007392, 45.482504824983735], [-73.58576686486143, 45.4825572993011], [-73.58512479194825, 45.48225000402763], [-73.5850631516345, 45.48231335554098], [-73.58435117860061, 45.48304512283406], [-73.58301283688911, 45.483946107584174], [-73.58077612356949, 45.485451798370086], [-73.58060598892517, 45.48556632375382], [-73.58154304624297, 45.486739416813776]]]]}}]}